script_type,model_key,model_label,model_dir,source,rain_id,event_label,event_title,delta,repeat_index,seed,num_steps,final_flooding,final_cso,total_overflow
input_noise,reward3_base,DQN reward3 Base,Results_DQN_reward3_o/model,design,70,design_21,Design Rainfall 21,0.05,0,20265714,95,1315.5197486811069,1278.113520743274,2593.633269424381
input_noise,reward3_base,DQN reward3 Base,Results_DQN_reward3_o/model,design,70,design_21,Design Rainfall 21,0.05,1,20265715,95,1314.014949568393,1953.9250905336787,3267.9400401020716
input_noise,reward3_base,DQN reward3 Base,Results_DQN_reward3_o/model,design,70,design_21,Design Rainfall 21,0.05,2,20265716,95,1289.6071605135492,1872.4193414831407,3162.02650199669
input_noise,reward3_base,DQN reward3 Base,Results_DQN_reward3_o/model,design,70,design_21,Design Rainfall 21,0.05,3,20265717,95,968.0538059981401,3796.6421813855095,4764.6959873836495
input_noise,reward3_base,DQN reward3 Base,Results_DQN_reward3_o/model,design,70,design_21,Design Rainfall 21,0.05,4,20265718,95,1299.5085867490777,3284.1924241372853,4583.701010886363
input_noise,reward3_base,DQN reward3 Base,Results_DQN_reward3_o/model,design,70,design_21,Design Rainfall 21,0.05,5,20265719,95,1262.9106818467847,3256.2820485378525,4519.192730384637
input_noise,reward3_base,DQN reward3 Base,Results_DQN_reward3_o/model,design,70,design_21,Design Rainfall 21,0.05,6,20265720,95,1313.6831593357308,2918.775713373639,4232.45887270937
input_noise,reward3_base,DQN reward3 Base,Results_DQN_reward3_o/model,design,70,design_21,Design Rainfall 21,0.05,7,20265721,95,1264.551454604918,3089.3390199079154,4353.890474512833
input_noise,reward3_base,DQN reward3 Base,Results_DQN_reward3_o/model,design,70,design_21,Design Rainfall 21,0.05,8,20265722,95,1269.0813601416285,3285.071040278242,4554.152400419871
input_noise,reward3_base,DQN reward3 Base,Results_DQN_reward3_o/model,design,70,design_21,Design Rainfall 21,0.05,9,20265723,95,933.3693084488607,2034.616780460599,2967.98608890946
input_noise,reward3_base,DQN reward3 Base,Results_DQN_reward3_o/model,design,70,design_21,Design Rainfall 21,0.05,10,20265724,95,1269.9807160111236,2013.9787424803178,3283.959458491441
input_noise,reward3_base,DQN reward3 Base,Results_DQN_reward3_o/model,design,70,design_21,Design Rainfall 21,0.05,11,20265725,95,1275.4903182308929,2015.0875816234516,3290.5778998543447
input_noise,reward3_base,DQN reward3 Base,Results_DQN_reward3_o/model,design,70,design_21,Design Rainfall 21,0.05,12,20265726,95,1284.1429816705124,1805.403668953042,3089.5466506235543
input_noise,reward3_base,DQN reward3 Base,Results_DQN_reward3_o/model,design,70,design_21,Design Rainfall 21,0.05,13,20265727,95,1298.3025473578325,1956.5946165779812,3254.8971639358138
input_noise,reward3_base,DQN reward3 Base,Results_DQN_reward3_o/model,design,70,design_21,Design Rainfall 21,0.05,14,20265728,95,1289.1510357728375,3110.5831032155065,4399.734138988344
input_noise,reward3_base,DQN reward3 Base,Results_DQN_reward3_o/model,design,70,design_21,Design Rainfall 21,0.05,15,20265729,95,1302.3909577292984,3174.9730438816896,4477.3640016109875
input_noise,reward3_base,DQN reward3 Base,Results_DQN_reward3_o/model,design,70,design_21,Design Rainfall 21,0.05,16,20265730,95,660.7288333751752,3451.998605919257,4112.727439294432
input_noise,reward3_base,DQN reward3 Base,Results_DQN_reward3_o/model,design,70,design_21,Design Rainfall 21,0.05,17,20265731,95,1306.9809019594802,3290.3199614502532,4597.300863409733
input_noise,reward3_base,DQN reward3 Base,Results_DQN_reward3_o/model,design,70,design_21,Design Rainfall 21,0.05,18,20265732,95,1292.4066927133656,2024.5280352838847,3316.9347279972503
input_noise,reward3_base,DQN reward3 Base,Results_DQN_reward3_o/model,design,70,design_21,Design Rainfall 21,0.05,19,20265733,95,1263.6562019704559,3088.8166985525672,4352.472900523023
input_noise,reward3_base,DQN reward3 Base,Results_DQN_reward3_o/model,design,70,design_21,Design Rainfall 21,0.05,20,20265734,95,1279.4741424316792,1648.9795477923437,2928.453690224023
input_noise,reward3_base,DQN reward3 Base,Results_DQN_reward3_o/model,design,70,design_21,Design Rainfall 21,0.05,21,20265735,95,1291.5721091697105,2819.7482162351776,4111.320325404888
input_noise,reward3_base,DQN reward3 Base,Results_DQN_reward3_o/model,design,70,design_21,Design Rainfall 21,0.05,22,20265736,95,1291.5274146937586,3052.684853320495,4344.212268014254
input_noise,reward3_base,DQN reward3 Base,Results_DQN_reward3_o/model,design,70,design_21,Design Rainfall 21,0.05,23,20265737,95,1268.632220016407,3283.7349507433346,4552.367170759741
input_noise,reward3_base,DQN reward3 Base,Results_DQN_reward3_o/model,design,70,design_21,Design Rainfall 21,0.05,24,20265738,95,1308.4770415347878,2101.4776991265867,3409.9547406613747
input_noise,reward3_base,DQN reward3 Base,Results_DQN_reward3_o/model,design,70,design_21,Design Rainfall 21,0.05,25,20265739,95,1317.3549622153143,1385.785187260142,2703.1401494754564
input_noise,reward3_base,DQN reward3 Base,Results_DQN_reward3_o/model,design,70,design_21,Design Rainfall 21,0.05,26,20265740,95,1294.068114175553,1409.7706198910762,2703.8387340666295
input_noise,reward3_base,DQN reward3 Base,Results_DQN_reward3_o/model,design,70,design_21,Design Rainfall 21,0.05,27,20265741,95,1275.4898785787202,2025.0518466632768,3300.541725241997
input_noise,reward3_base,DQN reward3 Base,Results_DQN_reward3_o/model,design,70,design_21,Design Rainfall 21,0.05,28,20265742,95,1320.0264826141292,2711.9698160929343,4031.9962987070635
input_noise,reward3_base,DQN reward3 Base,Results_DQN_reward3_o/model,design,70,design_21,Design Rainfall 21,0.05,29,20265743,95,1313.6831593357308,2918.086493363027,4231.769652698757
input_noise,reward3_base,DQN reward3 Base,Results_DQN_reward3_o/model,design,70,design_21,Design Rainfall 21,0.05,30,20265744,95,882.9342293070457,3623.3208759739205,4506.255105280966
input_noise,reward3_base,DQN reward3 Base,Results_DQN_reward3_o/model,design,70,design_21,Design Rainfall 21,0.05,31,20265745,95,1272.2886493363392,3277.3169531770454,4549.605602513385
input_noise,reward3_base,DQN reward3 Base,Results_DQN_reward3_o/model,design,70,design_21,Design Rainfall 21,0.05,32,20265746,95,1289.5083241332964,3304.3004280987184,4593.808752232015
input_noise,reward3_base,DQN reward3 Base,Results_DQN_reward3_o/model,design,70,design_21,Design Rainfall 21,0.05,33,20265747,95,1319.6590889471247,2965.297608798995,4284.95669774612
input_noise,reward3_base,DQN reward3 Base,Results_DQN_reward3_o/model,design,70,design_21,Design Rainfall 21,0.05,34,20265748,95,913.9113487302265,3210.501682809088,4124.413031539314
input_noise,reward3_base,DQN reward3 Base,Results_DQN_reward3_o/model,design,70,design_21,Design Rainfall 21,0.05,35,20265749,95,1270.3343840951388,2029.9544079265129,3300.2887920216517
input_noise,reward3_base,DQN reward3 Base,Results_DQN_reward3_o/model,design,70,design_21,Design Rainfall 21,0.05,36,20265750,95,1270.3343840951388,2022.7305966506276,3293.0649807457667
input_noise,reward3_base,DQN reward3 Base,Results_DQN_reward3_o/model,design,70,design_21,Design Rainfall 21,0.05,37,20265751,95,905.5090696585879,2327.6309030215994,3233.1399726801874
input_noise,reward3_base,DQN reward3 Base,Results_DQN_reward3_o/model,design,70,design_21,Design Rainfall 21,0.05,38,20265752,95,1313.0280064923568,1278.0770888839684,2591.105095376325
input_noise,reward3_base,DQN reward3 Base,Results_DQN_reward3_o/model,design,70,design_21,Design Rainfall 21,0.05,39,20265753,95,1313.0280064923568,1278.0770888839684,2591.105095376325
input_noise,reward3_base,DQN reward3 Base,Results_DQN_reward3_o/model,design,70,design_21,Design Rainfall 21,0.05,40,20265754,95,1258.4757292913157,1878.6381833355342,3137.11391262685
input_noise,reward3_base,DQN reward3 Base,Results_DQN_reward3_o/model,design,70,design_21,Design Rainfall 21,0.05,41,20265755,95,1291.7083007703384,3095.6432796558724,4387.351580426211
input_noise,reward3_base,DQN reward3 Base,Results_DQN_reward3_o/model,design,70,design_21,Design Rainfall 21,0.05,42,20265756,95,923.4565700436916,1493.0629629371929,2416.5195329808844
input_noise,reward3_base,DQN reward3 Base,Results_DQN_reward3_o/model,design,70,design_21,Design Rainfall 21,0.05,43,20265757,95,1319.5400057530492,2979.796575267486,4299.336581020535
input_noise,reward3_base,DQN reward3 Base,Results_DQN_reward3_o/model,design,70,design_21,Design Rainfall 21,0.05,44,20265758,95,922.6832296135004,2265.817676218436,3188.5009058319365
input_noise,reward3_base,DQN reward3 Base,Results_DQN_reward3_o/model,design,70,design_21,Design Rainfall 21,0.05,45,20265759,95,1269.3919365920995,3073.2207383153,4342.612674907399
input_noise,reward3_base,DQN reward3 Base,Results_DQN_reward3_o/model,design,70,design_21,Design Rainfall 21,0.05,46,20265760,95,1275.4903182308929,2020.5199071132884,3296.010225344181
input_noise,reward3_base,DQN reward3 Base,Results_DQN_reward3_o/model,design,70,design_21,Design Rainfall 21,0.05,47,20265761,95,1275.4903182308929,2020.5199071132884,3296.010225344181
input_noise,reward3_base,DQN reward3 Base,Results_DQN_reward3_o/model,design,70,design_21,Design Rainfall 21,0.05,48,20265762,95,1283.5113066368915,2070.5175391323282,3354.0288457692195
input_noise,reward3_base,DQN reward3 Base,Results_DQN_reward3_o/model,design,70,design_21,Design Rainfall 21,0.05,49,20265763,95,1308.4770415347878,2161.113703270497,3469.590744805285
input_noise,reward3_base,DQN reward3 Base,Results_DQN_reward3_o/model,design,70,design_21,Design Rainfall 21,0.1,0,20270714,95,1299.7059071124706,2930.755103013435,4230.461010125906
input_noise,reward3_base,DQN reward3 Base,Results_DQN_reward3_o/model,design,70,design_21,Design Rainfall 21,0.1,1,20270715,95,1255.9682814825899,3547.600706092676,4803.568987575266
input_noise,reward3_base,DQN reward3 Base,Results_DQN_reward3_o/model,design,70,design_21,Design Rainfall 21,0.1,2,20270716,95,948.5274895450785,3655.4187107675625,4603.946200312641
input_noise,reward3_base,DQN reward3 Base,Results_DQN_reward3_o/model,design,70,design_21,Design Rainfall 21,0.1,3,20270717,95,1270.3343840951388,2020.9342244612833,3291.268608556422
input_noise,reward3_base,DQN reward3 Base,Results_DQN_reward3_o/model,design,70,design_21,Design Rainfall 21,0.1,4,20270718,95,932.5825684775381,2785.409490639936,3717.992059117474
input_noise,reward3_base,DQN reward3 Base,Results_DQN_reward3_o/model,design,70,design_21,Design Rainfall 21,0.1,5,20270719,95,1288.7394496341062,3299.4140106739774,4588.153460308084
input_noise,reward3_base,DQN reward3 Base,Results_DQN_reward3_o/model,design,70,design_21,Design Rainfall 21,0.1,6,20270720,95,1317.3549622153143,1367.3434887556489,2684.698450970963
input_noise,reward3_base,DQN reward3 Base,Results_DQN_reward3_o/model,design,70,design_21,Design Rainfall 21,0.1,7,20270721,95,1305.1134452830613,2917.5366803918446,4222.650125674906
input_noise,reward3_base,DQN reward3 Base,Results_DQN_reward3_o/model,design,70,design_21,Design Rainfall 21,0.1,8,20270722,95,1270.2825727027064,2917.6714878410867,4187.954060543793
input_noise,reward3_base,DQN reward3 Base,Results_DQN_reward3_o/model,design,70,design_21,Design Rainfall 21,0.1,9,20270723,95,1311.1916318395356,2986.755841755329,4297.947473594864
input_noise,reward3_base,DQN reward3 Base,Results_DQN_reward3_o/model,design,70,design_21,Design Rainfall 21,0.1,10,20270724,95,661.9502086679967,2667.6559960740406,3329.6062047420373
input_noise,reward3_base,DQN reward3 Base,Results_DQN_reward3_o/model,design,70,design_21,Design Rainfall 21,0.1,11,20270725,95,913.8158501204791,3270.415990626147,4184.231840746626
input_noise,reward3_base,DQN reward3 Base,Results_DQN_reward3_o/model,design,70,design_21,Design Rainfall 21,0.1,12,20270726,95,1278.9225855296834,1878.535790683453,3157.458376213136
input_noise,reward3_base,DQN reward3 Base,Results_DQN_reward3_o/model,design,70,design_21,Design Rainfall 21,0.1,13,20270727,95,1290.5230880223646,2007.2553958510848,3297.7784838734497
input_noise,reward3_base,DQN reward3 Base,Results_DQN_reward3_o/model,design,70,design_21,Design Rainfall 21,0.1,14,20270728,95,1269.9807160111236,2034.2390677877092,3304.219783798833
input_noise,reward3_base,DQN reward3 Base,Results_DQN_reward3_o/model,design,70,design_21,Design Rainfall 21,0.1,15,20270729,95,1256.9692726663957,3336.4653183191385,4593.434590985535
input_noise,reward3_base,DQN reward3 Base,Results_DQN_reward3_o/model,design,70,design_21,Design Rainfall 21,0.1,16,20270730,95,1267.458887875759,2272.7317535399393,3540.1906414156983
input_noise,reward3_base,DQN reward3 Base,Results_DQN_reward3_o/model,design,70,design_21,Design Rainfall 21,0.1,17,20270731,95,902.1880879307564,2459.0155595959213,3361.2036475266777
input_noise,reward3_base,DQN reward3 Base,Results_DQN_reward3_o/model,design,70,design_21,Design Rainfall 21,0.1,18,20270732,95,1261.665185329501,2086.5366726676557,3348.2018579971564
input_noise,reward3_base,DQN reward3 Base,Results_DQN_reward3_o/model,design,70,design_21,Design Rainfall 21,0.1,19,20270733,95,1317.1091253250345,1368.0148639178847,2685.1239892429194
input_noise,reward3_base,DQN reward3 Base,Results_DQN_reward3_o/model,design,70,design_21,Design Rainfall 21,0.1,20,20270734,95,1255.293104557157,1900.7830859621454,3156.076190519302
input_noise,reward3_base,DQN reward3 Base,Results_DQN_reward3_o/model,design,70,design_21,Design Rainfall 21,0.1,21,20270735,95,946.9988709056306,2450.2875539934166,3397.2864248990472
input_noise,reward3_base,DQN reward3 Base,Results_DQN_reward3_o/model,design,70,design_21,Design Rainfall 21,0.1,22,20270736,95,924.3886496310288,3219.60923851642,4143.997888147449
input_noise,reward3_base,DQN reward3 Base,Results_DQN_reward3_o/model,design,70,design_21,Design Rainfall 21,0.1,23,20270737,95,904.9753236627556,2318.1752175603538,3223.1505412231095
input_noise,reward3_base,DQN reward3 Base,Results_DQN_reward3_o/model,design,70,design_21,Design Rainfall 21,0.1,24,20270738,95,1303.4560440248374,1755.4630688550026,3058.91911287984
input_noise,reward3_base,DQN reward3 Base,Results_DQN_reward3_o/model,design,70,design_21,Design Rainfall 21,0.1,25,20270739,95,936.2538330235252,3450.5401908535946,4386.79402387712
input_noise,reward3_base,DQN reward3 Base,Results_DQN_reward3_o/model,design,70,design_21,Design Rainfall 21,0.1,26,20270740,95,1273.9300136625066,2517.059051635513,3790.9890652980193
input_noise,reward3_base,DQN reward3 Base,Results_DQN_reward3_o/model,design,70,design_21,Design Rainfall 21,0.1,27,20270741,95,1265.248273223946,3112.664667464961,4377.912940688907
input_noise,reward3_base,DQN reward3 Base,Results_DQN_reward3_o/model,design,70,design_21,Design Rainfall 21,0.1,28,20270742,95,752.9190056669017,2234.812442847693,2987.731448514595
input_noise,reward3_base,DQN reward3 Base,Results_DQN_reward3_o/model,design,70,design_21,Design Rainfall 21,0.1,29,20270743,95,1293.3505191360857,1870.276030813494,3163.6265499495794
input_noise,reward3_base,DQN reward3 Base,Results_DQN_reward3_o/model,design,70,design_21,Design Rainfall 21,0.1,30,20270744,95,1297.072235928586,2719.7743778044946,4016.8466137330806
input_noise,reward3_base,DQN reward3 Base,Results_DQN_reward3_o/model,design,70,design_21,Design Rainfall 21,0.1,31,20270745,95,1289.521378906393,3185.7025241334927,4475.223903039886
input_noise,reward3_base,DQN reward3 Base,Results_DQN_reward3_o/model,design,70,design_21,Design Rainfall 21,0.1,32,20270746,95,1275.1352754874124,2835.5822909183103,4110.717566405723
input_noise,reward3_base,DQN reward3 Base,Results_DQN_reward3_o/model,design,70,design_21,Design Rainfall 21,0.1,33,20270747,95,1235.3360543990834,1671.161004786331,2906.4970591854144
input_noise,reward3_base,DQN reward3 Base,Results_DQN_reward3_o/model,design,70,design_21,Design Rainfall 21,0.1,34,20270748,95,1320.737102801228,1961.529674180783,3282.266776982011
input_noise,reward3_base,DQN reward3 Base,Results_DQN_reward3_o/model,design,70,design_21,Design Rainfall 21,0.1,35,20270749,95,1230.592731191842,1642.7257330841232,2873.318464275965
input_noise,reward3_base,DQN reward3 Base,Results_DQN_reward3_o/model,design,70,design_21,Design Rainfall 21,0.1,36,20270750,95,1142.3192162187095,2016.410503107819,3158.7297193265285
input_noise,reward3_base,DQN reward3 Base,Results_DQN_reward3_o/model,design,70,design_21,Design Rainfall 21,0.1,37,20270751,95,1293.586160682632,2859.9743937967773,4153.560554479409
input_noise,reward3_base,DQN reward3 Base,Results_DQN_reward3_o/model,design,70,design_21,Design Rainfall 21,0.1,38,20270752,95,917.0247126413808,3490.1900241750004,4407.214736816381
input_noise,reward3_base,DQN reward3 Base,Results_DQN_reward3_o/model,design,70,design_21,Design Rainfall 21,0.1,39,20270753,95,900.0688893479218,3189.7428066367215,4089.8116959846434
input_noise,reward3_base,DQN reward3 Base,Results_DQN_reward3_o/model,design,70,design_21,Design Rainfall 21,0.1,40,20270754,95,1315.6595989315397,2091.4047284728213,3407.064327404361
input_noise,reward3_base,DQN reward3 Base,Results_DQN_reward3_o/model,design,70,design_21,Design Rainfall 21,0.1,41,20270755,95,1317.1946042690988,2761.4420377813517,4078.6366420504505
input_noise,reward3_base,DQN reward3 Base,Results_DQN_reward3_o/model,design,70,design_21,Design Rainfall 21,0.1,42,20270756,95,1303.4560440248374,1948.2186974932067,3251.6747415180444
input_noise,reward3_base,DQN reward3 Base,Results_DQN_reward3_o/model,design,70,design_21,Design Rainfall 21,0.1,43,20270757,95,1185.7581409874283,2060.576909323247,3246.3350503106753
input_noise,reward3_base,DQN reward3 Base,Results_DQN_reward3_o/model,design,70,design_21,Design Rainfall 21,0.1,44,20270758,95,1285.8238708527965,2849.9766809422276,4135.800551795024
input_noise,reward3_base,DQN reward3 Base,Results_DQN_reward3_o/model,design,70,design_21,Design Rainfall 21,0.1,45,20270759,95,1285.1993389378854,2984.5649896765804,4269.764328614466
input_noise,reward3_base,DQN reward3 Base,Results_DQN_reward3_o/model,design,70,design_21,Design Rainfall 21,0.1,46,20270760,95,1303.6293932641684,1926.5030041481905,3230.132397412359
input_noise,reward3_base,DQN reward3 Base,Results_DQN_reward3_o/model,design,70,design_21,Design Rainfall 21,0.1,47,20270761,95,247.7055956740677,4579.513438666288,4827.219034340355
input_noise,reward3_base,DQN reward3 Base,Results_DQN_reward3_o/model,design,70,design_21,Design Rainfall 21,0.1,48,20270762,95,1271.1555815281004,1645.3477943859089,2916.503375914009
input_noise,reward3_base,DQN reward3 Base,Results_DQN_reward3_o/model,design,70,design_21,Design Rainfall 21,0.1,49,20270763,95,1234.5689561030529,1815.3232175536623,3049.8921736567154
input_noise,reward3_base,DQN reward3 Base,Results_DQN_reward3_o/model,design,64,design_15,Design Rainfall 15,0.05,0,20365714,95,5553.3146171154585,3926.830818099713,9480.14543521517
input_noise,reward3_base,DQN reward3 Base,Results_DQN_reward3_o/model,design,64,design_15,Design Rainfall 15,0.05,1,20365715,95,5498.254858398232,1290.3448006942283,6788.59965909246
input_noise,reward3_base,DQN reward3 Base,Results_DQN_reward3_o/model,design,64,design_15,Design Rainfall 15,0.05,2,20365716,95,4929.764509664824,2472.5966867179363,7402.361196382761
input_noise,reward3_base,DQN reward3 Base,Results_DQN_reward3_o/model,design,64,design_15,Design Rainfall 15,0.05,3,20365717,95,5697.43769998254,2370.625680962491,8068.063380945031
input_noise,reward3_base,DQN reward3 Base,Results_DQN_reward3_o/model,design,64,design_15,Design Rainfall 15,0.05,4,20365718,95,5641.310801324056,2850.314340716821,8491.625142040877
input_noise,reward3_base,DQN reward3 Base,Results_DQN_reward3_o/model,design,64,design_15,Design Rainfall 15,0.05,5,20365719,95,5662.954999154076,2471.041781967263,8133.996781121339
input_noise,reward3_base,DQN reward3 Base,Results_DQN_reward3_o/model,design,64,design_15,Design Rainfall 15,0.05,6,20365720,95,5610.846344890134,2732.766890100883,8343.613234991017
input_noise,reward3_base,DQN reward3 Base,Results_DQN_reward3_o/model,design,64,design_15,Design Rainfall 15,0.05,7,20365721,95,5696.6768256476025,2706.6954560752865,8403.372281722888
input_noise,reward3_base,DQN reward3 Base,Results_DQN_reward3_o/model,design,64,design_15,Design Rainfall 15,0.05,8,20365722,95,5750.257338351031,3530.7697096179973,9281.027047969028
input_noise,reward3_base,DQN reward3 Base,Results_DQN_reward3_o/model,design,64,design_15,Design Rainfall 15,0.05,9,20365723,95,5726.106899989071,3438.414656025113,9164.521556014184
input_noise,reward3_base,DQN reward3 Base,Results_DQN_reward3_o/model,design,64,design_15,Design Rainfall 15,0.05,10,20365724,95,5471.6198117351205,3093.183812305863,8564.803624040984
input_noise,reward3_base,DQN reward3 Base,Results_DQN_reward3_o/model,design,64,design_15,Design Rainfall 15,0.05,11,20365725,95,5685.275482666176,2607.8009883705354,8293.076471036711
input_noise,reward3_base,DQN reward3 Base,Results_DQN_reward3_o/model,design,64,design_15,Design Rainfall 15,0.05,12,20365726,95,5737.251353325824,2183.4826268387565,7920.733980164581
input_noise,reward3_base,DQN reward3 Base,Results_DQN_reward3_o/model,design,64,design_15,Design Rainfall 15,0.05,13,20365727,95,5739.335024367152,3495.238022655765,9234.573047022917
input_noise,reward3_base,DQN reward3 Base,Results_DQN_reward3_o/model,design,64,design_15,Design Rainfall 15,0.05,14,20365728,95,5683.777026260137,2525.3871359068685,8209.164162167006
input_noise,reward3_base,DQN reward3 Base,Results_DQN_reward3_o/model,design,64,design_15,Design Rainfall 15,0.05,15,20365729,95,5716.22026169678,2306.4420786733194,8022.6623403701
input_noise,reward3_base,DQN reward3 Base,Results_DQN_reward3_o/model,design,64,design_15,Design Rainfall 15,0.05,16,20365730,95,5650.3813543382585,2387.8345254885644,8038.215879826823
input_noise,reward3_base,DQN reward3 Base,Results_DQN_reward3_o/model,design,64,design_15,Design Rainfall 15,0.05,17,20365731,95,5667.158958843516,2642.334979418073,8309.493938261588
input_noise,reward3_base,DQN reward3 Base,Results_DQN_reward3_o/model,design,64,design_15,Design Rainfall 15,0.05,18,20365732,95,5756.198987553886,3065.0205393469264,8821.219526900812
input_noise,reward3_base,DQN reward3 Base,Results_DQN_reward3_o/model,design,64,design_15,Design Rainfall 15,0.05,19,20365733,96,5567.712616167353,2488.431751644732,8056.144367812085
input_noise,reward3_base,DQN reward3 Base,Results_DQN_reward3_o/model,design,64,design_15,Design Rainfall 15,0.05,20,20365734,95,5717.400504615244,2486.360062399662,8203.760567014906
input_noise,reward3_base,DQN reward3 Base,Results_DQN_reward3_o/model,design,64,design_15,Design Rainfall 15,0.05,21,20365735,95,5633.990659616186,3692.01040353569,9326.001063151876
input_noise,reward3_base,DQN reward3 Base,Results_DQN_reward3_o/model,design,64,design_15,Design Rainfall 15,0.05,22,20365736,95,5673.789958801672,2818.3574776182627,8492.147436419935
input_noise,reward3_base,DQN reward3 Base,Results_DQN_reward3_o/model,design,64,design_15,Design Rainfall 15,0.05,23,20365737,95,5765.661357771425,3968.8950336332146,9734.55639140464
input_noise,reward3_base,DQN reward3 Base,Results_DQN_reward3_o/model,design,64,design_15,Design Rainfall 15,0.05,24,20365738,95,5762.027881271975,2555.533749194084,8317.56163046606
input_noise,reward3_base,DQN reward3 Base,Results_DQN_reward3_o/model,design,64,design_15,Design Rainfall 15,0.05,25,20365739,95,5506.908064260274,2322.5290912630007,7829.437155523275
input_noise,reward3_base,DQN reward3 Base,Results_DQN_reward3_o/model,design,64,design_15,Design Rainfall 15,0.05,26,20365740,95,5614.796863825934,1234.3861210596842,6849.182984885619
input_noise,reward3_base,DQN reward3 Base,Results_DQN_reward3_o/model,design,64,design_15,Design Rainfall 15,0.05,27,20365741,95,5568.252536238033,2694.7003084597036,8262.952844697737
input_noise,reward3_base,DQN reward3 Base,Results_DQN_reward3_o/model,design,64,design_15,Design Rainfall 15,0.05,28,20365742,95,5745.75757159981,2401.6686000522686,8147.426171652079
input_noise,reward3_base,DQN reward3 Base,Results_DQN_reward3_o/model,design,64,design_15,Design Rainfall 15,0.05,29,20365743,95,5716.420958903544,2273.8380310560597,7990.258989959603
input_noise,reward3_base,DQN reward3 Base,Results_DQN_reward3_o/model,design,64,design_15,Design Rainfall 15,0.05,30,20365744,95,5590.511616510067,2975.181128420511,8565.692744930579
input_noise,reward3_base,DQN reward3 Base,Results_DQN_reward3_o/model,design,64,design_15,Design Rainfall 15,0.05,31,20365745,95,5735.77187711729,3323.4889809514143,9059.260858068705
input_noise,reward3_base,DQN reward3 Base,Results_DQN_reward3_o/model,design,64,design_15,Design Rainfall 15,0.05,32,20365746,95,5653.328099058103,2514.4379782084247,8167.766077266528
input_noise,reward3_base,DQN reward3 Base,Results_DQN_reward3_o/model,design,64,design_15,Design Rainfall 15,0.05,33,20365747,95,4551.7878472136435,3129.6983588640815,7681.486206077725
input_noise,reward3_base,DQN reward3 Base,Results_DQN_reward3_o/model,design,64,design_15,Design Rainfall 15,0.05,34,20365748,95,5737.262376695598,2163.3631035165304,7900.6254802121275
input_noise,reward3_base,DQN reward3 Base,Results_DQN_reward3_o/model,design,64,design_15,Design Rainfall 15,0.05,35,20365749,95,5583.418063543088,2449.632124099426,8033.050187642513
input_noise,reward3_base,DQN reward3 Base,Results_DQN_reward3_o/model,design,64,design_15,Design Rainfall 15,0.05,36,20365750,95,5726.106899989071,3023.222319393923,8749.329219382995
input_noise,reward3_base,DQN reward3 Base,Results_DQN_reward3_o/model,design,64,design_15,Design Rainfall 15,0.05,37,20365751,95,5543.562695827374,3761.9878213122865,9305.550517139662
input_noise,reward3_base,DQN reward3 Base,Results_DQN_reward3_o/model,design,64,design_15,Design Rainfall 15,0.05,38,20365752,95,5586.627512318063,2125.6731093550156,7712.300621673079
input_noise,reward3_base,DQN reward3 Base,Results_DQN_reward3_o/model,design,64,design_15,Design Rainfall 15,0.05,39,20365753,95,5628.869418969182,2500.606474032531,8129.475893001713
input_noise,reward3_base,DQN reward3 Base,Results_DQN_reward3_o/model,design,64,design_15,Design Rainfall 15,0.05,40,20365754,95,5633.407593404352,3283.597881203939,8917.005474608291
input_noise,reward3_base,DQN reward3 Base,Results_DQN_reward3_o/model,design,64,design_15,Design Rainfall 15,0.05,41,20365755,95,5742.98237161562,2133.5187887955053,7876.501160411125
input_noise,reward3_base,DQN reward3 Base,Results_DQN_reward3_o/model,design,64,design_15,Design Rainfall 15,0.05,42,20365756,95,5765.068817916115,2544.714855107589,8309.783673023703
input_noise,reward3_base,DQN reward3 Base,Results_DQN_reward3_o/model,design,64,design_15,Design Rainfall 15,0.05,43,20365757,95,5746.2517378848615,2931.6529159080164,8677.904653792877
input_noise,reward3_base,DQN reward3 Base,Results_DQN_reward3_o/model,design,64,design_15,Design Rainfall 15,0.05,44,20365758,95,5635.468873783579,2457.922584361836,8093.391458145415
input_noise,reward3_base,DQN reward3 Base,Results_DQN_reward3_o/model,design,64,design_15,Design Rainfall 15,0.05,45,20365759,95,5737.853330139975,2792.243847392144,8530.09717753212
input_noise,reward3_base,DQN reward3 Base,Results_DQN_reward3_o/model,design,64,design_15,Design Rainfall 15,0.05,46,20365760,95,5665.604206770145,2832.454554446606,8498.058761216751
input_noise,reward3_base,DQN reward3 Base,Results_DQN_reward3_o/model,design,64,design_15,Design Rainfall 15,0.05,47,20365761,95,5429.277927984855,1724.6522193762912,7153.930147361146
input_noise,reward3_base,DQN reward3 Base,Results_DQN_reward3_o/model,design,64,design_15,Design Rainfall 15,0.05,48,20365762,95,5734.60941589227,2163.1547664469263,7897.764182339196
input_noise,reward3_base,DQN reward3 Base,Results_DQN_reward3_o/model,design,64,design_15,Design Rainfall 15,0.05,49,20365763,95,5652.621760923816,2285.128652618985,7937.750413542801
input_noise,reward3_base,DQN reward3 Base,Results_DQN_reward3_o/model,design,64,design_15,Design Rainfall 15,0.1,0,20370714,95,4949.762134796114,3595.452227275812,8545.214362071925
input_noise,reward3_base,DQN reward3 Base,Results_DQN_reward3_o/model,design,64,design_15,Design Rainfall 15,0.1,1,20370715,95,4770.817199059337,2743.749397870015,7514.566596929352
input_noise,reward3_base,DQN reward3 Base,Results_DQN_reward3_o/model,design,64,design_15,Design Rainfall 15,0.1,2,20370716,95,5595.40631272928,2469.7462660148835,8065.152578744164
input_noise,reward3_base,DQN reward3 Base,Results_DQN_reward3_o/model,design,64,design_15,Design Rainfall 15,0.1,3,20370717,95,5506.335599371184,2288.134333407138,7794.469932778322
input_noise,reward3_base,DQN reward3 Base,Results_DQN_reward3_o/model,design,64,design_15,Design Rainfall 15,0.1,4,20370718,95,5544.266968010963,2331.57939685829,7875.846364869252
input_noise,reward3_base,DQN reward3 Base,Results_DQN_reward3_o/model,design,64,design_15,Design Rainfall 15,0.1,5,20370719,95,4607.919939657742,3279.354592489236,7887.274532146978
input_noise,reward3_base,DQN reward3 Base,Results_DQN_reward3_o/model,design,64,design_15,Design Rainfall 15,0.1,6,20370720,95,4640.0299176532535,3208.053096328048,7848.0830139813015
input_noise,reward3_base,DQN reward3 Base,Results_DQN_reward3_o/model,design,64,design_15,Design Rainfall 15,0.1,7,20370721,95,4810.488748267161,2956.827430318689,7767.31617858585
input_noise,reward3_base,DQN reward3 Base,Results_DQN_reward3_o/model,design,64,design_15,Design Rainfall 15,0.1,8,20370722,95,5612.361808170997,2302.0158136170494,7914.377621788047
input_noise,reward3_base,DQN reward3 Base,Results_DQN_reward3_o/model,design,64,design_15,Design Rainfall 15,0.1,9,20370723,95,5619.416953324083,3631.6288652345734,9251.045818558656
input_noise,reward3_base,DQN reward3 Base,Results_DQN_reward3_o/model,design,64,design_15,Design Rainfall 15,0.1,10,20370724,95,5728.74919953207,3055.801707444171,8784.550906976241
input_noise,reward3_base,DQN reward3 Base,Results_DQN_reward3_o/model,design,64,design_15,Design Rainfall 15,0.1,11,20370725,95,5164.972239944986,3077.433107322005,8242.405347266991
input_noise,reward3_base,DQN reward3 Base,Results_DQN_reward3_o/model,design,64,design_15,Design Rainfall 15,0.1,12,20370726,95,5424.803704180438,3118.726641946636,8543.530346127074
input_noise,reward3_base,DQN reward3 Base,Results_DQN_reward3_o/model,design,64,design_15,Design Rainfall 15,0.1,13,20370727,95,5598.472799553361,3411.76486555589,9010.23766510925
input_noise,reward3_base,DQN reward3 Base,Results_DQN_reward3_o/model,design,64,design_15,Design Rainfall 15,0.1,14,20370728,95,5649.013136034428,2666.3381916232147,8315.351327657641
input_noise,reward3_base,DQN reward3 Base,Results_DQN_reward3_o/model,design,64,design_15,Design Rainfall 15,0.1,15,20370729,95,5119.724259536571,4195.436516827918,9315.16077636449
input_noise,reward3_base,DQN reward3 Base,Results_DQN_reward3_o/model,design,64,design_15,Design Rainfall 15,0.1,16,20370730,95,5688.927366367157,3801.93328645655,9490.860652823707
input_noise,reward3_base,DQN reward3 Base,Results_DQN_reward3_o/model,design,64,design_15,Design Rainfall 15,0.1,17,20370731,95,5647.09933202866,2826.5303558013406,8473.62968783
input_noise,reward3_base,DQN reward3 Base,Results_DQN_reward3_o/model,design,64,design_15,Design Rainfall 15,0.1,18,20370732,95,5332.034265355091,2697.315070380485,8029.349335735576
input_noise,reward3_base,DQN reward3 Base,Results_DQN_reward3_o/model,design,64,design_15,Design Rainfall 15,0.1,19,20370733,95,5033.048770136933,1961.4287985467097,6994.477568683643
input_noise,reward3_base,DQN reward3 Base,Results_DQN_reward3_o/model,design,64,design_15,Design Rainfall 15,0.1,20,20370734,95,5664.159001604859,2757.458686966206,8421.617688571067
input_noise,reward3_base,DQN reward3 Base,Results_DQN_reward3_o/model,design,64,design_15,Design Rainfall 15,0.1,21,20370735,95,4895.288200849398,4177.295656149842,9072.583856999241
input_noise,reward3_base,DQN reward3 Base,Results_DQN_reward3_o/model,design,64,design_15,Design Rainfall 15,0.1,22,20370736,95,5761.869997666362,1851.2173802535428,7613.087377919905
input_noise,reward3_base,DQN reward3 Base,Results_DQN_reward3_o/model,design,64,design_15,Design Rainfall 15,0.1,23,20370737,95,5562.9626046352105,2626.677009850333,8189.6396144855435
input_noise,reward3_base,DQN reward3 Base,Results_DQN_reward3_o/model,design,64,design_15,Design Rainfall 15,0.1,24,20370738,95,5141.043651943962,2865.51986317685,8006.563515120812
input_noise,reward3_base,DQN reward3 Base,Results_DQN_reward3_o/model,design,64,design_15,Design Rainfall 15,0.1,25,20370739,95,5492.692932652714,2714.322102563958,8207.015035216673
input_noise,reward3_base,DQN reward3 Base,Results_DQN_reward3_o/model,design,64,design_15,Design Rainfall 15,0.1,26,20370740,95,4871.840352255451,3781.89038326227,8653.730735517722
input_noise,reward3_base,DQN reward3 Base,Results_DQN_reward3_o/model,design,64,design_15,Design Rainfall 15,0.1,27,20370741,95,5192.692888241452,2084.16315140735,7276.856039648803
input_noise,reward3_base,DQN reward3 Base,Results_DQN_reward3_o/model,design,64,design_15,Design Rainfall 15,0.1,28,20370742,95,4934.135623283709,3355.7760032436945,8289.911626527402
input_noise,reward3_base,DQN reward3 Base,Results_DQN_reward3_o/model,design,64,design_15,Design Rainfall 15,0.1,29,20370743,95,5667.2544489456095,3815.5018097328034,9482.756258678413
input_noise,reward3_base,DQN reward3 Base,Results_DQN_reward3_o/model,design,64,design_15,Design Rainfall 15,0.1,30,20370744,95,5635.35489029118,3082.7836181630364,8718.138508454216
input_noise,reward3_base,DQN reward3 Base,Results_DQN_reward3_o/model,design,64,design_15,Design Rainfall 15,0.1,31,20370745,95,5494.389695845089,4230.993853785298,9725.383549630387
input_noise,reward3_base,DQN reward3 Base,Results_DQN_reward3_o/model,design,64,design_15,Design Rainfall 15,0.1,32,20370746,95,5616.8055249210365,1454.3292893237806,7071.134814244817
input_noise,reward3_base,DQN reward3 Base,Results_DQN_reward3_o/model,design,64,design_15,Design Rainfall 15,0.1,33,20370747,95,5342.739150274377,2377.1412600004705,7719.880410274847
input_noise,reward3_base,DQN reward3 Base,Results_DQN_reward3_o/model,design,64,design_15,Design Rainfall 15,0.1,34,20370748,95,5035.905585402309,2427.244157847009,7463.149743249318
input_noise,reward3_base,DQN reward3 Base,Results_DQN_reward3_o/model,design,64,design_15,Design Rainfall 15,0.1,35,20370749,95,5626.9589792843135,1156.2135825916164,6783.17256187593
input_noise,reward3_base,DQN reward3 Base,Results_DQN_reward3_o/model,design,64,design_15,Design Rainfall 15,0.1,36,20370750,95,4820.57053364418,4417.9813130854045,9238.551846729584
input_noise,reward3_base,DQN reward3 Base,Results_DQN_reward3_o/model,design,64,design_15,Design Rainfall 15,0.1,37,20370751,95,4996.735423078708,1474.0594509036223,6470.79487398233
input_noise,reward3_base,DQN reward3 Base,Results_DQN_reward3_o/model,design,64,design_15,Design Rainfall 15,0.1,38,20370752,95,5589.062385924647,3115.2823415191583,8704.344727443806
input_noise,reward3_base,DQN reward3 Base,Results_DQN_reward3_o/model,design,64,design_15,Design Rainfall 15,0.1,39,20370753,95,5367.245918508268,2697.0586945359373,8064.304613044205
input_noise,reward3_base,DQN reward3 Base,Results_DQN_reward3_o/model,design,64,design_15,Design Rainfall 15,0.1,40,20370754,95,4893.557747124208,3017.3503599002206,7910.908107024428
input_noise,reward3_base,DQN reward3 Base,Results_DQN_reward3_o/model,design,64,design_15,Design Rainfall 15,0.1,41,20370755,95,5716.416810007796,3680.034520691244,9396.45133069904
input_noise,reward3_base,DQN reward3 Base,Results_DQN_reward3_o/model,design,64,design_15,Design Rainfall 15,0.1,42,20370756,95,5721.469559446095,2382.8607123942566,8104.330271840352
input_noise,reward3_base,DQN reward3 Base,Results_DQN_reward3_o/model,design,64,design_15,Design Rainfall 15,0.1,43,20370757,95,4667.7707053440545,3203.3204913374248,7871.091196681479
input_noise,reward3_base,DQN reward3 Base,Results_DQN_reward3_o/model,design,64,design_15,Design Rainfall 15,0.1,44,20370758,95,5215.781024760362,1683.5539272486178,6899.33495200898
input_noise,reward3_base,DQN reward3 Base,Results_DQN_reward3_o/model,design,64,design_15,Design Rainfall 15,0.1,45,20370759,95,5388.74252677117,2023.0661680223416,7411.808694793512
input_noise,reward3_base,DQN reward3 Base,Results_DQN_reward3_o/model,design,64,design_15,Design Rainfall 15,0.1,46,20370760,95,5614.796863825934,1234.3861210596842,6849.182984885619
input_noise,reward3_base,DQN reward3 Base,Results_DQN_reward3_o/model,design,64,design_15,Design Rainfall 15,0.1,47,20370761,95,5623.492975611101,2680.8348256146514,8304.327801225752
input_noise,reward3_base,DQN reward3 Base,Results_DQN_reward3_o/model,design,64,design_15,Design Rainfall 15,0.1,48,20370762,95,4972.283189635741,3445.5753588775183,8417.858548513259
input_noise,reward3_base,DQN reward3 Base,Results_DQN_reward3_o/model,design,64,design_15,Design Rainfall 15,0.1,49,20370763,95,5543.819717966392,4005.986211392821,9549.805929359212
input_noise,reward3_base,DQN reward3 Base,Results_DQN_reward3_o/model,design,67,design_18,Design Rainfall 18,0.05,0,20465714,95,7192.692264965929,2477.6312666577487,9670.323531623679
input_noise,reward3_base,DQN reward3 Base,Results_DQN_reward3_o/model,design,67,design_18,Design Rainfall 18,0.05,1,20465715,95,6783.123755089389,3282.452112186868,10065.575867276257
input_noise,reward3_base,DQN reward3 Base,Results_DQN_reward3_o/model,design,67,design_18,Design Rainfall 18,0.05,2,20465716,95,7180.9211457799365,2747.6371265435623,9928.558272323498
input_noise,reward3_base,DQN reward3 Base,Results_DQN_reward3_o/model,design,67,design_18,Design Rainfall 18,0.05,3,20465717,95,6839.726867983035,1684.750535282216,8524.477403265251
input_noise,reward3_base,DQN reward3 Base,Results_DQN_reward3_o/model,design,67,design_18,Design Rainfall 18,0.05,4,20465718,95,6418.319978967688,4475.885214133676,10894.205193101363
input_noise,reward3_base,DQN reward3 Base,Results_DQN_reward3_o/model,design,67,design_18,Design Rainfall 18,0.05,5,20465719,95,6085.636333384808,2528.354560658038,8613.990894042845
input_noise,reward3_base,DQN reward3 Base,Results_DQN_reward3_o/model,design,67,design_18,Design Rainfall 18,0.05,6,20465720,95,7342.842822068332,2282.6604766248533,9625.503298693186
input_noise,reward3_base,DQN reward3 Base,Results_DQN_reward3_o/model,design,67,design_18,Design Rainfall 18,0.05,7,20465721,95,7266.655461326813,4058.9141209895606,11325.569582316373
input_noise,reward3_base,DQN reward3 Base,Results_DQN_reward3_o/model,design,67,design_18,Design Rainfall 18,0.05,8,20465722,95,7198.869894104518,2699.4940384886913,9898.363932593209
input_noise,reward3_base,DQN reward3 Base,Results_DQN_reward3_o/model,design,67,design_18,Design Rainfall 18,0.05,9,20465723,95,7183.75839348348,2125.009002440159,9308.767395923638
input_noise,reward3_base,DQN reward3 Base,Results_DQN_reward3_o/model,design,67,design_18,Design Rainfall 18,0.05,10,20465724,95,7337.598306787994,2590.409515152494,9928.007821940488
input_noise,reward3_base,DQN reward3 Base,Results_DQN_reward3_o/model,design,67,design_18,Design Rainfall 18,0.05,11,20465725,95,6797.975853746521,2439.2956522894156,9237.271506035937
input_noise,reward3_base,DQN reward3 Base,Results_DQN_reward3_o/model,design,67,design_18,Design Rainfall 18,0.05,12,20465726,95,6825.654774348484,3223.991482633352,10049.646256981836
input_noise,reward3_base,DQN reward3 Base,Results_DQN_reward3_o/model,design,67,design_18,Design Rainfall 18,0.05,13,20465727,95,6803.315101005511,3340.0466701208443,10143.361771126354
input_noise,reward3_base,DQN reward3 Base,Results_DQN_reward3_o/model,design,67,design_18,Design Rainfall 18,0.05,14,20465728,95,7284.619543510566,2707.6551932423595,9992.274736752925
input_noise,reward3_base,DQN reward3 Base,Results_DQN_reward3_o/model,design,67,design_18,Design Rainfall 18,0.05,15,20465729,95,7250.06468406992,2804.5939801495583,10054.658664219478
input_noise,reward3_base,DQN reward3 Base,Results_DQN_reward3_o/model,design,67,design_18,Design Rainfall 18,0.05,16,20465730,95,6786.6790406997625,3490.3034895292462,10276.982530229008
input_noise,reward3_base,DQN reward3 Base,Results_DQN_reward3_o/model,design,67,design_18,Design Rainfall 18,0.05,17,20465731,95,7125.165913717187,2706.128781415308,9831.294695132496
input_noise,reward3_base,DQN reward3 Base,Results_DQN_reward3_o/model,design,67,design_18,Design Rainfall 18,0.05,18,20465732,95,6941.840417275087,3289.5636916046114,10231.404108879698
input_noise,reward3_base,DQN reward3 Base,Results_DQN_reward3_o/model,design,67,design_18,Design Rainfall 18,0.05,19,20465733,95,7202.47442456705,3075.0890408018454,10277.563465368896
input_noise,reward3_base,DQN reward3 Base,Results_DQN_reward3_o/model,design,67,design_18,Design Rainfall 18,0.05,20,20465734,95,7020.532728206882,2750.6566935266783,9771.189421733561
input_noise,reward3_base,DQN reward3 Base,Results_DQN_reward3_o/model,design,67,design_18,Design Rainfall 18,0.05,21,20465735,95,7020.175925700639,2772.3441919333927,9792.52011763403
input_noise,reward3_base,DQN reward3 Base,Results_DQN_reward3_o/model,design,67,design_18,Design Rainfall 18,0.05,22,20465736,95,7113.676484230778,2505.227035167442,9618.90351939822
input_noise,reward3_base,DQN reward3 Base,Results_DQN_reward3_o/model,design,67,design_18,Design Rainfall 18,0.05,23,20465737,95,6998.682544792338,3033.3464391982766,10032.028983990615
input_noise,reward3_base,DQN reward3 Base,Results_DQN_reward3_o/model,design,67,design_18,Design Rainfall 18,0.05,24,20465738,95,7254.362744606141,2918.0877779882826,10172.450522594423
input_noise,reward3_base,DQN reward3 Base,Results_DQN_reward3_o/model,design,67,design_18,Design Rainfall 18,0.05,25,20465739,95,7203.551166986799,2815.5880259768232,10019.139192963623
input_noise,reward3_base,DQN reward3 Base,Results_DQN_reward3_o/model,design,67,design_18,Design Rainfall 18,0.05,26,20465740,95,7337.544331796425,2426.396523205713,9763.940855002138
input_noise,reward3_base,DQN reward3 Base,Results_DQN_reward3_o/model,design,67,design_18,Design Rainfall 18,0.05,27,20465741,95,6650.216224398934,2814.8236571094235,9465.039881508357
input_noise,reward3_base,DQN reward3 Base,Results_DQN_reward3_o/model,design,67,design_18,Design Rainfall 18,0.05,28,20465742,95,7321.634114042408,982.4672727189253,8304.101386761333
input_noise,reward3_base,DQN reward3 Base,Results_DQN_reward3_o/model,design,67,design_18,Design Rainfall 18,0.05,29,20465743,95,6329.968298157977,3067.6403224438304,9397.608620601808
input_noise,reward3_base,DQN reward3 Base,Results_DQN_reward3_o/model,design,67,design_18,Design Rainfall 18,0.05,30,20465744,95,6535.062427144188,3637.6188605701354,10172.681287714324
input_noise,reward3_base,DQN reward3 Base,Results_DQN_reward3_o/model,design,67,design_18,Design Rainfall 18,0.05,31,20465745,95,7281.908736248891,2722.107981737019,10004.016717985909
input_noise,reward3_base,DQN reward3 Base,Results_DQN_reward3_o/model,design,67,design_18,Design Rainfall 18,0.05,32,20465746,95,6875.803126580453,3216.7630721862497,10092.566198766703
input_noise,reward3_base,DQN reward3 Base,Results_DQN_reward3_o/model,design,67,design_18,Design Rainfall 18,0.05,33,20465747,95,6925.892238459645,3205.393569282261,10131.285807741906
input_noise,reward3_base,DQN reward3 Base,Results_DQN_reward3_o/model,design,67,design_18,Design Rainfall 18,0.05,34,20465748,95,7065.157843632486,3774.373590384826,10839.531434017312
input_noise,reward3_base,DQN reward3 Base,Results_DQN_reward3_o/model,design,67,design_18,Design Rainfall 18,0.05,35,20465749,95,7202.806570676249,3273.617374504961,10476.42394518121
input_noise,reward3_base,DQN reward3 Base,Results_DQN_reward3_o/model,design,67,design_18,Design Rainfall 18,0.05,36,20465750,95,7358.923098825747,2381.5471241927444,9740.470223018492
input_noise,reward3_base,DQN reward3 Base,Results_DQN_reward3_o/model,design,67,design_18,Design Rainfall 18,0.05,37,20465751,95,7011.107116776524,2845.2578634454603,9856.364980221984
input_noise,reward3_base,DQN reward3 Base,Results_DQN_reward3_o/model,design,67,design_18,Design Rainfall 18,0.05,38,20465752,95,6993.650119939617,2997.034388444781,9990.684508384398
input_noise,reward3_base,DQN reward3 Base,Results_DQN_reward3_o/model,design,67,design_18,Design Rainfall 18,0.05,39,20465753,95,7169.358117900284,3852.8063851600555,11022.16450306034
input_noise,reward3_base,DQN reward3 Base,Results_DQN_reward3_o/model,design,67,design_18,Design Rainfall 18,0.05,40,20465754,95,7200.900006548276,2258.5605914047824,9459.460597953059
input_noise,reward3_base,DQN reward3 Base,Results_DQN_reward3_o/model,design,67,design_18,Design Rainfall 18,0.05,41,20465755,95,7257.27178269493,2889.0651569509314,10146.336939645862
input_noise,reward3_base,DQN reward3 Base,Results_DQN_reward3_o/model,design,67,design_18,Design Rainfall 18,0.05,42,20465756,95,7001.370014425603,4125.900350587276,11127.270365012879
input_noise,reward3_base,DQN reward3 Base,Results_DQN_reward3_o/model,design,67,design_18,Design Rainfall 18,0.05,43,20465757,95,7382.581205068409,2438.583234466674,9821.164439535083
input_noise,reward3_base,DQN reward3 Base,Results_DQN_reward3_o/model,design,67,design_18,Design Rainfall 18,0.05,44,20465758,95,7245.336986903809,1284.5297628679875,8529.866749771796
input_noise,reward3_base,DQN reward3 Base,Results_DQN_reward3_o/model,design,67,design_18,Design Rainfall 18,0.05,45,20465759,95,7262.61440964441,3689.7991374249086,10952.413547069318
input_noise,reward3_base,DQN reward3 Base,Results_DQN_reward3_o/model,design,67,design_18,Design Rainfall 18,0.05,46,20465760,95,6920.733557896029,3203.994747086171,10124.7283049822
input_noise,reward3_base,DQN reward3 Base,Results_DQN_reward3_o/model,design,67,design_18,Design Rainfall 18,0.05,47,20465761,95,6939.20295425734,3270.9853117798652,10210.188266037205
input_noise,reward3_base,DQN reward3 Base,Results_DQN_reward3_o/model,design,67,design_18,Design Rainfall 18,0.05,48,20465762,95,6931.633744644088,3021.4723807507585,9953.106125394846
input_noise,reward3_base,DQN reward3 Base,Results_DQN_reward3_o/model,design,67,design_18,Design Rainfall 18,0.05,49,20465763,95,6486.229493932963,3347.85060000889,9834.080093941853
input_noise,reward3_base,DQN reward3 Base,Results_DQN_reward3_o/model,design,67,design_18,Design Rainfall 18,0.1,0,20470714,95,6078.584354819194,3044.6688925859116,9123.253247405106
input_noise,reward3_base,DQN reward3 Base,Results_DQN_reward3_o/model,design,67,design_18,Design Rainfall 18,0.1,1,20470715,95,6998.256180324799,3869.2841934564512,10867.54037378125
input_noise,reward3_base,DQN reward3 Base,Results_DQN_reward3_o/model,design,67,design_18,Design Rainfall 18,0.1,2,20470716,95,7196.03502762605,2760.353819680021,9956.38884730607
input_noise,reward3_base,DQN reward3 Base,Results_DQN_reward3_o/model,design,67,design_18,Design Rainfall 18,0.1,3,20470717,95,6026.632229063684,3691.349722142503,9717.981951206188
input_noise,reward3_base,DQN reward3 Base,Results_DQN_reward3_o/model,design,67,design_18,Design Rainfall 18,0.1,4,20470718,95,7101.071436186892,3951.9682457766544,11053.039681963546
input_noise,reward3_base,DQN reward3 Base,Results_DQN_reward3_o/model,design,67,design_18,Design Rainfall 18,0.1,5,20470719,95,6292.495297841461,4492.960322435039,10785.455620276502
input_noise,reward3_base,DQN reward3 Base,Results_DQN_reward3_o/model,design,67,design_18,Design Rainfall 18,0.1,6,20470720,95,7233.191876654503,2597.3511777349036,9830.543054389407
input_noise,reward3_base,DQN reward3 Base,Results_DQN_reward3_o/model,design,67,design_18,Design Rainfall 18,0.1,7,20470721,95,6554.052001658704,2895.324578827828,9449.376580486532
input_noise,reward3_base,DQN reward3 Base,Results_DQN_reward3_o/model,design,67,design_18,Design Rainfall 18,0.1,8,20470722,95,6934.971376118517,4000.272973215727,10935.244349334243
input_noise,reward3_base,DQN reward3 Base,Results_DQN_reward3_o/model,design,67,design_18,Design Rainfall 18,0.1,9,20470723,95,7139.088271521122,2464.5678016382117,9603.656073159334
input_noise,reward3_base,DQN reward3 Base,Results_DQN_reward3_o/model,design,67,design_18,Design Rainfall 18,0.1,10,20470724,95,6909.25921375524,2802.24397817595,9711.50319193119
input_noise,reward3_base,DQN reward3 Base,Results_DQN_reward3_o/model,design,67,design_18,Design Rainfall 18,0.1,11,20470725,95,7336.906285150309,2383.0279220604148,9719.934207210723
input_noise,reward3_base,DQN reward3 Base,Results_DQN_reward3_o/model,design,67,design_18,Design Rainfall 18,0.1,12,20470726,95,6946.296778858938,2619.5951306805305,9565.891909539469
input_noise,reward3_base,DQN reward3 Base,Results_DQN_reward3_o/model,design,67,design_18,Design Rainfall 18,0.1,13,20470727,95,6384.140099231286,4446.611176538444,10830.75127576973
input_noise,reward3_base,DQN reward3 Base,Results_DQN_reward3_o/model,design,67,design_18,Design Rainfall 18,0.1,14,20470728,95,6674.764907910796,2963.5144650849484,9638.279372995745
input_noise,reward3_base,DQN reward3 Base,Results_DQN_reward3_o/model,design,67,design_18,Design Rainfall 18,0.1,15,20470729,95,7161.531333795504,1669.8791613993758,8831.41049519488
input_noise,reward3_base,DQN reward3 Base,Results_DQN_reward3_o/model,design,67,design_18,Design Rainfall 18,0.1,16,20470730,95,6715.140521813792,2924.0390096542114,9639.179531468002
input_noise,reward3_base,DQN reward3 Base,Results_DQN_reward3_o/model,design,67,design_18,Design Rainfall 18,0.1,17,20470731,95,6242.068057007178,3946.823681179334,10188.891738186512
input_noise,reward3_base,DQN reward3 Base,Results_DQN_reward3_o/model,design,67,design_18,Design Rainfall 18,0.1,18,20470732,95,6586.110060577645,4471.247746641395,11057.35780721904
input_noise,reward3_base,DQN reward3 Base,Results_DQN_reward3_o/model,design,67,design_18,Design Rainfall 18,0.1,19,20470733,95,6628.752138283184,3162.699654283259,9791.451792566442
input_noise,reward3_base,DQN reward3 Base,Results_DQN_reward3_o/model,design,67,design_18,Design Rainfall 18,0.1,20,20470734,95,6820.208636298223,3368.5077793270084,10188.716415625231
input_noise,reward3_base,DQN reward3 Base,Results_DQN_reward3_o/model,design,67,design_18,Design Rainfall 18,0.1,21,20470735,95,6822.625969588842,3132.801672074916,9955.427641663759
input_noise,reward3_base,DQN reward3 Base,Results_DQN_reward3_o/model,design,67,design_18,Design Rainfall 18,0.1,22,20470736,95,7070.762029706057,3860.4542457403145,10931.216275446372
input_noise,reward3_base,DQN reward3 Base,Results_DQN_reward3_o/model,design,67,design_18,Design Rainfall 18,0.1,23,20470737,95,6820.8383694642525,2799.4648675496333,9620.303237013886
input_noise,reward3_base,DQN reward3 Base,Results_DQN_reward3_o/model,design,67,design_18,Design Rainfall 18,0.1,24,20470738,95,6707.429525564355,2948.9259060451736,9656.355431609529
input_noise,reward3_base,DQN reward3 Base,Results_DQN_reward3_o/model,design,67,design_18,Design Rainfall 18,0.1,25,20470739,95,7026.555973468829,2656.1413945942395,9682.697368063069
input_noise,reward3_base,DQN reward3 Base,Results_DQN_reward3_o/model,design,67,design_18,Design Rainfall 18,0.1,26,20470740,95,7190.898456732473,2095.1002383459663,9285.99869507844
input_noise,reward3_base,DQN reward3 Base,Results_DQN_reward3_o/model,design,67,design_18,Design Rainfall 18,0.1,27,20470741,95,6935.946454573362,2636.287924175346,9572.234378748708
input_noise,reward3_base,DQN reward3 Base,Results_DQN_reward3_o/model,design,67,design_18,Design Rainfall 18,0.1,28,20470742,95,7023.721680363556,3408.8889367961024,10432.610617159658
input_noise,reward3_base,DQN reward3 Base,Results_DQN_reward3_o/model,design,67,design_18,Design Rainfall 18,0.1,29,20470743,95,6312.566554609825,2905.4112494459755,9217.977804055801
input_noise,reward3_base,DQN reward3 Base,Results_DQN_reward3_o/model,design,67,design_18,Design Rainfall 18,0.1,30,20470744,95,6899.864650059913,2497.4052749908196,9397.269925050732
input_noise,reward3_base,DQN reward3 Base,Results_DQN_reward3_o/model,design,67,design_18,Design Rainfall 18,0.1,31,20470745,95,6934.690864615746,2503.447378058564,9438.138242674311
input_noise,reward3_base,DQN reward3 Base,Results_DQN_reward3_o/model,design,67,design_18,Design Rainfall 18,0.1,32,20470746,95,7197.397768111622,2126.1160970259484,9323.513865137571
input_noise,reward3_base,DQN reward3 Base,Results_DQN_reward3_o/model,design,67,design_18,Design Rainfall 18,0.1,33,20470747,95,6906.040020265901,3056.2946356814705,9962.334655947372
input_noise,reward3_base,DQN reward3 Base,Results_DQN_reward3_o/model,design,67,design_18,Design Rainfall 18,0.1,34,20470748,95,6945.600651213714,2417.809349335631,9363.410000549346
input_noise,reward3_base,DQN reward3 Base,Results_DQN_reward3_o/model,design,67,design_18,Design Rainfall 18,0.1,35,20470749,95,6998.586919351415,2869.767825294916,9868.35474464633
input_noise,reward3_base,DQN reward3 Base,Results_DQN_reward3_o/model,design,67,design_18,Design Rainfall 18,0.1,36,20470750,95,6715.010888490907,3141.5349727220705,9856.545861212977
input_noise,reward3_base,DQN reward3 Base,Results_DQN_reward3_o/model,design,67,design_18,Design Rainfall 18,0.1,37,20470751,95,6870.598362259945,3342.391024479543,10212.989386739488
input_noise,reward3_base,DQN reward3 Base,Results_DQN_reward3_o/model,design,67,design_18,Design Rainfall 18,0.1,38,20470752,95,6765.232172826398,2686.8581813132278,9452.090354139626
input_noise,reward3_base,DQN reward3 Base,Results_DQN_reward3_o/model,design,67,design_18,Design Rainfall 18,0.1,39,20470753,95,6604.322481589823,2881.9820492308104,9486.304530820633
input_noise,reward3_base,DQN reward3 Base,Results_DQN_reward3_o/model,design,67,design_18,Design Rainfall 18,0.1,40,20470754,95,7255.9178607688,3746.2776250528223,11002.195485821623
input_noise,reward3_base,DQN reward3 Base,Results_DQN_reward3_o/model,design,67,design_18,Design Rainfall 18,0.1,41,20470755,95,7249.987938357085,4320.965593686225,11570.95353204331
input_noise,reward3_base,DQN reward3 Base,Results_DQN_reward3_o/model,design,67,design_18,Design Rainfall 18,0.1,42,20470756,95,6875.369577772449,2746.535466062279,9621.905043834728
input_noise,reward3_base,DQN reward3 Base,Results_DQN_reward3_o/model,design,67,design_18,Design Rainfall 18,0.1,43,20470757,95,7052.8171474225055,3492.981768630746,10545.798916053252
input_noise,reward3_base,DQN reward3 Base,Results_DQN_reward3_o/model,design,67,design_18,Design Rainfall 18,0.1,44,20470758,95,7227.019748800727,2186.5743871071923,9413.594135907919
input_noise,reward3_base,DQN reward3 Base,Results_DQN_reward3_o/model,design,67,design_18,Design Rainfall 18,0.1,45,20470759,95,6575.25444983553,2474.3238173914706,9049.578267227
input_noise,reward3_base,DQN reward3 Base,Results_DQN_reward3_o/model,design,67,design_18,Design Rainfall 18,0.1,46,20470760,95,6624.814628014611,1520.2948041409782,8145.109432155589
input_noise,reward3_base,DQN reward3 Base,Results_DQN_reward3_o/model,design,67,design_18,Design Rainfall 18,0.1,47,20470761,95,6793.014707810977,3006.256945460761,9799.271653271739
input_noise,reward3_base,DQN reward3 Base,Results_DQN_reward3_o/model,design,67,design_18,Design Rainfall 18,0.1,48,20470762,95,7219.657093974061,2693.6086132431697,9913.265707217231
input_noise,reward3_base,DQN reward3 Base,Results_DQN_reward3_o/model,design,67,design_18,Design Rainfall 18,0.1,49,20470763,95,7179.394900822408,1844.6851068730787,9024.080007695487
input_noise,reward3_base,DQN reward3 Base,Results_DQN_reward3_o/model,design,51,design_2,Design Rainfall 2,0.05,0,20565714,95,11313.834659029877,3725.1433307546486,15038.977989784526
input_noise,reward3_base,DQN reward3 Base,Results_DQN_reward3_o/model,design,51,design_2,Design Rainfall 2,0.05,1,20565715,95,11226.20698355267,3471.6256435467785,14697.83262709945
input_noise,reward3_base,DQN reward3 Base,Results_DQN_reward3_o/model,design,51,design_2,Design Rainfall 2,0.05,2,20565716,95,12119.985486690448,4332.905947551688,16452.891434242134
input_noise,reward3_base,DQN reward3 Base,Results_DQN_reward3_o/model,design,51,design_2,Design Rainfall 2,0.05,3,20565717,95,11863.427862678118,4390.01498371817,16253.442846396287
input_noise,reward3_base,DQN reward3 Base,Results_DQN_reward3_o/model,design,51,design_2,Design Rainfall 2,0.05,4,20565718,95,11486.587954926694,4537.905372896502,16024.493327823195
input_noise,reward3_base,DQN reward3 Base,Results_DQN_reward3_o/model,design,51,design_2,Design Rainfall 2,0.05,5,20565719,95,11937.104097185022,4377.234722329648,16314.338819514669
input_noise,reward3_base,DQN reward3 Base,Results_DQN_reward3_o/model,design,51,design_2,Design Rainfall 2,0.05,6,20565720,95,12153.295769838143,3419.9506268705454,15573.246396708688
input_noise,reward3_base,DQN reward3 Base,Results_DQN_reward3_o/model,design,51,design_2,Design Rainfall 2,0.05,7,20565721,95,12134.684339589998,1715.9254890023099,13850.609828592307
input_noise,reward3_base,DQN reward3 Base,Results_DQN_reward3_o/model,design,51,design_2,Design Rainfall 2,0.05,8,20565722,95,11341.172960674807,3662.150328412164,15003.323289086971
input_noise,reward3_base,DQN reward3 Base,Results_DQN_reward3_o/model,design,51,design_2,Design Rainfall 2,0.05,9,20565723,95,12002.486983425219,3714.3586995160013,15716.84568294122
input_noise,reward3_base,DQN reward3 Base,Results_DQN_reward3_o/model,design,51,design_2,Design Rainfall 2,0.05,10,20565724,95,12507.01493857992,1813.6529499952608,14320.66788857518
input_noise,reward3_base,DQN reward3 Base,Results_DQN_reward3_o/model,design,51,design_2,Design Rainfall 2,0.05,11,20565725,95,12750.18959166797,1888.6777536577076,14638.867345325678
input_noise,reward3_base,DQN reward3 Base,Results_DQN_reward3_o/model,design,51,design_2,Design Rainfall 2,0.05,12,20565726,95,11598.82581614091,2765.6398503917226,14364.465666532633
input_noise,reward3_base,DQN reward3 Base,Results_DQN_reward3_o/model,design,51,design_2,Design Rainfall 2,0.05,13,20565727,95,11484.76829380382,3486.4815162158184,14971.249810019639
input_noise,reward3_base,DQN reward3 Base,Results_DQN_reward3_o/model,design,51,design_2,Design Rainfall 2,0.05,14,20565728,95,12397.177852310084,3062.898634454528,15460.076486764612
input_noise,reward3_base,DQN reward3 Base,Results_DQN_reward3_o/model,design,51,design_2,Design Rainfall 2,0.05,15,20565729,95,12617.273444966544,2880.3110971213946,15497.584542087938
input_noise,reward3_base,DQN reward3 Base,Results_DQN_reward3_o/model,design,51,design_2,Design Rainfall 2,0.05,16,20565730,95,12385.293557858664,3667.241471677937,16052.5350295366
input_noise,reward3_base,DQN reward3 Base,Results_DQN_reward3_o/model,design,51,design_2,Design Rainfall 2,0.05,17,20565731,95,12757.722904851138,2623.4279073793837,15381.150812230522
input_noise,reward3_base,DQN reward3 Base,Results_DQN_reward3_o/model,design,51,design_2,Design Rainfall 2,0.05,18,20565732,95,11878.992873447629,2954.2169117504764,14833.209785198105
input_noise,reward3_base,DQN reward3 Base,Results_DQN_reward3_o/model,design,51,design_2,Design Rainfall 2,0.05,19,20565733,95,11372.913111637183,2999.408430098294,14372.321541735477
input_noise,reward3_base,DQN reward3 Base,Results_DQN_reward3_o/model,design,51,design_2,Design Rainfall 2,0.05,20,20565734,95,11801.908985740301,1953.6546361955004,13755.563621935802
input_noise,reward3_base,DQN reward3 Base,Results_DQN_reward3_o/model,design,51,design_2,Design Rainfall 2,0.05,21,20565735,95,11972.999786703116,4113.720067324888,16086.719854028004
input_noise,reward3_base,DQN reward3 Base,Results_DQN_reward3_o/model,design,51,design_2,Design Rainfall 2,0.05,22,20565736,95,11561.235690909396,2865.463925183194,14426.69961609259
input_noise,reward3_base,DQN reward3 Base,Results_DQN_reward3_o/model,design,51,design_2,Design Rainfall 2,0.05,23,20565737,95,11602.833725546474,2196.834482860342,13799.668208406816
input_noise,reward3_base,DQN reward3 Base,Results_DQN_reward3_o/model,design,51,design_2,Design Rainfall 2,0.05,24,20565738,95,12044.797940125442,3449.5175726495527,15494.315512774994
input_noise,reward3_base,DQN reward3 Base,Results_DQN_reward3_o/model,design,51,design_2,Design Rainfall 2,0.05,25,20565739,95,12869.059936569714,2874.375519742476,15743.43545631219
input_noise,reward3_base,DQN reward3 Base,Results_DQN_reward3_o/model,design,51,design_2,Design Rainfall 2,0.05,26,20565740,95,11735.434756636785,3385.2445813280833,15120.679337964868
input_noise,reward3_base,DQN reward3 Base,Results_DQN_reward3_o/model,design,51,design_2,Design Rainfall 2,0.05,27,20565741,95,12082.901863383804,3543.605266325588,15626.507129709393
input_noise,reward3_base,DQN reward3 Base,Results_DQN_reward3_o/model,design,51,design_2,Design Rainfall 2,0.05,28,20565742,95,12150.806545217518,4341.46540428794,16492.27194950546
input_noise,reward3_base,DQN reward3 Base,Results_DQN_reward3_o/model,design,51,design_2,Design Rainfall 2,0.05,29,20565743,95,11937.74671605026,4449.3291345536645,16387.075850603924
input_noise,reward3_base,DQN reward3 Base,Results_DQN_reward3_o/model,design,51,design_2,Design Rainfall 2,0.05,30,20565744,95,12700.882026893847,2824.3078984373856,15525.189925331233
input_noise,reward3_base,DQN reward3 Base,Results_DQN_reward3_o/model,design,51,design_2,Design Rainfall 2,0.05,31,20565745,95,11446.915878017995,3635.222329325414,15082.138207343409
input_noise,reward3_base,DQN reward3 Base,Results_DQN_reward3_o/model,design,51,design_2,Design Rainfall 2,0.05,32,20565746,95,11509.680783950584,3171.7062022224686,14681.386986173053
input_noise,reward3_base,DQN reward3 Base,Results_DQN_reward3_o/model,design,51,design_2,Design Rainfall 2,0.05,33,20565747,95,11725.824416220465,3256.801888561339,14982.626304781803
input_noise,reward3_base,DQN reward3 Base,Results_DQN_reward3_o/model,design,51,design_2,Design Rainfall 2,0.05,34,20565748,95,11870.017041393701,3559.544030575073,15429.561071968774
input_noise,reward3_base,DQN reward3 Base,Results_DQN_reward3_o/model,design,51,design_2,Design Rainfall 2,0.05,35,20565749,95,12201.744210399585,3087.9215585180687,15289.665768917654
input_noise,reward3_base,DQN reward3 Base,Results_DQN_reward3_o/model,design,51,design_2,Design Rainfall 2,0.05,36,20565750,95,11649.518843010334,3300.8141419348954,14950.33298494523
input_noise,reward3_base,DQN reward3 Base,Results_DQN_reward3_o/model,design,51,design_2,Design Rainfall 2,0.05,37,20565751,95,11877.098553181579,3570.289894363098,15447.388447544676
input_noise,reward3_base,DQN reward3 Base,Results_DQN_reward3_o/model,design,51,design_2,Design Rainfall 2,0.05,38,20565752,95,11693.172021445005,4657.838286198403,16351.010307643408
input_noise,reward3_base,DQN reward3 Base,Results_DQN_reward3_o/model,design,51,design_2,Design Rainfall 2,0.05,39,20565753,95,12413.992084739239,3580.34734507196,15994.339429811198
input_noise,reward3_base,DQN reward3 Base,Results_DQN_reward3_o/model,design,51,design_2,Design Rainfall 2,0.05,40,20565754,95,10975.752695125482,3816.3320380919463,14792.084733217429
input_noise,reward3_base,DQN reward3 Base,Results_DQN_reward3_o/model,design,51,design_2,Design Rainfall 2,0.05,41,20565755,95,11406.54520521656,3611.6270977899344,15018.172303006495
input_noise,reward3_base,DQN reward3 Base,Results_DQN_reward3_o/model,design,51,design_2,Design Rainfall 2,0.05,42,20565756,95,12405.045866881646,2660.292594856808,15065.338461738454
input_noise,reward3_base,DQN reward3 Base,Results_DQN_reward3_o/model,design,51,design_2,Design Rainfall 2,0.05,43,20565757,95,12097.428894342045,2966.767026480178,15064.195920822223
input_noise,reward3_base,DQN reward3 Base,Results_DQN_reward3_o/model,design,51,design_2,Design Rainfall 2,0.05,44,20565758,95,12327.370456028737,3707.0447187908912,16034.415174819627
input_noise,reward3_base,DQN reward3 Base,Results_DQN_reward3_o/model,design,51,design_2,Design Rainfall 2,0.05,45,20565759,95,12215.519318290408,2896.83340570825,15112.352723998658
input_noise,reward3_base,DQN reward3 Base,Results_DQN_reward3_o/model,design,51,design_2,Design Rainfall 2,0.05,46,20565760,95,11961.548308649371,2643.2815288292063,14604.829837478577
input_noise,reward3_base,DQN reward3 Base,Results_DQN_reward3_o/model,design,51,design_2,Design Rainfall 2,0.05,47,20565761,95,12531.958812697938,2853.4925269234477,15385.451339621386
input_noise,reward3_base,DQN reward3 Base,Results_DQN_reward3_o/model,design,51,design_2,Design Rainfall 2,0.05,48,20565762,95,11900.933051714186,4128.466256726329,16029.399308440516
input_noise,reward3_base,DQN reward3 Base,Results_DQN_reward3_o/model,design,51,design_2,Design Rainfall 2,0.05,49,20565763,95,12390.669987651618,1303.8184636210206,13694.488451272638
input_noise,reward3_base,DQN reward3 Base,Results_DQN_reward3_o/model,design,51,design_2,Design Rainfall 2,0.1,0,20570714,95,12495.840008166708,2993.9336140254522,15489.77362219216
input_noise,reward3_base,DQN reward3 Base,Results_DQN_reward3_o/model,design,51,design_2,Design Rainfall 2,0.1,1,20570715,95,11831.95061551375,4385.153792410338,16217.104407924087
input_noise,reward3_base,DQN reward3 Base,Results_DQN_reward3_o/model,design,51,design_2,Design Rainfall 2,0.1,2,20570716,95,11602.509060672752,3422.134582329318,15024.64364300207
input_noise,reward3_base,DQN reward3 Base,Results_DQN_reward3_o/model,design,51,design_2,Design Rainfall 2,0.1,3,20570717,95,11801.666040050191,2003.2945656165969,13804.960605666789
input_noise,reward3_base,DQN reward3 Base,Results_DQN_reward3_o/model,design,51,design_2,Design Rainfall 2,0.1,4,20570718,95,11726.05610652473,1863.7451486166196,13589.801255141349
input_noise,reward3_base,DQN reward3 Base,Results_DQN_reward3_o/model,design,51,design_2,Design Rainfall 2,0.1,5,20570719,95,11996.301658847106,1493.0528454877692,13489.354504334875
input_noise,reward3_base,DQN reward3 Base,Results_DQN_reward3_o/model,design,51,design_2,Design Rainfall 2,0.1,6,20570720,95,12542.931937610712,2714.179324497097,15257.11126210781
input_noise,reward3_base,DQN reward3 Base,Results_DQN_reward3_o/model,design,51,design_2,Design Rainfall 2,0.1,7,20570721,95,12759.292951871677,3106.478942611857,15865.771894483534
input_noise,reward3_base,DQN reward3 Base,Results_DQN_reward3_o/model,design,51,design_2,Design Rainfall 2,0.1,8,20570722,95,11761.966094830106,1948.3962925411238,13710.36238737123
input_noise,reward3_base,DQN reward3 Base,Results_DQN_reward3_o/model,design,51,design_2,Design Rainfall 2,0.1,9,20570723,95,11845.135607475926,3185.3855782268524,15030.521185702779
input_noise,reward3_base,DQN reward3 Base,Results_DQN_reward3_o/model,design,51,design_2,Design Rainfall 2,0.1,10,20570724,95,12333.483458820327,2793.7345162167226,15127.217975037049
input_noise,reward3_base,DQN reward3 Base,Results_DQN_reward3_o/model,design,51,design_2,Design Rainfall 2,0.1,11,20570725,95,12261.072211805045,3212.4212146556497,15473.493426460695
input_noise,reward3_base,DQN reward3 Base,Results_DQN_reward3_o/model,design,51,design_2,Design Rainfall 2,0.1,12,20570726,95,11905.587950594643,3333.4042408098912,15238.992191404534
input_noise,reward3_base,DQN reward3 Base,Results_DQN_reward3_o/model,design,51,design_2,Design Rainfall 2,0.1,13,20570727,95,10909.029813352234,3603.470289581878,14512.500102934111
input_noise,reward3_base,DQN reward3 Base,Results_DQN_reward3_o/model,design,51,design_2,Design Rainfall 2,0.1,14,20570728,95,11669.798759055739,3368.2087538740357,15038.007512929775
input_noise,reward3_base,DQN reward3 Base,Results_DQN_reward3_o/model,design,51,design_2,Design Rainfall 2,0.1,15,20570729,95,12079.853315873175,3424.3706052256193,15504.223921098794
input_noise,reward3_base,DQN reward3 Base,Results_DQN_reward3_o/model,design,51,design_2,Design Rainfall 2,0.1,16,20570730,95,11478.341573154432,3463.9582707386617,14942.299843893094
input_noise,reward3_base,DQN reward3 Base,Results_DQN_reward3_o/model,design,51,design_2,Design Rainfall 2,0.1,17,20570731,95,12381.574295084893,2073.783019423644,14455.357314508536
input_noise,reward3_base,DQN reward3 Base,Results_DQN_reward3_o/model,design,51,design_2,Design Rainfall 2,0.1,18,20570732,95,11146.605705882936,5122.238899119808,16268.844605002743
input_noise,reward3_base,DQN reward3 Base,Results_DQN_reward3_o/model,design,51,design_2,Design Rainfall 2,0.1,19,20570733,95,12230.103172369489,1896.825173021247,14126.928345390736
input_noise,reward3_base,DQN reward3 Base,Results_DQN_reward3_o/model,design,51,design_2,Design Rainfall 2,0.1,20,20570734,95,12203.6319952186,3568.4529333270693,15772.08492854567
input_noise,reward3_base,DQN reward3 Base,Results_DQN_reward3_o/model,design,51,design_2,Design Rainfall 2,0.1,21,20570735,95,12557.255951682346,3722.817733892345,16280.07368557469
input_noise,reward3_base,DQN reward3 Base,Results_DQN_reward3_o/model,design,51,design_2,Design Rainfall 2,0.1,22,20570736,95,10679.633835460172,4110.68866764511,14790.322503105283
input_noise,reward3_base,DQN reward3 Base,Results_DQN_reward3_o/model,design,51,design_2,Design Rainfall 2,0.1,23,20570737,95,11104.731787891677,3263.7061220045234,14368.4379098962
input_noise,reward3_base,DQN reward3 Base,Results_DQN_reward3_o/model,design,51,design_2,Design Rainfall 2,0.1,24,20570738,95,12181.980488674892,3786.4506448231273,15968.43113349802
input_noise,reward3_base,DQN reward3 Base,Results_DQN_reward3_o/model,design,51,design_2,Design Rainfall 2,0.1,25,20570739,95,12157.87097465423,2826.9721173596877,14984.843092013918
input_noise,reward3_base,DQN reward3 Base,Results_DQN_reward3_o/model,design,51,design_2,Design Rainfall 2,0.1,26,20570740,95,11796.534309036195,2001.5948740376568,13798.129183073852
input_noise,reward3_base,DQN reward3 Base,Results_DQN_reward3_o/model,design,51,design_2,Design Rainfall 2,0.1,27,20570741,95,11647.632870681467,2926.3578560119636,14573.990726693431
input_noise,reward3_base,DQN reward3 Base,Results_DQN_reward3_o/model,design,51,design_2,Design Rainfall 2,0.1,28,20570742,95,12913.666524498034,2216.8603569630295,15130.526881461064
input_noise,reward3_base,DQN reward3 Base,Results_DQN_reward3_o/model,design,51,design_2,Design Rainfall 2,0.1,29,20570743,95,12471.07099961072,3483.9348613695834,15955.005860980304
input_noise,reward3_base,DQN reward3 Base,Results_DQN_reward3_o/model,design,51,design_2,Design Rainfall 2,0.1,30,20570744,95,11763.473162418091,3831.0432805512246,15594.516442969316
input_noise,reward3_base,DQN reward3 Base,Results_DQN_reward3_o/model,design,51,design_2,Design Rainfall 2,0.1,31,20570745,95,11536.899027662766,3669.433631493442,15206.332659156209
input_noise,reward3_base,DQN reward3 Base,Results_DQN_reward3_o/model,design,51,design_2,Design Rainfall 2,0.1,32,20570746,95,11762.006621427143,3218.2739663539683,14980.280587781112
input_noise,reward3_base,DQN reward3 Base,Results_DQN_reward3_o/model,design,51,design_2,Design Rainfall 2,0.1,33,20570747,95,12330.692267338096,3526.129456569823,15856.821723907919
input_noise,reward3_base,DQN reward3 Base,Results_DQN_reward3_o/model,design,51,design_2,Design Rainfall 2,0.1,34,20570748,95,12179.502683670946,3346.143271418735,15525.64595508968
input_noise,reward3_base,DQN reward3 Base,Results_DQN_reward3_o/model,design,51,design_2,Design Rainfall 2,0.1,35,20570749,95,11655.977111793893,3235.5337438604643,14891.510855654356
input_noise,reward3_base,DQN reward3 Base,Results_DQN_reward3_o/model,design,51,design_2,Design Rainfall 2,0.1,36,20570750,95,12110.932413346647,3034.769608014788,15145.702021361434
input_noise,reward3_base,DQN reward3 Base,Results_DQN_reward3_o/model,design,51,design_2,Design Rainfall 2,0.1,37,20570751,95,12109.060401716619,3692.502442907654,15801.562844624274
input_noise,reward3_base,DQN reward3 Base,Results_DQN_reward3_o/model,design,51,design_2,Design Rainfall 2,0.1,38,20570752,95,12276.40644449747,2749.8608986816466,15026.267343179117
input_noise,reward3_base,DQN reward3 Base,Results_DQN_reward3_o/model,design,51,design_2,Design Rainfall 2,0.1,39,20570753,95,12045.464924865382,4285.072293053481,16330.537217918863
input_noise,reward3_base,DQN reward3 Base,Results_DQN_reward3_o/model,design,51,design_2,Design Rainfall 2,0.1,40,20570754,95,10329.62298202692,3259.7184384193756,13589.341420446295
input_noise,reward3_base,DQN reward3 Base,Results_DQN_reward3_o/model,design,51,design_2,Design Rainfall 2,0.1,41,20570755,95,10917.075473814684,4043.9372901938013,14961.012764008487
input_noise,reward3_base,DQN reward3 Base,Results_DQN_reward3_o/model,design,51,design_2,Design Rainfall 2,0.1,42,20570756,95,12444.00535557891,2346.9324328310654,14790.937788409976
input_noise,reward3_base,DQN reward3 Base,Results_DQN_reward3_o/model,design,51,design_2,Design Rainfall 2,0.1,43,20570757,95,12272.867563904823,2980.709296205944,15253.576860110767
input_noise,reward3_base,DQN reward3 Base,Results_DQN_reward3_o/model,design,51,design_2,Design Rainfall 2,0.1,44,20570758,95,12267.3075362578,1529.112822111941,13796.420358369742
input_noise,reward3_base,DQN reward3 Base,Results_DQN_reward3_o/model,design,51,design_2,Design Rainfall 2,0.1,45,20570759,95,11601.440075966028,4433.210280408261,16034.650356374288
input_noise,reward3_base,DQN reward3 Base,Results_DQN_reward3_o/model,design,51,design_2,Design Rainfall 2,0.1,46,20570760,95,11975.842627654183,3187.9553242852594,15163.797951939443
input_noise,reward3_base,DQN reward3 Base,Results_DQN_reward3_o/model,design,51,design_2,Design Rainfall 2,0.1,47,20570761,95,12231.09434396622,3364.9273690861683,15596.021713052389
input_noise,reward3_base,DQN reward3 Base,Results_DQN_reward3_o/model,design,51,design_2,Design Rainfall 2,0.1,48,20570762,95,11559.977849218238,3477.9633263177684,15037.941175536005
input_noise,reward3_base,DQN reward3 Base,Results_DQN_reward3_o/model,design,51,design_2,Design Rainfall 2,0.1,49,20570763,95,12924.40712291928,2624.3526951437248,15548.759818063005
input_noise,reward3_base,DQN reward3 Base,Results_DQN_reward3_o/model,real,0,real_01,Real Rainfall 1,0.05,0,20665714,95,7342.951285422432,1290.4519214458705,8633.403206868303
input_noise,reward3_base,DQN reward3 Base,Results_DQN_reward3_o/model,real,0,real_01,Real Rainfall 1,0.05,1,20665715,95,7413.947194944052,2540.786104808877,9954.73329975293
input_noise,reward3_base,DQN reward3 Base,Results_DQN_reward3_o/model,real,0,real_01,Real Rainfall 1,0.05,2,20665716,95,7413.596561083306,1891.7910699930558,9305.387631076363
input_noise,reward3_base,DQN reward3 Base,Results_DQN_reward3_o/model,real,0,real_01,Real Rainfall 1,0.05,3,20665717,95,7290.145699514606,1500.3819409943824,8790.527640508988
input_noise,reward3_base,DQN reward3 Base,Results_DQN_reward3_o/model,real,0,real_01,Real Rainfall 1,0.05,4,20665718,95,7379.404971794106,2242.371993317004,9621.77696511111
input_noise,reward3_base,DQN reward3 Base,Results_DQN_reward3_o/model,real,0,real_01,Real Rainfall 1,0.05,5,20665719,95,7433.963553588111,2614.507642391279,10048.47119597939
input_noise,reward3_base,DQN reward3 Base,Results_DQN_reward3_o/model,real,0,real_01,Real Rainfall 1,0.05,6,20665720,95,7292.71972234487,2318.0053461963953,9610.725068541266
input_noise,reward3_base,DQN reward3 Base,Results_DQN_reward3_o/model,real,0,real_01,Real Rainfall 1,0.05,7,20665721,95,7387.674911857699,1253.117073778563,8640.791985636262
input_noise,reward3_base,DQN reward3 Base,Results_DQN_reward3_o/model,real,0,real_01,Real Rainfall 1,0.05,8,20665722,95,7418.373551939921,3919.3041400155066,11337.677691955427
input_noise,reward3_base,DQN reward3 Base,Results_DQN_reward3_o/model,real,0,real_01,Real Rainfall 1,0.05,9,20665723,95,7290.145699514606,1496.7476063480822,8786.893305862688
input_noise,reward3_base,DQN reward3 Base,Results_DQN_reward3_o/model,real,0,real_01,Real Rainfall 1,0.05,10,20665724,95,7417.029348842746,3127.0844197012984,10544.113768544044
input_noise,reward3_base,DQN reward3 Base,Results_DQN_reward3_o/model,real,0,real_01,Real Rainfall 1,0.05,11,20665725,95,7342.951285422432,1290.4519214458705,8633.403206868303
input_noise,reward3_base,DQN reward3 Base,Results_DQN_reward3_o/model,real,0,real_01,Real Rainfall 1,0.05,12,20665726,95,7422.162097601433,1043.9669546582243,8466.129052259657
input_noise,reward3_base,DQN reward3 Base,Results_DQN_reward3_o/model,real,0,real_01,Real Rainfall 1,0.05,13,20665727,95,7412.722775089759,2600.9025365269326,10013.625311616692
input_noise,reward3_base,DQN reward3 Base,Results_DQN_reward3_o/model,real,0,real_01,Real Rainfall 1,0.05,14,20665728,95,7419.523343652527,2475.0317405036485,9894.555084156174
input_noise,reward3_base,DQN reward3 Base,Results_DQN_reward3_o/model,real,0,real_01,Real Rainfall 1,0.05,15,20665729,95,7350.974185776732,2653.747029464834,10004.721215241567
input_noise,reward3_base,DQN reward3 Base,Results_DQN_reward3_o/model,real,0,real_01,Real Rainfall 1,0.05,16,20665730,95,7429.757059360411,3018.5582455420213,10448.315304902433
input_noise,reward3_base,DQN reward3 Base,Results_DQN_reward3_o/model,real,0,real_01,Real Rainfall 1,0.05,17,20665731,95,7350.119257823269,2450.3125278830566,9800.431785706325
input_noise,reward3_base,DQN reward3 Base,Results_DQN_reward3_o/model,real,0,real_01,Real Rainfall 1,0.05,18,20665732,95,7353.611090574594,2859.503282031368,10213.114372605962
input_noise,reward3_base,DQN reward3 Base,Results_DQN_reward3_o/model,real,0,real_01,Real Rainfall 1,0.05,19,20665733,95,7393.76124960261,3623.971349335964,11017.732598938575
input_noise,reward3_base,DQN reward3 Base,Results_DQN_reward3_o/model,real,0,real_01,Real Rainfall 1,0.05,20,20665734,95,7352.775910654895,2654.608909022956,10007.38481967785
input_noise,reward3_base,DQN reward3 Base,Results_DQN_reward3_o/model,real,0,real_01,Real Rainfall 1,0.05,21,20665735,95,7345.183609595785,2099.2362652451584,9444.419874840944
input_noise,reward3_base,DQN reward3 Base,Results_DQN_reward3_o/model,real,0,real_01,Real Rainfall 1,0.05,22,20665736,95,7402.702240995234,3780.5892524431083,11183.291493438343
input_noise,reward3_base,DQN reward3 Base,Results_DQN_reward3_o/model,real,0,real_01,Real Rainfall 1,0.05,23,20665737,95,7430.715071834279,2213.479641541797,9644.194713376077
input_noise,reward3_base,DQN reward3 Base,Results_DQN_reward3_o/model,real,0,real_01,Real Rainfall 1,0.05,24,20665738,95,7431.707312259767,1997.4207399261768,9429.128052185944
input_noise,reward3_base,DQN reward3 Base,Results_DQN_reward3_o/model,real,0,real_01,Real Rainfall 1,0.05,25,20665739,95,7475.605017904372,3478.938470687237,10954.54348859161
input_noise,reward3_base,DQN reward3 Base,Results_DQN_reward3_o/model,real,0,real_01,Real Rainfall 1,0.05,26,20665740,95,7312.361539325526,2062.2683149239633,9374.62985424949
input_noise,reward3_base,DQN reward3 Base,Results_DQN_reward3_o/model,real,0,real_01,Real Rainfall 1,0.05,27,20665741,95,7351.790307574525,2950.5060713229095,10302.296378897434
input_noise,reward3_base,DQN reward3 Base,Results_DQN_reward3_o/model,real,0,real_01,Real Rainfall 1,0.05,28,20665742,95,7477.981386955443,2334.845712304715,9812.827099260157
input_noise,reward3_base,DQN reward3 Base,Results_DQN_reward3_o/model,real,0,real_01,Real Rainfall 1,0.05,29,20665743,95,7419.364882510683,3096.2187915035347,10515.583674014219
input_noise,reward3_base,DQN reward3 Base,Results_DQN_reward3_o/model,real,0,real_01,Real Rainfall 1,0.05,30,20665744,95,7386.05674573936,1258.1192376294355,8644.175983368796
input_noise,reward3_base,DQN reward3 Base,Results_DQN_reward3_o/model,real,0,real_01,Real Rainfall 1,0.05,31,20665745,95,7422.716926928143,2600.090263697659,10022.807190625801
input_noise,reward3_base,DQN reward3 Base,Results_DQN_reward3_o/model,real,0,real_01,Real Rainfall 1,0.05,32,20665746,95,7312.160934579034,3285.3910703056836,10597.552004884717
input_noise,reward3_base,DQN reward3 Base,Results_DQN_reward3_o/model,real,0,real_01,Real Rainfall 1,0.05,33,20665747,95,7351.930460797915,2654.5683938268767,10006.498854624791
input_noise,reward3_base,DQN reward3 Base,Results_DQN_reward3_o/model,real,0,real_01,Real Rainfall 1,0.05,34,20665748,95,7488.196164156151,2533.29678532483,10021.49294948098
input_noise,reward3_base,DQN reward3 Base,Results_DQN_reward3_o/model,real,0,real_01,Real Rainfall 1,0.05,35,20665749,95,7417.815210436847,1663.0381309341565,9080.853341371003
input_noise,reward3_base,DQN reward3 Base,Results_DQN_reward3_o/model,real,0,real_01,Real Rainfall 1,0.05,36,20665750,95,7463.879991971565,2238.0261878828755,9701.90617985444
input_noise,reward3_base,DQN reward3 Base,Results_DQN_reward3_o/model,real,0,real_01,Real Rainfall 1,0.05,37,20665751,95,7372.722571180174,2605.5025185340482,9978.225089714222
input_noise,reward3_base,DQN reward3 Base,Results_DQN_reward3_o/model,real,0,real_01,Real Rainfall 1,0.05,38,20665752,95,7409.989643852487,2392.612627152101,9802.602271004587
input_noise,reward3_base,DQN reward3 Base,Results_DQN_reward3_o/model,real,0,real_01,Real Rainfall 1,0.05,39,20665753,95,7388.65218948836,3267.404661579375,10656.056851067735
input_noise,reward3_base,DQN reward3 Base,Results_DQN_reward3_o/model,real,0,real_01,Real Rainfall 1,0.05,40,20665754,95,7389.538379752731,2654.8871029057286,10044.42548265846
input_noise,reward3_base,DQN reward3 Base,Results_DQN_reward3_o/model,real,0,real_01,Real Rainfall 1,0.05,41,20665755,95,7415.189825677685,2724.857290832603,10140.047116510288
input_noise,reward3_base,DQN reward3 Base,Results_DQN_reward3_o/model,real,0,real_01,Real Rainfall 1,0.05,42,20665756,95,7289.774843444954,2107.463988266145,9397.2388317111
input_noise,reward3_base,DQN reward3 Base,Results_DQN_reward3_o/model,real,0,real_01,Real Rainfall 1,0.05,43,20665757,95,7352.775910654895,2654.608909022956,10007.38481967785
input_noise,reward3_base,DQN reward3 Base,Results_DQN_reward3_o/model,real,0,real_01,Real Rainfall 1,0.05,44,20665758,95,7353.496588055027,2859.630702710915,10213.127290765942
input_noise,reward3_base,DQN reward3 Base,Results_DQN_reward3_o/model,real,0,real_01,Real Rainfall 1,0.05,45,20665759,95,7432.543582477342,2207.838076503282,9640.381658980625
input_noise,reward3_base,DQN reward3 Base,Results_DQN_reward3_o/model,real,0,real_01,Real Rainfall 1,0.05,46,20665760,95,7403.5927327650315,1239.2097840261551,8642.802516791187
input_noise,reward3_base,DQN reward3 Base,Results_DQN_reward3_o/model,real,0,real_01,Real Rainfall 1,0.05,47,20665761,95,7359.270369346687,3746.7416522524127,11106.012021599101
input_noise,reward3_base,DQN reward3 Base,Results_DQN_reward3_o/model,real,0,real_01,Real Rainfall 1,0.05,48,20665762,95,7365.555508337598,2624.9364221160076,9990.491930453605
input_noise,reward3_base,DQN reward3 Base,Results_DQN_reward3_o/model,real,0,real_01,Real Rainfall 1,0.05,49,20665763,95,7352.771173473304,2658.298277468445,10011.069450941748
input_noise,reward3_base,DQN reward3 Base,Results_DQN_reward3_o/model,real,0,real_01,Real Rainfall 1,0.1,0,20670714,95,7194.936275013377,1082.9286830593558,8277.864958072732
input_noise,reward3_base,DQN reward3 Base,Results_DQN_reward3_o/model,real,0,real_01,Real Rainfall 1,0.1,1,20670715,95,7388.520539632969,1661.4237694014844,9049.944309034454
input_noise,reward3_base,DQN reward3 Base,Results_DQN_reward3_o/model,real,0,real_01,Real Rainfall 1,0.1,2,20670716,95,7409.065413765235,2845.4204290130747,10254.48584277831
input_noise,reward3_base,DQN reward3 Base,Results_DQN_reward3_o/model,real,0,real_01,Real Rainfall 1,0.1,3,20670717,95,7428.807651120601,983.4557120695849,8412.263363190186
input_noise,reward3_base,DQN reward3 Base,Results_DQN_reward3_o/model,real,0,real_01,Real Rainfall 1,0.1,4,20670718,95,7421.065400972339,3960.0996598528936,11381.165060825233
input_noise,reward3_base,DQN reward3 Base,Results_DQN_reward3_o/model,real,0,real_01,Real Rainfall 1,0.1,5,20670719,95,7493.740013125007,3605.8094998242723,11099.54951294928
input_noise,reward3_base,DQN reward3 Base,Results_DQN_reward3_o/model,real,0,real_01,Real Rainfall 1,0.1,6,20670720,95,6704.512760741084,1780.4157292121288,8484.928489953212
input_noise,reward3_base,DQN reward3 Base,Results_DQN_reward3_o/model,real,0,real_01,Real Rainfall 1,0.1,7,20670721,95,7304.824415218633,3259.9548262398266,10564.779241458458
input_noise,reward3_base,DQN reward3 Base,Results_DQN_reward3_o/model,real,0,real_01,Real Rainfall 1,0.1,8,20670722,95,7416.17626697128,3016.148427490624,10432.324694461904
input_noise,reward3_base,DQN reward3 Base,Results_DQN_reward3_o/model,real,0,real_01,Real Rainfall 1,0.1,9,20670723,95,7465.969067379297,3247.1845775116462,10713.153644890943
input_noise,reward3_base,DQN reward3 Base,Results_DQN_reward3_o/model,real,0,real_01,Real Rainfall 1,0.1,10,20670724,95,7388.051766992229,1430.1184742300657,8818.170241222295
input_noise,reward3_base,DQN reward3 Base,Results_DQN_reward3_o/model,real,0,real_01,Real Rainfall 1,0.1,11,20670725,95,7425.781788310259,2623.1120997612506,10048.89388807151
input_noise,reward3_base,DQN reward3 Base,Results_DQN_reward3_o/model,real,0,real_01,Real Rainfall 1,0.1,12,20670726,95,7489.639613212574,2532.18031884711,10021.819932059683
input_noise,reward3_base,DQN reward3 Base,Results_DQN_reward3_o/model,real,0,real_01,Real Rainfall 1,0.1,13,20670727,95,7212.443034127536,1385.7409615451706,8598.183995672705
input_noise,reward3_base,DQN reward3 Base,Results_DQN_reward3_o/model,real,0,real_01,Real Rainfall 1,0.1,14,20670728,95,7470.149127967046,3336.451203418277,10806.600331385323
input_noise,reward3_base,DQN reward3 Base,Results_DQN_reward3_o/model,real,0,real_01,Real Rainfall 1,0.1,15,20670729,95,7381.876979840508,2241.2677069280894,9623.144686768597
input_noise,reward3_base,DQN reward3 Base,Results_DQN_reward3_o/model,real,0,real_01,Real Rainfall 1,0.1,16,20670730,95,7345.702167050459,2766.8183030124055,10112.520470062864
input_noise,reward3_base,DQN reward3 Base,Results_DQN_reward3_o/model,real,0,real_01,Real Rainfall 1,0.1,17,20670731,95,7422.159127189206,1006.3554205911507,8428.514547780356
input_noise,reward3_base,DQN reward3 Base,Results_DQN_reward3_o/model,real,0,real_01,Real Rainfall 1,0.1,18,20670732,95,7417.855240065066,3112.4230170878327,10530.278257152899
input_noise,reward3_base,DQN reward3 Base,Results_DQN_reward3_o/model,real,0,real_01,Real Rainfall 1,0.1,19,20670733,95,7378.637863892522,2520.543137545904,9899.181001438425
input_noise,reward3_base,DQN reward3 Base,Results_DQN_reward3_o/model,real,0,real_01,Real Rainfall 1,0.1,20,20670734,95,7311.918186593022,2714.3298098318937,10026.247996424916
input_noise,reward3_base,DQN reward3 Base,Results_DQN_reward3_o/model,real,0,real_01,Real Rainfall 1,0.1,21,20670735,95,7290.303800967169,2670.026751573924,9960.330552541092
input_noise,reward3_base,DQN reward3 Base,Results_DQN_reward3_o/model,real,0,real_01,Real Rainfall 1,0.1,22,20670736,95,7291.219730274717,2897.9722960150457,10189.192026289762
input_noise,reward3_base,DQN reward3 Base,Results_DQN_reward3_o/model,real,0,real_01,Real Rainfall 1,0.1,23,20670737,95,7294.98234077294,3917.579581993352,11212.561922766292
input_noise,reward3_base,DQN reward3 Base,Results_DQN_reward3_o/model,real,0,real_01,Real Rainfall 1,0.1,24,20670738,95,7356.318993077182,2644.685911493053,10001.004904570236
input_noise,reward3_base,DQN reward3 Base,Results_DQN_reward3_o/model,real,0,real_01,Real Rainfall 1,0.1,25,20670739,95,7408.472711530662,3064.612163647196,10473.084875177858
input_noise,reward3_base,DQN reward3 Base,Results_DQN_reward3_o/model,real,0,real_01,Real Rainfall 1,0.1,26,20670740,95,7369.093530264985,4117.649613502433,11486.743143767417
input_noise,reward3_base,DQN reward3 Base,Results_DQN_reward3_o/model,real,0,real_01,Real Rainfall 1,0.1,27,20670741,95,7433.828456092586,1078.058303474595,8511.88675956718
input_noise,reward3_base,DQN reward3 Base,Results_DQN_reward3_o/model,real,0,real_01,Real Rainfall 1,0.1,28,20670742,95,7371.836441457351,3886.8674084906806,11258.703849948031
input_noise,reward3_base,DQN reward3 Base,Results_DQN_reward3_o/model,real,0,real_01,Real Rainfall 1,0.1,29,20670743,95,7438.182350235083,2483.5803644993257,9921.762714734408
input_noise,reward3_base,DQN reward3 Base,Results_DQN_reward3_o/model,real,0,real_01,Real Rainfall 1,0.1,30,20670744,95,7346.627752821144,2287.6510577799554,9634.2788106011
input_noise,reward3_base,DQN reward3 Base,Results_DQN_reward3_o/model,real,0,real_01,Real Rainfall 1,0.1,31,20670745,95,7352.972835346518,2655.1327924408833,10008.105627787401
input_noise,reward3_base,DQN reward3 Base,Results_DQN_reward3_o/model,real,0,real_01,Real Rainfall 1,0.1,32,20670746,95,7361.671705320328,1278.0937818824857,8639.765487202814
input_noise,reward3_base,DQN reward3 Base,Results_DQN_reward3_o/model,real,0,real_01,Real Rainfall 1,0.1,33,20670747,95,7094.861275063007,2337.963052505187,9432.824327568194
input_noise,reward3_base,DQN reward3 Base,Results_DQN_reward3_o/model,real,0,real_01,Real Rainfall 1,0.1,34,20670748,95,7333.765914936598,2478.205540195049,9811.971455131647
input_noise,reward3_base,DQN reward3 Base,Results_DQN_reward3_o/model,real,0,real_01,Real Rainfall 1,0.1,35,20670749,95,7261.956795047617,2652.3565458708526,9914.31334091847
input_noise,reward3_base,DQN reward3 Base,Results_DQN_reward3_o/model,real,0,real_01,Real Rainfall 1,0.1,36,20670750,95,7282.3521907510385,1290.3438997136248,8572.696090464664
input_noise,reward3_base,DQN reward3 Base,Results_DQN_reward3_o/model,real,0,real_01,Real Rainfall 1,0.1,37,20670751,95,7411.765220573047,3277.9718827714205,10689.737103344469
input_noise,reward3_base,DQN reward3 Base,Results_DQN_reward3_o/model,real,0,real_01,Real Rainfall 1,0.1,38,20670752,95,7337.119371752132,2319.8258584962005,9656.945230248333
input_noise,reward3_base,DQN reward3 Base,Results_DQN_reward3_o/model,real,0,real_01,Real Rainfall 1,0.1,39,20670753,95,7005.849271659281,2928.5631685506005,9934.412440209882
input_noise,reward3_base,DQN reward3 Base,Results_DQN_reward3_o/model,real,0,real_01,Real Rainfall 1,0.1,40,20670754,95,7521.860646359799,2520.089014337166,10041.949660696966
input_noise,reward3_base,DQN reward3 Base,Results_DQN_reward3_o/model,real,0,real_01,Real Rainfall 1,0.1,41,20670755,95,7336.719953861358,2607.8486801217427,9944.5686339831
input_noise,reward3_base,DQN reward3 Base,Results_DQN_reward3_o/model,real,0,real_01,Real Rainfall 1,0.1,42,20670756,95,7408.406319969411,1116.8151880215482,8525.221507990958
input_noise,reward3_base,DQN reward3 Base,Results_DQN_reward3_o/model,real,0,real_01,Real Rainfall 1,0.1,43,20670757,95,7256.731901433421,2423.7135275771366,9680.445429010557
input_noise,reward3_base,DQN reward3 Base,Results_DQN_reward3_o/model,real,0,real_01,Real Rainfall 1,0.1,44,20670758,95,5956.221031357724,3504.8007239928074,9461.021755350532
input_noise,reward3_base,DQN reward3 Base,Results_DQN_reward3_o/model,real,0,real_01,Real Rainfall 1,0.1,45,20670759,95,7342.9115995076345,1485.980763416525,8828.89236292416
input_noise,reward3_base,DQN reward3 Base,Results_DQN_reward3_o/model,real,0,real_01,Real Rainfall 1,0.1,46,20670760,95,7443.581894642767,2652.833579164322,10096.41547380709
input_noise,reward3_base,DQN reward3 Base,Results_DQN_reward3_o/model,real,0,real_01,Real Rainfall 1,0.1,47,20670761,95,7417.3437634920365,2184.6128395259675,9601.956603018003
input_noise,reward3_base,DQN reward3 Base,Results_DQN_reward3_o/model,real,0,real_01,Real Rainfall 1,0.1,48,20670762,95,7291.72306137254,1476.0957989182814,8767.818860290821
input_noise,reward3_base,DQN reward3 Base,Results_DQN_reward3_o/model,real,0,real_01,Real Rainfall 1,0.1,49,20670763,95,7351.7391938201845,2675.247596063402,10026.986789883587
input_noise,reward3_base,DQN reward3 Base,Results_DQN_reward3_o/model,real,1,real_02,Real Rainfall 2,0.05,0,20765714,95,3732.8605151451625,2648.137081401563,6380.997596546726
input_noise,reward3_base,DQN reward3 Base,Results_DQN_reward3_o/model,real,1,real_02,Real Rainfall 2,0.05,1,20765715,95,3761.3055865036986,2246.5672316879068,6007.872818191605
input_noise,reward3_base,DQN reward3 Base,Results_DQN_reward3_o/model,real,1,real_02,Real Rainfall 2,0.05,2,20765716,95,3845.7007319543795,2992.0124868288153,6837.713218783195
input_noise,reward3_base,DQN reward3 Base,Results_DQN_reward3_o/model,real,1,real_02,Real Rainfall 2,0.05,3,20765717,95,2441.401096973885,4589.6946604240575,7031.095757397943
input_noise,reward3_base,DQN reward3 Base,Results_DQN_reward3_o/model,real,1,real_02,Real Rainfall 2,0.05,4,20765718,95,3649.290030577628,2831.273692291884,6480.563722869512
input_noise,reward3_base,DQN reward3 Base,Results_DQN_reward3_o/model,real,1,real_02,Real Rainfall 2,0.05,5,20765719,95,3733.4926200036666,2444.9556639923203,6178.448283995987
input_noise,reward3_base,DQN reward3 Base,Results_DQN_reward3_o/model,real,1,real_02,Real Rainfall 2,0.05,6,20765720,95,3728.738253649637,2859.342101361539,6588.080355011176
input_noise,reward3_base,DQN reward3 Base,Results_DQN_reward3_o/model,real,1,real_02,Real Rainfall 2,0.05,7,20765721,95,3728.3906394190462,2664.211856411216,6392.602495830262
input_noise,reward3_base,DQN reward3 Base,Results_DQN_reward3_o/model,real,1,real_02,Real Rainfall 2,0.05,8,20765722,95,3725.318750277504,1448.6016826578086,5173.920432935312
input_noise,reward3_base,DQN reward3 Base,Results_DQN_reward3_o/model,real,1,real_02,Real Rainfall 2,0.05,9,20765723,95,3730.5059215299602,2417.905343615029,6148.411265144989
input_noise,reward3_base,DQN reward3 Base,Results_DQN_reward3_o/model,real,1,real_02,Real Rainfall 2,0.05,10,20765724,95,3734.0614132252094,2830.1576387435593,6564.219051968768
input_noise,reward3_base,DQN reward3 Base,Results_DQN_reward3_o/model,real,1,real_02,Real Rainfall 2,0.05,11,20765725,95,3772.0385750292994,2488.500880114508,6260.539455143808
input_noise,reward3_base,DQN reward3 Base,Results_DQN_reward3_o/model,real,1,real_02,Real Rainfall 2,0.05,12,20765726,95,3732.7064427865353,2849.7554703084843,6582.46191309502
input_noise,reward3_base,DQN reward3 Base,Results_DQN_reward3_o/model,real,1,real_02,Real Rainfall 2,0.05,13,20765727,95,3773.9675059398455,3536.768369205165,7310.73587514501
input_noise,reward3_base,DQN reward3 Base,Results_DQN_reward3_o/model,real,1,real_02,Real Rainfall 2,0.05,14,20765728,95,3732.8987082518006,2442.038587125426,6174.937295377227
input_noise,reward3_base,DQN reward3 Base,Results_DQN_reward3_o/model,real,1,real_02,Real Rainfall 2,0.05,15,20765729,95,3732.1768796828023,2392.10587830048,6124.282757983283
input_noise,reward3_base,DQN reward3 Base,Results_DQN_reward3_o/model,real,1,real_02,Real Rainfall 2,0.05,16,20765730,95,3650.2756225585035,2642.1246423156663,6292.40026487417
input_noise,reward3_base,DQN reward3 Base,Results_DQN_reward3_o/model,real,1,real_02,Real Rainfall 2,0.05,17,20765731,95,3732.1547005118114,3678.174882134218,7410.329582646029
input_noise,reward3_base,DQN reward3 Base,Results_DQN_reward3_o/model,real,1,real_02,Real Rainfall 2,0.05,18,20765732,95,3731.2900565348577,1824.580570237398,5555.8706267722555
input_noise,reward3_base,DQN reward3 Base,Results_DQN_reward3_o/model,real,1,real_02,Real Rainfall 2,0.05,19,20765733,95,3645.484385356046,2264.804859534145,5910.289244890191
input_noise,reward3_base,DQN reward3 Base,Results_DQN_reward3_o/model,real,1,real_02,Real Rainfall 2,0.05,20,20765734,95,3732.8987082518006,2442.038587125426,6174.937295377227
input_noise,reward3_base,DQN reward3 Base,Results_DQN_reward3_o/model,real,1,real_02,Real Rainfall 2,0.05,21,20765735,95,3730.74366175425,2038.4885666491762,5769.232228403426
input_noise,reward3_base,DQN reward3 Base,Results_DQN_reward3_o/model,real,1,real_02,Real Rainfall 2,0.05,22,20765736,95,3491.105305691561,3279.91753784161,6771.022843533171
input_noise,reward3_base,DQN reward3 Base,Results_DQN_reward3_o/model,real,1,real_02,Real Rainfall 2,0.05,23,20765737,95,3775.3734162370333,2775.14896909292,6550.522385329954
input_noise,reward3_base,DQN reward3 Base,Results_DQN_reward3_o/model,real,1,real_02,Real Rainfall 2,0.05,24,20765738,95,3725.318750277504,1463.4824336668828,5188.801183944387
input_noise,reward3_base,DQN reward3 Base,Results_DQN_reward3_o/model,real,1,real_02,Real Rainfall 2,0.05,25,20765739,95,3723.2526006885146,1861.9277061982496,5585.180306886764
input_noise,reward3_base,DQN reward3 Base,Results_DQN_reward3_o/model,real,1,real_02,Real Rainfall 2,0.05,26,20765740,95,3730.35866663996,2249.800682208545,5980.159348848505
input_noise,reward3_base,DQN reward3 Base,Results_DQN_reward3_o/model,real,1,real_02,Real Rainfall 2,0.05,27,20765741,95,3729.8034893310582,3068.465320558611,6798.268809889669
input_noise,reward3_base,DQN reward3 Base,Results_DQN_reward3_o/model,real,1,real_02,Real Rainfall 2,0.05,28,20765742,95,3857.2822243612204,2281.402857434473,6138.685081795693
input_noise,reward3_base,DQN reward3 Base,Results_DQN_reward3_o/model,real,1,real_02,Real Rainfall 2,0.05,29,20765743,95,3649.290030577628,2859.7276546404983,6509.017685218127
input_noise,reward3_base,DQN reward3 Base,Results_DQN_reward3_o/model,real,1,real_02,Real Rainfall 2,0.05,30,20765744,95,3725.318750277504,1627.0744950087376,5352.393245286242
input_noise,reward3_base,DQN reward3 Base,Results_DQN_reward3_o/model,real,1,real_02,Real Rainfall 2,0.05,31,20765745,95,3772.0385750292994,2499.82544925136,6271.86402428066
input_noise,reward3_base,DQN reward3 Base,Results_DQN_reward3_o/model,real,1,real_02,Real Rainfall 2,0.05,32,20765746,95,3733.499779358034,2639.8557610263038,6373.355540384338
input_noise,reward3_base,DQN reward3 Base,Results_DQN_reward3_o/model,real,1,real_02,Real Rainfall 2,0.05,33,20765747,95,3652.2777988878943,3446.588099586145,7098.86589847404
input_noise,reward3_base,DQN reward3 Base,Results_DQN_reward3_o/model,real,1,real_02,Real Rainfall 2,0.05,34,20765748,95,3725.318750277504,1444.879727339581,5170.198477617085
input_noise,reward3_base,DQN reward3 Base,Results_DQN_reward3_o/model,real,1,real_02,Real Rainfall 2,0.05,35,20765749,95,3725.318750277504,1444.879727339581,5170.198477617085
input_noise,reward3_base,DQN reward3 Base,Results_DQN_reward3_o/model,real,1,real_02,Real Rainfall 2,0.05,36,20765750,95,3736.5540435225735,2809.8074388802133,6546.361482402786
input_noise,reward3_base,DQN reward3 Base,Results_DQN_reward3_o/model,real,1,real_02,Real Rainfall 2,0.05,37,20765751,95,3725.9495348098753,3487.4242202262617,7213.373755036137
input_noise,reward3_base,DQN reward3 Base,Results_DQN_reward3_o/model,real,1,real_02,Real Rainfall 2,0.05,38,20765752,95,2827.8855852631546,2695.1271271020605,5523.012712365215
input_noise,reward3_base,DQN reward3 Base,Results_DQN_reward3_o/model,real,1,real_02,Real Rainfall 2,0.05,39,20765753,95,3649.940477414272,2625.360847614865,6275.301325029137
input_noise,reward3_base,DQN reward3 Base,Results_DQN_reward3_o/model,real,1,real_02,Real Rainfall 2,0.05,40,20765754,95,3658.680367623142,3970.3164605779857,7628.996828201128
input_noise,reward3_base,DQN reward3 Base,Results_DQN_reward3_o/model,real,1,real_02,Real Rainfall 2,0.05,41,20765755,95,3685.9625543727475,2736.9698881622994,6422.932442535047
input_noise,reward3_base,DQN reward3 Base,Results_DQN_reward3_o/model,real,1,real_02,Real Rainfall 2,0.05,42,20765756,95,3735.794909841439,3017.403596068514,6753.198505909953
input_noise,reward3_base,DQN reward3 Base,Results_DQN_reward3_o/model,real,1,real_02,Real Rainfall 2,0.05,43,20765757,95,3852.281464911061,1899.755571035781,5752.037035946842
input_noise,reward3_base,DQN reward3 Base,Results_DQN_reward3_o/model,real,1,real_02,Real Rainfall 2,0.05,44,20765758,95,3744.9748595819274,2768.129274805991,6513.104134387919
input_noise,reward3_base,DQN reward3 Base,Results_DQN_reward3_o/model,real,1,real_02,Real Rainfall 2,0.05,45,20765759,95,3465.3412873694683,2644.5137398272173,6109.855027196685
input_noise,reward3_base,DQN reward3 Base,Results_DQN_reward3_o/model,real,1,real_02,Real Rainfall 2,0.05,46,20765760,95,3732.1768796828023,2392.10587830048,6124.282757983283
input_noise,reward3_base,DQN reward3 Base,Results_DQN_reward3_o/model,real,1,real_02,Real Rainfall 2,0.05,47,20765761,95,3736.3042973947468,3456.945778448558,7193.250075843305
input_noise,reward3_base,DQN reward3 Base,Results_DQN_reward3_o/model,real,1,real_02,Real Rainfall 2,0.05,48,20765762,95,3726.5619114781894,2691.7518305003327,6418.313741978522
input_noise,reward3_base,DQN reward3 Base,Results_DQN_reward3_o/model,real,1,real_02,Real Rainfall 2,0.05,49,20765763,95,3790.6219618130067,2519.866489581932,6310.488451394938
input_noise,reward3_base,DQN reward3 Base,Results_DQN_reward3_o/model,real,1,real_02,Real Rainfall 2,0.1,0,20770714,95,3631.659627688625,1153.4934608022195,4785.153088490844
input_noise,reward3_base,DQN reward3 Base,Results_DQN_reward3_o/model,real,1,real_02,Real Rainfall 2,0.1,1,20770715,95,3648.7971081215464,2863.170036379332,6511.967144500879
input_noise,reward3_base,DQN reward3 Base,Results_DQN_reward3_o/model,real,1,real_02,Real Rainfall 2,0.1,2,20770716,95,3636.782800654799,1448.2171141760202,5084.999914830819
input_noise,reward3_base,DQN reward3 Base,Results_DQN_reward3_o/model,real,1,real_02,Real Rainfall 2,0.1,3,20770717,95,3812.1546121804768,2051.4549498770607,5863.609562057538
input_noise,reward3_base,DQN reward3 Base,Results_DQN_reward3_o/model,real,1,real_02,Real Rainfall 2,0.1,4,20770718,95,3065.1829431331485,3441.5330102418156,6506.715953374964
input_noise,reward3_base,DQN reward3 Base,Results_DQN_reward3_o/model,real,1,real_02,Real Rainfall 2,0.1,5,20770719,95,3763.2808749249984,3934.419588846548,7697.700463771546
input_noise,reward3_base,DQN reward3 Base,Results_DQN_reward3_o/model,real,1,real_02,Real Rainfall 2,0.1,6,20770720,95,3040.034246990031,3517.2137893483396,6557.248036338371
input_noise,reward3_base,DQN reward3 Base,Results_DQN_reward3_o/model,real,1,real_02,Real Rainfall 2,0.1,7,20770721,95,3687.6376291727083,1857.0056244280531,5544.643253600761
input_noise,reward3_base,DQN reward3 Base,Results_DQN_reward3_o/model,real,1,real_02,Real Rainfall 2,0.1,8,20770722,95,3775.2522055490417,3265.7593295975553,7041.011535146597
input_noise,reward3_base,DQN reward3 Base,Results_DQN_reward3_o/model,real,1,real_02,Real Rainfall 2,0.1,9,20770723,95,3447.103280742556,1664.03730624551,5111.1405869880655
input_noise,reward3_base,DQN reward3 Base,Results_DQN_reward3_o/model,real,1,real_02,Real Rainfall 2,0.1,10,20770724,95,3453.126790369574,2212.1290899322976,5665.255880301871
input_noise,reward3_base,DQN reward3 Base,Results_DQN_reward3_o/model,real,1,real_02,Real Rainfall 2,0.1,11,20770725,95,3642.7413113954026,2660.1281724954197,6302.869483890822
input_noise,reward3_base,DQN reward3 Base,Results_DQN_reward3_o/model,real,1,real_02,Real Rainfall 2,0.1,12,20770726,95,2788.263597505608,4390.229561665345,7178.493159170952
input_noise,reward3_base,DQN reward3 Base,Results_DQN_reward3_o/model,real,1,real_02,Real Rainfall 2,0.1,13,20770727,95,3737.2391687641007,2389.2356082464125,6126.474777010513
input_noise,reward3_base,DQN reward3 Base,Results_DQN_reward3_o/model,real,1,real_02,Real Rainfall 2,0.1,14,20770728,95,3730.542848467097,3919.5194080540414,7650.062256521138
input_noise,reward3_base,DQN reward3 Base,Results_DQN_reward3_o/model,real,1,real_02,Real Rainfall 2,0.1,15,20770729,95,3723.2341326904516,1269.419213044785,4992.653345735236
input_noise,reward3_base,DQN reward3 Base,Results_DQN_reward3_o/model,real,1,real_02,Real Rainfall 2,0.1,16,20770730,95,3505.1771146395654,1811.8549806433427,5317.032095282908
input_noise,reward3_base,DQN reward3 Base,Results_DQN_reward3_o/model,real,1,real_02,Real Rainfall 2,0.1,17,20770731,95,3674.483087209574,1662.7774656573233,5337.260552866897
input_noise,reward3_base,DQN reward3 Base,Results_DQN_reward3_o/model,real,1,real_02,Real Rainfall 2,0.1,18,20770732,95,3658.334068312073,3102.5531146771095,6760.887182989183
input_noise,reward3_base,DQN reward3 Base,Results_DQN_reward3_o/model,real,1,real_02,Real Rainfall 2,0.1,19,20770733,95,3689.955344938665,2440.697134540239,6130.652479478904
input_noise,reward3_base,DQN reward3 Base,Results_DQN_reward3_o/model,real,1,real_02,Real Rainfall 2,0.1,20,20770734,95,2888.006028145879,1957.206346306296,4845.212374452175
input_noise,reward3_base,DQN reward3 Base,Results_DQN_reward3_o/model,real,1,real_02,Real Rainfall 2,0.1,21,20770735,95,3730.593512745405,2646.2412774482514,6376.834790193656
input_noise,reward3_base,DQN reward3 Base,Results_DQN_reward3_o/model,real,1,real_02,Real Rainfall 2,0.1,22,20770736,95,3723.2520642281397,1241.3032727410534,4964.555336969193
input_noise,reward3_base,DQN reward3 Base,Results_DQN_reward3_o/model,real,1,real_02,Real Rainfall 2,0.1,23,20770737,95,3521.1920048447396,2430.2397630192554,5951.4317678639945
input_noise,reward3_base,DQN reward3 Base,Results_DQN_reward3_o/model,real,1,real_02,Real Rainfall 2,0.1,24,20770738,95,654.683012833641,4486.616170175349,5141.29918300899
input_noise,reward3_base,DQN reward3 Base,Results_DQN_reward3_o/model,real,1,real_02,Real Rainfall 2,0.1,25,20770739,95,3744.2962093606775,2753.660805068398,6497.957014429076
input_noise,reward3_base,DQN reward3 Base,Results_DQN_reward3_o/model,real,1,real_02,Real Rainfall 2,0.1,26,20770740,95,3066.019580924643,3188.0047678253886,6254.024348750032
input_noise,reward3_base,DQN reward3 Base,Results_DQN_reward3_o/model,real,1,real_02,Real Rainfall 2,0.1,27,20770741,95,3773.0517826487917,3469.083088216811,7242.134870865602
input_noise,reward3_base,DQN reward3 Base,Results_DQN_reward3_o/model,real,1,real_02,Real Rainfall 2,0.1,28,20770742,95,2820.97854995356,4240.666705040342,7061.645254993902
input_noise,reward3_base,DQN reward3 Base,Results_DQN_reward3_o/model,real,1,real_02,Real Rainfall 2,0.1,29,20770743,95,3646.78815665469,2624.11383264819,6270.90198930288
input_noise,reward3_base,DQN reward3 Base,Results_DQN_reward3_o/model,real,1,real_02,Real Rainfall 2,0.1,30,20770744,95,3110.02355897701,3923.1440885137276,7033.167647490738
input_noise,reward3_base,DQN reward3 Base,Results_DQN_reward3_o/model,real,1,real_02,Real Rainfall 2,0.1,31,20770745,95,3331.232862488593,3604.135885205345,6935.368747693938
input_noise,reward3_base,DQN reward3 Base,Results_DQN_reward3_o/model,real,1,real_02,Real Rainfall 2,0.1,32,20770746,95,3732.382906604917,2624.6150653096997,6356.997971914617
input_noise,reward3_base,DQN reward3 Base,Results_DQN_reward3_o/model,real,1,real_02,Real Rainfall 2,0.1,33,20770747,95,1759.9369771117322,4301.423314500195,6061.360291611927
input_noise,reward3_base,DQN reward3 Base,Results_DQN_reward3_o/model,real,1,real_02,Real Rainfall 2,0.1,34,20770748,95,3605.218772664962,2093.445596983846,5698.664369648808
input_noise,reward3_base,DQN reward3 Base,Results_DQN_reward3_o/model,real,1,real_02,Real Rainfall 2,0.1,35,20770749,95,3619.8131034837834,2930.9233078050984,6550.736411288882
input_noise,reward3_base,DQN reward3 Base,Results_DQN_reward3_o/model,real,1,real_02,Real Rainfall 2,0.1,36,20770750,95,3771.3077850281047,3424.2547718059254,7195.56255683403
input_noise,reward3_base,DQN reward3 Base,Results_DQN_reward3_o/model,real,1,real_02,Real Rainfall 2,0.1,37,20770751,95,3737.994082897199,2820.55599131888,6558.550074216078
input_noise,reward3_base,DQN reward3 Base,Results_DQN_reward3_o/model,real,1,real_02,Real Rainfall 2,0.1,38,20770752,95,3834.6496794418003,2524.9609053452164,6359.610584787017
input_noise,reward3_base,DQN reward3 Base,Results_DQN_reward3_o/model,real,1,real_02,Real Rainfall 2,0.1,39,20770753,95,3444.9957617359455,1879.5649732221134,5324.560734958059
input_noise,reward3_base,DQN reward3 Base,Results_DQN_reward3_o/model,real,1,real_02,Real Rainfall 2,0.1,40,20770754,95,2788.7315032432202,3129.1072021799673,5917.838705423188
input_noise,reward3_base,DQN reward3 Base,Results_DQN_reward3_o/model,real,1,real_02,Real Rainfall 2,0.1,41,20770755,95,2942.0283446405324,4190.7922028027815,7132.820547443314
input_noise,reward3_base,DQN reward3 Base,Results_DQN_reward3_o/model,real,1,real_02,Real Rainfall 2,0.1,42,20770756,95,3647.493422019154,2684.2477836938488,6331.741205713002
input_noise,reward3_base,DQN reward3 Base,Results_DQN_reward3_o/model,real,1,real_02,Real Rainfall 2,0.1,43,20770757,95,3342.6551545344028,2376.784389953158,5719.439544487561
input_noise,reward3_base,DQN reward3 Base,Results_DQN_reward3_o/model,real,1,real_02,Real Rainfall 2,0.1,44,20770758,95,3652.2536552253146,2436.0371297046013,6088.290784929915
input_noise,reward3_base,DQN reward3 Base,Results_DQN_reward3_o/model,real,1,real_02,Real Rainfall 2,0.1,45,20770759,95,3823.5749376327362,3191.980811792902,7015.555749425638
input_noise,reward3_base,DQN reward3 Base,Results_DQN_reward3_o/model,real,1,real_02,Real Rainfall 2,0.1,46,20770760,95,3597.7641913820585,2668.8065431858217,6266.57073456788
input_noise,reward3_base,DQN reward3 Base,Results_DQN_reward3_o/model,real,1,real_02,Real Rainfall 2,0.1,47,20770761,95,3639.427498079763,1273.4981421474286,4912.925640227191
input_noise,reward3_base,DQN reward3 Base,Results_DQN_reward3_o/model,real,1,real_02,Real Rainfall 2,0.1,48,20770762,95,2825.4163243394296,3112.14763719197,5937.563961531399
input_noise,reward3_base,DQN reward3 Base,Results_DQN_reward3_o/model,real,1,real_02,Real Rainfall 2,0.1,49,20770763,95,3696.522810509896,3689.457954899026,7385.980765408922
input_noise,reward3_base,DQN reward3 Base,Results_DQN_reward3_o/model,real,2,real_03,Real Rainfall 3,0.05,0,20865714,95,8525.827490033229,1990.65513842999,10516.482628463218
input_noise,reward3_base,DQN reward3 Base,Results_DQN_reward3_o/model,real,2,real_03,Real Rainfall 3,0.05,1,20865715,95,7585.3874235283965,4443.758589392298,12029.146012920693
input_noise,reward3_base,DQN reward3 Base,Results_DQN_reward3_o/model,real,2,real_03,Real Rainfall 3,0.05,2,20865716,95,7830.129682446908,2854.9151980573783,10685.044880504287
input_noise,reward3_base,DQN reward3 Base,Results_DQN_reward3_o/model,real,2,real_03,Real Rainfall 3,0.05,3,20865717,95,7932.469046108952,2266.5365587696892,10199.005604878641
input_noise,reward3_base,DQN reward3 Base,Results_DQN_reward3_o/model,real,2,real_03,Real Rainfall 3,0.05,4,20865718,95,8420.908866745092,1455.6412070633496,9876.550073808441
input_noise,reward3_base,DQN reward3 Base,Results_DQN_reward3_o/model,real,2,real_03,Real Rainfall 3,0.05,5,20865719,95,7917.600619670893,4324.244645618211,12241.845265289103
input_noise,reward3_base,DQN reward3 Base,Results_DQN_reward3_o/model,real,2,real_03,Real Rainfall 3,0.05,6,20865720,95,8491.271190794514,2881.3635341269405,11372.634724921454
input_noise,reward3_base,DQN reward3 Base,Results_DQN_reward3_o/model,real,2,real_03,Real Rainfall 3,0.05,7,20865721,95,7728.297990319809,4211.9272015581255,11940.225191877935
input_noise,reward3_base,DQN reward3 Base,Results_DQN_reward3_o/model,real,2,real_03,Real Rainfall 3,0.05,8,20865722,95,8495.273200265441,2484.492361299194,10979.765561564634
input_noise,reward3_base,DQN reward3 Base,Results_DQN_reward3_o/model,real,2,real_03,Real Rainfall 3,0.05,9,20865723,95,7644.139478998987,1821.3504537195408,9465.489932718529
input_noise,reward3_base,DQN reward3 Base,Results_DQN_reward3_o/model,real,2,real_03,Real Rainfall 3,0.05,10,20865724,95,8461.527919095452,2647.6166678540926,11109.144586949544
input_noise,reward3_base,DQN reward3 Base,Results_DQN_reward3_o/model,real,2,real_03,Real Rainfall 3,0.05,11,20865725,95,7673.956940098874,3196.32238319913,10870.279323298004
input_noise,reward3_base,DQN reward3 Base,Results_DQN_reward3_o/model,real,2,real_03,Real Rainfall 3,0.05,12,20865726,95,7743.204048379829,3408.801643540214,11152.005691920043
input_noise,reward3_base,DQN reward3 Base,Results_DQN_reward3_o/model,real,2,real_03,Real Rainfall 3,0.05,13,20865727,95,7757.331860543936,3564.367760685972,11321.69962122991
input_noise,reward3_base,DQN reward3 Base,Results_DQN_reward3_o/model,real,2,real_03,Real Rainfall 3,0.05,14,20865728,95,7775.821399394376,2961.8403635570717,10737.661762951448
input_noise,reward3_base,DQN reward3 Base,Results_DQN_reward3_o/model,real,2,real_03,Real Rainfall 3,0.05,15,20865729,95,8495.678407101836,2352.1703184780763,10847.848725579912
input_noise,reward3_base,DQN reward3 Base,Results_DQN_reward3_o/model,real,2,real_03,Real Rainfall 3,0.05,16,20865730,95,8450.56580105662,2641.7429828040245,11092.308783860644
input_noise,reward3_base,DQN reward3 Base,Results_DQN_reward3_o/model,real,2,real_03,Real Rainfall 3,0.05,17,20865731,95,7644.088177860246,1797.2496677725464,9441.337845632792
input_noise,reward3_base,DQN reward3 Base,Results_DQN_reward3_o/model,real,2,real_03,Real Rainfall 3,0.05,18,20865732,95,8456.479725592946,3244.719560049673,11701.199285642619
input_noise,reward3_base,DQN reward3 Base,Results_DQN_reward3_o/model,real,2,real_03,Real Rainfall 3,0.05,19,20865733,95,7779.839887084234,2414.490342343661,10194.330229427895
input_noise,reward3_base,DQN reward3 Base,Results_DQN_reward3_o/model,real,2,real_03,Real Rainfall 3,0.05,20,20865734,95,7618.782013144896,2206.882944481057,9825.664957625953
input_noise,reward3_base,DQN reward3 Base,Results_DQN_reward3_o/model,real,2,real_03,Real Rainfall 3,0.05,21,20865735,95,7647.669648475589,3635.9594106698028,11283.629059145393
input_noise,reward3_base,DQN reward3 Base,Results_DQN_reward3_o/model,real,2,real_03,Real Rainfall 3,0.05,22,20865736,95,7783.792089117322,3043.176345038945,10826.968434156266
input_noise,reward3_base,DQN reward3 Base,Results_DQN_reward3_o/model,real,2,real_03,Real Rainfall 3,0.05,23,20865737,95,8469.142332102534,3055.8706178934744,11525.01294999601
input_noise,reward3_base,DQN reward3 Base,Results_DQN_reward3_o/model,real,2,real_03,Real Rainfall 3,0.05,24,20865738,95,7828.93502683417,4312.66169094544,12141.596717779608
input_noise,reward3_base,DQN reward3 Base,Results_DQN_reward3_o/model,real,2,real_03,Real Rainfall 3,0.05,25,20865739,95,7486.714807046284,4632.428350259617,12119.143157305902
input_noise,reward3_base,DQN reward3 Base,Results_DQN_reward3_o/model,real,2,real_03,Real Rainfall 3,0.05,26,20865740,95,7653.593954477599,2980.1596723488783,10633.753626826478
input_noise,reward3_base,DQN reward3 Base,Results_DQN_reward3_o/model,real,2,real_03,Real Rainfall 3,0.05,27,20865741,95,7717.745981849821,3172.9904073941343,10890.736389243955
input_noise,reward3_base,DQN reward3 Base,Results_DQN_reward3_o/model,real,2,real_03,Real Rainfall 3,0.05,28,20865742,95,7902.833358504084,3262.4330064219566,11165.26636492604
input_noise,reward3_base,DQN reward3 Base,Results_DQN_reward3_o/model,real,2,real_03,Real Rainfall 3,0.05,29,20865743,95,8243.491617430947,2320.7869725903583,10564.278590021306
input_noise,reward3_base,DQN reward3 Base,Results_DQN_reward3_o/model,real,2,real_03,Real Rainfall 3,0.05,30,20865744,95,8353.551785003314,2499.340760820808,10852.892545824121
input_noise,reward3_base,DQN reward3 Base,Results_DQN_reward3_o/model,real,2,real_03,Real Rainfall 3,0.05,31,20865745,95,7783.248126238747,3384.9194588747164,11168.167585113464
input_noise,reward3_base,DQN reward3 Base,Results_DQN_reward3_o/model,real,2,real_03,Real Rainfall 3,0.05,32,20865746,95,8498.647694420843,2077.7405310617823,10576.388225482624
input_noise,reward3_base,DQN reward3 Base,Results_DQN_reward3_o/model,real,2,real_03,Real Rainfall 3,0.05,33,20865747,95,7688.764676489301,3723.8157877015474,11412.580464190847
input_noise,reward3_base,DQN reward3 Base,Results_DQN_reward3_o/model,real,2,real_03,Real Rainfall 3,0.05,34,20865748,95,7673.193070034734,3187.878849141658,10861.071919176393
input_noise,reward3_base,DQN reward3 Base,Results_DQN_reward3_o/model,real,2,real_03,Real Rainfall 3,0.05,35,20865749,95,8352.624797845354,2935.394666479244,11288.019464324598
input_noise,reward3_base,DQN reward3 Base,Results_DQN_reward3_o/model,real,2,real_03,Real Rainfall 3,0.05,36,20865750,95,7931.14562064168,3096.1869383556336,11027.332558997314
input_noise,reward3_base,DQN reward3 Base,Results_DQN_reward3_o/model,real,2,real_03,Real Rainfall 3,0.05,37,20865751,95,8414.923055654364,2673.100363038875,11088.02341869324
input_noise,reward3_base,DQN reward3 Base,Results_DQN_reward3_o/model,real,2,real_03,Real Rainfall 3,0.05,38,20865752,95,7595.15493202107,1833.179022343266,9428.333954364336
input_noise,reward3_base,DQN reward3 Base,Results_DQN_reward3_o/model,real,2,real_03,Real Rainfall 3,0.05,39,20865753,95,7789.879695640032,2797.375572110112,10587.255267750144
input_noise,reward3_base,DQN reward3 Base,Results_DQN_reward3_o/model,real,2,real_03,Real Rainfall 3,0.05,40,20865754,95,7661.4917531379115,3156.024005930601,10817.515759068512
input_noise,reward3_base,DQN reward3 Base,Results_DQN_reward3_o/model,real,2,real_03,Real Rainfall 3,0.05,41,20865755,95,7577.499887259719,2820.2466286365416,10397.74651589626
input_noise,reward3_base,DQN reward3 Base,Results_DQN_reward3_o/model,real,2,real_03,Real Rainfall 3,0.05,42,20865756,95,8400.00259710857,3564.265659015913,11964.268256124484
input_noise,reward3_base,DQN reward3 Base,Results_DQN_reward3_o/model,real,2,real_03,Real Rainfall 3,0.05,43,20865757,95,8415.080454944706,3903.9036338829324,12318.984088827638
input_noise,reward3_base,DQN reward3 Base,Results_DQN_reward3_o/model,real,2,real_03,Real Rainfall 3,0.05,44,20865758,95,7727.020982181343,3054.5895950689824,10781.610577250325
input_noise,reward3_base,DQN reward3 Base,Results_DQN_reward3_o/model,real,2,real_03,Real Rainfall 3,0.05,45,20865759,95,7587.333325835634,2972.435166909011,10559.768492744646
input_noise,reward3_base,DQN reward3 Base,Results_DQN_reward3_o/model,real,2,real_03,Real Rainfall 3,0.05,46,20865760,95,8437.574557109107,2874.5505021230206,11312.125059232127
input_noise,reward3_base,DQN reward3 Base,Results_DQN_reward3_o/model,real,2,real_03,Real Rainfall 3,0.05,47,20865761,95,7741.117647040298,2489.5229302056205,10230.640577245918
input_noise,reward3_base,DQN reward3 Base,Results_DQN_reward3_o/model,real,2,real_03,Real Rainfall 3,0.05,48,20865762,95,8495.273200265441,2490.0766813097225,10985.349881575163
input_noise,reward3_base,DQN reward3 Base,Results_DQN_reward3_o/model,real,2,real_03,Real Rainfall 3,0.05,49,20865763,95,8490.209888795362,2721.764258875765,11211.974147671126
input_noise,reward3_base,DQN reward3 Base,Results_DQN_reward3_o/model,real,2,real_03,Real Rainfall 3,0.1,0,20870714,95,7786.914254745526,1944.4209605255567,9731.335215271083
input_noise,reward3_base,DQN reward3 Base,Results_DQN_reward3_o/model,real,2,real_03,Real Rainfall 3,0.1,1,20870715,95,7706.911544763215,1793.4671089910955,9500.378653754311
input_noise,reward3_base,DQN reward3 Base,Results_DQN_reward3_o/model,real,2,real_03,Real Rainfall 3,0.1,2,20870716,95,7716.553624934506,2899.823634656297,10616.377259590803
input_noise,reward3_base,DQN reward3 Base,Results_DQN_reward3_o/model,real,2,real_03,Real Rainfall 3,0.1,3,20870717,95,7828.00607651589,1979.8030984473646,9807.809174963255
input_noise,reward3_base,DQN reward3 Base,Results_DQN_reward3_o/model,real,2,real_03,Real Rainfall 3,0.1,4,20870718,95,8468.733965013793,2863.1093033278694,11331.843268341661
input_noise,reward3_base,DQN reward3 Base,Results_DQN_reward3_o/model,real,2,real_03,Real Rainfall 3,0.1,5,20870719,95,7507.075406517107,2782.7092628149258,10289.784669332032
input_noise,reward3_base,DQN reward3 Base,Results_DQN_reward3_o/model,real,2,real_03,Real Rainfall 3,0.1,6,20870720,95,8139.387083652795,1663.5749752934892,9802.962058946285
input_noise,reward3_base,DQN reward3 Base,Results_DQN_reward3_o/model,real,2,real_03,Real Rainfall 3,0.1,7,20870721,95,8494.041429864248,1546.2143422800302,10040.255772144279
input_noise,reward3_base,DQN reward3 Base,Results_DQN_reward3_o/model,real,2,real_03,Real Rainfall 3,0.1,8,20870722,95,8499.833530294693,2540.0171069187345,11039.850637213427
input_noise,reward3_base,DQN reward3 Base,Results_DQN_reward3_o/model,real,2,real_03,Real Rainfall 3,0.1,9,20870723,95,7307.990058086207,2421.710824154814,9729.70088224102
input_noise,reward3_base,DQN reward3 Base,Results_DQN_reward3_o/model,real,2,real_03,Real Rainfall 3,0.1,10,20870724,95,8143.07188353205,2537.155722880175,10680.227606412225
input_noise,reward3_base,DQN reward3 Base,Results_DQN_reward3_o/model,real,2,real_03,Real Rainfall 3,0.1,11,20870725,95,7389.174199034334,2944.7596847159416,10333.933883750276
input_noise,reward3_base,DQN reward3 Base,Results_DQN_reward3_o/model,real,2,real_03,Real Rainfall 3,0.1,12,20870726,95,8275.124552677038,2339.3071656523516,10614.43171832939
input_noise,reward3_base,DQN reward3 Base,Results_DQN_reward3_o/model,real,2,real_03,Real Rainfall 3,0.1,13,20870727,95,7783.984702829122,3198.787497695072,10982.772200524194
input_noise,reward3_base,DQN reward3 Base,Results_DQN_reward3_o/model,real,2,real_03,Real Rainfall 3,0.1,14,20870728,95,7416.569308948054,4810.7643916620345,12227.333700610088
input_noise,reward3_base,DQN reward3 Base,Results_DQN_reward3_o/model,real,2,real_03,Real Rainfall 3,0.1,15,20870729,95,8367.646439939104,1432.469879986723,9800.116319925828
input_noise,reward3_base,DQN reward3 Base,Results_DQN_reward3_o/model,real,2,real_03,Real Rainfall 3,0.1,16,20870730,95,8357.15567395225,2673.515767666351,11030.6714416186
input_noise,reward3_base,DQN reward3 Base,Results_DQN_reward3_o/model,real,2,real_03,Real Rainfall 3,0.1,17,20870731,95,7844.160037082814,2422.241460717879,10266.401497800693
input_noise,reward3_base,DQN reward3 Base,Results_DQN_reward3_o/model,real,2,real_03,Real Rainfall 3,0.1,18,20870732,95,7766.67560481441,3593.95670376497,11360.63230857938
input_noise,reward3_base,DQN reward3 Base,Results_DQN_reward3_o/model,real,2,real_03,Real Rainfall 3,0.1,19,20870733,95,7732.510576865993,1531.1760973846206,9263.686674250614
input_noise,reward3_base,DQN reward3 Base,Results_DQN_reward3_o/model,real,2,real_03,Real Rainfall 3,0.1,20,20870734,95,7624.34948848676,4068.0850132208598,11692.43450170762
input_noise,reward3_base,DQN reward3 Base,Results_DQN_reward3_o/model,real,2,real_03,Real Rainfall 3,0.1,21,20870735,95,8272.153221667819,2633.8483997559288,10906.001621423748
input_noise,reward3_base,DQN reward3 Base,Results_DQN_reward3_o/model,real,2,real_03,Real Rainfall 3,0.1,22,20870736,95,8071.50477857968,3544.1000615630164,11615.604840142696
input_noise,reward3_base,DQN reward3 Base,Results_DQN_reward3_o/model,real,2,real_03,Real Rainfall 3,0.1,23,20870737,95,8423.000268049309,2698.6860623258895,11121.686330375198
input_noise,reward3_base,DQN reward3 Base,Results_DQN_reward3_o/model,real,2,real_03,Real Rainfall 3,0.1,24,20870738,95,8293.921627506912,3690.3009165214194,11984.222544028331
input_noise,reward3_base,DQN reward3 Base,Results_DQN_reward3_o/model,real,2,real_03,Real Rainfall 3,0.1,25,20870739,95,7736.482095351484,2850.488095538433,10586.970190889917
input_noise,reward3_base,DQN reward3 Base,Results_DQN_reward3_o/model,real,2,real_03,Real Rainfall 3,0.1,26,20870740,95,7712.696970303422,2939.049971019561,10651.746941322983
input_noise,reward3_base,DQN reward3 Base,Results_DQN_reward3_o/model,real,2,real_03,Real Rainfall 3,0.1,27,20870741,95,8396.458000464367,3677.630775627642,12074.088776092009
input_noise,reward3_base,DQN reward3 Base,Results_DQN_reward3_o/model,real,2,real_03,Real Rainfall 3,0.1,28,20870742,95,7406.417006233949,1975.8749334721715,9382.29193970612
input_noise,reward3_base,DQN reward3 Base,Results_DQN_reward3_o/model,real,2,real_03,Real Rainfall 3,0.1,29,20870743,95,8418.248308280088,2473.390701991779,10891.639010271867
input_noise,reward3_base,DQN reward3 Base,Results_DQN_reward3_o/model,real,2,real_03,Real Rainfall 3,0.1,30,20870744,95,7867.268458098726,3097.2742306224695,10964.542688721196
input_noise,reward3_base,DQN reward3 Base,Results_DQN_reward3_o/model,real,2,real_03,Real Rainfall 3,0.1,31,20870745,95,7790.330293990097,4003.3806368629166,11793.710930853013
input_noise,reward3_base,DQN reward3 Base,Results_DQN_reward3_o/model,real,2,real_03,Real Rainfall 3,0.1,32,20870746,95,8104.505080714485,3102.127938299032,11206.633019013518
input_noise,reward3_base,DQN reward3 Base,Results_DQN_reward3_o/model,real,2,real_03,Real Rainfall 3,0.1,33,20870747,95,7778.69077750981,2683.903790693872,10462.594568203682
input_noise,reward3_base,DQN reward3 Base,Results_DQN_reward3_o/model,real,2,real_03,Real Rainfall 3,0.1,34,20870748,95,8115.605139061433,3735.2233872758966,11850.82852633733
input_noise,reward3_base,DQN reward3 Base,Results_DQN_reward3_o/model,real,2,real_03,Real Rainfall 3,0.1,35,20870749,95,8387.465446773771,2749.4807068197474,11136.946153593519
input_noise,reward3_base,DQN reward3 Base,Results_DQN_reward3_o/model,real,2,real_03,Real Rainfall 3,0.1,36,20870750,95,7791.477997907702,3139.841729261122,10931.319727168824
input_noise,reward3_base,DQN reward3 Base,Results_DQN_reward3_o/model,real,2,real_03,Real Rainfall 3,0.1,37,20870751,95,7368.30824969003,4213.930113317488,11582.238363007516
input_noise,reward3_base,DQN reward3 Base,Results_DQN_reward3_o/model,real,2,real_03,Real Rainfall 3,0.1,38,20870752,95,8386.093608292247,1492.3193179282202,9878.412926220468
input_noise,reward3_base,DQN reward3 Base,Results_DQN_reward3_o/model,real,2,real_03,Real Rainfall 3,0.1,39,20870753,95,7752.040876709412,3136.781452249167,10888.82232895858
input_noise,reward3_base,DQN reward3 Base,Results_DQN_reward3_o/model,real,2,real_03,Real Rainfall 3,0.1,40,20870754,95,7984.529318415771,3079.2814116837694,11063.81073009954
input_noise,reward3_base,DQN reward3 Base,Results_DQN_reward3_o/model,real,2,real_03,Real Rainfall 3,0.1,41,20870755,95,7727.848714040528,2953.8608025941485,10681.709516634677
input_noise,reward3_base,DQN reward3 Base,Results_DQN_reward3_o/model,real,2,real_03,Real Rainfall 3,0.1,42,20870756,95,7787.263325001432,3234.223661303416,11021.486986304848
input_noise,reward3_base,DQN reward3 Base,Results_DQN_reward3_o/model,real,2,real_03,Real Rainfall 3,0.1,43,20870757,95,7597.089214594101,2419.5384081587285,10016.627622752829
input_noise,reward3_base,DQN reward3 Base,Results_DQN_reward3_o/model,real,2,real_03,Real Rainfall 3,0.1,44,20870758,95,7402.562057406035,3639.4511331242397,11042.013190530275
input_noise,reward3_base,DQN reward3 Base,Results_DQN_reward3_o/model,real,2,real_03,Real Rainfall 3,0.1,45,20870759,95,7392.91114611214,2730.6226944040013,10123.533840516142
input_noise,reward3_base,DQN reward3 Base,Results_DQN_reward3_o/model,real,2,real_03,Real Rainfall 3,0.1,46,20870760,95,8400.940384232968,3419.327429874336,11820.267814107305
input_noise,reward3_base,DQN reward3 Base,Results_DQN_reward3_o/model,real,2,real_03,Real Rainfall 3,0.1,47,20870761,95,7742.036577026969,3040.914267760233,10782.950844787203
input_noise,reward3_base,DQN reward3 Base,Results_DQN_reward3_o/model,real,2,real_03,Real Rainfall 3,0.1,48,20870762,95,8385.07679652673,2463.815916760122,10848.892713286852
input_noise,reward3_base,DQN reward3 Base,Results_DQN_reward3_o/model,real,2,real_03,Real Rainfall 3,0.1,49,20870763,95,6492.406241473883,2468.2407191937345,8960.646960667618
input_noise,reward3_base,DQN reward3 Base,Results_DQN_reward3_o/model,real,3,real_04,Real Rainfall 4,0.05,0,20965714,95,6514.654037202354,2025.8899486755454,8540.5439858779
input_noise,reward3_base,DQN reward3 Base,Results_DQN_reward3_o/model,real,3,real_04,Real Rainfall 4,0.05,1,20965715,95,6726.496951398524,3638.094690171095,10364.59164156962
input_noise,reward3_base,DQN reward3 Base,Results_DQN_reward3_o/model,real,3,real_04,Real Rainfall 4,0.05,2,20965716,95,6611.760277064801,2627.2909097046963,9239.051186769497
input_noise,reward3_base,DQN reward3 Base,Results_DQN_reward3_o/model,real,3,real_04,Real Rainfall 4,0.05,3,20965717,95,6721.223082502671,2174.6018673340795,8895.824949836751
input_noise,reward3_base,DQN reward3 Base,Results_DQN_reward3_o/model,real,3,real_04,Real Rainfall 4,0.05,4,20965718,95,6641.371057327467,1899.6529076272986,8541.023964954766
input_noise,reward3_base,DQN reward3 Base,Results_DQN_reward3_o/model,real,3,real_04,Real Rainfall 4,0.05,5,20965719,95,6721.223082502671,2174.6018673340795,8895.824949836751
input_noise,reward3_base,DQN reward3 Base,Results_DQN_reward3_o/model,real,3,real_04,Real Rainfall 4,0.05,6,20965720,95,6555.513911885412,2442.389701131151,8997.903613016562
input_noise,reward3_base,DQN reward3 Base,Results_DQN_reward3_o/model,real,3,real_04,Real Rainfall 4,0.05,7,20965721,95,6723.479445571619,1790.7606564348941,8514.240102006514
input_noise,reward3_base,DQN reward3 Base,Results_DQN_reward3_o/model,real,3,real_04,Real Rainfall 4,0.05,8,20965722,95,6725.280634092461,4051.3883301994124,10776.668964291874
input_noise,reward3_base,DQN reward3 Base,Results_DQN_reward3_o/model,real,3,real_04,Real Rainfall 4,0.05,9,20965723,95,6468.414399037003,2022.2528877228613,8490.667286759865
input_noise,reward3_base,DQN reward3 Base,Results_DQN_reward3_o/model,real,3,real_04,Real Rainfall 4,0.05,10,20965724,95,6721.966040974814,2402.194084474535,9124.160125449349
input_noise,reward3_base,DQN reward3 Base,Results_DQN_reward3_o/model,real,3,real_04,Real Rainfall 4,0.05,11,20965725,95,6611.361292210664,3486.2928199082226,10097.654112118886
input_noise,reward3_base,DQN reward3 Base,Results_DQN_reward3_o/model,real,3,real_04,Real Rainfall 4,0.05,12,20965726,95,6616.968389582255,2901.965376682999,9518.933766265254
input_noise,reward3_base,DQN reward3 Base,Results_DQN_reward3_o/model,real,3,real_04,Real Rainfall 4,0.05,13,20965727,95,6513.082747966508,2244.0931842101027,8757.175932176611
input_noise,reward3_base,DQN reward3 Base,Results_DQN_reward3_o/model,real,3,real_04,Real Rainfall 4,0.05,14,20965728,95,6634.401416114739,2608.687183837412,9243.08859995215
input_noise,reward3_base,DQN reward3 Base,Results_DQN_reward3_o/model,real,3,real_04,Real Rainfall 4,0.05,15,20965729,95,6626.430484994026,2064.487205262971,8690.917690256998
input_noise,reward3_base,DQN reward3 Base,Results_DQN_reward3_o/model,real,3,real_04,Real Rainfall 4,0.05,16,20965730,95,6635.326095138555,3306.8454372314095,9942.171532369965
input_noise,reward3_base,DQN reward3 Base,Results_DQN_reward3_o/model,real,3,real_04,Real Rainfall 4,0.05,17,20965731,95,6621.130134891799,2666.8398087688565,9287.969943660655
input_noise,reward3_base,DQN reward3 Base,Results_DQN_reward3_o/model,real,3,real_04,Real Rainfall 4,0.05,18,20965732,95,6624.1309185991695,1218.9661676230546,7843.097086222224
input_noise,reward3_base,DQN reward3 Base,Results_DQN_reward3_o/model,real,3,real_04,Real Rainfall 4,0.05,19,20965733,95,6469.374349637381,2492.9877476820225,8962.362097319403
input_noise,reward3_base,DQN reward3 Base,Results_DQN_reward3_o/model,real,3,real_04,Real Rainfall 4,0.05,20,20965734,95,6615.21501985131,2902.4963141716116,9517.711334022923
input_noise,reward3_base,DQN reward3 Base,Results_DQN_reward3_o/model,real,3,real_04,Real Rainfall 4,0.05,21,20965735,95,6577.452084803309,1236.2570654717158,7813.7091502750245
input_noise,reward3_base,DQN reward3 Base,Results_DQN_reward3_o/model,real,3,real_04,Real Rainfall 4,0.05,22,20965736,95,6642.415509208683,2363.905640841223,9006.321150049906
input_noise,reward3_base,DQN reward3 Base,Results_DQN_reward3_o/model,real,3,real_04,Real Rainfall 4,0.05,23,20965737,95,6668.287335096602,1894.1627684471841,8562.450103543786
input_noise,reward3_base,DQN reward3 Base,Results_DQN_reward3_o/model,real,3,real_04,Real Rainfall 4,0.05,24,20965738,95,6606.0233724882755,2646.169824522743,9252.193197011018
input_noise,reward3_base,DQN reward3 Base,Results_DQN_reward3_o/model,real,3,real_04,Real Rainfall 4,0.05,25,20965739,95,6713.709857626669,2470.6154815977525,9184.325339224422
input_noise,reward3_base,DQN reward3 Base,Results_DQN_reward3_o/model,real,3,real_04,Real Rainfall 4,0.05,26,20965740,95,6601.763945712752,2544.099383163829,9145.863328876581
input_noise,reward3_base,DQN reward3 Base,Results_DQN_reward3_o/model,real,3,real_04,Real Rainfall 4,0.05,27,20965741,95,6469.57465660561,2930.604470089327,9400.179126694937
input_noise,reward3_base,DQN reward3 Base,Results_DQN_reward3_o/model,real,3,real_04,Real Rainfall 4,0.05,28,20965742,95,6584.9349508967125,2650.1838684800055,9235.118819376718
input_noise,reward3_base,DQN reward3 Base,Results_DQN_reward3_o/model,real,3,real_04,Real Rainfall 4,0.05,29,20965743,95,6610.52745543556,2621.3543833253334,9231.881838760894
input_noise,reward3_base,DQN reward3 Base,Results_DQN_reward3_o/model,real,3,real_04,Real Rainfall 4,0.05,30,20965744,95,6679.990513357737,2349.403616020605,9029.394129378343
input_noise,reward3_base,DQN reward3 Base,Results_DQN_reward3_o/model,real,3,real_04,Real Rainfall 4,0.05,31,20965745,95,6726.496951398524,3609.8967577932167,10336.393709191741
input_noise,reward3_base,DQN reward3 Base,Results_DQN_reward3_o/model,real,3,real_04,Real Rainfall 4,0.05,32,20965746,95,6679.990513357737,2353.042785298048,9033.033298655784
input_noise,reward3_base,DQN reward3 Base,Results_DQN_reward3_o/model,real,3,real_04,Real Rainfall 4,0.05,33,20965747,95,6726.496951398524,3609.8967577932167,10336.393709191741
input_noise,reward3_base,DQN reward3 Base,Results_DQN_reward3_o/model,real,3,real_04,Real Rainfall 4,0.05,34,20965748,95,6653.056678876881,2371.9533561625885,9025.01003503947
input_noise,reward3_base,DQN reward3 Base,Results_DQN_reward3_o/model,real,3,real_04,Real Rainfall 4,0.05,35,20965749,95,6648.507609577727,1695.4452664619394,8343.952876039666
input_noise,reward3_base,DQN reward3 Base,Results_DQN_reward3_o/model,real,3,real_04,Real Rainfall 4,0.05,36,20965750,95,6518.524996623691,2461.2780951698505,8979.803091793541
input_noise,reward3_base,DQN reward3 Base,Results_DQN_reward3_o/model,real,3,real_04,Real Rainfall 4,0.05,37,20965751,95,6710.143935852828,2470.261075079515,9180.405010932343
input_noise,reward3_base,DQN reward3 Base,Results_DQN_reward3_o/model,real,3,real_04,Real Rainfall 4,0.05,38,20965752,95,6726.496951398524,3609.8967577932167,10336.393709191741
input_noise,reward3_base,DQN reward3 Base,Results_DQN_reward3_o/model,real,3,real_04,Real Rainfall 4,0.05,39,20965753,95,6618.388468090271,2997.035877218991,9615.424345309262
input_noise,reward3_base,DQN reward3 Base,Results_DQN_reward3_o/model,real,3,real_04,Real Rainfall 4,0.05,40,20965754,95,6667.948330066789,2926.9956591623786,9594.943989229167
input_noise,reward3_base,DQN reward3 Base,Results_DQN_reward3_o/model,real,3,real_04,Real Rainfall 4,0.05,41,20965755,95,6600.964747986705,3623.583570204867,10224.548318191573
input_noise,reward3_base,DQN reward3 Base,Results_DQN_reward3_o/model,real,3,real_04,Real Rainfall 4,0.05,42,20965756,95,6653.056678876881,2371.9533561625885,9025.01003503947
input_noise,reward3_base,DQN reward3 Base,Results_DQN_reward3_o/model,real,3,real_04,Real Rainfall 4,0.05,43,20965757,95,6602.767595988254,2470.438550588672,9073.206146576926
input_noise,reward3_base,DQN reward3 Base,Results_DQN_reward3_o/model,real,3,real_04,Real Rainfall 4,0.05,44,20965758,95,6722.575060197674,2380.2328824028227,9102.807942600497
input_noise,reward3_base,DQN reward3 Base,Results_DQN_reward3_o/model,real,3,real_04,Real Rainfall 4,0.05,45,20965759,95,6468.414399037003,2226.2589370331516,8694.673336070155
input_noise,reward3_base,DQN reward3 Base,Results_DQN_reward3_o/model,real,3,real_04,Real Rainfall 4,0.05,46,20965760,95,6717.537863212329,2847.9719622855455,9565.509825497875
input_noise,reward3_base,DQN reward3 Base,Results_DQN_reward3_o/model,real,3,real_04,Real Rainfall 4,0.05,47,20965761,95,6725.280097632086,2815.505273102346,9540.785370734433
input_noise,reward3_base,DQN reward3 Base,Results_DQN_reward3_o/model,real,3,real_04,Real Rainfall 4,0.05,48,20965762,95,6468.414399037003,2022.2528877228613,8490.667286759865
input_noise,reward3_base,DQN reward3 Base,Results_DQN_reward3_o/model,real,3,real_04,Real Rainfall 4,0.05,49,20965763,95,6605.927581653527,2818.8020793166884,9424.729660970215
input_noise,reward3_base,DQN reward3 Base,Results_DQN_reward3_o/model,real,3,real_04,Real Rainfall 4,0.1,0,20970714,95,6465.1799868217,2044.080053466509,8509.260040288209
input_noise,reward3_base,DQN reward3 Base,Results_DQN_reward3_o/model,real,3,real_04,Real Rainfall 4,0.1,1,20970715,95,6539.034592460536,1243.1159505557507,7782.150543016287
input_noise,reward3_base,DQN reward3 Base,Results_DQN_reward3_o/model,real,3,real_04,Real Rainfall 4,0.1,2,20970716,95,6553.498293192369,2653.8650741542338,9207.363367346603
input_noise,reward3_base,DQN reward3 Base,Results_DQN_reward3_o/model,real,3,real_04,Real Rainfall 4,0.1,3,20970717,95,6468.414399037003,2488.7021668667185,8957.116565903721
input_noise,reward3_base,DQN reward3 Base,Results_DQN_reward3_o/model,real,3,real_04,Real Rainfall 4,0.1,4,20970718,95,6067.772021200819,2994.862259055483,9062.634280256301
input_noise,reward3_base,DQN reward3 Base,Results_DQN_reward3_o/model,real,3,real_04,Real Rainfall 4,0.1,5,20970719,95,6638.41243227494,2702.6136216570067,9341.026053931946
input_noise,reward3_base,DQN reward3 Base,Results_DQN_reward3_o/model,real,3,real_04,Real Rainfall 4,0.1,6,20970720,95,5891.299346638078,2976.1934018215,8867.492748459577
input_noise,reward3_base,DQN reward3 Base,Results_DQN_reward3_o/model,real,3,real_04,Real Rainfall 4,0.1,7,20970721,95,6348.133479068458,2608.3328744592955,8956.466353527754
input_noise,reward3_base,DQN reward3 Base,Results_DQN_reward3_o/model,real,3,real_04,Real Rainfall 4,0.1,8,20970722,95,6509.905874561342,1876.1949114295844,8386.100785990926
input_noise,reward3_base,DQN reward3 Base,Results_DQN_reward3_o/model,real,3,real_04,Real Rainfall 4,0.1,9,20970723,95,6523.24636452637,3664.92719193284,10188.173556459209
input_noise,reward3_base,DQN reward3 Base,Results_DQN_reward3_o/model,real,3,real_04,Real Rainfall 4,0.1,10,20970724,95,6607.684945727058,3737.0504207982667,10344.735366525325
input_noise,reward3_base,DQN reward3 Base,Results_DQN_reward3_o/model,real,3,real_04,Real Rainfall 4,0.1,11,20970725,95,6718.137718210856,2385.0517663376586,9103.189484548515
input_noise,reward3_base,DQN reward3 Base,Results_DQN_reward3_o/model,real,3,real_04,Real Rainfall 4,0.1,12,20970726,95,6627.035487435037,1883.728564862975,8510.764052298011
input_noise,reward3_base,DQN reward3 Base,Results_DQN_reward3_o/model,real,3,real_04,Real Rainfall 4,0.1,13,20970727,95,6462.142375205619,3061.9441285069247,9524.086503712544
input_noise,reward3_base,DQN reward3 Base,Results_DQN_reward3_o/model,real,3,real_04,Real Rainfall 4,0.1,14,20970728,95,6616.469679235474,3429.2211451112616,10045.690824346737
input_noise,reward3_base,DQN reward3 Base,Results_DQN_reward3_o/model,real,3,real_04,Real Rainfall 4,0.1,15,20970729,95,6579.449525073945,1455.0704443058917,8034.519969379837
input_noise,reward3_base,DQN reward3 Base,Results_DQN_reward3_o/model,real,3,real_04,Real Rainfall 4,0.1,16,20970730,95,6388.246680833658,2724.177378888278,9112.424059721936
input_noise,reward3_base,DQN reward3 Base,Results_DQN_reward3_o/model,real,3,real_04,Real Rainfall 4,0.1,17,20970731,95,4663.192700570474,3589.992308471812,8253.185009042285
input_noise,reward3_base,DQN reward3 Base,Results_DQN_reward3_o/model,real,3,real_04,Real Rainfall 4,0.1,18,20970732,95,6652.865340188669,1978.998394992942,8631.86373518161
input_noise,reward3_base,DQN reward3 Base,Results_DQN_reward3_o/model,real,3,real_04,Real Rainfall 4,0.1,19,20970733,95,6612.736131199486,2389.91139046963,9002.647521669116
input_noise,reward3_base,DQN reward3 Base,Results_DQN_reward3_o/model,real,3,real_04,Real Rainfall 4,0.1,20,20970734,95,6726.1461368863365,2358.0609785571146,9084.20711544345
input_noise,reward3_base,DQN reward3 Base,Results_DQN_reward3_o/model,real,3,real_04,Real Rainfall 4,0.1,21,20970735,95,6465.3790263257815,2656.3899076755124,9121.768934001295
input_noise,reward3_base,DQN reward3 Base,Results_DQN_reward3_o/model,real,3,real_04,Real Rainfall 4,0.1,22,20970736,95,6393.893470163685,3189.973093376198,9583.866563539883
input_noise,reward3_base,DQN reward3 Base,Results_DQN_reward3_o/model,real,3,real_04,Real Rainfall 4,0.1,23,20970737,95,6569.794464119563,2653.0103865818874,9222.80485070145
input_noise,reward3_base,DQN reward3 Base,Results_DQN_reward3_o/model,real,3,real_04,Real Rainfall 4,0.1,24,20970738,95,6490.52838173595,2672.8606749991545,9163.389056735105
input_noise,reward3_base,DQN reward3 Base,Results_DQN_reward3_o/model,real,3,real_04,Real Rainfall 4,0.1,25,20970739,95,6447.199232121029,2341.361525366614,8788.560757487643
input_noise,reward3_base,DQN reward3 Base,Results_DQN_reward3_o/model,real,3,real_04,Real Rainfall 4,0.1,26,20970740,95,6473.9537733747475,2674.1039783601605,9148.057751734908
input_noise,reward3_base,DQN reward3 Base,Results_DQN_reward3_o/model,real,3,real_04,Real Rainfall 4,0.1,27,20970741,95,6557.906050379489,1092.6916295353788,7650.5976799148675
input_noise,reward3_base,DQN reward3 Base,Results_DQN_reward3_o/model,real,3,real_04,Real Rainfall 4,0.1,28,20970742,95,6434.7155534697395,2486.4152859355004,8921.13083940524
input_noise,reward3_base,DQN reward3 Base,Results_DQN_reward3_o/model,real,3,real_04,Real Rainfall 4,0.1,29,20970743,95,6351.308881551252,1417.419286350222,7768.728167901474
input_noise,reward3_base,DQN reward3 Base,Results_DQN_reward3_o/model,real,3,real_04,Real Rainfall 4,0.1,30,20970744,95,6499.313182624067,2994.5718253744453,9493.885007998513
input_noise,reward3_base,DQN reward3 Base,Results_DQN_reward3_o/model,real,3,real_04,Real Rainfall 4,0.1,31,20970745,95,5724.067165964588,2806.0778962230497,8530.145062187637
input_noise,reward3_base,DQN reward3 Base,Results_DQN_reward3_o/model,real,3,real_04,Real Rainfall 4,0.1,32,20970746,95,6465.754685875581,1488.1083802178773,7953.863066093459
input_noise,reward3_base,DQN reward3 Base,Results_DQN_reward3_o/model,real,3,real_04,Real Rainfall 4,0.1,33,20970747,95,6603.846273232622,2438.1697018625773,9042.015975095199
input_noise,reward3_base,DQN reward3 Base,Results_DQN_reward3_o/model,real,3,real_04,Real Rainfall 4,0.1,34,20970748,95,6694.338452384863,3833.0178881226607,10527.356340507524
input_noise,reward3_base,DQN reward3 Base,Results_DQN_reward3_o/model,real,3,real_04,Real Rainfall 4,0.1,35,20970749,95,6615.031565706054,2875.898438443275,9490.93000414933
input_noise,reward3_base,DQN reward3 Base,Results_DQN_reward3_o/model,real,3,real_04,Real Rainfall 4,0.1,36,20970750,95,6721.2247958707885,2411.695356320439,9132.920152191227
input_noise,reward3_base,DQN reward3 Base,Results_DQN_reward3_o/model,real,3,real_04,Real Rainfall 4,0.1,37,20970751,95,6471.048480893839,2644.464298471004,9115.512779364843
input_noise,reward3_base,DQN reward3 Base,Results_DQN_reward3_o/model,real,3,real_04,Real Rainfall 4,0.1,38,20970752,95,6560.135727523351,1240.9361812586603,7801.071908782012
input_noise,reward3_base,DQN reward3 Base,Results_DQN_reward3_o/model,real,3,real_04,Real Rainfall 4,0.1,39,20970753,95,6555.850408840636,2853.353867417889,9409.204276258526
input_noise,reward3_base,DQN reward3 Base,Results_DQN_reward3_o/model,real,3,real_04,Real Rainfall 4,0.1,40,20970754,95,6395.291121313943,2930.7673000438294,9326.058421357773
input_noise,reward3_base,DQN reward3 Base,Results_DQN_reward3_o/model,real,3,real_04,Real Rainfall 4,0.1,41,20970755,95,6641.148065701376,2185.9984528996683,8827.146518601045
input_noise,reward3_base,DQN reward3 Base,Results_DQN_reward3_o/model,real,3,real_04,Real Rainfall 4,0.1,42,20970756,95,5322.698170793148,3863.7719220458944,9186.470092839043
input_noise,reward3_base,DQN reward3 Base,Results_DQN_reward3_o/model,real,3,real_04,Real Rainfall 4,0.1,43,20970757,95,6657.473513576131,2471.092548293271,9128.566061869402
input_noise,reward3_base,DQN reward3 Base,Results_DQN_reward3_o/model,real,3,real_04,Real Rainfall 4,0.1,44,20970758,95,6623.812050833274,3446.9677561593585,10070.779806992632
input_noise,reward3_base,DQN reward3 Base,Results_DQN_reward3_o/model,real,3,real_04,Real Rainfall 4,0.1,45,20970759,95,6600.1761761284,1440.0845241671936,8040.260700295594
input_noise,reward3_base,DQN reward3 Base,Results_DQN_reward3_o/model,real,3,real_04,Real Rainfall 4,0.1,46,20970760,95,6522.65037394051,2392.335951998989,8914.986325939499
input_noise,reward3_base,DQN reward3 Base,Results_DQN_reward3_o/model,real,3,real_04,Real Rainfall 4,0.1,47,20970761,95,6429.922142706166,2160.8850365605513,8590.807179266718
input_noise,reward3_base,DQN reward3 Base,Results_DQN_reward3_o/model,real,3,real_04,Real Rainfall 4,0.1,48,20970762,95,6474.702007847959,2446.4221445610096,8921.12415240897
input_noise,reward3_base,DQN reward3 Base,Results_DQN_reward3_o/model,real,3,real_04,Real Rainfall 4,0.1,49,20970763,95,6520.820744801395,2142.653245544196,8663.473990345592
