script_type,model_key,model_label,model_dir,source,rain_id,event_label,event_title,delta,repeat_index,seed,num_steps,final_flooding,final_cso,total_overflow
input_output_noise,reward3_gienv,DQN reward3 GIenv,Results_DQN_reward3_train_GI_o/model,design,70,design_21,Design Rainfall 21,0.05,0,20265714,95,1294.8264461694062,577.6120830871401,1872.4385292565462
input_output_noise,reward3_gienv,DQN reward3 GIenv,Results_DQN_reward3_train_GI_o/model,design,70,design_21,Design Rainfall 21,0.05,1,20265715,95,1294.90384122995,577.6082888499967,1872.512130079947
input_output_noise,reward3_gienv,DQN reward3 GIenv,Results_DQN_reward3_train_GI_o/model,design,70,design_21,Design Rainfall 21,0.05,2,20265716,95,1130.2217039079378,1215.7948478669543,2346.016551774892
input_output_noise,reward3_gienv,DQN reward3 GIenv,Results_DQN_reward3_train_GI_o/model,design,70,design_21,Design Rainfall 21,0.05,3,20265717,95,1294.5648188711598,577.609523261124,1872.1743421322838
input_output_noise,reward3_gienv,DQN reward3 GIenv,Results_DQN_reward3_train_GI_o/model,design,70,design_21,Design Rainfall 21,0.05,4,20265718,95,1294.7375232070967,577.6092509809163,1872.3467741880131
input_output_noise,reward3_gienv,DQN reward3 GIenv,Results_DQN_reward3_train_GI_o/model,design,70,design_21,Design Rainfall 21,0.05,5,20265719,95,1066.3709060277654,1282.1510734945434,2348.521979522309
input_output_noise,reward3_gienv,DQN reward3 GIenv,Results_DQN_reward3_train_GI_o/model,design,70,design_21,Design Rainfall 21,0.05,6,20265720,95,1293.308649538577,577.6125772790316,1870.9212268176084
input_output_noise,reward3_gienv,DQN reward3 GIenv,Results_DQN_reward3_train_GI_o/model,design,70,design_21,Design Rainfall 21,0.05,7,20265721,95,1229.153163572897,775.8834552562025,2005.0366188290996
input_output_noise,reward3_gienv,DQN reward3 GIenv,Results_DQN_reward3_train_GI_o/model,design,70,design_21,Design Rainfall 21,0.05,8,20265722,95,1221.1165224737451,773.4516224143016,1994.5681448880468
input_output_noise,reward3_gienv,DQN reward3 GIenv,Results_DQN_reward3_train_GI_o/model,design,70,design_21,Design Rainfall 21,0.05,9,20265723,95,1221.5977370919318,775.7531776441185,1997.3509147360503
input_output_noise,reward3_gienv,DQN reward3 GIenv,Results_DQN_reward3_train_GI_o/model,design,70,design_21,Design Rainfall 21,0.05,10,20265724,95,1218.9332753714373,781.5626473559761,2000.4959227274135
input_output_noise,reward3_gienv,DQN reward3 GIenv,Results_DQN_reward3_train_GI_o/model,design,70,design_21,Design Rainfall 21,0.05,11,20265725,95,1295.2706114099826,577.6213230499,1872.8919344598826
input_output_noise,reward3_gienv,DQN reward3 GIenv,Results_DQN_reward3_train_GI_o/model,design,70,design_21,Design Rainfall 21,0.05,12,20265726,95,1220.8813409790814,771.5150805452031,1992.3964215242845
input_output_noise,reward3_gienv,DQN reward3 GIenv,Results_DQN_reward3_train_GI_o/model,design,70,design_21,Design Rainfall 21,0.05,13,20265727,95,1297.3453338248287,577.6157708349369,1874.9611046597656
input_output_noise,reward3_gienv,DQN reward3 GIenv,Results_DQN_reward3_train_GI_o/model,design,70,design_21,Design Rainfall 21,0.05,14,20265728,95,1220.1799532065568,773.7747234374178,1993.9546766439746
input_output_noise,reward3_gienv,DQN reward3 GIenv,Results_DQN_reward3_train_GI_o/model,design,70,design_21,Design Rainfall 21,0.05,15,20265729,95,1002.6618541034794,1307.095034973858,2309.7568890773373
input_output_noise,reward3_gienv,DQN reward3 GIenv,Results_DQN_reward3_train_GI_o/model,design,70,design_21,Design Rainfall 21,0.05,16,20265730,95,1361.7842746311255,577.6113554438014,1939.3956300749269
input_output_noise,reward3_gienv,DQN reward3 GIenv,Results_DQN_reward3_train_GI_o/model,design,70,design_21,Design Rainfall 21,0.05,17,20265731,95,1222.8644214887088,577.6117621311143,1800.4761836198231
input_output_noise,reward3_gienv,DQN reward3 GIenv,Results_DQN_reward3_train_GI_o/model,design,70,design_21,Design Rainfall 21,0.05,18,20265732,95,1019.4246088639302,1025.0375851934039,2044.462194057334
input_output_noise,reward3_gienv,DQN reward3 GIenv,Results_DQN_reward3_train_GI_o/model,design,70,design_21,Design Rainfall 21,0.05,19,20265733,95,1219.6478924543223,782.5439750108653,2002.1918674651877
input_output_noise,reward3_gienv,DQN reward3 GIenv,Results_DQN_reward3_train_GI_o/model,design,70,design_21,Design Rainfall 21,0.05,20,20265734,95,1294.1506939304988,577.6045851816621,1871.755279112161
input_output_noise,reward3_gienv,DQN reward3 GIenv,Results_DQN_reward3_train_GI_o/model,design,70,design_21,Design Rainfall 21,0.05,21,20265735,95,1294.7835139606927,576.7970531126624,1871.5805670733553
input_output_noise,reward3_gienv,DQN reward3 GIenv,Results_DQN_reward3_train_GI_o/model,design,70,design_21,Design Rainfall 21,0.05,22,20265736,95,1219.094903012298,781.6103921527047,2000.7052951650026
input_output_noise,reward3_gienv,DQN reward3 GIenv,Results_DQN_reward3_train_GI_o/model,design,70,design_21,Design Rainfall 21,0.05,23,20265737,95,1045.9195796449535,1474.2201766253434,2520.139756270297
input_output_noise,reward3_gienv,DQN reward3 GIenv,Results_DQN_reward3_train_GI_o/model,design,70,design_21,Design Rainfall 21,0.05,24,20265738,95,1294.4394899173901,577.6104638829007,1872.049953800291
input_output_noise,reward3_gienv,DQN reward3 GIenv,Results_DQN_reward3_train_GI_o/model,design,70,design_21,Design Rainfall 21,0.05,25,20265739,95,1295.1974901278656,771.9548295567587,2067.152319684624
input_output_noise,reward3_gienv,DQN reward3 GIenv,Results_DQN_reward3_train_GI_o/model,design,70,design_21,Design Rainfall 21,0.05,26,20265740,95,942.0510007836572,1070.768123154404,2012.8191239380612
input_output_noise,reward3_gienv,DQN reward3 GIenv,Results_DQN_reward3_train_GI_o/model,design,70,design_21,Design Rainfall 21,0.05,27,20265741,95,1296.1696068105148,576.8058655339181,1872.975472344433
input_output_noise,reward3_gienv,DQN reward3 GIenv,Results_DQN_reward3_train_GI_o/model,design,70,design_21,Design Rainfall 21,0.05,28,20265742,95,1066.4999663851468,1279.748154478547,2346.2481208636937
input_output_noise,reward3_gienv,DQN reward3 GIenv,Results_DQN_reward3_train_GI_o/model,design,70,design_21,Design Rainfall 21,0.05,29,20265743,95,1294.657960874469,577.6182550219071,1872.276215896376
input_output_noise,reward3_gienv,DQN reward3 GIenv,Results_DQN_reward3_train_GI_o/model,design,70,design_21,Design Rainfall 21,0.05,30,20265744,95,1295.0968287057547,577.6166951658142,1872.713523871569
input_output_noise,reward3_gienv,DQN reward3 GIenv,Results_DQN_reward3_train_GI_o/model,design,70,design_21,Design Rainfall 21,0.05,31,20265745,95,1011.4128707311564,876.2469492452556,1887.659819976412
input_output_noise,reward3_gienv,DQN reward3 GIenv,Results_DQN_reward3_train_GI_o/model,design,70,design_21,Design Rainfall 21,0.05,32,20265746,95,1295.2626128200002,576.7932996615739,1872.055912481574
input_output_noise,reward3_gienv,DQN reward3 GIenv,Results_DQN_reward3_train_GI_o/model,design,70,design_21,Design Rainfall 21,0.05,33,20265747,95,1298.1458349109828,577.6180503461296,1875.7638852571124
input_output_noise,reward3_gienv,DQN reward3 GIenv,Results_DQN_reward3_train_GI_o/model,design,70,design_21,Design Rainfall 21,0.05,34,20265748,95,1294.6358768103423,576.8083490565313,1871.4442258668737
input_output_noise,reward3_gienv,DQN reward3 GIenv,Results_DQN_reward3_train_GI_o/model,design,70,design_21,Design Rainfall 21,0.05,35,20265749,95,1153.7610693142403,776.2674064724182,1930.0284757866584
input_output_noise,reward3_gienv,DQN reward3 GIenv,Results_DQN_reward3_train_GI_o/model,design,70,design_21,Design Rainfall 21,0.05,36,20265750,95,1293.8133825244604,577.615398124927,1871.4287806493874
input_output_noise,reward3_gienv,DQN reward3 GIenv,Results_DQN_reward3_train_GI_o/model,design,70,design_21,Design Rainfall 21,0.05,37,20265751,95,1294.0242970163683,577.6074126266482,1871.6317096430166
input_output_noise,reward3_gienv,DQN reward3 GIenv,Results_DQN_reward3_train_GI_o/model,design,70,design_21,Design Rainfall 21,0.05,38,20265752,95,1049.0179325003483,1482.8383880137483,2531.8563205140963
input_output_noise,reward3_gienv,DQN reward3 GIenv,Results_DQN_reward3_train_GI_o/model,design,70,design_21,Design Rainfall 21,0.05,39,20265753,95,1298.0725390187058,577.610665698444,1875.6832047171497
input_output_noise,reward3_gienv,DQN reward3 GIenv,Results_DQN_reward3_train_GI_o/model,design,70,design_21,Design Rainfall 21,0.05,40,20265754,95,1294.22602468389,576.7961514201553,1871.0221761040452
input_output_noise,reward3_gienv,DQN reward3 GIenv,Results_DQN_reward3_train_GI_o/model,design,70,design_21,Design Rainfall 21,0.05,41,20265755,95,1293.7800707771216,577.6193078927084,1871.3993786698302
input_output_noise,reward3_gienv,DQN reward3 GIenv,Results_DQN_reward3_train_GI_o/model,design,70,design_21,Design Rainfall 21,0.05,42,20265756,95,1294.836876780928,577.6074892333169,1872.4443660142447
input_output_noise,reward3_gienv,DQN reward3 GIenv,Results_DQN_reward3_train_GI_o/model,design,70,design_21,Design Rainfall 21,0.05,43,20265757,95,1297.294734620631,577.6074129831984,1874.9021476038295
input_output_noise,reward3_gienv,DQN reward3 GIenv,Results_DQN_reward3_train_GI_o/model,design,70,design_21,Design Rainfall 21,0.05,44,20265758,95,1295.7960459678493,577.6074706033546,1873.403516571204
input_output_noise,reward3_gienv,DQN reward3 GIenv,Results_DQN_reward3_train_GI_o/model,design,70,design_21,Design Rainfall 21,0.05,45,20265759,95,1044.8262039723882,1485.3033076396696,2530.1295116120577
input_output_noise,reward3_gienv,DQN reward3 GIenv,Results_DQN_reward3_train_GI_o/model,design,70,design_21,Design Rainfall 21,0.05,46,20265760,95,1227.507185885496,577.6074187546548,1805.114604640151
input_output_noise,reward3_gienv,DQN reward3 GIenv,Results_DQN_reward3_train_GI_o/model,design,70,design_21,Design Rainfall 21,0.05,47,20265761,95,1294.6122298523794,577.61837396957,1872.2306038219494
input_output_noise,reward3_gienv,DQN reward3 GIenv,Results_DQN_reward3_train_GI_o/model,design,70,design_21,Design Rainfall 21,0.05,48,20265762,95,1296.328997488413,577.6074045674926,1873.9364020559055
input_output_noise,reward3_gienv,DQN reward3 GIenv,Results_DQN_reward3_train_GI_o/model,design,70,design_21,Design Rainfall 21,0.05,49,20265763,95,1295.2875797682348,577.6124131198208,1872.8999928880555
input_output_noise,reward3_gienv,DQN reward3 GIenv,Results_DQN_reward3_train_GI_o/model,design,70,design_21,Design Rainfall 21,0.1,0,20270714,95,1219.0361003570197,777.1638573688638,1996.1999577258835
input_output_noise,reward3_gienv,DQN reward3 GIenv,Results_DQN_reward3_train_GI_o/model,design,70,design_21,Design Rainfall 21,0.1,1,20270715,95,659.363935390129,1047.134539151699,1706.498474541828
input_output_noise,reward3_gienv,DQN reward3 GIenv,Results_DQN_reward3_train_GI_o/model,design,70,design_21,Design Rainfall 21,0.1,2,20270716,95,1157.898820987023,767.7753574306604,1925.6741784176834
input_output_noise,reward3_gienv,DQN reward3 GIenv,Results_DQN_reward3_train_GI_o/model,design,70,design_21,Design Rainfall 21,0.1,3,20270717,95,1017.1767867487879,1043.8642174104434,2061.0410041592313
input_output_noise,reward3_gienv,DQN reward3 GIenv,Results_DQN_reward3_train_GI_o/model,design,70,design_21,Design Rainfall 21,0.1,4,20270718,95,888.3488916940305,1074.517846139199,1962.8667378332295
input_output_noise,reward3_gienv,DQN reward3 GIenv,Results_DQN_reward3_train_GI_o/model,design,70,design_21,Design Rainfall 21,0.1,5,20270719,95,751.9427520402749,1276.4068748900766,2028.3496269303514
input_output_noise,reward3_gienv,DQN reward3 GIenv,Results_DQN_reward3_train_GI_o/model,design,70,design_21,Design Rainfall 21,0.1,6,20270720,95,1227.2755503709416,577.2095139354373,1804.4850643063787
input_output_noise,reward3_gienv,DQN reward3 GIenv,Results_DQN_reward3_train_GI_o/model,design,70,design_21,Design Rainfall 21,0.1,7,20270721,95,628.4856845709294,1753.051955281326,2381.5376398522553
input_output_noise,reward3_gienv,DQN reward3 GIenv,Results_DQN_reward3_train_GI_o/model,design,70,design_21,Design Rainfall 21,0.1,8,20270722,95,1229.4001117669177,576.808359726577,1806.2084714934947
input_output_noise,reward3_gienv,DQN reward3 GIenv,Results_DQN_reward3_train_GI_o/model,design,70,design_21,Design Rainfall 21,0.1,9,20270723,95,1221.2426176059146,764.8121247575721,1986.0547423634866
input_output_noise,reward3_gienv,DQN reward3 GIenv,Results_DQN_reward3_train_GI_o/model,design,70,design_21,Design Rainfall 21,0.1,10,20270724,95,826.5154021285545,1268.8069299400042,2095.322332068559
input_output_noise,reward3_gienv,DQN reward3 GIenv,Results_DQN_reward3_train_GI_o/model,design,70,design_21,Design Rainfall 21,0.1,11,20270725,95,1146.1279147207815,777.095148464522,1923.2230631853035
input_output_noise,reward3_gienv,DQN reward3 GIenv,Results_DQN_reward3_train_GI_o/model,design,70,design_21,Design Rainfall 21,0.1,12,20270726,95,1228.5909282082023,782.5306986761254,2011.1216268843277
input_output_noise,reward3_gienv,DQN reward3 GIenv,Results_DQN_reward3_train_GI_o/model,design,70,design_21,Design Rainfall 21,0.1,13,20270727,95,750.1334258309557,1271.310313357449,2021.4437391884048
input_output_noise,reward3_gienv,DQN reward3 GIenv,Results_DQN_reward3_train_GI_o/model,design,70,design_21,Design Rainfall 21,0.1,14,20270728,95,689.7960856441293,1607.942074008398,2297.7381596525274
input_output_noise,reward3_gienv,DQN reward3 GIenv,Results_DQN_reward3_train_GI_o/model,design,70,design_21,Design Rainfall 21,0.1,15,20270729,95,1009.8368602970361,1389.2195992797856,2399.056459576822
input_output_noise,reward3_gienv,DQN reward3 GIenv,Results_DQN_reward3_train_GI_o/model,design,70,design_21,Design Rainfall 21,0.1,16,20270730,95,1226.08620806688,782.0210074191735,2008.1072154860535
input_output_noise,reward3_gienv,DQN reward3 GIenv,Results_DQN_reward3_train_GI_o/model,design,70,design_21,Design Rainfall 21,0.1,17,20270731,95,1147.8705201753119,768.1048667827725,1915.9753869580845
input_output_noise,reward3_gienv,DQN reward3 GIenv,Results_DQN_reward3_train_GI_o/model,design,70,design_21,Design Rainfall 21,0.1,18,20270732,95,842.7820668861755,1192.1483884343136,2034.930455320489
input_output_noise,reward3_gienv,DQN reward3 GIenv,Results_DQN_reward3_train_GI_o/model,design,70,design_21,Design Rainfall 21,0.1,19,20270733,95,1091.721087775032,1420.9133798805078,2512.63446765554
input_output_noise,reward3_gienv,DQN reward3 GIenv,Results_DQN_reward3_train_GI_o/model,design,70,design_21,Design Rainfall 21,0.1,20,20270734,95,683.6799179242141,1600.2258711855038,2283.905789109718
input_output_noise,reward3_gienv,DQN reward3 GIenv,Results_DQN_reward3_train_GI_o/model,design,70,design_21,Design Rainfall 21,0.1,21,20270735,95,1361.8442559230434,577.6074174589658,1939.4516733820092
input_output_noise,reward3_gienv,DQN reward3 GIenv,Results_DQN_reward3_train_GI_o/model,design,70,design_21,Design Rainfall 21,0.1,22,20270736,95,960.5416425302824,1058.1196165002134,2018.6612590304958
input_output_noise,reward3_gienv,DQN reward3 GIenv,Results_DQN_reward3_train_GI_o/model,design,70,design_21,Design Rainfall 21,0.1,23,20270737,95,997.5686907283119,1210.0068636641356,2207.5755543924474
input_output_noise,reward3_gienv,DQN reward3 GIenv,Results_DQN_reward3_train_GI_o/model,design,70,design_21,Design Rainfall 21,0.1,24,20270738,95,1228.179842070665,782.6106774892089,2010.790519559874
input_output_noise,reward3_gienv,DQN reward3 GIenv,Results_DQN_reward3_train_GI_o/model,design,70,design_21,Design Rainfall 21,0.1,25,20270739,95,1229.731693236215,767.848431397137,1997.5801246333522
input_output_noise,reward3_gienv,DQN reward3 GIenv,Results_DQN_reward3_train_GI_o/model,design,70,design_21,Design Rainfall 21,0.1,26,20270740,95,1228.3116884393128,781.5142741920677,2009.8259626313804
input_output_noise,reward3_gienv,DQN reward3 GIenv,Results_DQN_reward3_train_GI_o/model,design,70,design_21,Design Rainfall 21,0.1,27,20270741,95,1227.3384872603258,774.9305367059659,2002.2690239662916
input_output_noise,reward3_gienv,DQN reward3 GIenv,Results_DQN_reward3_train_GI_o/model,design,70,design_21,Design Rainfall 21,0.1,28,20270742,95,823.9251326013067,1597.3458871690768,2421.2710197703836
input_output_noise,reward3_gienv,DQN reward3 GIenv,Results_DQN_reward3_train_GI_o/model,design,70,design_21,Design Rainfall 21,0.1,29,20270743,95,1051.5742653415052,1388.3073357042122,2439.8816010457176
input_output_noise,reward3_gienv,DQN reward3 GIenv,Results_DQN_reward3_train_GI_o/model,design,70,design_21,Design Rainfall 21,0.1,30,20270744,95,1295.3916814896834,577.6137986999545,1873.0054801896379
input_output_noise,reward3_gienv,DQN reward3 GIenv,Results_DQN_reward3_train_GI_o/model,design,70,design_21,Design Rainfall 21,0.1,31,20270745,95,1022.2624611987757,849.7491017032883,1872.0115629020638
input_output_noise,reward3_gienv,DQN reward3 GIenv,Results_DQN_reward3_train_GI_o/model,design,70,design_21,Design Rainfall 21,0.1,32,20270746,95,1294.2857184337215,577.607395639047,1871.8931140727686
input_output_noise,reward3_gienv,DQN reward3 GIenv,Results_DQN_reward3_train_GI_o/model,design,70,design_21,Design Rainfall 21,0.1,33,20270747,95,1295.5691066177897,761.904565350274,2057.4736719680636
input_output_noise,reward3_gienv,DQN reward3 GIenv,Results_DQN_reward3_train_GI_o/model,design,70,design_21,Design Rainfall 21,0.1,34,20270748,95,1108.476189962259,1063.8305495865816,2172.3067395488406
input_output_noise,reward3_gienv,DQN reward3 GIenv,Results_DQN_reward3_train_GI_o/model,design,70,design_21,Design Rainfall 21,0.1,35,20270749,95,1019.540510886038,1228.0727211899075,2247.6132320759452
input_output_noise,reward3_gienv,DQN reward3 GIenv,Results_DQN_reward3_train_GI_o/model,design,70,design_21,Design Rainfall 21,0.1,36,20270750,95,920.0123135292765,1451.1780442562929,2371.190357785569
input_output_noise,reward3_gienv,DQN reward3 GIenv,Results_DQN_reward3_train_GI_o/model,design,70,design_21,Design Rainfall 21,0.1,37,20270751,95,897.7002754817862,1252.7650568272552,2150.4653323090415
input_output_noise,reward3_gienv,DQN reward3 GIenv,Results_DQN_reward3_train_GI_o/model,design,70,design_21,Design Rainfall 21,0.1,38,20270752,95,903.0093759090287,1663.6387897013926,2566.6481656104215
input_output_noise,reward3_gienv,DQN reward3 GIenv,Results_DQN_reward3_train_GI_o/model,design,70,design_21,Design Rainfall 21,0.1,39,20270753,95,1249.096020665124,969.9752970712699,2219.0713177363937
input_output_noise,reward3_gienv,DQN reward3 GIenv,Results_DQN_reward3_train_GI_o/model,design,70,design_21,Design Rainfall 21,0.1,40,20270754,95,894.3049863903723,1058.7635720110165,1953.0685584013888
input_output_noise,reward3_gienv,DQN reward3 GIenv,Results_DQN_reward3_train_GI_o/model,design,70,design_21,Design Rainfall 21,0.1,41,20270755,95,492.1428601583132,1720.2367324011466,2212.37959255946
input_output_noise,reward3_gienv,DQN reward3 GIenv,Results_DQN_reward3_train_GI_o/model,design,70,design_21,Design Rainfall 21,0.1,42,20270756,95,1038.377199079113,983.7587073005795,2022.1359063796926
input_output_noise,reward3_gienv,DQN reward3 GIenv,Results_DQN_reward3_train_GI_o/model,design,70,design_21,Design Rainfall 21,0.1,43,20270757,95,1294.5580117062418,576.7918387630399,1871.3498504692816
input_output_noise,reward3_gienv,DQN reward3 GIenv,Results_DQN_reward3_train_GI_o/model,design,70,design_21,Design Rainfall 21,0.1,44,20270758,95,272.827129970306,2349.7702312122246,2622.5973611825307
input_output_noise,reward3_gienv,DQN reward3 GIenv,Results_DQN_reward3_train_GI_o/model,design,70,design_21,Design Rainfall 21,0.1,45,20270759,95,1243.47347444266,782.7439495715754,2026.2174240142353
input_output_noise,reward3_gienv,DQN reward3 GIenv,Results_DQN_reward3_train_GI_o/model,design,70,design_21,Design Rainfall 21,0.1,46,20270760,95,1228.2156321176974,577.6046158356003,1805.8202479532977
input_output_noise,reward3_gienv,DQN reward3 GIenv,Results_DQN_reward3_train_GI_o/model,design,70,design_21,Design Rainfall 21,0.1,47,20270761,95,1154.5355158666005,1165.108439361462,2319.6439552280626
input_output_noise,reward3_gienv,DQN reward3 GIenv,Results_DQN_reward3_train_GI_o/model,design,70,design_21,Design Rainfall 21,0.1,48,20270762,95,1089.2534577581728,577.6074364861178,1666.8608942442906
input_output_noise,reward3_gienv,DQN reward3 GIenv,Results_DQN_reward3_train_GI_o/model,design,70,design_21,Design Rainfall 21,0.1,49,20270763,95,1298.417856240864,576.8127351817681,1875.2305914226322
input_output_noise,reward3_gienv,DQN reward3 GIenv,Results_DQN_reward3_train_GI_o/model,design,64,design_15,Design Rainfall 15,0.05,0,20365714,95,2016.0919681034172,2882.9589365332176,4899.050904636635
input_output_noise,reward3_gienv,DQN reward3 GIenv,Results_DQN_reward3_train_GI_o/model,design,64,design_15,Design Rainfall 15,0.05,1,20365715,95,1929.7631157670244,3446.3090349451372,5376.072150712162
input_output_noise,reward3_gienv,DQN reward3 GIenv,Results_DQN_reward3_train_GI_o/model,design,64,design_15,Design Rainfall 15,0.05,2,20365716,95,1972.0943900576942,3155.7748549381386,5127.869244995833
input_output_noise,reward3_gienv,DQN reward3 GIenv,Results_DQN_reward3_train_GI_o/model,design,64,design_15,Design Rainfall 15,0.05,3,20365717,95,1909.5828206112296,3180.0608699514232,5089.643690562652
input_output_noise,reward3_gienv,DQN reward3 GIenv,Results_DQN_reward3_train_GI_o/model,design,64,design_15,Design Rainfall 15,0.05,4,20365718,95,2308.339444966113,2173.8739817111555,4482.213426677268
input_output_noise,reward3_gienv,DQN reward3 GIenv,Results_DQN_reward3_train_GI_o/model,design,64,design_15,Design Rainfall 15,0.05,5,20365719,95,2005.8230865171543,2959.973494062772,4965.796580579926
input_output_noise,reward3_gienv,DQN reward3 GIenv,Results_DQN_reward3_train_GI_o/model,design,64,design_15,Design Rainfall 15,0.05,6,20365720,95,1932.2278248903006,2836.4627542788016,4768.690579169102
input_output_noise,reward3_gienv,DQN reward3 GIenv,Results_DQN_reward3_train_GI_o/model,design,64,design_15,Design Rainfall 15,0.05,7,20365721,95,1446.8963717032166,3759.533886972345,5206.430258675562
input_output_noise,reward3_gienv,DQN reward3 GIenv,Results_DQN_reward3_train_GI_o/model,design,64,design_15,Design Rainfall 15,0.05,8,20365722,95,1976.238942328297,2895.6848930403557,4871.923835368652
input_output_noise,reward3_gienv,DQN reward3 GIenv,Results_DQN_reward3_train_GI_o/model,design,64,design_15,Design Rainfall 15,0.05,9,20365723,95,1516.4840790390758,3555.862178595199,5072.346257634275
input_output_noise,reward3_gienv,DQN reward3 GIenv,Results_DQN_reward3_train_GI_o/model,design,64,design_15,Design Rainfall 15,0.05,10,20365724,95,1956.2854129027105,3284.4977550632498,5240.78316796596
input_output_noise,reward3_gienv,DQN reward3 GIenv,Results_DQN_reward3_train_GI_o/model,design,64,design_15,Design Rainfall 15,0.05,11,20365725,95,1920.5722477171255,3238.8006990810713,5159.372946798197
input_output_noise,reward3_gienv,DQN reward3 GIenv,Results_DQN_reward3_train_GI_o/model,design,64,design_15,Design Rainfall 15,0.05,12,20365726,95,1490.9108625994168,3530.337608690351,5021.248471289768
input_output_noise,reward3_gienv,DQN reward3 GIenv,Results_DQN_reward3_train_GI_o/model,design,64,design_15,Design Rainfall 15,0.05,13,20365727,95,1368.4897602964747,4441.50032947627,5809.990089772745
input_output_noise,reward3_gienv,DQN reward3 GIenv,Results_DQN_reward3_train_GI_o/model,design,64,design_15,Design Rainfall 15,0.05,14,20365728,95,1462.711876727339,3673.0068206148317,5135.71869734217
input_output_noise,reward3_gienv,DQN reward3 GIenv,Results_DQN_reward3_train_GI_o/model,design,64,design_15,Design Rainfall 15,0.05,15,20365729,95,2905.8958233827725,1863.753310064434,4769.649133447207
input_output_noise,reward3_gienv,DQN reward3 GIenv,Results_DQN_reward3_train_GI_o/model,design,64,design_15,Design Rainfall 15,0.05,16,20365730,95,1958.6353075292845,3215.717949705254,5174.353257234538
input_output_noise,reward3_gienv,DQN reward3 GIenv,Results_DQN_reward3_train_GI_o/model,design,64,design_15,Design Rainfall 15,0.05,17,20365731,95,1330.5292501915765,4525.772206534619,5856.301456726195
input_output_noise,reward3_gienv,DQN reward3 GIenv,Results_DQN_reward3_train_GI_o/model,design,64,design_15,Design Rainfall 15,0.05,18,20365732,95,1436.1607355501922,4478.400337240083,5914.561072790275
input_output_noise,reward3_gienv,DQN reward3 GIenv,Results_DQN_reward3_train_GI_o/model,design,64,design_15,Design Rainfall 15,0.05,19,20365733,95,1331.8250345223616,4677.074398534513,6008.899433056875
input_output_noise,reward3_gienv,DQN reward3 GIenv,Results_DQN_reward3_train_GI_o/model,design,64,design_15,Design Rainfall 15,0.05,20,20365734,95,2005.7923082547388,2945.1109704606088,4950.903278715347
input_output_noise,reward3_gienv,DQN reward3 GIenv,Results_DQN_reward3_train_GI_o/model,design,64,design_15,Design Rainfall 15,0.05,21,20365735,95,1338.698624941554,4156.722402039212,5495.421026980766
input_output_noise,reward3_gienv,DQN reward3 GIenv,Results_DQN_reward3_train_GI_o/model,design,64,design_15,Design Rainfall 15,0.05,22,20365736,95,1546.5219446977378,3592.9507400692364,5139.472684766974
input_output_noise,reward3_gienv,DQN reward3 GIenv,Results_DQN_reward3_train_GI_o/model,design,64,design_15,Design Rainfall 15,0.05,23,20365737,95,2841.447451188995,1848.2040996113242,4689.6515508003195
input_output_noise,reward3_gienv,DQN reward3 GIenv,Results_DQN_reward3_train_GI_o/model,design,64,design_15,Design Rainfall 15,0.05,24,20365738,95,1935.111479234846,3205.801789014359,5140.913268249205
input_output_noise,reward3_gienv,DQN reward3 GIenv,Results_DQN_reward3_train_GI_o/model,design,64,design_15,Design Rainfall 15,0.05,25,20365739,95,2517.1391680492475,2652.9755487044913,5170.114716753738
input_output_noise,reward3_gienv,DQN reward3 GIenv,Results_DQN_reward3_train_GI_o/model,design,64,design_15,Design Rainfall 15,0.05,26,20365740,95,1622.7895788472001,3038.673657023107,4661.4632358703075
input_output_noise,reward3_gienv,DQN reward3 GIenv,Results_DQN_reward3_train_GI_o/model,design,64,design_15,Design Rainfall 15,0.05,27,20365741,95,1940.1191370016982,3246.0037682363436,5186.122905238042
input_output_noise,reward3_gienv,DQN reward3 GIenv,Results_DQN_reward3_train_GI_o/model,design,64,design_15,Design Rainfall 15,0.05,28,20365742,95,1916.7524045009943,3403.82024208252,5320.572646583514
input_output_noise,reward3_gienv,DQN reward3 GIenv,Results_DQN_reward3_train_GI_o/model,design,64,design_15,Design Rainfall 15,0.05,29,20365743,95,1368.9152686535124,4508.03844065516,5876.953709308673
input_output_noise,reward3_gienv,DQN reward3 GIenv,Results_DQN_reward3_train_GI_o/model,design,64,design_15,Design Rainfall 15,0.05,30,20365744,95,1934.0635583225726,3318.5384416183115,5252.601999940884
input_output_noise,reward3_gienv,DQN reward3 GIenv,Results_DQN_reward3_train_GI_o/model,design,64,design_15,Design Rainfall 15,0.05,31,20365745,95,1629.8259478960078,3018.459307102745,4648.285254998753
input_output_noise,reward3_gienv,DQN reward3 GIenv,Results_DQN_reward3_train_GI_o/model,design,64,design_15,Design Rainfall 15,0.05,32,20365746,95,1699.3881793728997,3405.2125933269845,5104.600772699884
input_output_noise,reward3_gienv,DQN reward3 GIenv,Results_DQN_reward3_train_GI_o/model,design,64,design_15,Design Rainfall 15,0.05,33,20365747,95,1924.4224961007758,2929.2658031554647,4853.6882992562405
input_output_noise,reward3_gienv,DQN reward3 GIenv,Results_DQN_reward3_train_GI_o/model,design,64,design_15,Design Rainfall 15,0.05,34,20365748,95,1954.1860338053953,2645.5861025132444,4599.772136318639
input_output_noise,reward3_gienv,DQN reward3 GIenv,Results_DQN_reward3_train_GI_o/model,design,64,design_15,Design Rainfall 15,0.05,35,20365749,95,1613.8214966085884,3701.6628737579745,5315.484370366563
input_output_noise,reward3_gienv,DQN reward3 GIenv,Results_DQN_reward3_train_GI_o/model,design,64,design_15,Design Rainfall 15,0.05,36,20365750,95,1967.2498300393643,3383.207557938016,5350.457387977381
input_output_noise,reward3_gienv,DQN reward3 GIenv,Results_DQN_reward3_train_GI_o/model,design,64,design_15,Design Rainfall 15,0.05,37,20365751,95,1494.0607262033705,3800.591904754596,5294.652630957966
input_output_noise,reward3_gienv,DQN reward3 GIenv,Results_DQN_reward3_train_GI_o/model,design,64,design_15,Design Rainfall 15,0.05,38,20365752,95,1314.1527069152519,4071.0199769092183,5385.17268382447
input_output_noise,reward3_gienv,DQN reward3 GIenv,Results_DQN_reward3_train_GI_o/model,design,64,design_15,Design Rainfall 15,0.05,39,20365753,95,1328.3641030777305,4543.15012488993,5871.514227967661
input_output_noise,reward3_gienv,DQN reward3 GIenv,Results_DQN_reward3_train_GI_o/model,design,64,design_15,Design Rainfall 15,0.05,40,20365754,95,2005.1466231805896,2953.5722653361067,4958.718888516696
input_output_noise,reward3_gienv,DQN reward3 GIenv,Results_DQN_reward3_train_GI_o/model,design,64,design_15,Design Rainfall 15,0.05,41,20365755,95,2777.8927730302294,1800.355793331242,4578.248566361472
input_output_noise,reward3_gienv,DQN reward3 GIenv,Results_DQN_reward3_train_GI_o/model,design,64,design_15,Design Rainfall 15,0.05,42,20365756,95,1934.031866743624,3123.811622968251,5057.843489711875
input_output_noise,reward3_gienv,DQN reward3 GIenv,Results_DQN_reward3_train_GI_o/model,design,64,design_15,Design Rainfall 15,0.05,43,20365757,95,2172.7643389295363,2852.6245995781114,5025.388938507647
input_output_noise,reward3_gienv,DQN reward3 GIenv,Results_DQN_reward3_train_GI_o/model,design,64,design_15,Design Rainfall 15,0.05,44,20365758,95,1953.3354875469684,3276.816793177849,5230.1522807248175
input_output_noise,reward3_gienv,DQN reward3 GIenv,Results_DQN_reward3_train_GI_o/model,design,64,design_15,Design Rainfall 15,0.05,45,20365759,95,1474.7105048186925,3184.5301406643484,4659.240645483041
input_output_noise,reward3_gienv,DQN reward3 GIenv,Results_DQN_reward3_train_GI_o/model,design,64,design_15,Design Rainfall 15,0.05,46,20365760,95,2018.86610486037,3162.6254266129204,5181.49153147329
input_output_noise,reward3_gienv,DQN reward3 GIenv,Results_DQN_reward3_train_GI_o/model,design,64,design_15,Design Rainfall 15,0.05,47,20365761,95,1929.912051974365,3172.826362050283,5102.738414024649
input_output_noise,reward3_gienv,DQN reward3 GIenv,Results_DQN_reward3_train_GI_o/model,design,64,design_15,Design Rainfall 15,0.05,48,20365762,95,2728.454099654549,1973.689720801562,4702.143820456111
input_output_noise,reward3_gienv,DQN reward3 GIenv,Results_DQN_reward3_train_GI_o/model,design,64,design_15,Design Rainfall 15,0.05,49,20365763,95,2085.4710222823696,2676.1838820929543,4761.654904375324
input_output_noise,reward3_gienv,DQN reward3 GIenv,Results_DQN_reward3_train_GI_o/model,design,64,design_15,Design Rainfall 15,0.1,0,20370714,95,1716.9582066861324,3604.3206338774444,5321.2788405635765
input_output_noise,reward3_gienv,DQN reward3 GIenv,Results_DQN_reward3_train_GI_o/model,design,64,design_15,Design Rainfall 15,0.1,1,20370715,95,1587.7722688764024,3431.2564488084595,5019.0287176848615
input_output_noise,reward3_gienv,DQN reward3 GIenv,Results_DQN_reward3_train_GI_o/model,design,64,design_15,Design Rainfall 15,0.1,2,20370716,95,1538.1825884752486,3080.842700154305,4619.025288629554
input_output_noise,reward3_gienv,DQN reward3 GIenv,Results_DQN_reward3_train_GI_o/model,design,64,design_15,Design Rainfall 15,0.1,3,20370717,95,2125.044613172883,2473.5733529364143,4598.617966109297
input_output_noise,reward3_gienv,DQN reward3 GIenv,Results_DQN_reward3_train_GI_o/model,design,64,design_15,Design Rainfall 15,0.1,4,20370718,95,1483.2391462142007,3470.8124637590536,4954.051609973254
input_output_noise,reward3_gienv,DQN reward3 GIenv,Results_DQN_reward3_train_GI_o/model,design,64,design_15,Design Rainfall 15,0.1,5,20370719,95,1800.5645639625284,2937.425390790059,4737.989954752587
input_output_noise,reward3_gienv,DQN reward3 GIenv,Results_DQN_reward3_train_GI_o/model,design,64,design_15,Design Rainfall 15,0.1,6,20370720,95,1677.826850337223,3211.2377078625905,4889.064558199813
input_output_noise,reward3_gienv,DQN reward3 GIenv,Results_DQN_reward3_train_GI_o/model,design,64,design_15,Design Rainfall 15,0.1,7,20370721,95,1435.5053158280934,3822.2845208324597,5257.789836660553
input_output_noise,reward3_gienv,DQN reward3 GIenv,Results_DQN_reward3_train_GI_o/model,design,64,design_15,Design Rainfall 15,0.1,8,20370722,95,2601.7416684378104,2072.09656337032,4673.83823180813
input_output_noise,reward3_gienv,DQN reward3 GIenv,Results_DQN_reward3_train_GI_o/model,design,64,design_15,Design Rainfall 15,0.1,9,20370723,95,1581.7494276411646,3741.136541844661,5322.885969485826
input_output_noise,reward3_gienv,DQN reward3 GIenv,Results_DQN_reward3_train_GI_o/model,design,64,design_15,Design Rainfall 15,0.1,10,20370724,95,2270.401729342275,2341.6607685641566,4612.062497906431
input_output_noise,reward3_gienv,DQN reward3 GIenv,Results_DQN_reward3_train_GI_o/model,design,64,design_15,Design Rainfall 15,0.1,11,20370725,95,2699.9377528461414,1363.2873601149024,4063.225112961044
input_output_noise,reward3_gienv,DQN reward3 GIenv,Results_DQN_reward3_train_GI_o/model,design,64,design_15,Design Rainfall 15,0.1,12,20370726,95,1409.1664498909852,3803.192196164149,5212.358646055134
input_output_noise,reward3_gienv,DQN reward3 GIenv,Results_DQN_reward3_train_GI_o/model,design,64,design_15,Design Rainfall 15,0.1,13,20370727,95,1482.2192414525223,3800.73600084765,5282.955242300172
input_output_noise,reward3_gienv,DQN reward3 GIenv,Results_DQN_reward3_train_GI_o/model,design,64,design_15,Design Rainfall 15,0.1,14,20370728,95,1381.5371098076962,4918.667929731524,6300.20503953922
input_output_noise,reward3_gienv,DQN reward3 GIenv,Results_DQN_reward3_train_GI_o/model,design,64,design_15,Design Rainfall 15,0.1,15,20370729,95,1761.9926726764324,2696.4339276364526,4458.426600312885
input_output_noise,reward3_gienv,DQN reward3 GIenv,Results_DQN_reward3_train_GI_o/model,design,64,design_15,Design Rainfall 15,0.1,16,20370730,95,1642.94045349786,3389.5477077889345,5032.488161286795
input_output_noise,reward3_gienv,DQN reward3 GIenv,Results_DQN_reward3_train_GI_o/model,design,64,design_15,Design Rainfall 15,0.1,17,20370731,95,1989.6902243363522,3235.3984523965346,5225.088676732887
input_output_noise,reward3_gienv,DQN reward3 GIenv,Results_DQN_reward3_train_GI_o/model,design,64,design_15,Design Rainfall 15,0.1,18,20370732,95,2040.002869572469,3018.7007646368575,5058.703634209327
input_output_noise,reward3_gienv,DQN reward3 GIenv,Results_DQN_reward3_train_GI_o/model,design,64,design_15,Design Rainfall 15,0.1,19,20370733,95,2746.5355239796827,1821.6414390731697,4568.176963052852
input_output_noise,reward3_gienv,DQN reward3 GIenv,Results_DQN_reward3_train_GI_o/model,design,64,design_15,Design Rainfall 15,0.1,20,20370734,95,2541.4991796713557,2690.990021299046,5232.489200970402
input_output_noise,reward3_gienv,DQN reward3 GIenv,Results_DQN_reward3_train_GI_o/model,design,64,design_15,Design Rainfall 15,0.1,21,20370735,95,1714.3821500894178,3331.4735044581894,5045.855654547608
input_output_noise,reward3_gienv,DQN reward3 GIenv,Results_DQN_reward3_train_GI_o/model,design,64,design_15,Design Rainfall 15,0.1,22,20370736,95,1918.3437968295834,2972.788705448473,4891.132502278057
input_output_noise,reward3_gienv,DQN reward3 GIenv,Results_DQN_reward3_train_GI_o/model,design,64,design_15,Design Rainfall 15,0.1,23,20370737,95,1610.7823932343313,2716.360181446501,4327.142574680833
input_output_noise,reward3_gienv,DQN reward3 GIenv,Results_DQN_reward3_train_GI_o/model,design,64,design_15,Design Rainfall 15,0.1,24,20370738,95,2006.5833515481804,3021.8674405245006,5028.450792072681
input_output_noise,reward3_gienv,DQN reward3 GIenv,Results_DQN_reward3_train_GI_o/model,design,64,design_15,Design Rainfall 15,0.1,25,20370739,95,1482.3073274898966,3521.4663136297186,5003.773641119615
input_output_noise,reward3_gienv,DQN reward3 GIenv,Results_DQN_reward3_train_GI_o/model,design,64,design_15,Design Rainfall 15,0.1,26,20370740,95,2120.217187544721,2206.316315471653,4326.533503016374
input_output_noise,reward3_gienv,DQN reward3 GIenv,Results_DQN_reward3_train_GI_o/model,design,64,design_15,Design Rainfall 15,0.1,27,20370741,95,1389.4871892555418,4206.14074951691,5595.627938772452
input_output_noise,reward3_gienv,DQN reward3 GIenv,Results_DQN_reward3_train_GI_o/model,design,64,design_15,Design Rainfall 15,0.1,28,20370742,95,2025.9371113030577,2682.6220670886064,4708.559178391664
input_output_noise,reward3_gienv,DQN reward3 GIenv,Results_DQN_reward3_train_GI_o/model,design,64,design_15,Design Rainfall 15,0.1,29,20370743,95,2000.758709278082,2947.1940547256827,4947.952764003765
input_output_noise,reward3_gienv,DQN reward3 GIenv,Results_DQN_reward3_train_GI_o/model,design,64,design_15,Design Rainfall 15,0.1,30,20370744,95,1999.1260595673937,3336.9376729088476,5336.063732476241
input_output_noise,reward3_gienv,DQN reward3 GIenv,Results_DQN_reward3_train_GI_o/model,design,64,design_15,Design Rainfall 15,0.1,31,20370745,95,1943.9360297083138,2938.572329181754,4882.508358890068
input_output_noise,reward3_gienv,DQN reward3 GIenv,Results_DQN_reward3_train_GI_o/model,design,64,design_15,Design Rainfall 15,0.1,32,20370746,95,1776.3120000890924,3016.5671815473966,4792.879181636489
input_output_noise,reward3_gienv,DQN reward3 GIenv,Results_DQN_reward3_train_GI_o/model,design,64,design_15,Design Rainfall 15,0.1,33,20370747,95,1516.4283228191834,3337.1167400140585,4853.545062833242
input_output_noise,reward3_gienv,DQN reward3 GIenv,Results_DQN_reward3_train_GI_o/model,design,64,design_15,Design Rainfall 15,0.1,34,20370748,95,2710.3034999337733,2236.0445674917064,4946.34806742548
input_output_noise,reward3_gienv,DQN reward3 GIenv,Results_DQN_reward3_train_GI_o/model,design,64,design_15,Design Rainfall 15,0.1,35,20370749,95,1328.3839223481373,3800.0480070275003,5128.431929375638
input_output_noise,reward3_gienv,DQN reward3 GIenv,Results_DQN_reward3_train_GI_o/model,design,64,design_15,Design Rainfall 15,0.1,36,20370750,95,1689.377158635568,3007.4558169755983,4696.832975611166
input_output_noise,reward3_gienv,DQN reward3 GIenv,Results_DQN_reward3_train_GI_o/model,design,64,design_15,Design Rainfall 15,0.1,37,20370751,95,2095.9490785957514,2819.071660133751,4915.020738729502
input_output_noise,reward3_gienv,DQN reward3 GIenv,Results_DQN_reward3_train_GI_o/model,design,64,design_15,Design Rainfall 15,0.1,38,20370752,95,1678.2685494866823,3017.540804987679,4695.8093544743615
input_output_noise,reward3_gienv,DQN reward3 GIenv,Results_DQN_reward3_train_GI_o/model,design,64,design_15,Design Rainfall 15,0.1,39,20370753,95,1596.991715193675,3365.681634269952,4962.673349463627
input_output_noise,reward3_gienv,DQN reward3 GIenv,Results_DQN_reward3_train_GI_o/model,design,64,design_15,Design Rainfall 15,0.1,40,20370754,95,1483.1725339921934,3388.071071588898,4871.243605581091
input_output_noise,reward3_gienv,DQN reward3 GIenv,Results_DQN_reward3_train_GI_o/model,design,64,design_15,Design Rainfall 15,0.1,41,20370755,95,2656.7013562453176,2141.9886789452735,4798.6900351905915
input_output_noise,reward3_gienv,DQN reward3 GIenv,Results_DQN_reward3_train_GI_o/model,design,64,design_15,Design Rainfall 15,0.1,42,20370756,95,2215.131790672216,1968.8281283669003,4183.959919039116
input_output_noise,reward3_gienv,DQN reward3 GIenv,Results_DQN_reward3_train_GI_o/model,design,64,design_15,Design Rainfall 15,0.1,43,20370757,95,1324.544568744821,4044.0283068450753,5368.572875589896
input_output_noise,reward3_gienv,DQN reward3 GIenv,Results_DQN_reward3_train_GI_o/model,design,64,design_15,Design Rainfall 15,0.1,44,20370758,95,1444.9806612708553,3335.1902190401315,4780.170880310987
input_output_noise,reward3_gienv,DQN reward3 GIenv,Results_DQN_reward3_train_GI_o/model,design,64,design_15,Design Rainfall 15,0.1,45,20370759,95,1946.4221670983534,3284.3061352099203,5230.728302308274
input_output_noise,reward3_gienv,DQN reward3 GIenv,Results_DQN_reward3_train_GI_o/model,design,64,design_15,Design Rainfall 15,0.1,46,20370760,95,1450.9692947688125,3926.654818730382,5377.624113499194
input_output_noise,reward3_gienv,DQN reward3 GIenv,Results_DQN_reward3_train_GI_o/model,design,64,design_15,Design Rainfall 15,0.1,47,20370761,95,2572.697943983627,2426.323814898256,4999.021758881883
input_output_noise,reward3_gienv,DQN reward3 GIenv,Results_DQN_reward3_train_GI_o/model,design,64,design_15,Design Rainfall 15,0.1,48,20370762,95,1339.0280882249494,4192.68577060577,5531.713858830719
input_output_noise,reward3_gienv,DQN reward3 GIenv,Results_DQN_reward3_train_GI_o/model,design,64,design_15,Design Rainfall 15,0.1,49,20370763,95,2498.2539079070775,2324.1066446050245,4822.360552512102
input_output_noise,reward3_gienv,DQN reward3 GIenv,Results_DQN_reward3_train_GI_o/model,design,67,design_18,Design Rainfall 18,0.05,0,20465714,95,3093.185150964473,3015.037685080994,6108.2228360454665
input_output_noise,reward3_gienv,DQN reward3 GIenv,Results_DQN_reward3_train_GI_o/model,design,67,design_18,Design Rainfall 18,0.05,1,20465715,95,2919.8638428748186,3575.864248532698,6495.728091407516
input_output_noise,reward3_gienv,DQN reward3 GIenv,Results_DQN_reward3_train_GI_o/model,design,67,design_18,Design Rainfall 18,0.05,2,20465716,95,3109.406925027724,3159.5362843688117,6268.943209396535
input_output_noise,reward3_gienv,DQN reward3 GIenv,Results_DQN_reward3_train_GI_o/model,design,67,design_18,Design Rainfall 18,0.05,3,20465717,95,3073.040702066395,3320.151076193164,6393.191778259559
input_output_noise,reward3_gienv,DQN reward3 GIenv,Results_DQN_reward3_train_GI_o/model,design,67,design_18,Design Rainfall 18,0.05,4,20465718,95,3178.150281099577,2900.0590384048974,6078.2093195044745
input_output_noise,reward3_gienv,DQN reward3 GIenv,Results_DQN_reward3_train_GI_o/model,design,67,design_18,Design Rainfall 18,0.05,5,20465719,95,3371.3051140420393,3189.375896191731,6560.68101023377
input_output_noise,reward3_gienv,DQN reward3 GIenv,Results_DQN_reward3_train_GI_o/model,design,67,design_18,Design Rainfall 18,0.05,6,20465720,95,3113.066589316956,3373.3739340291695,6486.440523346126
input_output_noise,reward3_gienv,DQN reward3 GIenv,Results_DQN_reward3_train_GI_o/model,design,67,design_18,Design Rainfall 18,0.05,7,20465721,95,3374.3227801852904,3105.7927617722544,6480.115541957544
input_output_noise,reward3_gienv,DQN reward3 GIenv,Results_DQN_reward3_train_GI_o/model,design,67,design_18,Design Rainfall 18,0.05,8,20465722,95,3300.701040977178,2917.5465548124653,6218.247595789643
input_output_noise,reward3_gienv,DQN reward3 GIenv,Results_DQN_reward3_train_GI_o/model,design,67,design_18,Design Rainfall 18,0.05,9,20465723,95,3118.3074835272464,3164.1075242187653,6282.415007746012
input_output_noise,reward3_gienv,DQN reward3 GIenv,Results_DQN_reward3_train_GI_o/model,design,67,design_18,Design Rainfall 18,0.05,10,20465724,95,3098.2728823119937,3375.6877939074266,6473.96067621942
input_output_noise,reward3_gienv,DQN reward3 GIenv,Results_DQN_reward3_train_GI_o/model,design,67,design_18,Design Rainfall 18,0.05,11,20465725,95,3150.174317990541,3238.061370363138,6388.2356883536795
input_output_noise,reward3_gienv,DQN reward3 GIenv,Results_DQN_reward3_train_GI_o/model,design,67,design_18,Design Rainfall 18,0.05,12,20465726,95,2816.0738965535766,3574.124089275989,6390.197985829565
input_output_noise,reward3_gienv,DQN reward3 GIenv,Results_DQN_reward3_train_GI_o/model,design,67,design_18,Design Rainfall 18,0.05,13,20465727,95,3293.683473835848,2781.7698208919196,6075.453294727768
input_output_noise,reward3_gienv,DQN reward3 GIenv,Results_DQN_reward3_train_GI_o/model,design,67,design_18,Design Rainfall 18,0.05,14,20465728,95,3092.3034245567965,3003.2693360955,6095.572760652296
input_output_noise,reward3_gienv,DQN reward3 GIenv,Results_DQN_reward3_train_GI_o/model,design,67,design_18,Design Rainfall 18,0.05,15,20465729,95,3082.834885230587,3389.4238279693554,6472.258713199943
input_output_noise,reward3_gienv,DQN reward3 GIenv,Results_DQN_reward3_train_GI_o/model,design,67,design_18,Design Rainfall 18,0.05,16,20465730,95,3070.5152714595674,3054.0951766729495,6124.6104481325165
input_output_noise,reward3_gienv,DQN reward3 GIenv,Results_DQN_reward3_train_GI_o/model,design,67,design_18,Design Rainfall 18,0.05,17,20465731,95,3063.240224299153,3020.828026836418,6084.068251135571
input_output_noise,reward3_gienv,DQN reward3 GIenv,Results_DQN_reward3_train_GI_o/model,design,67,design_18,Design Rainfall 18,0.05,18,20465732,95,3110.9776759036877,3022.591110395125,6133.5687862988125
input_output_noise,reward3_gienv,DQN reward3 GIenv,Results_DQN_reward3_train_GI_o/model,design,67,design_18,Design Rainfall 18,0.05,19,20465733,95,3213.9390996083243,3047.7386571988786,6261.677756807203
input_output_noise,reward3_gienv,DQN reward3 GIenv,Results_DQN_reward3_train_GI_o/model,design,67,design_18,Design Rainfall 18,0.05,20,20465734,95,3233.8924489502933,3157.283503376151,6391.1759523264445
input_output_noise,reward3_gienv,DQN reward3 GIenv,Results_DQN_reward3_train_GI_o/model,design,67,design_18,Design Rainfall 18,0.05,21,20465735,95,3085.473274139839,3600.7789321356286,6686.252206275467
input_output_noise,reward3_gienv,DQN reward3 GIenv,Results_DQN_reward3_train_GI_o/model,design,67,design_18,Design Rainfall 18,0.05,22,20465736,95,3083.4461463043795,3301.5218959451286,6384.968042249508
input_output_noise,reward3_gienv,DQN reward3 GIenv,Results_DQN_reward3_train_GI_o/model,design,67,design_18,Design Rainfall 18,0.05,23,20465737,95,3513.402742770574,2569.464372490198,6082.867115260772
input_output_noise,reward3_gienv,DQN reward3 GIenv,Results_DQN_reward3_train_GI_o/model,design,67,design_18,Design Rainfall 18,0.05,24,20465738,95,3426.583109910231,2605.8334618951067,6032.416571805337
input_output_noise,reward3_gienv,DQN reward3 GIenv,Results_DQN_reward3_train_GI_o/model,design,67,design_18,Design Rainfall 18,0.05,25,20465739,95,3246.178914879033,3055.3319031828723,6301.510818061905
input_output_noise,reward3_gienv,DQN reward3 GIenv,Results_DQN_reward3_train_GI_o/model,design,67,design_18,Design Rainfall 18,0.05,26,20465740,95,3097.2665166948254,3377.9057923729397,6475.172309067765
input_output_noise,reward3_gienv,DQN reward3 GIenv,Results_DQN_reward3_train_GI_o/model,design,67,design_18,Design Rainfall 18,0.05,27,20465741,95,3421.258822268723,2772.601802233877,6193.8606245026
input_output_noise,reward3_gienv,DQN reward3 GIenv,Results_DQN_reward3_train_GI_o/model,design,67,design_18,Design Rainfall 18,0.05,28,20465742,95,3386.7024911352437,2850.148711086173,6236.851202221416
input_output_noise,reward3_gienv,DQN reward3 GIenv,Results_DQN_reward3_train_GI_o/model,design,67,design_18,Design Rainfall 18,0.05,29,20465743,95,2880.1532548261384,3534.171769011835,6414.325023837973
input_output_noise,reward3_gienv,DQN reward3 GIenv,Results_DQN_reward3_train_GI_o/model,design,67,design_18,Design Rainfall 18,0.05,30,20465744,95,3077.8753594750283,3510.396478588492,6588.27183806352
input_output_noise,reward3_gienv,DQN reward3 GIenv,Results_DQN_reward3_train_GI_o/model,design,67,design_18,Design Rainfall 18,0.05,31,20465745,95,3167.8568172819355,2903.086333767094,6070.943151049029
input_output_noise,reward3_gienv,DQN reward3 GIenv,Results_DQN_reward3_train_GI_o/model,design,67,design_18,Design Rainfall 18,0.05,32,20465746,95,3164.454554828341,3098.885229273297,6263.339784101638
input_output_noise,reward3_gienv,DQN reward3 GIenv,Results_DQN_reward3_train_GI_o/model,design,67,design_18,Design Rainfall 18,0.05,33,20465747,95,3080.325138896457,2987.27598199412,6067.601120890577
input_output_noise,reward3_gienv,DQN reward3 GIenv,Results_DQN_reward3_train_GI_o/model,design,67,design_18,Design Rainfall 18,0.05,34,20465748,95,3164.3833605391815,2896.5389206039167,6060.922281143098
input_output_noise,reward3_gienv,DQN reward3 GIenv,Results_DQN_reward3_train_GI_o/model,design,67,design_18,Design Rainfall 18,0.05,35,20465749,95,3036.3571078693744,4111.907853644268,7148.2649615136415
input_output_noise,reward3_gienv,DQN reward3 GIenv,Results_DQN_reward3_train_GI_o/model,design,67,design_18,Design Rainfall 18,0.05,36,20465750,95,2677.943248307106,3828.2209644353507,6506.164212742457
input_output_noise,reward3_gienv,DQN reward3 GIenv,Results_DQN_reward3_train_GI_o/model,design,67,design_18,Design Rainfall 18,0.05,37,20465751,95,3386.2265612212104,2759.7923236400297,6146.01888486124
input_output_noise,reward3_gienv,DQN reward3 GIenv,Results_DQN_reward3_train_GI_o/model,design,67,design_18,Design Rainfall 18,0.05,38,20465752,95,3203.8846381970347,2710.3368801656643,5914.2215183626995
input_output_noise,reward3_gienv,DQN reward3 GIenv,Results_DQN_reward3_train_GI_o/model,design,67,design_18,Design Rainfall 18,0.05,39,20465753,95,3319.7271048080484,2762.2569212292087,6081.984026037257
input_output_noise,reward3_gienv,DQN reward3 GIenv,Results_DQN_reward3_train_GI_o/model,design,67,design_18,Design Rainfall 18,0.05,40,20465754,95,3527.7862472757706,2175.2320241718835,5703.018271447654
input_output_noise,reward3_gienv,DQN reward3 GIenv,Results_DQN_reward3_train_GI_o/model,design,67,design_18,Design Rainfall 18,0.05,41,20465755,95,3255.554532167707,3024.789159931181,6280.343692098888
input_output_noise,reward3_gienv,DQN reward3 GIenv,Results_DQN_reward3_train_GI_o/model,design,67,design_18,Design Rainfall 18,0.05,42,20465756,95,3339.343682259358,2879.199692369971,6218.543374629329
input_output_noise,reward3_gienv,DQN reward3 GIenv,Results_DQN_reward3_train_GI_o/model,design,67,design_18,Design Rainfall 18,0.05,43,20465757,95,3436.694879619237,3196.576311759093,6633.27119137833
input_output_noise,reward3_gienv,DQN reward3 GIenv,Results_DQN_reward3_train_GI_o/model,design,67,design_18,Design Rainfall 18,0.05,44,20465758,95,2405.9865550096156,4545.939244760391,6951.925799770007
input_output_noise,reward3_gienv,DQN reward3 GIenv,Results_DQN_reward3_train_GI_o/model,design,67,design_18,Design Rainfall 18,0.05,45,20465759,95,3125.3642501697186,3298.174755444951,6423.53900561467
input_output_noise,reward3_gienv,DQN reward3 GIenv,Results_DQN_reward3_train_GI_o/model,design,67,design_18,Design Rainfall 18,0.05,46,20465760,95,3348.93654022593,2870.4894001798784,6219.425940405808
input_output_noise,reward3_gienv,DQN reward3 GIenv,Results_DQN_reward3_train_GI_o/model,design,67,design_18,Design Rainfall 18,0.05,47,20465761,95,3105.293841043397,2980.3604502548387,6085.654291298236
input_output_noise,reward3_gienv,DQN reward3 GIenv,Results_DQN_reward3_train_GI_o/model,design,67,design_18,Design Rainfall 18,0.05,48,20465762,95,3138.89763756376,3011.5790723307477,6150.476709894508
input_output_noise,reward3_gienv,DQN reward3 GIenv,Results_DQN_reward3_train_GI_o/model,design,67,design_18,Design Rainfall 18,0.05,49,20465763,95,3186.9704640836553,2672.968510487602,5859.938974571258
input_output_noise,reward3_gienv,DQN reward3 GIenv,Results_DQN_reward3_train_GI_o/model,design,67,design_18,Design Rainfall 18,0.1,0,20470714,95,2672.805542014653,4045.766945199859,6718.572487214512
input_output_noise,reward3_gienv,DQN reward3 GIenv,Results_DQN_reward3_train_GI_o/model,design,67,design_18,Design Rainfall 18,0.1,1,20470715,95,3382.2643848454986,2845.1606056474593,6227.424990492958
input_output_noise,reward3_gienv,DQN reward3 GIenv,Results_DQN_reward3_train_GI_o/model,design,67,design_18,Design Rainfall 18,0.1,2,20470716,95,2755.333745612621,3934.1130441428645,6689.446789755486
input_output_noise,reward3_gienv,DQN reward3 GIenv,Results_DQN_reward3_train_GI_o/model,design,67,design_18,Design Rainfall 18,0.1,3,20470717,95,2790.2124580705954,3858.400494286101,6648.612952356696
input_output_noise,reward3_gienv,DQN reward3 GIenv,Results_DQN_reward3_train_GI_o/model,design,67,design_18,Design Rainfall 18,0.1,4,20470718,95,3107.124629206797,3066.825574561155,6173.950203767952
input_output_noise,reward3_gienv,DQN reward3 GIenv,Results_DQN_reward3_train_GI_o/model,design,67,design_18,Design Rainfall 18,0.1,5,20470719,95,3033.5230802386154,3557.220605737517,6590.743685976133
input_output_noise,reward3_gienv,DQN reward3 GIenv,Results_DQN_reward3_train_GI_o/model,design,67,design_18,Design Rainfall 18,0.1,6,20470720,95,3183.8790061326968,2680.0508884070937,5863.92989453979
input_output_noise,reward3_gienv,DQN reward3 GIenv,Results_DQN_reward3_train_GI_o/model,design,67,design_18,Design Rainfall 18,0.1,7,20470721,95,3455.673703683608,2748.908333913307,6204.582037596915
input_output_noise,reward3_gienv,DQN reward3 GIenv,Results_DQN_reward3_train_GI_o/model,design,67,design_18,Design Rainfall 18,0.1,8,20470722,95,3501.019621262587,2692.833611039624,6193.853232302211
input_output_noise,reward3_gienv,DQN reward3 GIenv,Results_DQN_reward3_train_GI_o/model,design,67,design_18,Design Rainfall 18,0.1,9,20470723,95,3089.333131717187,3452.045268656422,6541.378400373609
input_output_noise,reward3_gienv,DQN reward3 GIenv,Results_DQN_reward3_train_GI_o/model,design,67,design_18,Design Rainfall 18,0.1,10,20470724,95,2484.311470823733,3935.372990696627,6419.68446152036
input_output_noise,reward3_gienv,DQN reward3 GIenv,Results_DQN_reward3_train_GI_o/model,design,67,design_18,Design Rainfall 18,0.1,11,20470725,95,3424.1794596402806,2518.40908449326,5942.58854413354
input_output_noise,reward3_gienv,DQN reward3 GIenv,Results_DQN_reward3_train_GI_o/model,design,67,design_18,Design Rainfall 18,0.1,12,20470726,95,3276.905521594509,2864.533495582862,6141.439017177371
input_output_noise,reward3_gienv,DQN reward3 GIenv,Results_DQN_reward3_train_GI_o/model,design,67,design_18,Design Rainfall 18,0.1,13,20470727,95,2764.372245680456,3683.016308054156,6447.388553734612
input_output_noise,reward3_gienv,DQN reward3 GIenv,Results_DQN_reward3_train_GI_o/model,design,67,design_18,Design Rainfall 18,0.1,14,20470728,95,2764.0364964735872,3508.9941229280385,6273.030619401626
input_output_noise,reward3_gienv,DQN reward3 GIenv,Results_DQN_reward3_train_GI_o/model,design,67,design_18,Design Rainfall 18,0.1,15,20470729,95,3696.207901451948,2212.35391662578,5908.561818077728
input_output_noise,reward3_gienv,DQN reward3 GIenv,Results_DQN_reward3_train_GI_o/model,design,67,design_18,Design Rainfall 18,0.1,16,20470730,95,3624.3144771305733,2397.13408448502,6021.4485616155935
input_output_noise,reward3_gienv,DQN reward3 GIenv,Results_DQN_reward3_train_GI_o/model,design,67,design_18,Design Rainfall 18,0.1,17,20470731,95,3143.001062523479,3266.6335318654565,6409.6345943889355
input_output_noise,reward3_gienv,DQN reward3 GIenv,Results_DQN_reward3_train_GI_o/model,design,67,design_18,Design Rainfall 18,0.1,18,20470732,95,3107.4807736882194,3217.2644004880713,6324.745174176291
input_output_noise,reward3_gienv,DQN reward3 GIenv,Results_DQN_reward3_train_GI_o/model,design,67,design_18,Design Rainfall 18,0.1,19,20470733,95,2983.510182823052,3518.178236972446,6501.688419795499
input_output_noise,reward3_gienv,DQN reward3 GIenv,Results_DQN_reward3_train_GI_o/model,design,67,design_18,Design Rainfall 18,0.1,20,20470734,95,2615.5591543730993,3461.512907369731,6077.072061742831
input_output_noise,reward3_gienv,DQN reward3 GIenv,Results_DQN_reward3_train_GI_o/model,design,67,design_18,Design Rainfall 18,0.1,21,20470735,95,3094.395133961186,3020.2311340666856,6114.626268027871
input_output_noise,reward3_gienv,DQN reward3 GIenv,Results_DQN_reward3_train_GI_o/model,design,67,design_18,Design Rainfall 18,0.1,22,20470736,95,3203.622259309938,3111.895666282513,6315.51792559245
input_output_noise,reward3_gienv,DQN reward3 GIenv,Results_DQN_reward3_train_GI_o/model,design,67,design_18,Design Rainfall 18,0.1,23,20470737,95,3128.0271301303824,3255.022345490349,6383.049475620732
input_output_noise,reward3_gienv,DQN reward3 GIenv,Results_DQN_reward3_train_GI_o/model,design,67,design_18,Design Rainfall 18,0.1,24,20470738,95,3112.414791862912,3281.6456741450156,6394.060466007928
input_output_noise,reward3_gienv,DQN reward3 GIenv,Results_DQN_reward3_train_GI_o/model,design,67,design_18,Design Rainfall 18,0.1,25,20470739,95,3410.66161182504,2782.718168527951,6193.379780352991
input_output_noise,reward3_gienv,DQN reward3 GIenv,Results_DQN_reward3_train_GI_o/model,design,67,design_18,Design Rainfall 18,0.1,26,20470740,95,2594.795372224185,4214.681986174329,6809.477358398513
input_output_noise,reward3_gienv,DQN reward3 GIenv,Results_DQN_reward3_train_GI_o/model,design,67,design_18,Design Rainfall 18,0.1,27,20470741,95,3413.3885325525353,2768.2246933120823,6181.613225864618
input_output_noise,reward3_gienv,DQN reward3 GIenv,Results_DQN_reward3_train_GI_o/model,design,67,design_18,Design Rainfall 18,0.1,28,20470742,95,3339.615377399103,3435.0111364146524,6774.626513813755
input_output_noise,reward3_gienv,DQN reward3 GIenv,Results_DQN_reward3_train_GI_o/model,design,67,design_18,Design Rainfall 18,0.1,29,20470743,95,2660.7137701245947,3490.508840045276,6151.222610169871
input_output_noise,reward3_gienv,DQN reward3 GIenv,Results_DQN_reward3_train_GI_o/model,design,67,design_18,Design Rainfall 18,0.1,30,20470744,95,3379.875562407702,2835.2484426155247,6215.124005023226
input_output_noise,reward3_gienv,DQN reward3 GIenv,Results_DQN_reward3_train_GI_o/model,design,67,design_18,Design Rainfall 18,0.1,31,20470745,95,3221.542564862055,2743.3323217601114,5964.874886622167
input_output_noise,reward3_gienv,DQN reward3 GIenv,Results_DQN_reward3_train_GI_o/model,design,67,design_18,Design Rainfall 18,0.1,32,20470746,95,2998.0611096881676,3367.977687109541,6366.0387967977085
input_output_noise,reward3_gienv,DQN reward3 GIenv,Results_DQN_reward3_train_GI_o/model,design,67,design_18,Design Rainfall 18,0.1,33,20470747,95,3184.366434228457,2805.550346395159,5989.916780623616
input_output_noise,reward3_gienv,DQN reward3 GIenv,Results_DQN_reward3_train_GI_o/model,design,67,design_18,Design Rainfall 18,0.1,34,20470748,95,3783.1780389012574,2326.8313391555685,6110.009378056826
input_output_noise,reward3_gienv,DQN reward3 GIenv,Results_DQN_reward3_train_GI_o/model,design,67,design_18,Design Rainfall 18,0.1,35,20470749,95,3099.2976575948637,3228.4443127849067,6327.7419703797705
input_output_noise,reward3_gienv,DQN reward3 GIenv,Results_DQN_reward3_train_GI_o/model,design,67,design_18,Design Rainfall 18,0.1,36,20470750,95,3052.8301728775464,3185.227256998738,6238.057429876284
input_output_noise,reward3_gienv,DQN reward3 GIenv,Results_DQN_reward3_train_GI_o/model,design,67,design_18,Design Rainfall 18,0.1,37,20470751,95,3100.7539804199178,3225.7901169284287,6326.544097348346
input_output_noise,reward3_gienv,DQN reward3 GIenv,Results_DQN_reward3_train_GI_o/model,design,67,design_18,Design Rainfall 18,0.1,38,20470752,95,3503.6778968251006,2441.573239532433,5945.251136357534
input_output_noise,reward3_gienv,DQN reward3 GIenv,Results_DQN_reward3_train_GI_o/model,design,67,design_18,Design Rainfall 18,0.1,39,20470753,95,3564.0403948025746,2714.256313817351,6278.296708619926
input_output_noise,reward3_gienv,DQN reward3 GIenv,Results_DQN_reward3_train_GI_o/model,design,67,design_18,Design Rainfall 18,0.1,40,20470754,95,2856.169464221053,3494.265848815179,6350.435313036232
input_output_noise,reward3_gienv,DQN reward3 GIenv,Results_DQN_reward3_train_GI_o/model,design,67,design_18,Design Rainfall 18,0.1,41,20470755,95,2573.8119034289834,3453.481213830285,6027.293117259269
input_output_noise,reward3_gienv,DQN reward3 GIenv,Results_DQN_reward3_train_GI_o/model,design,67,design_18,Design Rainfall 18,0.1,42,20470756,95,3182.009181081838,3072.032101756864,6254.041282838702
input_output_noise,reward3_gienv,DQN reward3 GIenv,Results_DQN_reward3_train_GI_o/model,design,67,design_18,Design Rainfall 18,0.1,43,20470757,95,3688.17996682849,2573.757101458271,6261.937068286761
input_output_noise,reward3_gienv,DQN reward3 GIenv,Results_DQN_reward3_train_GI_o/model,design,67,design_18,Design Rainfall 18,0.1,44,20470758,95,2816.9643227228753,3356.6531235900557,6173.617446312931
input_output_noise,reward3_gienv,DQN reward3 GIenv,Results_DQN_reward3_train_GI_o/model,design,67,design_18,Design Rainfall 18,0.1,45,20470759,95,3088.8224629280994,3352.1408383103408,6440.96330123844
input_output_noise,reward3_gienv,DQN reward3 GIenv,Results_DQN_reward3_train_GI_o/model,design,67,design_18,Design Rainfall 18,0.1,46,20470760,95,3506.1582465869287,2893.526528312512,6399.6847748994405
input_output_noise,reward3_gienv,DQN reward3 GIenv,Results_DQN_reward3_train_GI_o/model,design,67,design_18,Design Rainfall 18,0.1,47,20470761,95,2822.875430282031,3625.2186388223154,6448.094069104347
input_output_noise,reward3_gienv,DQN reward3 GIenv,Results_DQN_reward3_train_GI_o/model,design,67,design_18,Design Rainfall 18,0.1,48,20470762,95,3128.264664564918,3289.4274712483993,6417.692135813317
input_output_noise,reward3_gienv,DQN reward3 GIenv,Results_DQN_reward3_train_GI_o/model,design,67,design_18,Design Rainfall 18,0.1,49,20470763,95,2438.7968629282177,3992.183792343674,6430.980655271892
input_output_noise,reward3_gienv,DQN reward3 GIenv,Results_DQN_reward3_train_GI_o/model,design,51,design_2,Design Rainfall 2,0.05,0,20565714,95,8055.555698248734,3320.727083964127,11376.28278221286
input_output_noise,reward3_gienv,DQN reward3 GIenv,Results_DQN_reward3_train_GI_o/model,design,51,design_2,Design Rainfall 2,0.05,1,20565715,95,8538.490518729015,3735.144258716949,12273.634777445965
input_output_noise,reward3_gienv,DQN reward3 GIenv,Results_DQN_reward3_train_GI_o/model,design,51,design_2,Design Rainfall 2,0.05,2,20565716,95,7519.118080459086,4215.169231817714,11734.2873122768
input_output_noise,reward3_gienv,DQN reward3 GIenv,Results_DQN_reward3_train_GI_o/model,design,51,design_2,Design Rainfall 2,0.05,3,20565717,95,7185.1531245560745,4436.305448738241,11621.458573294316
input_output_noise,reward3_gienv,DQN reward3 GIenv,Results_DQN_reward3_train_GI_o/model,design,51,design_2,Design Rainfall 2,0.05,4,20565718,95,8494.106483551077,2966.5053865632553,11460.611870114331
input_output_noise,reward3_gienv,DQN reward3 GIenv,Results_DQN_reward3_train_GI_o/model,design,51,design_2,Design Rainfall 2,0.05,5,20565719,95,7508.769944611498,4528.609119009592,12037.37906362109
input_output_noise,reward3_gienv,DQN reward3 GIenv,Results_DQN_reward3_train_GI_o/model,design,51,design_2,Design Rainfall 2,0.05,6,20565720,95,8160.796395805649,3318.9287689277253,11479.725164733374
input_output_noise,reward3_gienv,DQN reward3 GIenv,Results_DQN_reward3_train_GI_o/model,design,51,design_2,Design Rainfall 2,0.05,7,20565721,95,7544.917294253666,4357.615971447638,11902.533265701304
input_output_noise,reward3_gienv,DQN reward3 GIenv,Results_DQN_reward3_train_GI_o/model,design,51,design_2,Design Rainfall 2,0.05,8,20565722,95,7436.834568021826,4510.7049546799735,11947.5395227018
input_output_noise,reward3_gienv,DQN reward3 GIenv,Results_DQN_reward3_train_GI_o/model,design,51,design_2,Design Rainfall 2,0.05,9,20565723,95,7208.612467826573,4698.125714506828,11906.738182333402
input_output_noise,reward3_gienv,DQN reward3 GIenv,Results_DQN_reward3_train_GI_o/model,design,51,design_2,Design Rainfall 2,0.05,10,20565724,95,8214.117439434976,3328.558793608064,11542.676233043041
input_output_noise,reward3_gienv,DQN reward3 GIenv,Results_DQN_reward3_train_GI_o/model,design,51,design_2,Design Rainfall 2,0.05,11,20565725,95,8396.249873689647,3185.3940225309234,11581.64389622057
input_output_noise,reward3_gienv,DQN reward3 GIenv,Results_DQN_reward3_train_GI_o/model,design,51,design_2,Design Rainfall 2,0.05,12,20565726,95,8337.372483238116,3179.7833314990894,11517.155814737205
input_output_noise,reward3_gienv,DQN reward3 GIenv,Results_DQN_reward3_train_GI_o/model,design,51,design_2,Design Rainfall 2,0.05,13,20565727,95,8137.459942943374,2937.8100216582434,11075.269964601617
input_output_noise,reward3_gienv,DQN reward3 GIenv,Results_DQN_reward3_train_GI_o/model,design,51,design_2,Design Rainfall 2,0.05,14,20565728,95,7868.345522202624,4191.13132170112,12059.476843903743
input_output_noise,reward3_gienv,DQN reward3 GIenv,Results_DQN_reward3_train_GI_o/model,design,51,design_2,Design Rainfall 2,0.05,15,20565729,95,7324.418864747514,4768.416531858977,12092.83539660649
input_output_noise,reward3_gienv,DQN reward3 GIenv,Results_DQN_reward3_train_GI_o/model,design,51,design_2,Design Rainfall 2,0.05,16,20565730,95,8443.17460956098,4023.961865887334,12467.136475448315
input_output_noise,reward3_gienv,DQN reward3 GIenv,Results_DQN_reward3_train_GI_o/model,design,51,design_2,Design Rainfall 2,0.05,17,20565731,95,7910.913750529397,3514.1970376151403,11425.110788144537
input_output_noise,reward3_gienv,DQN reward3 GIenv,Results_DQN_reward3_train_GI_o/model,design,51,design_2,Design Rainfall 2,0.05,18,20565732,95,7368.894414226862,4241.685477934029,11610.579892160891
input_output_noise,reward3_gienv,DQN reward3 GIenv,Results_DQN_reward3_train_GI_o/model,design,51,design_2,Design Rainfall 2,0.05,19,20565733,95,8253.662653436359,3183.2058685871616,11436.86852202352
input_output_noise,reward3_gienv,DQN reward3 GIenv,Results_DQN_reward3_train_GI_o/model,design,51,design_2,Design Rainfall 2,0.05,20,20565734,95,7223.662002913382,4821.711009299052,12045.373012212434
input_output_noise,reward3_gienv,DQN reward3 GIenv,Results_DQN_reward3_train_GI_o/model,design,51,design_2,Design Rainfall 2,0.05,21,20565735,95,7721.617868636992,4170.675774350915,11892.293642987908
input_output_noise,reward3_gienv,DQN reward3 GIenv,Results_DQN_reward3_train_GI_o/model,design,51,design_2,Design Rainfall 2,0.05,22,20565736,95,8101.526541276773,4366.216234221402,12467.742775498176
input_output_noise,reward3_gienv,DQN reward3 GIenv,Results_DQN_reward3_train_GI_o/model,design,51,design_2,Design Rainfall 2,0.05,23,20565737,95,7541.768542534311,4525.953153210339,12067.72169574465
input_output_noise,reward3_gienv,DQN reward3 GIenv,Results_DQN_reward3_train_GI_o/model,design,51,design_2,Design Rainfall 2,0.05,24,20565738,95,8077.844546876556,3970.0206046510452,12047.865151527601
input_output_noise,reward3_gienv,DQN reward3 GIenv,Results_DQN_reward3_train_GI_o/model,design,51,design_2,Design Rainfall 2,0.05,25,20565739,95,8197.537308921877,3379.430713166298,11576.968022088175
input_output_noise,reward3_gienv,DQN reward3 GIenv,Results_DQN_reward3_train_GI_o/model,design,51,design_2,Design Rainfall 2,0.05,26,20565740,95,8126.073182171908,3254.216923140663,11380.290105312572
input_output_noise,reward3_gienv,DQN reward3 GIenv,Results_DQN_reward3_train_GI_o/model,design,51,design_2,Design Rainfall 2,0.05,27,20565741,95,7933.550161925759,3784.6638686634033,11718.214030589163
input_output_noise,reward3_gienv,DQN reward3 GIenv,Results_DQN_reward3_train_GI_o/model,design,51,design_2,Design Rainfall 2,0.05,28,20565742,95,8037.953765610426,3399.210798550227,11437.164564160652
input_output_noise,reward3_gienv,DQN reward3 GIenv,Results_DQN_reward3_train_GI_o/model,design,51,design_2,Design Rainfall 2,0.05,29,20565743,95,7723.379884630125,4036.1488411489763,11759.528725779102
input_output_noise,reward3_gienv,DQN reward3 GIenv,Results_DQN_reward3_train_GI_o/model,design,51,design_2,Design Rainfall 2,0.05,30,20565744,95,7672.892934781995,4149.658827116148,11822.551761898143
input_output_noise,reward3_gienv,DQN reward3 GIenv,Results_DQN_reward3_train_GI_o/model,design,51,design_2,Design Rainfall 2,0.05,31,20565745,95,8166.745333169712,3584.4718557629767,11751.21718893269
input_output_noise,reward3_gienv,DQN reward3 GIenv,Results_DQN_reward3_train_GI_o/model,design,51,design_2,Design Rainfall 2,0.05,32,20565746,95,8788.777738149058,2675.8265241868035,11464.60426233586
input_output_noise,reward3_gienv,DQN reward3 GIenv,Results_DQN_reward3_train_GI_o/model,design,51,design_2,Design Rainfall 2,0.05,33,20565747,95,7466.681257545554,4339.196435611294,11805.877693156848
input_output_noise,reward3_gienv,DQN reward3 GIenv,Results_DQN_reward3_train_GI_o/model,design,51,design_2,Design Rainfall 2,0.05,34,20565748,95,7355.782322046895,4505.047824627611,11860.830146674507
input_output_noise,reward3_gienv,DQN reward3 GIenv,Results_DQN_reward3_train_GI_o/model,design,51,design_2,Design Rainfall 2,0.05,35,20565749,95,7686.84643113994,3634.295930927944,11321.142362067883
input_output_noise,reward3_gienv,DQN reward3 GIenv,Results_DQN_reward3_train_GI_o/model,design,51,design_2,Design Rainfall 2,0.05,36,20565750,95,8390.325896259803,2929.845357376287,11320.17125363609
input_output_noise,reward3_gienv,DQN reward3 GIenv,Results_DQN_reward3_train_GI_o/model,design,51,design_2,Design Rainfall 2,0.05,37,20565751,95,7279.710414788536,4841.042527218103,12120.752942006638
input_output_noise,reward3_gienv,DQN reward3 GIenv,Results_DQN_reward3_train_GI_o/model,design,51,design_2,Design Rainfall 2,0.05,38,20565752,95,7464.383494708326,4128.257037699082,11592.640532407408
input_output_noise,reward3_gienv,DQN reward3 GIenv,Results_DQN_reward3_train_GI_o/model,design,51,design_2,Design Rainfall 2,0.05,39,20565753,95,7165.908759188272,5120.938999079331,12286.847758267602
input_output_noise,reward3_gienv,DQN reward3 GIenv,Results_DQN_reward3_train_GI_o/model,design,51,design_2,Design Rainfall 2,0.05,40,20565754,95,7510.030435251696,3995.5463842573618,11505.576819509057
input_output_noise,reward3_gienv,DQN reward3 GIenv,Results_DQN_reward3_train_GI_o/model,design,51,design_2,Design Rainfall 2,0.05,41,20565755,95,7007.771574047901,4972.044924988065,11979.816499035966
input_output_noise,reward3_gienv,DQN reward3 GIenv,Results_DQN_reward3_train_GI_o/model,design,51,design_2,Design Rainfall 2,0.05,42,20565756,95,7394.7697065730445,4085.334203510566,11480.10391008361
input_output_noise,reward3_gienv,DQN reward3 GIenv,Results_DQN_reward3_train_GI_o/model,design,51,design_2,Design Rainfall 2,0.05,43,20565757,95,7919.87583904874,3804.9981705315886,11724.87400958033
input_output_noise,reward3_gienv,DQN reward3 GIenv,Results_DQN_reward3_train_GI_o/model,design,51,design_2,Design Rainfall 2,0.05,44,20565758,95,7681.078607584672,4363.463183659052,12044.541791243724
input_output_noise,reward3_gienv,DQN reward3 GIenv,Results_DQN_reward3_train_GI_o/model,design,51,design_2,Design Rainfall 2,0.05,45,20565759,95,7394.231787789519,4642.146043078213,12036.377830867732
input_output_noise,reward3_gienv,DQN reward3 GIenv,Results_DQN_reward3_train_GI_o/model,design,51,design_2,Design Rainfall 2,0.05,46,20565760,95,8028.410976419731,3531.930251346126,11560.341227765857
input_output_noise,reward3_gienv,DQN reward3 GIenv,Results_DQN_reward3_train_GI_o/model,design,51,design_2,Design Rainfall 2,0.05,47,20565761,95,7838.569649317446,3892.607188965348,11731.176838282794
input_output_noise,reward3_gienv,DQN reward3 GIenv,Results_DQN_reward3_train_GI_o/model,design,51,design_2,Design Rainfall 2,0.05,48,20565762,95,8193.108830782783,3816.666732050791,12009.775562833574
input_output_noise,reward3_gienv,DQN reward3 GIenv,Results_DQN_reward3_train_GI_o/model,design,51,design_2,Design Rainfall 2,0.05,49,20565763,95,7370.697733410222,4472.645766833506,11843.343500243729
input_output_noise,reward3_gienv,DQN reward3 GIenv,Results_DQN_reward3_train_GI_o/model,design,51,design_2,Design Rainfall 2,0.1,0,20570714,95,7943.685002477632,4084.230572126812,12027.915574604445
input_output_noise,reward3_gienv,DQN reward3 GIenv,Results_DQN_reward3_train_GI_o/model,design,51,design_2,Design Rainfall 2,0.1,1,20570715,95,8026.292342168851,3985.730224557891,12012.022566726742
input_output_noise,reward3_gienv,DQN reward3 GIenv,Results_DQN_reward3_train_GI_o/model,design,51,design_2,Design Rainfall 2,0.1,2,20570716,95,7929.349689164317,3620.3675683384436,11549.717257502762
input_output_noise,reward3_gienv,DQN reward3 GIenv,Results_DQN_reward3_train_GI_o/model,design,51,design_2,Design Rainfall 2,0.1,3,20570717,95,7480.669658310238,4371.588500827949,11852.258159138188
input_output_noise,reward3_gienv,DQN reward3 GIenv,Results_DQN_reward3_train_GI_o/model,design,51,design_2,Design Rainfall 2,0.1,4,20570718,95,7717.3232463424665,4359.1971528016265,12076.520399144094
input_output_noise,reward3_gienv,DQN reward3 GIenv,Results_DQN_reward3_train_GI_o/model,design,51,design_2,Design Rainfall 2,0.1,5,20570719,95,8984.101254813446,2681.188018910909,11665.289273724355
input_output_noise,reward3_gienv,DQN reward3 GIenv,Results_DQN_reward3_train_GI_o/model,design,51,design_2,Design Rainfall 2,0.1,6,20570720,95,8238.10725308761,3571.6145711258932,11809.721824213502
input_output_noise,reward3_gienv,DQN reward3 GIenv,Results_DQN_reward3_train_GI_o/model,design,51,design_2,Design Rainfall 2,0.1,7,20570721,95,7478.743834932861,4905.295308501371,12384.039143434233
input_output_noise,reward3_gienv,DQN reward3 GIenv,Results_DQN_reward3_train_GI_o/model,design,51,design_2,Design Rainfall 2,0.1,8,20570722,95,8660.970560592641,3571.545855969946,12232.516416562587
input_output_noise,reward3_gienv,DQN reward3 GIenv,Results_DQN_reward3_train_GI_o/model,design,51,design_2,Design Rainfall 2,0.1,9,20570723,95,7247.357168855829,4732.638411532949,11979.995580388779
input_output_noise,reward3_gienv,DQN reward3 GIenv,Results_DQN_reward3_train_GI_o/model,design,51,design_2,Design Rainfall 2,0.1,10,20570724,95,7118.731604758988,4892.293957477123,12011.025562236111
input_output_noise,reward3_gienv,DQN reward3 GIenv,Results_DQN_reward3_train_GI_o/model,design,51,design_2,Design Rainfall 2,0.1,11,20570725,95,7941.417406581043,3746.2008539101216,11687.618260491165
input_output_noise,reward3_gienv,DQN reward3 GIenv,Results_DQN_reward3_train_GI_o/model,design,51,design_2,Design Rainfall 2,0.1,12,20570726,95,8116.041338357178,3544.2127055526876,11660.254043909865
input_output_noise,reward3_gienv,DQN reward3 GIenv,Results_DQN_reward3_train_GI_o/model,design,51,design_2,Design Rainfall 2,0.1,13,20570727,95,8596.593597279223,3259.603125983508,11856.196723262732
input_output_noise,reward3_gienv,DQN reward3 GIenv,Results_DQN_reward3_train_GI_o/model,design,51,design_2,Design Rainfall 2,0.1,14,20570728,95,7581.929843421962,4441.625546876706,12023.555390298668
input_output_noise,reward3_gienv,DQN reward3 GIenv,Results_DQN_reward3_train_GI_o/model,design,51,design_2,Design Rainfall 2,0.1,15,20570729,95,8681.758242532525,3083.546372112213,11765.304614644738
input_output_noise,reward3_gienv,DQN reward3 GIenv,Results_DQN_reward3_train_GI_o/model,design,51,design_2,Design Rainfall 2,0.1,16,20570730,95,7592.091890290139,4055.5732566551833,11647.665146945323
input_output_noise,reward3_gienv,DQN reward3 GIenv,Results_DQN_reward3_train_GI_o/model,design,51,design_2,Design Rainfall 2,0.1,17,20570731,95,8564.612101985313,3115.433779815874,11680.045881801187
input_output_noise,reward3_gienv,DQN reward3 GIenv,Results_DQN_reward3_train_GI_o/model,design,51,design_2,Design Rainfall 2,0.1,18,20570732,95,7179.331182361653,4760.914273095172,11940.245455456825
input_output_noise,reward3_gienv,DQN reward3 GIenv,Results_DQN_reward3_train_GI_o/model,design,51,design_2,Design Rainfall 2,0.1,19,20570733,95,7539.194684176479,4455.755087683514,11994.949771859992
input_output_noise,reward3_gienv,DQN reward3 GIenv,Results_DQN_reward3_train_GI_o/model,design,51,design_2,Design Rainfall 2,0.1,20,20570734,95,7006.14230436911,5003.294978394193,12009.437282763303
input_output_noise,reward3_gienv,DQN reward3 GIenv,Results_DQN_reward3_train_GI_o/model,design,51,design_2,Design Rainfall 2,0.1,21,20570735,95,7138.212715653394,5041.112918000438,12179.325633653832
input_output_noise,reward3_gienv,DQN reward3 GIenv,Results_DQN_reward3_train_GI_o/model,design,51,design_2,Design Rainfall 2,0.1,22,20570736,95,7538.545877071488,4731.4530970266505,12269.998974098138
input_output_noise,reward3_gienv,DQN reward3 GIenv,Results_DQN_reward3_train_GI_o/model,design,51,design_2,Design Rainfall 2,0.1,23,20570737,95,7887.494319643059,3832.507179450565,11720.001499093623
input_output_noise,reward3_gienv,DQN reward3 GIenv,Results_DQN_reward3_train_GI_o/model,design,51,design_2,Design Rainfall 2,0.1,24,20570738,95,7636.720971380778,4434.9670239740735,12071.687995354852
input_output_noise,reward3_gienv,DQN reward3 GIenv,Results_DQN_reward3_train_GI_o/model,design,51,design_2,Design Rainfall 2,0.1,25,20570739,95,7611.803393745697,3793.965684896856,11405.769078642552
input_output_noise,reward3_gienv,DQN reward3 GIenv,Results_DQN_reward3_train_GI_o/model,design,51,design_2,Design Rainfall 2,0.1,26,20570740,95,7550.115501622075,4087.5635058211656,11637.67900744324
input_output_noise,reward3_gienv,DQN reward3 GIenv,Results_DQN_reward3_train_GI_o/model,design,51,design_2,Design Rainfall 2,0.1,27,20570741,95,7655.742457775483,3857.140674825751,11512.883132601233
input_output_noise,reward3_gienv,DQN reward3 GIenv,Results_DQN_reward3_train_GI_o/model,design,51,design_2,Design Rainfall 2,0.1,28,20570742,95,8576.455763541291,3214.218113792398,11790.67387733369
input_output_noise,reward3_gienv,DQN reward3 GIenv,Results_DQN_reward3_train_GI_o/model,design,51,design_2,Design Rainfall 2,0.1,29,20570743,95,7640.6471062179835,4391.536582145285,12032.183688363268
input_output_noise,reward3_gienv,DQN reward3 GIenv,Results_DQN_reward3_train_GI_o/model,design,51,design_2,Design Rainfall 2,0.1,30,20570744,95,8095.827946306816,3883.0541033483732,11978.882049655189
input_output_noise,reward3_gienv,DQN reward3 GIenv,Results_DQN_reward3_train_GI_o/model,design,51,design_2,Design Rainfall 2,0.1,31,20570745,95,7718.153320026552,4551.385132398726,12269.538452425277
input_output_noise,reward3_gienv,DQN reward3 GIenv,Results_DQN_reward3_train_GI_o/model,design,51,design_2,Design Rainfall 2,0.1,32,20570746,95,8433.73801093755,2931.179066240545,11364.917077178095
input_output_noise,reward3_gienv,DQN reward3 GIenv,Results_DQN_reward3_train_GI_o/model,design,51,design_2,Design Rainfall 2,0.1,33,20570747,95,7611.33517934177,4433.063228170275,12044.398407512044
input_output_noise,reward3_gienv,DQN reward3 GIenv,Results_DQN_reward3_train_GI_o/model,design,51,design_2,Design Rainfall 2,0.1,34,20570748,95,8573.24627141069,2917.387267452612,11490.633538863302
input_output_noise,reward3_gienv,DQN reward3 GIenv,Results_DQN_reward3_train_GI_o/model,design,51,design_2,Design Rainfall 2,0.1,35,20570749,95,8137.726243989832,4034.804689647087,12172.53093363692
input_output_noise,reward3_gienv,DQN reward3 GIenv,Results_DQN_reward3_train_GI_o/model,design,51,design_2,Design Rainfall 2,0.1,36,20570750,95,7594.3765529298,3834.727563060632,11429.10411599043
input_output_noise,reward3_gienv,DQN reward3 GIenv,Results_DQN_reward3_train_GI_o/model,design,51,design_2,Design Rainfall 2,0.1,37,20570751,95,7650.055800427881,4464.87321018946,12114.929010617341
input_output_noise,reward3_gienv,DQN reward3 GIenv,Results_DQN_reward3_train_GI_o/model,design,51,design_2,Design Rainfall 2,0.1,38,20570752,95,9147.927567550147,2563.114432543697,11711.042000093843
input_output_noise,reward3_gienv,DQN reward3 GIenv,Results_DQN_reward3_train_GI_o/model,design,51,design_2,Design Rainfall 2,0.1,39,20570753,95,7626.87474576911,4372.368846762697,11999.243592531806
input_output_noise,reward3_gienv,DQN reward3 GIenv,Results_DQN_reward3_train_GI_o/model,design,51,design_2,Design Rainfall 2,0.1,40,20570754,95,7737.389155301716,4040.910312103818,11778.299467405534
input_output_noise,reward3_gienv,DQN reward3 GIenv,Results_DQN_reward3_train_GI_o/model,design,51,design_2,Design Rainfall 2,0.1,41,20570755,95,7878.775501582113,3394.6760408028845,11273.451542384997
input_output_noise,reward3_gienv,DQN reward3 GIenv,Results_DQN_reward3_train_GI_o/model,design,51,design_2,Design Rainfall 2,0.1,42,20570756,95,8566.62216556347,3360.626870491885,11927.249036055357
input_output_noise,reward3_gienv,DQN reward3 GIenv,Results_DQN_reward3_train_GI_o/model,design,51,design_2,Design Rainfall 2,0.1,43,20570757,95,8065.160439280678,4131.832158324848,12196.992597605526
input_output_noise,reward3_gienv,DQN reward3 GIenv,Results_DQN_reward3_train_GI_o/model,design,51,design_2,Design Rainfall 2,0.1,44,20570758,95,7848.6708310754575,3855.225697993405,11703.896529068863
input_output_noise,reward3_gienv,DQN reward3 GIenv,Results_DQN_reward3_train_GI_o/model,design,51,design_2,Design Rainfall 2,0.1,45,20570759,95,7850.164197095483,4146.454675610358,11996.618872705842
input_output_noise,reward3_gienv,DQN reward3 GIenv,Results_DQN_reward3_train_GI_o/model,design,51,design_2,Design Rainfall 2,0.1,46,20570760,95,7870.12822692205,4185.937923753479,12056.066150675528
input_output_noise,reward3_gienv,DQN reward3 GIenv,Results_DQN_reward3_train_GI_o/model,design,51,design_2,Design Rainfall 2,0.1,47,20570761,95,7617.459226846501,4535.5771587482095,12153.03638559471
input_output_noise,reward3_gienv,DQN reward3 GIenv,Results_DQN_reward3_train_GI_o/model,design,51,design_2,Design Rainfall 2,0.1,48,20570762,95,7305.378765688652,4200.357597674097,11505.736363362748
input_output_noise,reward3_gienv,DQN reward3 GIenv,Results_DQN_reward3_train_GI_o/model,design,51,design_2,Design Rainfall 2,0.1,49,20570763,95,7561.5529418914375,4264.032392047291,11825.585333938729
input_output_noise,reward3_gienv,DQN reward3 GIenv,Results_DQN_reward3_train_GI_o/model,real,0,real_01,Real Rainfall 1,0.05,0,20665714,95,4737.1167302062795,590.0100331661063,5327.1267633723855
input_output_noise,reward3_gienv,DQN reward3 GIenv,Results_DQN_reward3_train_GI_o/model,real,0,real_01,Real Rainfall 1,0.05,1,20665715,95,4411.281201763039,883.3300095794709,5294.61121134251
input_output_noise,reward3_gienv,DQN reward3 GIenv,Results_DQN_reward3_train_GI_o/model,real,0,real_01,Real Rainfall 1,0.05,2,20665716,95,4769.802600027356,1384.1063796379503,6153.908979665306
input_output_noise,reward3_gienv,DQN reward3 GIenv,Results_DQN_reward3_train_GI_o/model,real,0,real_01,Real Rainfall 1,0.05,3,20665717,95,4702.178723769706,884.3406550277255,5586.519378797431
input_output_noise,reward3_gienv,DQN reward3 GIenv,Results_DQN_reward3_train_GI_o/model,real,0,real_01,Real Rainfall 1,0.05,4,20665718,95,3972.727283961361,1402.6227301430497,5375.350014104411
input_output_noise,reward3_gienv,DQN reward3 GIenv,Results_DQN_reward3_train_GI_o/model,real,0,real_01,Real Rainfall 1,0.05,5,20665719,95,4795.9916658433785,1376.0893925706046,6172.081058413984
input_output_noise,reward3_gienv,DQN reward3 GIenv,Results_DQN_reward3_train_GI_o/model,real,0,real_01,Real Rainfall 1,0.05,6,20665720,95,4770.040320689748,883.1637448597447,5653.204065549493
input_output_noise,reward3_gienv,DQN reward3 GIenv,Results_DQN_reward3_train_GI_o/model,real,0,real_01,Real Rainfall 1,0.05,7,20665721,95,4150.76535451168,1905.3300091147617,6056.095363626442
input_output_noise,reward3_gienv,DQN reward3 GIenv,Results_DQN_reward3_train_GI_o/model,real,0,real_01,Real Rainfall 1,0.05,8,20665722,95,4031.1495510444643,1392.3682788526926,5423.517829897157
input_output_noise,reward3_gienv,DQN reward3 GIenv,Results_DQN_reward3_train_GI_o/model,real,0,real_01,Real Rainfall 1,0.05,9,20665723,95,3931.892215942039,1664.234485390833,5596.1267013328725
input_output_noise,reward3_gienv,DQN reward3 GIenv,Results_DQN_reward3_train_GI_o/model,real,0,real_01,Real Rainfall 1,0.05,10,20665724,95,4953.650077463242,1662.608444178673,6616.258521641916
input_output_noise,reward3_gienv,DQN reward3 GIenv,Results_DQN_reward3_train_GI_o/model,real,0,real_01,Real Rainfall 1,0.05,11,20665725,95,4652.880544059764,590.0102965097557,5242.89084056952
input_output_noise,reward3_gienv,DQN reward3 GIenv,Results_DQN_reward3_train_GI_o/model,real,0,real_01,Real Rainfall 1,0.05,12,20665726,95,3856.130397644701,2165.2997232240214,6021.430120868723
input_output_noise,reward3_gienv,DQN reward3 GIenv,Results_DQN_reward3_train_GI_o/model,real,0,real_01,Real Rainfall 1,0.05,13,20665727,95,3526.7536449565764,2841.5048868952867,6368.258531851863
input_output_noise,reward3_gienv,DQN reward3 GIenv,Results_DQN_reward3_train_GI_o/model,real,0,real_01,Real Rainfall 1,0.05,14,20665728,95,4615.767416250611,883.8585684016865,5499.625984652297
input_output_noise,reward3_gienv,DQN reward3 GIenv,Results_DQN_reward3_train_GI_o/model,real,0,real_01,Real Rainfall 1,0.05,15,20665729,95,4227.747127504947,1160.742541476361,5388.489668981308
input_output_noise,reward3_gienv,DQN reward3 GIenv,Results_DQN_reward3_train_GI_o/model,real,0,real_01,Real Rainfall 1,0.05,16,20665730,95,3596.44303837434,2871.337532814401,6467.780571188741
input_output_noise,reward3_gienv,DQN reward3 GIenv,Results_DQN_reward3_train_GI_o/model,real,0,real_01,Real Rainfall 1,0.05,17,20665731,95,4045.2792826097534,1168.480892203532,5213.760174813286
input_output_noise,reward3_gienv,DQN reward3 GIenv,Results_DQN_reward3_train_GI_o/model,real,0,real_01,Real Rainfall 1,0.05,18,20665732,95,4038.428557869607,1817.6816926003914,5856.110250469998
input_output_noise,reward3_gienv,DQN reward3 GIenv,Results_DQN_reward3_train_GI_o/model,real,0,real_01,Real Rainfall 1,0.05,19,20665733,95,3141.997135996401,2595.8045156463822,5737.801651642783
input_output_noise,reward3_gienv,DQN reward3 GIenv,Results_DQN_reward3_train_GI_o/model,real,0,real_01,Real Rainfall 1,0.05,20,20665734,95,4975.513710045804,590.0111439201265,5565.524853965931
input_output_noise,reward3_gienv,DQN reward3 GIenv,Results_DQN_reward3_train_GI_o/model,real,0,real_01,Real Rainfall 1,0.05,21,20665735,95,4387.05541260324,2555.177654461534,6942.233067064774
input_output_noise,reward3_gienv,DQN reward3 GIenv,Results_DQN_reward3_train_GI_o/model,real,0,real_01,Real Rainfall 1,0.05,22,20665736,95,4083.981081278741,1169.1002321916362,5253.081313470377
input_output_noise,reward3_gienv,DQN reward3 GIenv,Results_DQN_reward3_train_GI_o/model,real,0,real_01,Real Rainfall 1,0.05,23,20665737,95,4337.3772237421945,1390.8139760791757,5728.19119982137
input_output_noise,reward3_gienv,DQN reward3 GIenv,Results_DQN_reward3_train_GI_o/model,real,0,real_01,Real Rainfall 1,0.05,24,20665738,95,3597.451011817389,2547.0731122903553,6144.524124107744
input_output_noise,reward3_gienv,DQN reward3 GIenv,Results_DQN_reward3_train_GI_o/model,real,0,real_01,Real Rainfall 1,0.05,25,20665739,95,4027.624685272268,1159.5120707107526,5187.1367559830205
input_output_noise,reward3_gienv,DQN reward3 GIenv,Results_DQN_reward3_train_GI_o/model,real,0,real_01,Real Rainfall 1,0.05,26,20665740,95,4337.3881392438725,884.0659109225696,5221.454050166442
input_output_noise,reward3_gienv,DQN reward3 GIenv,Results_DQN_reward3_train_GI_o/model,real,0,real_01,Real Rainfall 1,0.05,27,20665741,95,3466.773513542939,2015.3573708136646,5482.130884356604
input_output_noise,reward3_gienv,DQN reward3 GIenv,Results_DQN_reward3_train_GI_o/model,real,0,real_01,Real Rainfall 1,0.05,28,20665742,95,4606.0437978041655,1625.1577264114683,6231.201524215634
input_output_noise,reward3_gienv,DQN reward3 GIenv,Results_DQN_reward3_train_GI_o/model,real,0,real_01,Real Rainfall 1,0.05,29,20665743,95,4412.2949333353845,884.6098933352058,5296.90482667059
input_output_noise,reward3_gienv,DQN reward3 GIenv,Results_DQN_reward3_train_GI_o/model,real,0,real_01,Real Rainfall 1,0.05,30,20665744,95,4049.4855697319917,2426.4875466244084,6475.9731163564
input_output_noise,reward3_gienv,DQN reward3 GIenv,Results_DQN_reward3_train_GI_o/model,real,0,real_01,Real Rainfall 1,0.05,31,20665745,95,3815.4714090304005,2371.6337906453837,6187.105199675784
input_output_noise,reward3_gienv,DQN reward3 GIenv,Results_DQN_reward3_train_GI_o/model,real,0,real_01,Real Rainfall 1,0.05,32,20665746,95,4710.694623849612,884.9789617856918,5595.673585635304
input_output_noise,reward3_gienv,DQN reward3 GIenv,Results_DQN_reward3_train_GI_o/model,real,0,real_01,Real Rainfall 1,0.05,33,20665747,95,4339.299085187022,883.2193269865536,5222.518412173576
input_output_noise,reward3_gienv,DQN reward3 GIenv,Results_DQN_reward3_train_GI_o/model,real,0,real_01,Real Rainfall 1,0.05,34,20665748,95,3143.5491369755264,2284.539131839711,5428.088268815238
input_output_noise,reward3_gienv,DQN reward3 GIenv,Results_DQN_reward3_train_GI_o/model,real,0,real_01,Real Rainfall 1,0.05,35,20665749,95,4981.575275054895,590.0107481229849,5571.586023177881
input_output_noise,reward3_gienv,DQN reward3 GIenv,Results_DQN_reward3_train_GI_o/model,real,0,real_01,Real Rainfall 1,0.05,36,20665750,95,4335.138225148272,884.8391657834164,5219.977390931688
input_output_noise,reward3_gienv,DQN reward3 GIenv,Results_DQN_reward3_train_GI_o/model,real,0,real_01,Real Rainfall 1,0.05,37,20665751,95,4667.713872654571,883.9338859834796,5551.647758638051
input_output_noise,reward3_gienv,DQN reward3 GIenv,Results_DQN_reward3_train_GI_o/model,real,0,real_01,Real Rainfall 1,0.05,38,20665752,95,3846.1679073951855,1595.0014396515012,5441.169347046687
input_output_noise,reward3_gienv,DQN reward3 GIenv,Results_DQN_reward3_train_GI_o/model,real,0,real_01,Real Rainfall 1,0.05,39,20665753,95,4370.433709581383,1304.4341365498628,5674.867846131246
input_output_noise,reward3_gienv,DQN reward3 GIenv,Results_DQN_reward3_train_GI_o/model,real,0,real_01,Real Rainfall 1,0.05,40,20665754,95,3359.3394464496555,2740.451588043542,6099.791034493197
input_output_noise,reward3_gienv,DQN reward3 GIenv,Results_DQN_reward3_train_GI_o/model,real,0,real_01,Real Rainfall 1,0.05,41,20665755,95,4687.145051354497,1085.6317805867172,5772.776831941214
input_output_noise,reward3_gienv,DQN reward3 GIenv,Results_DQN_reward3_train_GI_o/model,real,0,real_01,Real Rainfall 1,0.05,42,20665756,95,3681.2370920166377,2435.6682639430005,6116.905355959638
input_output_noise,reward3_gienv,DQN reward3 GIenv,Results_DQN_reward3_train_GI_o/model,real,0,real_01,Real Rainfall 1,0.05,43,20665757,95,4737.432286332823,590.0104058827634,5327.442692215587
input_output_noise,reward3_gienv,DQN reward3 GIenv,Results_DQN_reward3_train_GI_o/model,real,0,real_01,Real Rainfall 1,0.05,44,20665758,95,4984.768004539554,1232.6156001319082,6217.383604671462
input_output_noise,reward3_gienv,DQN reward3 GIenv,Results_DQN_reward3_train_GI_o/model,real,0,real_01,Real Rainfall 1,0.05,45,20665759,95,3914.3341811808295,2333.1435268755586,6247.477708056388
input_output_noise,reward3_gienv,DQN reward3 GIenv,Results_DQN_reward3_train_GI_o/model,real,0,real_01,Real Rainfall 1,0.05,46,20665760,95,4463.976438677175,883.1093086534696,5347.085747330644
input_output_noise,reward3_gienv,DQN reward3 GIenv,Results_DQN_reward3_train_GI_o/model,real,0,real_01,Real Rainfall 1,0.05,47,20665761,95,3798.2759509517937,2352.6669774653546,6150.942928417148
input_output_noise,reward3_gienv,DQN reward3 GIenv,Results_DQN_reward3_train_GI_o/model,real,0,real_01,Real Rainfall 1,0.05,48,20665762,95,3926.3774021592017,1408.515796457501,5334.893198616703
input_output_noise,reward3_gienv,DQN reward3 GIenv,Results_DQN_reward3_train_GI_o/model,real,0,real_01,Real Rainfall 1,0.05,49,20665763,95,4076.59802840288,1901.3154340667738,5977.913462469654
input_output_noise,reward3_gienv,DQN reward3 GIenv,Results_DQN_reward3_train_GI_o/model,real,0,real_01,Real Rainfall 1,0.1,0,20670714,95,4154.321745857593,1899.2437455950142,6053.565491452607
input_output_noise,reward3_gienv,DQN reward3 GIenv,Results_DQN_reward3_train_GI_o/model,real,0,real_01,Real Rainfall 1,0.1,1,20670715,95,3831.9482179516763,1859.5567862790047,5691.505004230681
input_output_noise,reward3_gienv,DQN reward3 GIenv,Results_DQN_reward3_train_GI_o/model,real,0,real_01,Real Rainfall 1,0.1,2,20670716,95,3147.8766310221563,2388.350910929206,5536.227541951363
input_output_noise,reward3_gienv,DQN reward3 GIenv,Results_DQN_reward3_train_GI_o/model,real,0,real_01,Real Rainfall 1,0.1,3,20670717,95,2982.1438474507777,2344.1736344201836,5326.317481870961
input_output_noise,reward3_gienv,DQN reward3 GIenv,Results_DQN_reward3_train_GI_o/model,real,0,real_01,Real Rainfall 1,0.1,4,20670718,95,4246.516679990338,1080.956957562637,5327.473637552976
input_output_noise,reward3_gienv,DQN reward3 GIenv,Results_DQN_reward3_train_GI_o/model,real,0,real_01,Real Rainfall 1,0.1,5,20670719,95,3149.2139425685605,2775.331777138087,5924.545719706648
input_output_noise,reward3_gienv,DQN reward3 GIenv,Results_DQN_reward3_train_GI_o/model,real,0,real_01,Real Rainfall 1,0.1,6,20670720,95,3310.963353940659,2197.9878798083014,5508.9512337489605
input_output_noise,reward3_gienv,DQN reward3 GIenv,Results_DQN_reward3_train_GI_o/model,real,0,real_01,Real Rainfall 1,0.1,7,20670721,95,4254.292083267635,772.5637962470194,5026.855879514654
input_output_noise,reward3_gienv,DQN reward3 GIenv,Results_DQN_reward3_train_GI_o/model,real,0,real_01,Real Rainfall 1,0.1,8,20670722,95,3486.601231043509,2305.2166687072963,5791.817899750806
input_output_noise,reward3_gienv,DQN reward3 GIenv,Results_DQN_reward3_train_GI_o/model,real,0,real_01,Real Rainfall 1,0.1,9,20670723,95,4804.608305177887,590.0100155620245,5394.618320739912
input_output_noise,reward3_gienv,DQN reward3 GIenv,Results_DQN_reward3_train_GI_o/model,real,0,real_01,Real Rainfall 1,0.1,10,20670724,95,4731.624836496276,590.0102699268845,5321.63510642316
input_output_noise,reward3_gienv,DQN reward3 GIenv,Results_DQN_reward3_train_GI_o/model,real,0,real_01,Real Rainfall 1,0.1,11,20670725,95,4322.488624395184,1701.668581250883,6024.157205646067
input_output_noise,reward3_gienv,DQN reward3 GIenv,Results_DQN_reward3_train_GI_o/model,real,0,real_01,Real Rainfall 1,0.1,12,20670726,95,2774.57762070713,3026.3514342266953,5800.929054933826
input_output_noise,reward3_gienv,DQN reward3 GIenv,Results_DQN_reward3_train_GI_o/model,real,0,real_01,Real Rainfall 1,0.1,13,20670727,95,4507.754762449782,1665.89983587921,6173.6545983289925
input_output_noise,reward3_gienv,DQN reward3 GIenv,Results_DQN_reward3_train_GI_o/model,real,0,real_01,Real Rainfall 1,0.1,14,20670728,95,3686.3977790521776,1972.573280933145,5658.971059985322
input_output_noise,reward3_gienv,DQN reward3 GIenv,Results_DQN_reward3_train_GI_o/model,real,0,real_01,Real Rainfall 1,0.1,15,20670729,95,3945.4551804449516,2838.6150868497307,6784.070267294683
input_output_noise,reward3_gienv,DQN reward3 GIenv,Results_DQN_reward3_train_GI_o/model,real,0,real_01,Real Rainfall 1,0.1,16,20670730,95,4414.5019888298875,1586.7692441445515,6001.271232974439
input_output_noise,reward3_gienv,DQN reward3 GIenv,Results_DQN_reward3_train_GI_o/model,real,0,real_01,Real Rainfall 1,0.1,17,20670731,95,3962.344538262754,1766.2372053585275,5728.581743621282
input_output_noise,reward3_gienv,DQN reward3 GIenv,Results_DQN_reward3_train_GI_o/model,real,0,real_01,Real Rainfall 1,0.1,18,20670732,95,4524.56198781415,1167.810817466399,5692.372805280549
input_output_noise,reward3_gienv,DQN reward3 GIenv,Results_DQN_reward3_train_GI_o/model,real,0,real_01,Real Rainfall 1,0.1,19,20670733,95,3585.771019192443,2119.3484146639116,5705.119433856355
input_output_noise,reward3_gienv,DQN reward3 GIenv,Results_DQN_reward3_train_GI_o/model,real,0,real_01,Real Rainfall 1,0.1,20,20670734,95,1822.217279340071,3840.532112308876,5662.7493916489475
input_output_noise,reward3_gienv,DQN reward3 GIenv,Results_DQN_reward3_train_GI_o/model,real,0,real_01,Real Rainfall 1,0.1,21,20670735,95,4232.134073338358,1389.9851652400664,5622.119238578424
input_output_noise,reward3_gienv,DQN reward3 GIenv,Results_DQN_reward3_train_GI_o/model,real,0,real_01,Real Rainfall 1,0.1,22,20670736,95,3980.7487030918696,1998.6752233437207,5979.42392643559
input_output_noise,reward3_gienv,DQN reward3 GIenv,Results_DQN_reward3_train_GI_o/model,real,0,real_01,Real Rainfall 1,0.1,23,20670737,95,3585.783265133006,2263.576284780734,5849.35954991374
input_output_noise,reward3_gienv,DQN reward3 GIenv,Results_DQN_reward3_train_GI_o/model,real,0,real_01,Real Rainfall 1,0.1,24,20670738,95,3409.854703196696,2459.9279466851885,5869.782649881885
input_output_noise,reward3_gienv,DQN reward3 GIenv,Results_DQN_reward3_train_GI_o/model,real,0,real_01,Real Rainfall 1,0.1,25,20670739,95,3286.818372142413,1986.2118667953027,5273.030238937716
input_output_noise,reward3_gienv,DQN reward3 GIenv,Results_DQN_reward3_train_GI_o/model,real,0,real_01,Real Rainfall 1,0.1,26,20670740,95,4477.018924595851,883.1073799288846,5360.126304524735
input_output_noise,reward3_gienv,DQN reward3 GIenv,Results_DQN_reward3_train_GI_o/model,real,0,real_01,Real Rainfall 1,0.1,27,20670741,95,2972.2345216362887,3517.690312556061,6489.92483419235
input_output_noise,reward3_gienv,DQN reward3 GIenv,Results_DQN_reward3_train_GI_o/model,real,0,real_01,Real Rainfall 1,0.1,28,20670742,95,2986.213201383312,2971.2343390326814,5957.447540415993
input_output_noise,reward3_gienv,DQN reward3 GIenv,Results_DQN_reward3_train_GI_o/model,real,0,real_01,Real Rainfall 1,0.1,29,20670743,95,4831.8994912178105,1060.4241529334395,5892.32364415125
input_output_noise,reward3_gienv,DQN reward3 GIenv,Results_DQN_reward3_train_GI_o/model,real,0,real_01,Real Rainfall 1,0.1,30,20670744,95,3591.7515480509232,1992.3235288035153,5584.0750768544385
input_output_noise,reward3_gienv,DQN reward3 GIenv,Results_DQN_reward3_train_GI_o/model,real,0,real_01,Real Rainfall 1,0.1,31,20670745,95,4109.666924842716,1595.3888119818052,5705.055736824521
input_output_noise,reward3_gienv,DQN reward3 GIenv,Results_DQN_reward3_train_GI_o/model,real,0,real_01,Real Rainfall 1,0.1,32,20670746,95,2383.1888910783655,4459.773163748399,6842.962054826765
input_output_noise,reward3_gienv,DQN reward3 GIenv,Results_DQN_reward3_train_GI_o/model,real,0,real_01,Real Rainfall 1,0.1,33,20670747,95,3488.1765304140313,2161.1204458876123,5649.296976301644
input_output_noise,reward3_gienv,DQN reward3 GIenv,Results_DQN_reward3_train_GI_o/model,real,0,real_01,Real Rainfall 1,0.1,34,20670748,95,3641.0998903372583,2095.0897169068776,5736.189607244136
input_output_noise,reward3_gienv,DQN reward3 GIenv,Results_DQN_reward3_train_GI_o/model,real,0,real_01,Real Rainfall 1,0.1,35,20670749,95,4690.243766272388,883.4457916289568,5573.689557901344
input_output_noise,reward3_gienv,DQN reward3 GIenv,Results_DQN_reward3_train_GI_o/model,real,0,real_01,Real Rainfall 1,0.1,36,20670750,95,3537.847918448821,2594.7153405772,6132.563259026021
input_output_noise,reward3_gienv,DQN reward3 GIenv,Results_DQN_reward3_train_GI_o/model,real,0,real_01,Real Rainfall 1,0.1,37,20670751,95,4235.190813204504,1615.2530122318608,5850.443825436365
input_output_noise,reward3_gienv,DQN reward3 GIenv,Results_DQN_reward3_train_GI_o/model,real,0,real_01,Real Rainfall 1,0.1,38,20670752,95,2822.2182801304575,3244.012742024207,6066.231022154665
input_output_noise,reward3_gienv,DQN reward3 GIenv,Results_DQN_reward3_train_GI_o/model,real,0,real_01,Real Rainfall 1,0.1,39,20670753,95,4147.367591857966,1088.5241317760926,5235.8917236340585
input_output_noise,reward3_gienv,DQN reward3 GIenv,Results_DQN_reward3_train_GI_o/model,real,0,real_01,Real Rainfall 1,0.1,40,20670754,95,3545.058947468772,2268.7588892521635,5813.817836720936
input_output_noise,reward3_gienv,DQN reward3 GIenv,Results_DQN_reward3_train_GI_o/model,real,0,real_01,Real Rainfall 1,0.1,41,20670755,95,3692.292601307368,2277.1294582777814,5969.422059585149
input_output_noise,reward3_gienv,DQN reward3 GIenv,Results_DQN_reward3_train_GI_o/model,real,0,real_01,Real Rainfall 1,0.1,42,20670756,95,4069.9169001620703,1452.8299656090987,5522.746865771169
input_output_noise,reward3_gienv,DQN reward3 GIenv,Results_DQN_reward3_train_GI_o/model,real,0,real_01,Real Rainfall 1,0.1,43,20670757,95,5058.721920817617,983.2213271474034,6041.94324796502
input_output_noise,reward3_gienv,DQN reward3 GIenv,Results_DQN_reward3_train_GI_o/model,real,0,real_01,Real Rainfall 1,0.1,44,20670758,95,4178.057074760751,1453.9385863518464,5631.995661112597
input_output_noise,reward3_gienv,DQN reward3 GIenv,Results_DQN_reward3_train_GI_o/model,real,0,real_01,Real Rainfall 1,0.1,45,20670759,95,3617.422295745725,2425.3115284422897,6042.733824188015
input_output_noise,reward3_gienv,DQN reward3 GIenv,Results_DQN_reward3_train_GI_o/model,real,0,real_01,Real Rainfall 1,0.1,46,20670760,95,2397.2830097259566,3406.3138944993957,5803.596904225353
input_output_noise,reward3_gienv,DQN reward3 GIenv,Results_DQN_reward3_train_GI_o/model,real,0,real_01,Real Rainfall 1,0.1,47,20670761,95,4019.103625176968,1658.047203780233,5677.150828957201
input_output_noise,reward3_gienv,DQN reward3 GIenv,Results_DQN_reward3_train_GI_o/model,real,0,real_01,Real Rainfall 1,0.1,48,20670762,95,4150.413659928679,1160.1589664513037,5310.572626379983
input_output_noise,reward3_gienv,DQN reward3 GIenv,Results_DQN_reward3_train_GI_o/model,real,0,real_01,Real Rainfall 1,0.1,49,20670763,95,4715.062804489751,962.0203608673149,5677.083165357066
input_output_noise,reward3_gienv,DQN reward3 GIenv,Results_DQN_reward3_train_GI_o/model,real,1,real_02,Real Rainfall 2,0.05,0,20765714,95,1323.1818972389867,1461.5407924401406,2784.722689679127
input_output_noise,reward3_gienv,DQN reward3 GIenv,Results_DQN_reward3_train_GI_o/model,real,1,real_02,Real Rainfall 2,0.05,1,20765715,95,1907.3461966870896,929.4842907825068,2836.8304874695964
input_output_noise,reward3_gienv,DQN reward3 GIenv,Results_DQN_reward3_train_GI_o/model,real,1,real_02,Real Rainfall 2,0.05,2,20765716,95,1294.358583209927,1719.1293906007918,3013.487973810719
input_output_noise,reward3_gienv,DQN reward3 GIenv,Results_DQN_reward3_train_GI_o/model,real,1,real_02,Real Rainfall 2,0.05,3,20765717,95,1905.373127844921,728.8053003274164,2634.1784281723376
input_output_noise,reward3_gienv,DQN reward3 GIenv,Results_DQN_reward3_train_GI_o/model,real,1,real_02,Real Rainfall 2,0.05,4,20765718,95,1315.2746053487717,1476.1522496185926,2791.4268549673643
input_output_noise,reward3_gienv,DQN reward3 GIenv,Results_DQN_reward3_train_GI_o/model,real,1,real_02,Real Rainfall 2,0.05,5,20765719,95,1107.451248647941,1455.1495998071582,2562.6008484550994
input_output_noise,reward3_gienv,DQN reward3 GIenv,Results_DQN_reward3_train_GI_o/model,real,1,real_02,Real Rainfall 2,0.05,6,20765720,95,1824.5592898463917,933.5068812176021,2758.066171063994
input_output_noise,reward3_gienv,DQN reward3 GIenv,Results_DQN_reward3_train_GI_o/model,real,1,real_02,Real Rainfall 2,0.05,7,20765721,95,1311.1516943585284,1271.156670309732,2582.3083646682603
input_output_noise,reward3_gienv,DQN reward3 GIenv,Results_DQN_reward3_train_GI_o/model,real,1,real_02,Real Rainfall 2,0.05,8,20765722,95,1332.043724165357,1461.4397822170433,2793.4835063824003
input_output_noise,reward3_gienv,DQN reward3 GIenv,Results_DQN_reward3_train_GI_o/model,real,1,real_02,Real Rainfall 2,0.05,9,20765723,95,1759.8261569709152,1026.9567779644954,2786.7829349354106
input_output_noise,reward3_gienv,DQN reward3 GIenv,Results_DQN_reward3_train_GI_o/model,real,1,real_02,Real Rainfall 2,0.05,10,20765724,95,1207.847962265164,1672.7646198542773,2880.612582119441
input_output_noise,reward3_gienv,DQN reward3 GIenv,Results_DQN_reward3_train_GI_o/model,real,1,real_02,Real Rainfall 2,0.05,11,20765725,95,973.6031363557024,1923.662678651101,2897.2658150068037
input_output_noise,reward3_gienv,DQN reward3 GIenv,Results_DQN_reward3_train_GI_o/model,real,1,real_02,Real Rainfall 2,0.05,12,20765726,95,1831.9498853921637,728.806948997683,2560.7568343898465
input_output_noise,reward3_gienv,DQN reward3 GIenv,Results_DQN_reward3_train_GI_o/model,real,1,real_02,Real Rainfall 2,0.05,13,20765727,95,1906.1397860145323,729.1676327857854,2635.3074188003175
input_output_noise,reward3_gienv,DQN reward3 GIenv,Results_DQN_reward3_train_GI_o/model,real,1,real_02,Real Rainfall 2,0.05,14,20765728,95,1760.663164207167,1137.609112408506,2898.272276615673
input_output_noise,reward3_gienv,DQN reward3 GIenv,Results_DQN_reward3_train_GI_o/model,real,1,real_02,Real Rainfall 2,0.05,15,20765729,95,586.0310791578236,2511.659157716348,3097.6902368741717
input_output_noise,reward3_gienv,DQN reward3 GIenv,Results_DQN_reward3_train_GI_o/model,real,1,real_02,Real Rainfall 2,0.05,16,20765730,95,1824.9773176304516,933.1442786264763,2758.1215962569277
input_output_noise,reward3_gienv,DQN reward3 GIenv,Results_DQN_reward3_train_GI_o/model,real,1,real_02,Real Rainfall 2,0.05,17,20765731,95,1015.6130894342622,1740.6727455957136,2756.2858350299757
input_output_noise,reward3_gienv,DQN reward3 GIenv,Results_DQN_reward3_train_GI_o/model,real,1,real_02,Real Rainfall 2,0.05,18,20765732,95,1691.9122791861191,1129.8084110369398,2821.720690223059
input_output_noise,reward3_gienv,DQN reward3 GIenv,Results_DQN_reward3_train_GI_o/model,real,1,real_02,Real Rainfall 2,0.05,19,20765733,95,1631.6873411781457,1428.0551023367143,3059.74244351486
input_output_noise,reward3_gienv,DQN reward3 GIenv,Results_DQN_reward3_train_GI_o/model,real,1,real_02,Real Rainfall 2,0.05,20,20765734,95,956.5999585561979,1749.258577349554,2705.8585359057515
input_output_noise,reward3_gienv,DQN reward3 GIenv,Results_DQN_reward3_train_GI_o/model,real,1,real_02,Real Rainfall 2,0.05,21,20765735,95,1015.0292342425162,2052.270494015748,3067.2997282582646
input_output_noise,reward3_gienv,DQN reward3 GIenv,Results_DQN_reward3_train_GI_o/model,real,1,real_02,Real Rainfall 2,0.05,22,20765736,95,1826.3316126762165,1019.0063420071198,2845.337954683336
input_output_noise,reward3_gienv,DQN reward3 GIenv,Results_DQN_reward3_train_GI_o/model,real,1,real_02,Real Rainfall 2,0.05,23,20765737,95,1175.3745756029095,1477.7011780448697,2653.0757536477795
input_output_noise,reward3_gienv,DQN reward3 GIenv,Results_DQN_reward3_train_GI_o/model,real,1,real_02,Real Rainfall 2,0.05,24,20765738,95,951.0068186859265,1740.06984356369,2691.0766622496167
input_output_noise,reward3_gienv,DQN reward3 GIenv,Results_DQN_reward3_train_GI_o/model,real,1,real_02,Real Rainfall 2,0.05,25,20765739,95,1490.8454992276422,1751.7922806443553,3242.6377798719977
input_output_noise,reward3_gienv,DQN reward3 GIenv,Results_DQN_reward3_train_GI_o/model,real,1,real_02,Real Rainfall 2,0.05,26,20765740,95,1826.7027527950088,924.0793055832196,2750.7820583782286
input_output_noise,reward3_gienv,DQN reward3 GIenv,Results_DQN_reward3_train_GI_o/model,real,1,real_02,Real Rainfall 2,0.05,27,20765741,95,926.5324159017628,2368.8933176970095,3295.4257335987722
input_output_noise,reward3_gienv,DQN reward3 GIenv,Results_DQN_reward3_train_GI_o/model,real,1,real_02,Real Rainfall 2,0.05,28,20765742,95,1530.8700845758328,1258.4388218013567,2789.3089063771895
input_output_noise,reward3_gienv,DQN reward3 GIenv,Results_DQN_reward3_train_GI_o/model,real,1,real_02,Real Rainfall 2,0.05,29,20765743,95,749.5432498280472,2260.85416365846,3010.3974134865075
input_output_noise,reward3_gienv,DQN reward3 GIenv,Results_DQN_reward3_train_GI_o/model,real,1,real_02,Real Rainfall 2,0.05,30,20765744,95,1258.1093270356398,1267.6959443023322,2525.805271337972
input_output_noise,reward3_gienv,DQN reward3 GIenv,Results_DQN_reward3_train_GI_o/model,real,1,real_02,Real Rainfall 2,0.05,31,20765745,95,1763.9531923699708,729.1696200342782,2493.122812404249
input_output_noise,reward3_gienv,DQN reward3 GIenv,Results_DQN_reward3_train_GI_o/model,real,1,real_02,Real Rainfall 2,0.05,32,20765746,95,1308.2774367367758,1273.4822175408704,2581.7596542776464
input_output_noise,reward3_gienv,DQN reward3 GIenv,Results_DQN_reward3_train_GI_o/model,real,1,real_02,Real Rainfall 2,0.05,33,20765747,95,1900.3560544479012,729.1706550117999,2629.526709459701
input_output_noise,reward3_gienv,DQN reward3 GIenv,Results_DQN_reward3_train_GI_o/model,real,1,real_02,Real Rainfall 2,0.05,34,20765748,95,1700.8250542309881,1136.283775341368,2837.108829572356
input_output_noise,reward3_gienv,DQN reward3 GIenv,Results_DQN_reward3_train_GI_o/model,real,1,real_02,Real Rainfall 2,0.05,35,20765749,95,1216.9996452233172,1739.1396902715687,2956.139335494886
input_output_noise,reward3_gienv,DQN reward3 GIenv,Results_DQN_reward3_train_GI_o/model,real,1,real_02,Real Rainfall 2,0.05,36,20765750,95,1826.7553687309028,1027.330952547701,2854.0863212786035
input_output_noise,reward3_gienv,DQN reward3 GIenv,Results_DQN_reward3_train_GI_o/model,real,1,real_02,Real Rainfall 2,0.05,37,20765751,95,1321.4677663589378,1563.966686222289,2885.4344525812267
input_output_noise,reward3_gienv,DQN reward3 GIenv,Results_DQN_reward3_train_GI_o/model,real,1,real_02,Real Rainfall 2,0.05,38,20765752,95,1119.0690263253646,1878.3640590112288,2997.4330853365936
input_output_noise,reward3_gienv,DQN reward3 GIenv,Results_DQN_reward3_train_GI_o/model,real,1,real_02,Real Rainfall 2,0.05,39,20765753,95,1905.827271770039,729.1699600052001,2634.997231775239
input_output_noise,reward3_gienv,DQN reward3 GIenv,Results_DQN_reward3_train_GI_o/model,real,1,real_02,Real Rainfall 2,0.05,40,20765754,95,741.6789077920624,2116.304918336622,2857.9838261286845
input_output_noise,reward3_gienv,DQN reward3 GIenv,Results_DQN_reward3_train_GI_o/model,real,1,real_02,Real Rainfall 2,0.05,41,20765755,95,1627.4725675941938,1136.5399593559914,2764.012526950185
input_output_noise,reward3_gienv,DQN reward3 GIenv,Results_DQN_reward3_train_GI_o/model,real,1,real_02,Real Rainfall 2,0.05,42,20765756,95,1531.7667975542943,1772.5643345051396,3304.331132059434
input_output_noise,reward3_gienv,DQN reward3 GIenv,Results_DQN_reward3_train_GI_o/model,real,1,real_02,Real Rainfall 2,0.05,43,20765757,95,1182.1402013568197,1397.1136873167984,2579.2538886736183
input_output_noise,reward3_gienv,DQN reward3 GIenv,Results_DQN_reward3_train_GI_o/model,real,1,real_02,Real Rainfall 2,0.05,44,20765758,95,1089.6962512962348,1738.717787238376,2828.414038534611
input_output_noise,reward3_gienv,DQN reward3 GIenv,Results_DQN_reward3_train_GI_o/model,real,1,real_02,Real Rainfall 2,0.05,45,20765759,95,948.3360900132069,1736.5239483509617,2684.8600383641688
input_output_noise,reward3_gienv,DQN reward3 GIenv,Results_DQN_reward3_train_GI_o/model,real,1,real_02,Real Rainfall 2,0.05,46,20765760,95,1696.830190092885,859.6480230957651,2556.47821318865
input_output_noise,reward3_gienv,DQN reward3 GIenv,Results_DQN_reward3_train_GI_o/model,real,1,real_02,Real Rainfall 2,0.05,47,20765761,95,1688.9223615243575,1133.2984689651832,2822.2208304895407
input_output_noise,reward3_gienv,DQN reward3 GIenv,Results_DQN_reward3_train_GI_o/model,real,1,real_02,Real Rainfall 2,0.05,48,20765762,95,1298.165804117309,2167.811671206012,3465.977475323321
input_output_noise,reward3_gienv,DQN reward3 GIenv,Results_DQN_reward3_train_GI_o/model,real,1,real_02,Real Rainfall 2,0.05,49,20765763,95,1841.1718398507041,859.6443207150895,2700.816160565794
input_output_noise,reward3_gienv,DQN reward3 GIenv,Results_DQN_reward3_train_GI_o/model,real,1,real_02,Real Rainfall 2,0.1,0,20770714,95,1790.2680595093032,1271.7282219952613,3061.9962815045646
input_output_noise,reward3_gienv,DQN reward3 GIenv,Results_DQN_reward3_train_GI_o/model,real,1,real_02,Real Rainfall 2,0.1,1,20770715,95,1021.5493246598727,1977.14699636964,2998.6963210295125
input_output_noise,reward3_gienv,DQN reward3 GIenv,Results_DQN_reward3_train_GI_o/model,real,1,real_02,Real Rainfall 2,0.1,2,20770716,95,1108.2198536714154,1658.9689198331598,2767.1887735045752
input_output_noise,reward3_gienv,DQN reward3 GIenv,Results_DQN_reward3_train_GI_o/model,real,1,real_02,Real Rainfall 2,0.1,3,20770717,95,994.4183323398372,1789.5971091088336,2784.0154414486706
input_output_noise,reward3_gienv,DQN reward3 GIenv,Results_DQN_reward3_train_GI_o/model,real,1,real_02,Real Rainfall 2,0.1,4,20770718,95,1071.1390120613223,1922.4639701095955,2993.602982170918
input_output_noise,reward3_gienv,DQN reward3 GIenv,Results_DQN_reward3_train_GI_o/model,real,1,real_02,Real Rainfall 2,0.1,5,20770719,95,1252.4868118076877,1113.5311842238882,2366.017996031576
input_output_noise,reward3_gienv,DQN reward3 GIenv,Results_DQN_reward3_train_GI_o/model,real,1,real_02,Real Rainfall 2,0.1,6,20770720,95,1767.4526958449787,1371.0854553737809,3138.5381512187596
input_output_noise,reward3_gienv,DQN reward3 GIenv,Results_DQN_reward3_train_GI_o/model,real,1,real_02,Real Rainfall 2,0.1,7,20770721,95,1836.9399385771292,931.1138023763699,2768.053740953499
input_output_noise,reward3_gienv,DQN reward3 GIenv,Results_DQN_reward3_train_GI_o/model,real,1,real_02,Real Rainfall 2,0.1,8,20770722,95,1077.8411437816383,2093.961346340886,3171.8024901225244
input_output_noise,reward3_gienv,DQN reward3 GIenv,Results_DQN_reward3_train_GI_o/model,real,1,real_02,Real Rainfall 2,0.1,9,20770723,95,466.9952904740493,2057.5148243171866,2524.510114791236
input_output_noise,reward3_gienv,DQN reward3 GIenv,Results_DQN_reward3_train_GI_o/model,real,1,real_02,Real Rainfall 2,0.1,10,20770724,95,995.9783347585117,2479.2248085811243,3475.203143339636
input_output_noise,reward3_gienv,DQN reward3 GIenv,Results_DQN_reward3_train_GI_o/model,real,1,real_02,Real Rainfall 2,0.1,11,20770725,95,1261.713768255054,1256.9513322597047,2518.6651005147587
input_output_noise,reward3_gienv,DQN reward3 GIenv,Results_DQN_reward3_train_GI_o/model,real,1,real_02,Real Rainfall 2,0.1,12,20770726,95,1628.6833216682498,729.1720197012432,2357.855341369493
input_output_noise,reward3_gienv,DQN reward3 GIenv,Results_DQN_reward3_train_GI_o/model,real,1,real_02,Real Rainfall 2,0.1,13,20770727,95,1042.8782645525757,1369.8580032245352,2412.7362677771107
input_output_noise,reward3_gienv,DQN reward3 GIenv,Results_DQN_reward3_train_GI_o/model,real,1,real_02,Real Rainfall 2,0.1,14,20770728,95,1835.3532682265309,933.4277672652534,2768.781035491784
input_output_noise,reward3_gienv,DQN reward3 GIenv,Results_DQN_reward3_train_GI_o/model,real,1,real_02,Real Rainfall 2,0.1,15,20770729,95,1306.8152549721049,1216.55025840116,2523.3655133732645
input_output_noise,reward3_gienv,DQN reward3 GIenv,Results_DQN_reward3_train_GI_o/model,real,1,real_02,Real Rainfall 2,0.1,16,20770730,95,1009.9328607493138,1589.883138346653,2599.8159990959666
input_output_noise,reward3_gienv,DQN reward3 GIenv,Results_DQN_reward3_train_GI_o/model,real,1,real_02,Real Rainfall 2,0.1,17,20770731,95,1709.1670564844815,1351.5774999406312,3060.744556425113
input_output_noise,reward3_gienv,DQN reward3 GIenv,Results_DQN_reward3_train_GI_o/model,real,1,real_02,Real Rainfall 2,0.1,18,20770732,95,1839.673873512988,859.6495794382175,2699.3234529512056
input_output_noise,reward3_gienv,DQN reward3 GIenv,Results_DQN_reward3_train_GI_o/model,real,1,real_02,Real Rainfall 2,0.1,19,20770733,95,1971.4036632768127,729.1681748643502,2700.571838141163
input_output_noise,reward3_gienv,DQN reward3 GIenv,Results_DQN_reward3_train_GI_o/model,real,1,real_02,Real Rainfall 2,0.1,20,20770734,95,1173.0173586127364,1460.2619387477216,2633.2792973604583
input_output_noise,reward3_gienv,DQN reward3 GIenv,Results_DQN_reward3_train_GI_o/model,real,1,real_02,Real Rainfall 2,0.1,21,20770735,95,1832.4480802445876,931.006629436062,2763.4547096806496
input_output_noise,reward3_gienv,DQN reward3 GIenv,Results_DQN_reward3_train_GI_o/model,real,1,real_02,Real Rainfall 2,0.1,22,20770736,95,1094.3667114562218,1924.7486014180079,3019.11531287423
input_output_noise,reward3_gienv,DQN reward3 GIenv,Results_DQN_reward3_train_GI_o/model,real,1,real_02,Real Rainfall 2,0.1,23,20770737,95,1105.5339785679273,1772.6544745186907,2878.188453086618
input_output_noise,reward3_gienv,DQN reward3 GIenv,Results_DQN_reward3_train_GI_o/model,real,1,real_02,Real Rainfall 2,0.1,24,20770738,95,1902.0637362748248,728.8102998184548,2630.8740360932798
input_output_noise,reward3_gienv,DQN reward3 GIenv,Results_DQN_reward3_train_GI_o/model,real,1,real_02,Real Rainfall 2,0.1,25,20770739,95,1904.8411318635326,728.8044842360433,2633.645616099576
input_output_noise,reward3_gienv,DQN reward3 GIenv,Results_DQN_reward3_train_GI_o/model,real,1,real_02,Real Rainfall 2,0.1,26,20770740,95,1623.4875550526103,1119.7265694102744,2743.2141244628847
input_output_noise,reward3_gienv,DQN reward3 GIenv,Results_DQN_reward3_train_GI_o/model,real,1,real_02,Real Rainfall 2,0.1,27,20770741,95,1135.8688029825303,1759.3926040637969,2895.261407046327
input_output_noise,reward3_gienv,DQN reward3 GIenv,Results_DQN_reward3_train_GI_o/model,real,1,real_02,Real Rainfall 2,0.1,28,20770742,95,1710.5968140866064,1186.3607687385147,2896.957582825121
input_output_noise,reward3_gienv,DQN reward3 GIenv,Results_DQN_reward3_train_GI_o/model,real,1,real_02,Real Rainfall 2,0.1,29,20770743,95,1091.2227938563128,1694.2022654465122,2785.425059302825
input_output_noise,reward3_gienv,DQN reward3 GIenv,Results_DQN_reward3_train_GI_o/model,real,1,real_02,Real Rainfall 2,0.1,30,20770744,95,947.4301398107814,1782.0660617047881,2729.4962015155697
input_output_noise,reward3_gienv,DQN reward3 GIenv,Results_DQN_reward3_train_GI_o/model,real,1,real_02,Real Rainfall 2,0.1,31,20770745,95,962.8238561248465,1902.7332544891003,2865.557110613947
input_output_noise,reward3_gienv,DQN reward3 GIenv,Results_DQN_reward3_train_GI_o/model,real,1,real_02,Real Rainfall 2,0.1,32,20770746,95,1902.787102588159,728.8112918412085,2631.5983944293675
input_output_noise,reward3_gienv,DQN reward3 GIenv,Results_DQN_reward3_train_GI_o/model,real,1,real_02,Real Rainfall 2,0.1,33,20770747,95,1693.7819015551693,1251.0572673311085,2944.8391688862775
input_output_noise,reward3_gienv,DQN reward3 GIenv,Results_DQN_reward3_train_GI_o/model,real,1,real_02,Real Rainfall 2,0.1,34,20770748,95,881.3372460769938,2194.8274761304806,3076.1647222074744
input_output_noise,reward3_gienv,DQN reward3 GIenv,Results_DQN_reward3_train_GI_o/model,real,1,real_02,Real Rainfall 2,0.1,35,20770749,95,1747.9060091409037,865.4303845821386,2613.3363937230424
input_output_noise,reward3_gienv,DQN reward3 GIenv,Results_DQN_reward3_train_GI_o/model,real,1,real_02,Real Rainfall 2,0.1,36,20770750,95,1527.4775361156796,1057.8117585135083,2585.2892946291877
input_output_noise,reward3_gienv,DQN reward3 GIenv,Results_DQN_reward3_train_GI_o/model,real,1,real_02,Real Rainfall 2,0.1,37,20770751,95,1619.7459941052227,1810.1137883406666,3429.8597824458893
input_output_noise,reward3_gienv,DQN reward3 GIenv,Results_DQN_reward3_train_GI_o/model,real,1,real_02,Real Rainfall 2,0.1,38,20770752,95,1459.445545750148,1257.570877073552,2717.0164228237
input_output_noise,reward3_gienv,DQN reward3 GIenv,Results_DQN_reward3_train_GI_o/model,real,1,real_02,Real Rainfall 2,0.1,39,20770753,95,1588.2876852885754,1575.4059554096702,3163.693640698246
input_output_noise,reward3_gienv,DQN reward3 GIenv,Results_DQN_reward3_train_GI_o/model,real,1,real_02,Real Rainfall 2,0.1,40,20770754,95,351.37394126752736,2942.7762617223343,3294.1502029898616
input_output_noise,reward3_gienv,DQN reward3 GIenv,Results_DQN_reward3_train_GI_o/model,real,1,real_02,Real Rainfall 2,0.1,41,20770755,95,1766.708811748009,862.079034273752,2628.787846021761
input_output_noise,reward3_gienv,DQN reward3 GIenv,Results_DQN_reward3_train_GI_o/model,real,1,real_02,Real Rainfall 2,0.1,42,20770756,95,1462.1240154676077,1110.4650114357637,2572.5890269033716
input_output_noise,reward3_gienv,DQN reward3 GIenv,Results_DQN_reward3_train_GI_o/model,real,1,real_02,Real Rainfall 2,0.1,43,20770757,95,724.2277878851675,1958.8321823624806,2683.059970247648
input_output_noise,reward3_gienv,DQN reward3 GIenv,Results_DQN_reward3_train_GI_o/model,real,1,real_02,Real Rainfall 2,0.1,44,20770758,95,741.4076389504409,2638.9048699480254,3380.312508898466
input_output_noise,reward3_gienv,DQN reward3 GIenv,Results_DQN_reward3_train_GI_o/model,real,1,real_02,Real Rainfall 2,0.1,45,20770759,95,1247.3108030740668,1406.7170355822486,2654.0278386563155
input_output_noise,reward3_gienv,DQN reward3 GIenv,Results_DQN_reward3_train_GI_o/model,real,1,real_02,Real Rainfall 2,0.1,46,20770760,95,514.8405908076008,3022.2118094889684,3537.0524002965694
input_output_noise,reward3_gienv,DQN reward3 GIenv,Results_DQN_reward3_train_GI_o/model,real,1,real_02,Real Rainfall 2,0.1,47,20770761,95,1256.2971602927544,1469.9042028269328,2726.201363119687
input_output_noise,reward3_gienv,DQN reward3 GIenv,Results_DQN_reward3_train_GI_o/model,real,1,real_02,Real Rainfall 2,0.1,48,20770762,95,844.3339312968291,2440.218756709065,3284.552688005894
input_output_noise,reward3_gienv,DQN reward3 GIenv,Results_DQN_reward3_train_GI_o/model,real,1,real_02,Real Rainfall 2,0.1,49,20770763,95,1323.8158715729498,1425.1324079612916,2748.9482795342415
input_output_noise,reward3_gienv,DQN reward3 GIenv,Results_DQN_reward3_train_GI_o/model,real,2,real_03,Real Rainfall 3,0.05,0,20865714,95,4442.344049177712,2390.997651879942,6833.341701057654
input_output_noise,reward3_gienv,DQN reward3 GIenv,Results_DQN_reward3_train_GI_o/model,real,2,real_03,Real Rainfall 3,0.05,1,20865715,95,4041.434681607197,2827.8391134896333,6869.27379509683
input_output_noise,reward3_gienv,DQN reward3 GIenv,Results_DQN_reward3_train_GI_o/model,real,2,real_03,Real Rainfall 3,0.05,2,20865716,95,4519.661500077265,2706.5248122689554,7226.186312346221
input_output_noise,reward3_gienv,DQN reward3 GIenv,Results_DQN_reward3_train_GI_o/model,real,2,real_03,Real Rainfall 3,0.05,3,20865717,95,4077.154270527085,3008.7102656946163,7085.864536221701
input_output_noise,reward3_gienv,DQN reward3 GIenv,Results_DQN_reward3_train_GI_o/model,real,2,real_03,Real Rainfall 3,0.05,4,20865718,95,4733.24356812535,1908.017222352491,6641.2607904778415
input_output_noise,reward3_gienv,DQN reward3 GIenv,Results_DQN_reward3_train_GI_o/model,real,2,real_03,Real Rainfall 3,0.05,5,20865719,95,4127.900926923434,2648.18983151655,6776.090758439984
input_output_noise,reward3_gienv,DQN reward3 GIenv,Results_DQN_reward3_train_GI_o/model,real,2,real_03,Real Rainfall 3,0.05,6,20865720,95,3990.7770181381084,4029.9300861539186,8020.707104292027
input_output_noise,reward3_gienv,DQN reward3 GIenv,Results_DQN_reward3_train_GI_o/model,real,2,real_03,Real Rainfall 3,0.05,7,20865721,95,4465.884772450753,3181.921862913122,7647.806635363875
input_output_noise,reward3_gienv,DQN reward3 GIenv,Results_DQN_reward3_train_GI_o/model,real,2,real_03,Real Rainfall 3,0.05,8,20865722,95,4670.478801915034,2654.5956877378003,7325.074489652834
input_output_noise,reward3_gienv,DQN reward3 GIenv,Results_DQN_reward3_train_GI_o/model,real,2,real_03,Real Rainfall 3,0.05,9,20865723,95,4376.490207367154,4017.735017141409,8394.225224508562
input_output_noise,reward3_gienv,DQN reward3 GIenv,Results_DQN_reward3_train_GI_o/model,real,2,real_03,Real Rainfall 3,0.05,10,20865724,95,4049.6213189760238,3038.5928334376567,7088.2141524136805
input_output_noise,reward3_gienv,DQN reward3 GIenv,Results_DQN_reward3_train_GI_o/model,real,2,real_03,Real Rainfall 3,0.05,11,20865725,95,3661.343935901235,2922.5988008653894,6583.942736766625
input_output_noise,reward3_gienv,DQN reward3 GIenv,Results_DQN_reward3_train_GI_o/model,real,2,real_03,Real Rainfall 3,0.05,12,20865726,95,4059.553287496601,3331.1341010803935,7390.687388576995
input_output_noise,reward3_gienv,DQN reward3 GIenv,Results_DQN_reward3_train_GI_o/model,real,2,real_03,Real Rainfall 3,0.05,13,20865727,95,4319.594699356984,3172.380439430683,7491.975138787668
input_output_noise,reward3_gienv,DQN reward3 GIenv,Results_DQN_reward3_train_GI_o/model,real,2,real_03,Real Rainfall 3,0.05,14,20865728,95,3397.3760770075505,3588.8756057526334,6986.251682760184
input_output_noise,reward3_gienv,DQN reward3 GIenv,Results_DQN_reward3_train_GI_o/model,real,2,real_03,Real Rainfall 3,0.05,15,20865729,95,4977.797735112001,2053.5872812833536,7031.385016395354
input_output_noise,reward3_gienv,DQN reward3 GIenv,Results_DQN_reward3_train_GI_o/model,real,2,real_03,Real Rainfall 3,0.05,16,20865730,95,3969.252251893502,3321.04930139796,7290.3015532914615
input_output_noise,reward3_gienv,DQN reward3 GIenv,Results_DQN_reward3_train_GI_o/model,real,2,real_03,Real Rainfall 3,0.05,17,20865731,95,4040.93332857163,3123.235325551226,7164.168654122856
input_output_noise,reward3_gienv,DQN reward3 GIenv,Results_DQN_reward3_train_GI_o/model,real,2,real_03,Real Rainfall 3,0.05,18,20865732,95,4017.984184616389,2718.2998651931416,6736.28404980953
input_output_noise,reward3_gienv,DQN reward3 GIenv,Results_DQN_reward3_train_GI_o/model,real,2,real_03,Real Rainfall 3,0.05,19,20865733,95,4754.706257015091,2529.551940261981,7284.258197277072
input_output_noise,reward3_gienv,DQN reward3 GIenv,Results_DQN_reward3_train_GI_o/model,real,2,real_03,Real Rainfall 3,0.05,20,20865734,95,3762.1855355649614,2723.1057031395235,6485.291238704485
input_output_noise,reward3_gienv,DQN reward3 GIenv,Results_DQN_reward3_train_GI_o/model,real,2,real_03,Real Rainfall 3,0.05,21,20865735,95,4787.595866604289,2067.0698247232044,6854.665691327493
input_output_noise,reward3_gienv,DQN reward3 GIenv,Results_DQN_reward3_train_GI_o/model,real,2,real_03,Real Rainfall 3,0.05,22,20865736,95,4391.076125130596,2980.767074395754,7371.84319952635
input_output_noise,reward3_gienv,DQN reward3 GIenv,Results_DQN_reward3_train_GI_o/model,real,2,real_03,Real Rainfall 3,0.05,23,20865737,95,4549.186385873417,3035.812191203783,7584.9985770772
input_output_noise,reward3_gienv,DQN reward3 GIenv,Results_DQN_reward3_train_GI_o/model,real,2,real_03,Real Rainfall 3,0.05,24,20865738,95,4691.597493988788,2823.4817457128615,7515.07923970165
input_output_noise,reward3_gienv,DQN reward3 GIenv,Results_DQN_reward3_train_GI_o/model,real,2,real_03,Real Rainfall 3,0.05,25,20865739,95,4594.15017117202,2665.8121953454206,7259.96236651744
input_output_noise,reward3_gienv,DQN reward3 GIenv,Results_DQN_reward3_train_GI_o/model,real,2,real_03,Real Rainfall 3,0.05,26,20865740,95,4585.318398397141,2955.881281080821,7541.1996794779625
input_output_noise,reward3_gienv,DQN reward3 GIenv,Results_DQN_reward3_train_GI_o/model,real,2,real_03,Real Rainfall 3,0.05,27,20865741,95,4585.0966932908,3344.717547108582,7929.8142403993825
input_output_noise,reward3_gienv,DQN reward3 GIenv,Results_DQN_reward3_train_GI_o/model,real,2,real_03,Real Rainfall 3,0.05,28,20865742,95,3634.0287091062437,2847.972423350415,6482.0011324566585
input_output_noise,reward3_gienv,DQN reward3 GIenv,Results_DQN_reward3_train_GI_o/model,real,2,real_03,Real Rainfall 3,0.05,29,20865743,95,2706.9254173651957,4831.8627105628475,7538.788127928043
input_output_noise,reward3_gienv,DQN reward3 GIenv,Results_DQN_reward3_train_GI_o/model,real,2,real_03,Real Rainfall 3,0.05,30,20865744,95,4329.611706372616,2902.2948475028497,7231.906553875466
input_output_noise,reward3_gienv,DQN reward3 GIenv,Results_DQN_reward3_train_GI_o/model,real,2,real_03,Real Rainfall 3,0.05,31,20865745,95,4038.493468280184,3181.3126052563284,7219.8060735365125
input_output_noise,reward3_gienv,DQN reward3 GIenv,Results_DQN_reward3_train_GI_o/model,real,2,real_03,Real Rainfall 3,0.05,32,20865746,95,4296.610577477932,2490.777898224987,6787.388475702919
input_output_noise,reward3_gienv,DQN reward3 GIenv,Results_DQN_reward3_train_GI_o/model,real,2,real_03,Real Rainfall 3,0.05,33,20865747,95,5193.956949023692,1408.5308980605969,6602.487847084289
input_output_noise,reward3_gienv,DQN reward3 GIenv,Results_DQN_reward3_train_GI_o/model,real,2,real_03,Real Rainfall 3,0.05,34,20865748,95,6115.388473428257,1551.952878272059,7667.341351700316
input_output_noise,reward3_gienv,DQN reward3 GIenv,Results_DQN_reward3_train_GI_o/model,real,2,real_03,Real Rainfall 3,0.05,35,20865749,95,4410.914843775178,2972.0326648506443,7382.947508625823
input_output_noise,reward3_gienv,DQN reward3 GIenv,Results_DQN_reward3_train_GI_o/model,real,2,real_03,Real Rainfall 3,0.05,36,20865750,95,3961.3087437798426,3023.874612887475,6985.183356667318
input_output_noise,reward3_gienv,DQN reward3 GIenv,Results_DQN_reward3_train_GI_o/model,real,2,real_03,Real Rainfall 3,0.05,37,20865751,95,3617.757535092936,3673.4176831775376,7291.175218270473
input_output_noise,reward3_gienv,DQN reward3 GIenv,Results_DQN_reward3_train_GI_o/model,real,2,real_03,Real Rainfall 3,0.05,38,20865752,95,4119.584462925173,2409.8208539534576,6529.40531687863
input_output_noise,reward3_gienv,DQN reward3 GIenv,Results_DQN_reward3_train_GI_o/model,real,2,real_03,Real Rainfall 3,0.05,39,20865753,95,4005.6434045389515,2883.6682942047137,6889.311698743665
input_output_noise,reward3_gienv,DQN reward3 GIenv,Results_DQN_reward3_train_GI_o/model,real,2,real_03,Real Rainfall 3,0.05,40,20865754,95,3273.432307706136,4000.3049125158195,7273.737220221956
input_output_noise,reward3_gienv,DQN reward3 GIenv,Results_DQN_reward3_train_GI_o/model,real,2,real_03,Real Rainfall 3,0.05,41,20865755,95,4641.573497554809,2523.3297463790227,7164.903243933832
input_output_noise,reward3_gienv,DQN reward3 GIenv,Results_DQN_reward3_train_GI_o/model,real,2,real_03,Real Rainfall 3,0.05,42,20865756,95,4199.850279516209,2488.2092856794006,6688.05956519561
input_output_noise,reward3_gienv,DQN reward3 GIenv,Results_DQN_reward3_train_GI_o/model,real,2,real_03,Real Rainfall 3,0.05,43,20865757,95,4068.193943283594,3058.9476830812873,7127.141626364881
input_output_noise,reward3_gienv,DQN reward3 GIenv,Results_DQN_reward3_train_GI_o/model,real,2,real_03,Real Rainfall 3,0.05,44,20865758,95,3925.9562340953808,2991.6931308888434,6917.649364984224
input_output_noise,reward3_gienv,DQN reward3 GIenv,Results_DQN_reward3_train_GI_o/model,real,2,real_03,Real Rainfall 3,0.05,45,20865759,95,4879.271421653478,2076.875405388313,6956.146827041791
input_output_noise,reward3_gienv,DQN reward3 GIenv,Results_DQN_reward3_train_GI_o/model,real,2,real_03,Real Rainfall 3,0.05,46,20865760,95,4588.702930931173,2721.6871154134815,7310.390046344654
input_output_noise,reward3_gienv,DQN reward3 GIenv,Results_DQN_reward3_train_GI_o/model,real,2,real_03,Real Rainfall 3,0.05,47,20865761,95,4694.915833800462,2481.967127919998,7176.882961720459
input_output_noise,reward3_gienv,DQN reward3 GIenv,Results_DQN_reward3_train_GI_o/model,real,2,real_03,Real Rainfall 3,0.05,48,20865762,95,4552.618545752384,2881.6711635490856,7434.28970930147
input_output_noise,reward3_gienv,DQN reward3 GIenv,Results_DQN_reward3_train_GI_o/model,real,2,real_03,Real Rainfall 3,0.05,49,20865763,95,4306.925316356151,3444.696201958506,7751.621518314657
input_output_noise,reward3_gienv,DQN reward3 GIenv,Results_DQN_reward3_train_GI_o/model,real,2,real_03,Real Rainfall 3,0.1,0,20870714,95,3432.0237282949097,3476.0022451246014,6908.0259734195115
input_output_noise,reward3_gienv,DQN reward3 GIenv,Results_DQN_reward3_train_GI_o/model,real,2,real_03,Real Rainfall 3,0.1,1,20870715,95,4613.974960278738,1985.3769255176137,6599.351885796352
input_output_noise,reward3_gienv,DQN reward3 GIenv,Results_DQN_reward3_train_GI_o/model,real,2,real_03,Real Rainfall 3,0.1,2,20870716,95,4831.939611131955,2682.8243218795424,7514.763933011497
input_output_noise,reward3_gienv,DQN reward3 GIenv,Results_DQN_reward3_train_GI_o/model,real,2,real_03,Real Rainfall 3,0.1,3,20870717,95,3835.658179168974,3639.671221183564,7475.329400352538
input_output_noise,reward3_gienv,DQN reward3 GIenv,Results_DQN_reward3_train_GI_o/model,real,2,real_03,Real Rainfall 3,0.1,4,20870718,95,4165.668769777429,2947.5238546433056,7113.192624420734
input_output_noise,reward3_gienv,DQN reward3 GIenv,Results_DQN_reward3_train_GI_o/model,real,2,real_03,Real Rainfall 3,0.1,5,20870719,95,4656.698091908672,2825.714584338343,7482.412676247015
input_output_noise,reward3_gienv,DQN reward3 GIenv,Results_DQN_reward3_train_GI_o/model,real,2,real_03,Real Rainfall 3,0.1,6,20870720,95,3880.3455513201834,2821.1649481015697,6701.510499421753
input_output_noise,reward3_gienv,DQN reward3 GIenv,Results_DQN_reward3_train_GI_o/model,real,2,real_03,Real Rainfall 3,0.1,7,20870721,95,4015.2510218045377,3311.647430641446,7326.898452445984
input_output_noise,reward3_gienv,DQN reward3 GIenv,Results_DQN_reward3_train_GI_o/model,real,2,real_03,Real Rainfall 3,0.1,8,20870722,95,4784.608700628993,2394.88758765028,7179.496288279272
input_output_noise,reward3_gienv,DQN reward3 GIenv,Results_DQN_reward3_train_GI_o/model,real,2,real_03,Real Rainfall 3,0.1,9,20870723,95,3062.2002118861287,3636.7492595765502,6698.949471462679
input_output_noise,reward3_gienv,DQN reward3 GIenv,Results_DQN_reward3_train_GI_o/model,real,2,real_03,Real Rainfall 3,0.1,10,20870724,95,2537.1757171832664,4548.020580922867,7085.196298106133
input_output_noise,reward3_gienv,DQN reward3 GIenv,Results_DQN_reward3_train_GI_o/model,real,2,real_03,Real Rainfall 3,0.1,11,20870725,95,3436.208604032801,3544.961007504261,6981.169611537061
input_output_noise,reward3_gienv,DQN reward3 GIenv,Results_DQN_reward3_train_GI_o/model,real,2,real_03,Real Rainfall 3,0.1,12,20870726,95,4109.457153463949,3072.285861487773,7181.743014951722
input_output_noise,reward3_gienv,DQN reward3 GIenv,Results_DQN_reward3_train_GI_o/model,real,2,real_03,Real Rainfall 3,0.1,13,20870727,95,4585.696484458808,2421.312482597784,7007.008967056592
input_output_noise,reward3_gienv,DQN reward3 GIenv,Results_DQN_reward3_train_GI_o/model,real,2,real_03,Real Rainfall 3,0.1,14,20870728,95,4419.20327003486,2517.5112358381034,6936.714505872964
input_output_noise,reward3_gienv,DQN reward3 GIenv,Results_DQN_reward3_train_GI_o/model,real,2,real_03,Real Rainfall 3,0.1,15,20870729,95,4746.875141141431,1715.8846713343241,6462.759812475755
input_output_noise,reward3_gienv,DQN reward3 GIenv,Results_DQN_reward3_train_GI_o/model,real,2,real_03,Real Rainfall 3,0.1,16,20870730,95,3832.863530615935,3536.221122437866,7369.084653053801
input_output_noise,reward3_gienv,DQN reward3 GIenv,Results_DQN_reward3_train_GI_o/model,real,2,real_03,Real Rainfall 3,0.1,17,20870731,95,2518.2696178266856,4472.073373278576,6990.342991105261
input_output_noise,reward3_gienv,DQN reward3 GIenv,Results_DQN_reward3_train_GI_o/model,real,2,real_03,Real Rainfall 3,0.1,18,20870732,95,4471.295920736399,2208.8786878167994,6680.174608553199
input_output_noise,reward3_gienv,DQN reward3 GIenv,Results_DQN_reward3_train_GI_o/model,real,2,real_03,Real Rainfall 3,0.1,19,20870733,95,5124.142200183818,1692.5619653104204,6816.704165494239
input_output_noise,reward3_gienv,DQN reward3 GIenv,Results_DQN_reward3_train_GI_o/model,real,2,real_03,Real Rainfall 3,0.1,20,20870734,95,3552.275201409076,3868.500434685853,7420.77563609493
input_output_noise,reward3_gienv,DQN reward3 GIenv,Results_DQN_reward3_train_GI_o/model,real,2,real_03,Real Rainfall 3,0.1,21,20870735,95,4515.1782699566575,2756.781279933766,7271.959549890424
input_output_noise,reward3_gienv,DQN reward3 GIenv,Results_DQN_reward3_train_GI_o/model,real,2,real_03,Real Rainfall 3,0.1,22,20870736,95,4900.042699113963,2185.665946103708,7085.708645217671
input_output_noise,reward3_gienv,DQN reward3 GIenv,Results_DQN_reward3_train_GI_o/model,real,2,real_03,Real Rainfall 3,0.1,23,20870737,95,3740.693815682521,3168.88168604845,6909.575501730971
input_output_noise,reward3_gienv,DQN reward3 GIenv,Results_DQN_reward3_train_GI_o/model,real,2,real_03,Real Rainfall 3,0.1,24,20870738,95,4115.057424833793,3523.945079804419,7639.0025046382125
input_output_noise,reward3_gienv,DQN reward3 GIenv,Results_DQN_reward3_train_GI_o/model,real,2,real_03,Real Rainfall 3,0.1,25,20870739,95,3352.655936848924,3375.21310429166,6727.869041140584
input_output_noise,reward3_gienv,DQN reward3 GIenv,Results_DQN_reward3_train_GI_o/model,real,2,real_03,Real Rainfall 3,0.1,26,20870740,95,5214.646850597637,1364.9114771854051,6579.558327783043
input_output_noise,reward3_gienv,DQN reward3 GIenv,Results_DQN_reward3_train_GI_o/model,real,2,real_03,Real Rainfall 3,0.1,27,20870741,95,4236.688801920979,2199.0413058583326,6435.730107779312
input_output_noise,reward3_gienv,DQN reward3 GIenv,Results_DQN_reward3_train_GI_o/model,real,2,real_03,Real Rainfall 3,0.1,28,20870742,95,3560.216776785711,2943.770331109824,6503.987107895535
input_output_noise,reward3_gienv,DQN reward3 GIenv,Results_DQN_reward3_train_GI_o/model,real,2,real_03,Real Rainfall 3,0.1,29,20870743,95,4407.5498839239035,2554.823439426811,6962.373323350715
input_output_noise,reward3_gienv,DQN reward3 GIenv,Results_DQN_reward3_train_GI_o/model,real,2,real_03,Real Rainfall 3,0.1,30,20870744,95,2815.7805799930106,4538.230869836303,7354.011449829313
input_output_noise,reward3_gienv,DQN reward3 GIenv,Results_DQN_reward3_train_GI_o/model,real,2,real_03,Real Rainfall 3,0.1,31,20870745,95,4616.590894292403,2466.49867178352,7083.089566075923
input_output_noise,reward3_gienv,DQN reward3 GIenv,Results_DQN_reward3_train_GI_o/model,real,2,real_03,Real Rainfall 3,0.1,32,20870746,95,4354.296098956781,3257.674918705859,7611.9710176626395
input_output_noise,reward3_gienv,DQN reward3 GIenv,Results_DQN_reward3_train_GI_o/model,real,2,real_03,Real Rainfall 3,0.1,33,20870747,95,5678.526161710004,808.9168751684426,6487.443036878447
input_output_noise,reward3_gienv,DQN reward3 GIenv,Results_DQN_reward3_train_GI_o/model,real,2,real_03,Real Rainfall 3,0.1,34,20870748,95,4310.620121968792,2979.7428199185215,7290.362941887313
input_output_noise,reward3_gienv,DQN reward3 GIenv,Results_DQN_reward3_train_GI_o/model,real,2,real_03,Real Rainfall 3,0.1,35,20870749,95,4403.141490115923,2576.591695333196,6979.733185449119
input_output_noise,reward3_gienv,DQN reward3 GIenv,Results_DQN_reward3_train_GI_o/model,real,2,real_03,Real Rainfall 3,0.1,36,20870750,95,4708.470575165535,1923.5514112925,6632.021986458035
input_output_noise,reward3_gienv,DQN reward3 GIenv,Results_DQN_reward3_train_GI_o/model,real,2,real_03,Real Rainfall 3,0.1,37,20870751,95,5213.71284907301,1017.4690417434384,6231.181890816449
input_output_noise,reward3_gienv,DQN reward3 GIenv,Results_DQN_reward3_train_GI_o/model,real,2,real_03,Real Rainfall 3,0.1,38,20870752,95,4065.251509191258,3007.1241587606924,7072.37566795195
input_output_noise,reward3_gienv,DQN reward3 GIenv,Results_DQN_reward3_train_GI_o/model,real,2,real_03,Real Rainfall 3,0.1,39,20870753,95,3588.1988095629017,3583.768323625867,7171.967133188769
input_output_noise,reward3_gienv,DQN reward3 GIenv,Results_DQN_reward3_train_GI_o/model,real,2,real_03,Real Rainfall 3,0.1,40,20870754,95,3362.728790854357,3151.6383708806597,6514.367161735017
input_output_noise,reward3_gienv,DQN reward3 GIenv,Results_DQN_reward3_train_GI_o/model,real,2,real_03,Real Rainfall 3,0.1,41,20870755,95,3293.4517530841767,3988.722036449951,7282.1737895341275
input_output_noise,reward3_gienv,DQN reward3 GIenv,Results_DQN_reward3_train_GI_o/model,real,2,real_03,Real Rainfall 3,0.1,42,20870756,95,4116.437950067524,3174.168271627893,7290.606221695417
input_output_noise,reward3_gienv,DQN reward3 GIenv,Results_DQN_reward3_train_GI_o/model,real,2,real_03,Real Rainfall 3,0.1,43,20870757,95,3612.305475655003,3443.1791830815446,7055.484658736548
input_output_noise,reward3_gienv,DQN reward3 GIenv,Results_DQN_reward3_train_GI_o/model,real,2,real_03,Real Rainfall 3,0.1,44,20870758,95,3437.744778702352,3732.196149886807,7169.940928589159
input_output_noise,reward3_gienv,DQN reward3 GIenv,Results_DQN_reward3_train_GI_o/model,real,2,real_03,Real Rainfall 3,0.1,45,20870759,95,4508.061179028895,2771.401137680506,7279.462316709401
input_output_noise,reward3_gienv,DQN reward3 GIenv,Results_DQN_reward3_train_GI_o/model,real,2,real_03,Real Rainfall 3,0.1,46,20870760,95,2371.093020733588,4627.547865896847,6998.6408866304355
input_output_noise,reward3_gienv,DQN reward3 GIenv,Results_DQN_reward3_train_GI_o/model,real,2,real_03,Real Rainfall 3,0.1,47,20870761,95,4542.392309923762,3234.6740407059924,7777.066350629754
input_output_noise,reward3_gienv,DQN reward3 GIenv,Results_DQN_reward3_train_GI_o/model,real,2,real_03,Real Rainfall 3,0.1,48,20870762,95,4635.357005052671,3414.3000508192204,8049.657055871892
input_output_noise,reward3_gienv,DQN reward3 GIenv,Results_DQN_reward3_train_GI_o/model,real,2,real_03,Real Rainfall 3,0.1,49,20870763,95,3632.0330351237367,3900.899964967224,7532.933000090961
input_output_noise,reward3_gienv,DQN reward3 GIenv,Results_DQN_reward3_train_GI_o/model,real,3,real_04,Real Rainfall 4,0.05,0,20965714,95,2832.271838165032,2086.564991295085,4918.836829460117
input_output_noise,reward3_gienv,DQN reward3 GIenv,Results_DQN_reward3_train_GI_o/model,real,3,real_04,Real Rainfall 4,0.05,1,20965715,95,2861.467645948249,2201.133827113056,5062.601473061305
input_output_noise,reward3_gienv,DQN reward3 GIenv,Results_DQN_reward3_train_GI_o/model,real,3,real_04,Real Rainfall 4,0.05,2,20965716,95,3052.2583447841266,1614.6653083937308,4666.923653177857
input_output_noise,reward3_gienv,DQN reward3 GIenv,Results_DQN_reward3_train_GI_o/model,real,3,real_04,Real Rainfall 4,0.05,3,20965717,95,2416.693788726569,2238.7213277866254,4655.415116513194
input_output_noise,reward3_gienv,DQN reward3 GIenv,Results_DQN_reward3_train_GI_o/model,real,3,real_04,Real Rainfall 4,0.05,4,20965718,95,3572.1005147168407,1385.5444736066956,4957.644988323536
input_output_noise,reward3_gienv,DQN reward3 GIenv,Results_DQN_reward3_train_GI_o/model,real,3,real_04,Real Rainfall 4,0.05,5,20965719,95,4343.603152328885,1081.3358648405028,5424.939017169388
input_output_noise,reward3_gienv,DQN reward3 GIenv,Results_DQN_reward3_train_GI_o/model,real,3,real_04,Real Rainfall 4,0.05,6,20965720,95,3488.4143255934628,883.6787833951471,4372.09310898861
input_output_noise,reward3_gienv,DQN reward3 GIenv,Results_DQN_reward3_train_GI_o/model,real,3,real_04,Real Rainfall 4,0.05,7,20965721,95,3776.978594643429,883.0573526339167,4660.035947277345
input_output_noise,reward3_gienv,DQN reward3 GIenv,Results_DQN_reward3_train_GI_o/model,real,3,real_04,Real Rainfall 4,0.05,8,20965722,95,2878.1043603323674,1787.6035894102092,4665.707949742577
input_output_noise,reward3_gienv,DQN reward3 GIenv,Results_DQN_reward3_train_GI_o/model,real,3,real_04,Real Rainfall 4,0.05,9,20965723,95,3371.673192060526,1180.3331246055259,4552.006316666052
input_output_noise,reward3_gienv,DQN reward3 GIenv,Results_DQN_reward3_train_GI_o/model,real,3,real_04,Real Rainfall 4,0.05,10,20965724,95,3159.224977557133,1690.967295128807,4850.19227268594
input_output_noise,reward3_gienv,DQN reward3 GIenv,Results_DQN_reward3_train_GI_o/model,real,3,real_04,Real Rainfall 4,0.05,11,20965725,95,3344.2357250349987,1374.7597559309472,4718.995480965946
input_output_noise,reward3_gienv,DQN reward3 GIenv,Results_DQN_reward3_train_GI_o/model,real,3,real_04,Real Rainfall 4,0.05,12,20965726,95,3534.830790754073,884.1585443487011,4418.989335102774
input_output_noise,reward3_gienv,DQN reward3 GIenv,Results_DQN_reward3_train_GI_o/model,real,3,real_04,Real Rainfall 4,0.05,13,20965727,95,3327.099956061328,1138.2664245746118,4465.36638063594
input_output_noise,reward3_gienv,DQN reward3 GIenv,Results_DQN_reward3_train_GI_o/model,real,3,real_04,Real Rainfall 4,0.05,14,20965728,95,3761.667404543637,883.6336230310869,4645.301027574724
input_output_noise,reward3_gienv,DQN reward3 GIenv,Results_DQN_reward3_train_GI_o/model,real,3,real_04,Real Rainfall 4,0.05,15,20965729,95,2945.0301153917917,2018.7836380103633,4963.813753402155
input_output_noise,reward3_gienv,DQN reward3 GIenv,Results_DQN_reward3_train_GI_o/model,real,3,real_04,Real Rainfall 4,0.05,16,20965730,95,2727.447437515828,2064.8829309161115,4792.33036843194
input_output_noise,reward3_gienv,DQN reward3 GIenv,Results_DQN_reward3_train_GI_o/model,real,3,real_04,Real Rainfall 4,0.05,17,20965731,95,3750.0310446001076,590.1092758336409,4340.1403204337485
input_output_noise,reward3_gienv,DQN reward3 GIenv,Results_DQN_reward3_train_GI_o/model,real,3,real_04,Real Rainfall 4,0.05,18,20965732,95,3060.8436195472746,1692.943819273532,4753.7874388208065
input_output_noise,reward3_gienv,DQN reward3 GIenv,Results_DQN_reward3_train_GI_o/model,real,3,real_04,Real Rainfall 4,0.05,19,20965733,95,904.7652177445746,4120.57574976837,5025.340967512944
input_output_noise,reward3_gienv,DQN reward3 GIenv,Results_DQN_reward3_train_GI_o/model,real,3,real_04,Real Rainfall 4,0.05,20,20965734,95,2343.0536107113353,2438.9678180412184,4782.021428752554
input_output_noise,reward3_gienv,DQN reward3 GIenv,Results_DQN_reward3_train_GI_o/model,real,3,real_04,Real Rainfall 4,0.05,21,20965735,95,3007.332966150894,1447.6884602491486,4455.021426400042
input_output_noise,reward3_gienv,DQN reward3 GIenv,Results_DQN_reward3_train_GI_o/model,real,3,real_04,Real Rainfall 4,0.05,22,20965736,95,3236.8029741307146,1402.221180385607,4639.024154516322
input_output_noise,reward3_gienv,DQN reward3 GIenv,Results_DQN_reward3_train_GI_o/model,real,3,real_04,Real Rainfall 4,0.05,23,20965737,95,3626.7148842430774,1652.2869504591558,5279.001834702233
input_output_noise,reward3_gienv,DQN reward3 GIenv,Results_DQN_reward3_train_GI_o/model,real,3,real_04,Real Rainfall 4,0.05,24,20965738,95,3762.3537197200867,590.1097946850083,4352.463514405095
input_output_noise,reward3_gienv,DQN reward3 GIenv,Results_DQN_reward3_train_GI_o/model,real,3,real_04,Real Rainfall 4,0.05,25,20965739,95,3157.8628388820093,1850.4373085807522,5008.300147462762
input_output_noise,reward3_gienv,DQN reward3 GIenv,Results_DQN_reward3_train_GI_o/model,real,3,real_04,Real Rainfall 4,0.05,26,20965740,95,3174.674948255416,1371.479742938924,4546.15469119434
input_output_noise,reward3_gienv,DQN reward3 GIenv,Results_DQN_reward3_train_GI_o/model,real,3,real_04,Real Rainfall 4,0.05,27,20965741,95,3748.5930351427087,590.1085682281318,4338.7016033708405
input_output_noise,reward3_gienv,DQN reward3 GIenv,Results_DQN_reward3_train_GI_o/model,real,3,real_04,Real Rainfall 4,0.05,28,20965742,95,2810.4608057543373,2080.75613557739,4891.216941331728
input_output_noise,reward3_gienv,DQN reward3 GIenv,Results_DQN_reward3_train_GI_o/model,real,3,real_04,Real Rainfall 4,0.05,29,20965743,95,3853.56339489562,590.1090168806044,4443.672411776224
input_output_noise,reward3_gienv,DQN reward3 GIenv,Results_DQN_reward3_train_GI_o/model,real,3,real_04,Real Rainfall 4,0.05,30,20965744,95,3070.1532930855665,1357.307892267906,4427.4611853534725
input_output_noise,reward3_gienv,DQN reward3 GIenv,Results_DQN_reward3_train_GI_o/model,real,3,real_04,Real Rainfall 4,0.05,31,20965745,95,3802.5839750358655,590.109629607271,4392.6936046431365
input_output_noise,reward3_gienv,DQN reward3 GIenv,Results_DQN_reward3_train_GI_o/model,real,3,real_04,Real Rainfall 4,0.05,32,20965746,95,3808.7515128384352,590.1093845283709,4398.860897366806
input_output_noise,reward3_gienv,DQN reward3 GIenv,Results_DQN_reward3_train_GI_o/model,real,3,real_04,Real Rainfall 4,0.05,33,20965747,95,3853.0545266179315,590.109172220822,4443.163698838754
input_output_noise,reward3_gienv,DQN reward3 GIenv,Results_DQN_reward3_train_GI_o/model,real,3,real_04,Real Rainfall 4,0.05,34,20965748,95,3442.761213191319,884.1922928447223,4326.953506036041
input_output_noise,reward3_gienv,DQN reward3 GIenv,Results_DQN_reward3_train_GI_o/model,real,3,real_04,Real Rainfall 4,0.05,35,20965749,95,3719.480597387267,883.740394776391,4603.220992163659
input_output_noise,reward3_gienv,DQN reward3 GIenv,Results_DQN_reward3_train_GI_o/model,real,3,real_04,Real Rainfall 4,0.05,36,20965750,95,3436.785628628361,883.4983748793258,4320.284003507687
input_output_noise,reward3_gienv,DQN reward3 GIenv,Results_DQN_reward3_train_GI_o/model,real,3,real_04,Real Rainfall 4,0.05,37,20965751,95,3074.5838971650883,1446.793839905793,4521.377737070881
input_output_noise,reward3_gienv,DQN reward3 GIenv,Results_DQN_reward3_train_GI_o/model,real,3,real_04,Real Rainfall 4,0.05,38,20965752,95,3678.905753361107,882.9694579819345,4561.875211343042
input_output_noise,reward3_gienv,DQN reward3 GIenv,Results_DQN_reward3_train_GI_o/model,real,3,real_04,Real Rainfall 4,0.05,39,20965753,95,3633.2318236841784,1083.0892149787787,4716.321038662957
input_output_noise,reward3_gienv,DQN reward3 GIenv,Results_DQN_reward3_train_GI_o/model,real,3,real_04,Real Rainfall 4,0.05,40,20965754,95,1856.8020158537938,3239.4263288423726,5096.2283446961665
input_output_noise,reward3_gienv,DQN reward3 GIenv,Results_DQN_reward3_train_GI_o/model,real,3,real_04,Real Rainfall 4,0.05,41,20965755,95,3745.5875995343895,934.1136781566263,4679.701277691016
input_output_noise,reward3_gienv,DQN reward3 GIenv,Results_DQN_reward3_train_GI_o/model,real,3,real_04,Real Rainfall 4,0.05,42,20965756,95,2567.1509255355413,1973.9282304643018,4541.079155999843
input_output_noise,reward3_gienv,DQN reward3 GIenv,Results_DQN_reward3_train_GI_o/model,real,3,real_04,Real Rainfall 4,0.05,43,20965757,95,1796.2625554173633,3196.890967606708,4993.153523024072
input_output_noise,reward3_gienv,DQN reward3 GIenv,Results_DQN_reward3_train_GI_o/model,real,3,real_04,Real Rainfall 4,0.05,44,20965758,95,3753.9973990378176,590.1093015214034,4344.106700559221
input_output_noise,reward3_gienv,DQN reward3 GIenv,Results_DQN_reward3_train_GI_o/model,real,3,real_04,Real Rainfall 4,0.05,45,20965759,95,2927.840825396814,2078.199196447082,5006.040021843896
input_output_noise,reward3_gienv,DQN reward3 GIenv,Results_DQN_reward3_train_GI_o/model,real,3,real_04,Real Rainfall 4,0.05,46,20965760,95,3252.301507187011,1141.702157920634,4394.003665107644
input_output_noise,reward3_gienv,DQN reward3 GIenv,Results_DQN_reward3_train_GI_o/model,real,3,real_04,Real Rainfall 4,0.05,47,20965761,95,2414.0639177402027,2287.8957187366887,4701.959636476891
input_output_noise,reward3_gienv,DQN reward3 GIenv,Results_DQN_reward3_train_GI_o/model,real,3,real_04,Real Rainfall 4,0.05,48,20965762,95,2149.0553453324324,2426.175703063284,4575.231048395716
input_output_noise,reward3_gienv,DQN reward3 GIenv,Results_DQN_reward3_train_GI_o/model,real,3,real_04,Real Rainfall 4,0.05,49,20965763,95,2495.083121088528,2127.5353057163557,4622.618426804884
input_output_noise,reward3_gienv,DQN reward3 GIenv,Results_DQN_reward3_train_GI_o/model,real,3,real_04,Real Rainfall 4,0.1,0,20970714,95,2995.001695732072,1754.3465627391995,4749.348258471272
input_output_noise,reward3_gienv,DQN reward3 GIenv,Results_DQN_reward3_train_GI_o/model,real,3,real_04,Real Rainfall 4,0.1,1,20970715,95,3140.037423965368,1288.0605896920908,4428.098013657459
input_output_noise,reward3_gienv,DQN reward3 GIenv,Results_DQN_reward3_train_GI_o/model,real,3,real_04,Real Rainfall 4,0.1,2,20970716,95,2510.070341148589,3283.804027735481,5793.87436888407
input_output_noise,reward3_gienv,DQN reward3 GIenv,Results_DQN_reward3_train_GI_o/model,real,3,real_04,Real Rainfall 4,0.1,3,20970717,95,2883.814463446773,1944.5975077311932,4828.411971177966
input_output_noise,reward3_gienv,DQN reward3 GIenv,Results_DQN_reward3_train_GI_o/model,real,3,real_04,Real Rainfall 4,0.1,4,20970718,95,2432.7126461680355,2166.3239579255414,4599.036604093577
input_output_noise,reward3_gienv,DQN reward3 GIenv,Results_DQN_reward3_train_GI_o/model,real,3,real_04,Real Rainfall 4,0.1,5,20970719,95,3416.089264715268,1404.393200117817,4820.482464833085
input_output_noise,reward3_gienv,DQN reward3 GIenv,Results_DQN_reward3_train_GI_o/model,real,3,real_04,Real Rainfall 4,0.1,6,20970720,95,2575.6264967274765,2659.982874383727,5235.6093711112035
input_output_noise,reward3_gienv,DQN reward3 GIenv,Results_DQN_reward3_train_GI_o/model,real,3,real_04,Real Rainfall 4,0.1,7,20970721,95,1928.2303089644981,2977.3843777488464,4905.614686713345
input_output_noise,reward3_gienv,DQN reward3 GIenv,Results_DQN_reward3_train_GI_o/model,real,3,real_04,Real Rainfall 4,0.1,8,20970722,95,2136.5183594305568,2947.279989535667,5083.798348966224
input_output_noise,reward3_gienv,DQN reward3 GIenv,Results_DQN_reward3_train_GI_o/model,real,3,real_04,Real Rainfall 4,0.1,9,20970723,95,2671.278910795076,2007.1419586240079,4678.420869419084
input_output_noise,reward3_gienv,DQN reward3 GIenv,Results_DQN_reward3_train_GI_o/model,real,3,real_04,Real Rainfall 4,0.1,10,20970724,95,2629.7728703453986,2357.1071746821185,4986.880045027518
input_output_noise,reward3_gienv,DQN reward3 GIenv,Results_DQN_reward3_train_GI_o/model,real,3,real_04,Real Rainfall 4,0.1,11,20970725,95,1429.5375851934455,3521.5237077605107,4951.061292953957
input_output_noise,reward3_gienv,DQN reward3 GIenv,Results_DQN_reward3_train_GI_o/model,real,3,real_04,Real Rainfall 4,0.1,12,20970726,95,3434.4349038705564,1112.1469191297556,4546.5818230003115
input_output_noise,reward3_gienv,DQN reward3 GIenv,Results_DQN_reward3_train_GI_o/model,real,3,real_04,Real Rainfall 4,0.1,13,20970727,95,2210.9410079845807,3076.4119552201446,5287.352963204725
input_output_noise,reward3_gienv,DQN reward3 GIenv,Results_DQN_reward3_train_GI_o/model,real,3,real_04,Real Rainfall 4,0.1,14,20970728,95,2694.6189911523857,2220.7604374157636,4915.379428568149
input_output_noise,reward3_gienv,DQN reward3 GIenv,Results_DQN_reward3_train_GI_o/model,real,3,real_04,Real Rainfall 4,0.1,15,20970729,95,2668.169288857347,2116.2320769363373,4784.401365793685
input_output_noise,reward3_gienv,DQN reward3 GIenv,Results_DQN_reward3_train_GI_o/model,real,3,real_04,Real Rainfall 4,0.1,16,20970730,95,1780.0033684165594,3632.306165098843,5412.309533515402
input_output_noise,reward3_gienv,DQN reward3 GIenv,Results_DQN_reward3_train_GI_o/model,real,3,real_04,Real Rainfall 4,0.1,17,20970731,95,2386.234749375028,2576.808720672233,4963.0434700472615
input_output_noise,reward3_gienv,DQN reward3 GIenv,Results_DQN_reward3_train_GI_o/model,real,3,real_04,Real Rainfall 4,0.1,18,20970732,95,2865.582200369455,1495.550487154345,4361.1326875238
input_output_noise,reward3_gienv,DQN reward3 GIenv,Results_DQN_reward3_train_GI_o/model,real,3,real_04,Real Rainfall 4,0.1,19,20970733,95,3512.5201857915245,1425.8482152986428,4938.368401090167
input_output_noise,reward3_gienv,DQN reward3 GIenv,Results_DQN_reward3_train_GI_o/model,real,3,real_04,Real Rainfall 4,0.1,20,20970734,95,3055.5269335742273,1446.049461875828,4501.576395450055
input_output_noise,reward3_gienv,DQN reward3 GIenv,Results_DQN_reward3_train_GI_o/model,real,3,real_04,Real Rainfall 4,0.1,21,20970735,95,2868.257411274242,1956.187636497928,4824.445047772169
input_output_noise,reward3_gienv,DQN reward3 GIenv,Results_DQN_reward3_train_GI_o/model,real,3,real_04,Real Rainfall 4,0.1,22,20970736,95,2197.2410450112266,2547.130140477766,4744.3711854889925
input_output_noise,reward3_gienv,DQN reward3 GIenv,Results_DQN_reward3_train_GI_o/model,real,3,real_04,Real Rainfall 4,0.1,23,20970737,95,3231.0910604613305,1402.302794253269,4633.393854714599
input_output_noise,reward3_gienv,DQN reward3 GIenv,Results_DQN_reward3_train_GI_o/model,real,3,real_04,Real Rainfall 4,0.1,24,20970738,95,2894.4804881587797,1693.9886449300038,4588.469133088784
input_output_noise,reward3_gienv,DQN reward3 GIenv,Results_DQN_reward3_train_GI_o/model,real,3,real_04,Real Rainfall 4,0.1,25,20970739,95,1950.9656576900768,2744.332049955884,4695.297707645961
input_output_noise,reward3_gienv,DQN reward3 GIenv,Results_DQN_reward3_train_GI_o/model,real,3,real_04,Real Rainfall 4,0.1,26,20970740,95,2242.8511737532717,2212.0529963243966,4454.904170077669
input_output_noise,reward3_gienv,DQN reward3 GIenv,Results_DQN_reward3_train_GI_o/model,real,3,real_04,Real Rainfall 4,0.1,27,20970741,95,1940.6647699999248,2877.703828494561,4818.368598494486
input_output_noise,reward3_gienv,DQN reward3 GIenv,Results_DQN_reward3_train_GI_o/model,real,3,real_04,Real Rainfall 4,0.1,28,20970742,95,3104.202143997287,1401.0846057116378,4505.286749708925
input_output_noise,reward3_gienv,DQN reward3 GIenv,Results_DQN_reward3_train_GI_o/model,real,3,real_04,Real Rainfall 4,0.1,29,20970743,95,2122.266480843082,2809.8759997790266,4932.142480622108
input_output_noise,reward3_gienv,DQN reward3 GIenv,Results_DQN_reward3_train_GI_o/model,real,3,real_04,Real Rainfall 4,0.1,30,20970744,95,2115.146029955981,2965.5720231967566,5080.718053152737
input_output_noise,reward3_gienv,DQN reward3 GIenv,Results_DQN_reward3_train_GI_o/model,real,3,real_04,Real Rainfall 4,0.1,31,20970745,95,2226.472356852223,2527.5524578714167,4754.02481472364
input_output_noise,reward3_gienv,DQN reward3 GIenv,Results_DQN_reward3_train_GI_o/model,real,3,real_04,Real Rainfall 4,0.1,32,20970746,95,2885.7606249945966,1897.3130010435561,4783.073626038153
input_output_noise,reward3_gienv,DQN reward3 GIenv,Results_DQN_reward3_train_GI_o/model,real,3,real_04,Real Rainfall 4,0.1,33,20970747,95,3323.801856293739,1376.5837460038015,4700.385602297541
input_output_noise,reward3_gienv,DQN reward3 GIenv,Results_DQN_reward3_train_GI_o/model,real,3,real_04,Real Rainfall 4,0.1,34,20970748,95,1958.1104434527754,2660.0031392367528,4618.113582689528
input_output_noise,reward3_gienv,DQN reward3 GIenv,Results_DQN_reward3_train_GI_o/model,real,3,real_04,Real Rainfall 4,0.1,35,20970749,95,2669.721088995758,2196.674727486536,4866.395816482294
input_output_noise,reward3_gienv,DQN reward3 GIenv,Results_DQN_reward3_train_GI_o/model,real,3,real_04,Real Rainfall 4,0.1,36,20970750,95,3507.5572056024575,1750.761510601405,5258.318716203863
input_output_noise,reward3_gienv,DQN reward3 GIenv,Results_DQN_reward3_train_GI_o/model,real,3,real_04,Real Rainfall 4,0.1,37,20970751,95,3228.9545673424063,1896.371577044963,5125.326144387369
input_output_noise,reward3_gienv,DQN reward3 GIenv,Results_DQN_reward3_train_GI_o/model,real,3,real_04,Real Rainfall 4,0.1,38,20970752,95,2281.381680916575,2666.8004216795034,4948.182102596078
input_output_noise,reward3_gienv,DQN reward3 GIenv,Results_DQN_reward3_train_GI_o/model,real,3,real_04,Real Rainfall 4,0.1,39,20970753,95,3321.3327909031786,1118.1020617976637,4439.434852700842
input_output_noise,reward3_gienv,DQN reward3 GIenv,Results_DQN_reward3_train_GI_o/model,real,3,real_04,Real Rainfall 4,0.1,40,20970754,95,1871.4218088293353,2855.247008355213,4726.668817184548
input_output_noise,reward3_gienv,DQN reward3 GIenv,Results_DQN_reward3_train_GI_o/model,real,3,real_04,Real Rainfall 4,0.1,41,20970755,95,3432.685751993487,1255.7509245212846,4688.4366765147715
input_output_noise,reward3_gienv,DQN reward3 GIenv,Results_DQN_reward3_train_GI_o/model,real,3,real_04,Real Rainfall 4,0.1,42,20970756,95,2520.3201262920297,2106.160135455804,4626.4802617478335
input_output_noise,reward3_gienv,DQN reward3 GIenv,Results_DQN_reward3_train_GI_o/model,real,3,real_04,Real Rainfall 4,0.1,43,20970757,95,2716.7116080402643,2132.9898094786877,4849.701417518952
input_output_noise,reward3_gienv,DQN reward3 GIenv,Results_DQN_reward3_train_GI_o/model,real,3,real_04,Real Rainfall 4,0.1,44,20970758,95,2068.0103595453593,3084.128283695596,5152.138643240955
input_output_noise,reward3_gienv,DQN reward3 GIenv,Results_DQN_reward3_train_GI_o/model,real,3,real_04,Real Rainfall 4,0.1,45,20970759,95,2789.529416430018,2261.702879997055,5051.232296427073
input_output_noise,reward3_gienv,DQN reward3 GIenv,Results_DQN_reward3_train_GI_o/model,real,3,real_04,Real Rainfall 4,0.1,46,20970760,95,3505.6283267305726,1362.5851198772325,4868.213446607805
input_output_noise,reward3_gienv,DQN reward3 GIenv,Results_DQN_reward3_train_GI_o/model,real,3,real_04,Real Rainfall 4,0.1,47,20970761,95,2209.492051565093,2478.345989628547,4687.83804119364
input_output_noise,reward3_gienv,DQN reward3 GIenv,Results_DQN_reward3_train_GI_o/model,real,3,real_04,Real Rainfall 4,0.1,48,20970762,95,1980.9190373871093,2956.0715944585354,4936.990631845645
input_output_noise,reward3_gienv,DQN reward3 GIenv,Results_DQN_reward3_train_GI_o/model,real,3,real_04,Real Rainfall 4,0.1,49,20970763,95,1857.8011505494915,2804.574073101284,4662.375223650775
