script_type,model_key,model_label,model_dir,source,rain_id,event_label,event_title,delta,repeat_index,seed,num_steps,final_flooding,final_cso,total_overflow
output_noise,reward3_base,DQN reward3 Base,Results_DQN_reward3_o/model,design,70,design_21,Design Rainfall 21,0.05,0,20265714,95,1289.6197764558085,3097.8670393332313,4387.48681578904
output_noise,reward3_base,DQN reward3 Base,Results_DQN_reward3_o/model,design,70,design_21,Design Rainfall 21,0.05,1,20265715,95,1295.7173404208913,3260.324078958443,4556.041419379334
output_noise,reward3_base,DQN reward3 Base,Results_DQN_reward3_o/model,design,70,design_21,Design Rainfall 21,0.05,2,20265716,95,1295.594668584142,3065.4890144270894,4361.083683011231
output_noise,reward3_base,DQN reward3 Base,Results_DQN_reward3_o/model,design,70,design_21,Design Rainfall 21,0.05,3,20265717,95,1295.0985804987151,1846.505322135176,3141.6039026338913
output_noise,reward3_base,DQN reward3 Base,Results_DQN_reward3_o/model,design,70,design_21,Design Rainfall 21,0.05,4,20265718,95,1296.3439544889543,3043.5670114773793,4339.910965966334
output_noise,reward3_base,DQN reward3 Base,Results_DQN_reward3_o/model,design,70,design_21,Design Rainfall 21,0.05,5,20265719,95,1295.5576787101018,2045.7348139958738,3341.2924927059757
output_noise,reward3_base,DQN reward3 Base,Results_DQN_reward3_o/model,design,70,design_21,Design Rainfall 21,0.05,6,20265720,95,1294.3751395380186,2037.67437844229,3332.0495179803083
output_noise,reward3_base,DQN reward3 Base,Results_DQN_reward3_o/model,design,70,design_21,Design Rainfall 21,0.05,7,20265721,95,1290.6531814606537,2077.368930930853,3368.0221123915067
output_noise,reward3_base,DQN reward3 Base,Results_DQN_reward3_o/model,design,70,design_21,Design Rainfall 21,0.05,8,20265722,95,1290.0276068569704,1879.8496111918628,3169.877218048833
output_noise,reward3_base,DQN reward3 Base,Results_DQN_reward3_o/model,design,70,design_21,Design Rainfall 21,0.05,9,20265723,95,1296.5926386950919,3499.0693733221856,4795.662012017277
output_noise,reward3_base,DQN reward3 Base,Results_DQN_reward3_o/model,design,70,design_21,Design Rainfall 21,0.05,10,20265724,95,1294.8488111162378,2046.3661243454633,3341.2149354617013
output_noise,reward3_base,DQN reward3 Base,Results_DQN_reward3_o/model,design,70,design_21,Design Rainfall 21,0.05,11,20265725,95,1296.40417129935,2037.3622827326174,3333.7664540319674
output_noise,reward3_base,DQN reward3 Base,Results_DQN_reward3_o/model,design,70,design_21,Design Rainfall 21,0.05,12,20265726,95,1296.9935743794254,3036.8967030289814,4333.890277408407
output_noise,reward3_base,DQN reward3 Base,Results_DQN_reward3_o/model,design,70,design_21,Design Rainfall 21,0.05,13,20265727,95,1296.5797287271625,2665.0584229690826,3961.638151696245
output_noise,reward3_base,DQN reward3 Base,Results_DQN_reward3_o/model,design,70,design_21,Design Rainfall 21,0.05,14,20265728,95,1289.2999150971198,1865.1597464788197,3154.459661575939
output_noise,reward3_base,DQN reward3 Base,Results_DQN_reward3_o/model,design,70,design_21,Design Rainfall 21,0.05,15,20265729,95,1289.272619252986,2275.1563799274,3564.428999180386
output_noise,reward3_base,DQN reward3 Base,Results_DQN_reward3_o/model,design,70,design_21,Design Rainfall 21,0.05,16,20265730,95,1295.999207310186,3273.453665717451,4569.452873027637
output_noise,reward3_base,DQN reward3 Base,Results_DQN_reward3_o/model,design,70,design_21,Design Rainfall 21,0.05,17,20265731,95,1292.7869887879447,1851.9378057469646,3144.724794534909
output_noise,reward3_base,DQN reward3 Base,Results_DQN_reward3_o/model,design,70,design_21,Design Rainfall 21,0.05,18,20265732,95,1295.59768042224,2041.716979627249,3337.3146600494892
output_noise,reward3_base,DQN reward3 Base,Results_DQN_reward3_o/model,design,70,design_21,Design Rainfall 21,0.05,19,20265733,95,1295.655203259541,3077.987661361343,4373.642864620884
output_noise,reward3_base,DQN reward3 Base,Results_DQN_reward3_o/model,design,70,design_21,Design Rainfall 21,0.05,20,20265734,95,1295.4783341162379,2047.4697584272078,3342.9480925434455
output_noise,reward3_base,DQN reward3 Base,Results_DQN_reward3_o/model,design,70,design_21,Design Rainfall 21,0.05,21,20265735,95,1294.6284897310168,3252.749812571042,4547.378302302059
output_noise,reward3_base,DQN reward3 Base,Results_DQN_reward3_o/model,design,70,design_21,Design Rainfall 21,0.05,22,20265736,95,1289.2377997894346,1861.0355543652827,3150.2733541547173
output_noise,reward3_base,DQN reward3 Base,Results_DQN_reward3_o/model,design,70,design_21,Design Rainfall 21,0.05,23,20265737,95,1294.4467359641294,3080.229896604653,4374.676632568782
output_noise,reward3_base,DQN reward3 Base,Results_DQN_reward3_o/model,design,70,design_21,Design Rainfall 21,0.05,24,20265738,95,1286.7679301260125,1888.6261585497693,3175.394088675782
output_noise,reward3_base,DQN reward3 Base,Results_DQN_reward3_o/model,design,70,design_21,Design Rainfall 21,0.05,25,20265739,95,1294.3498905210815,1432.7584377423598,2727.1083282634413
output_noise,reward3_base,DQN reward3 Base,Results_DQN_reward3_o/model,design,70,design_21,Design Rainfall 21,0.05,26,20265740,95,1296.0513955305214,3051.025181032476,4347.076576562998
output_noise,reward3_base,DQN reward3 Base,Results_DQN_reward3_o/model,design,70,design_21,Design Rainfall 21,0.05,27,20265741,95,1295.8614665641123,3044.8691390946274,4340.7306056587395
output_noise,reward3_base,DQN reward3 Base,Results_DQN_reward3_o/model,design,70,design_21,Design Rainfall 21,0.05,28,20265742,95,1295.4154155502772,3043.736514945873,4339.15193049615
output_noise,reward3_base,DQN reward3 Base,Results_DQN_reward3_o/model,design,70,design_21,Design Rainfall 21,0.05,29,20265743,95,1294.7013929594934,2039.2772787304102,3333.9786716899034
output_noise,reward3_base,DQN reward3 Base,Results_DQN_reward3_o/model,design,70,design_21,Design Rainfall 21,0.05,30,20265744,95,1295.986393105384,3065.00179371412,4360.988186819504
output_noise,reward3_base,DQN reward3 Base,Results_DQN_reward3_o/model,design,70,design_21,Design Rainfall 21,0.05,31,20265745,95,1292.7850346717191,1862.139382481804,3154.924417153523
output_noise,reward3_base,DQN reward3 Base,Results_DQN_reward3_o/model,design,70,design_21,Design Rainfall 21,0.05,32,20265746,95,1296.3572834816823,3250.3444508911293,4546.701734372811
output_noise,reward3_base,DQN reward3 Base,Results_DQN_reward3_o/model,design,70,design_21,Design Rainfall 21,0.05,33,20265747,95,1295.708807783312,2665.64430634058,3961.353114123892
output_noise,reward3_base,DQN reward3 Base,Results_DQN_reward3_o/model,design,70,design_21,Design Rainfall 21,0.05,34,20265748,95,1296.0129111612346,3063.3025773070663,4359.315488468301
output_noise,reward3_base,DQN reward3 Base,Results_DQN_reward3_o/model,design,70,design_21,Design Rainfall 21,0.05,35,20265749,95,1295.9077086194945,3064.924890089814,4360.8325987093085
output_noise,reward3_base,DQN reward3 Base,Results_DQN_reward3_o/model,design,70,design_21,Design Rainfall 21,0.05,36,20265750,95,1296.0662902215104,3497.1300775264604,4793.196367747971
output_noise,reward3_base,DQN reward3 Base,Results_DQN_reward3_o/model,design,70,design_21,Design Rainfall 21,0.05,37,20265751,95,1288.1373740697131,2097.794565627311,3385.931939697024
output_noise,reward3_base,DQN reward3 Base,Results_DQN_reward3_o/model,design,70,design_21,Design Rainfall 21,0.05,38,20265752,95,1294.0118826835444,1632.742729983718,2926.7546126672623
output_noise,reward3_base,DQN reward3 Base,Results_DQN_reward3_o/model,design,70,design_21,Design Rainfall 21,0.05,39,20265753,95,1296.4160716010288,3070.713859300138,4367.1299309011665
output_noise,reward3_base,DQN reward3 Base,Results_DQN_reward3_o/model,design,70,design_21,Design Rainfall 21,0.05,40,20265754,95,1296.034215820358,3046.4014652860365,4342.435681106394
output_noise,reward3_base,DQN reward3 Base,Results_DQN_reward3_o/model,design,70,design_21,Design Rainfall 21,0.05,41,20265755,95,1290.47919611995,2084.016988868356,3374.4961849883057
output_noise,reward3_base,DQN reward3 Base,Results_DQN_reward3_o/model,design,70,design_21,Design Rainfall 21,0.05,42,20265756,95,1295.8315397906613,3261.164358203276,4556.995897993937
output_noise,reward3_base,DQN reward3 Base,Results_DQN_reward3_o/model,design,70,design_21,Design Rainfall 21,0.05,43,20265757,95,1294.1005796568782,2041.3821598995207,3335.482739556399
output_noise,reward3_base,DQN reward3 Base,Results_DQN_reward3_o/model,design,70,design_21,Design Rainfall 21,0.05,44,20265758,95,1286.7678440224377,3116.227443317432,4402.99528733987
output_noise,reward3_base,DQN reward3 Base,Results_DQN_reward3_o/model,design,70,design_21,Design Rainfall 21,0.05,45,20265759,95,1294.420575417377,2049.7493982956553,3344.169973713032
output_noise,reward3_base,DQN reward3 Base,Results_DQN_reward3_o/model,design,70,design_21,Design Rainfall 21,0.05,46,20265760,95,1296.6561886410639,3468.791855726729,4765.448044367793
output_noise,reward3_base,DQN reward3 Base,Results_DQN_reward3_o/model,design,70,design_21,Design Rainfall 21,0.05,47,20265761,95,1289.3239735307775,2273.430715856748,3562.7546893875256
output_noise,reward3_base,DQN reward3 Base,Results_DQN_reward3_o/model,design,70,design_21,Design Rainfall 21,0.05,48,20265762,95,1296.6081252171919,3059.394937227423,4356.003062444614
output_noise,reward3_base,DQN reward3 Base,Results_DQN_reward3_o/model,design,70,design_21,Design Rainfall 21,0.05,49,20265763,95,1293.883889801007,1868.3264377766916,3162.2103275776985
output_noise,reward3_base,DQN reward3 Base,Results_DQN_reward3_o/model,design,70,design_21,Design Rainfall 21,0.1,0,20270714,95,1293.7789085614907,2046.2003572457165,3339.9792658072074
output_noise,reward3_base,DQN reward3 Base,Results_DQN_reward3_o/model,design,70,design_21,Design Rainfall 21,0.1,1,20270715,95,1294.274972749269,2626.900662133994,3921.1756348832632
output_noise,reward3_base,DQN reward3 Base,Results_DQN_reward3_o/model,design,70,design_21,Design Rainfall 21,0.1,2,20270716,95,1294.6801985921893,2620.399324583275,3915.079523175464
output_noise,reward3_base,DQN reward3 Base,Results_DQN_reward3_o/model,design,70,design_21,Design Rainfall 21,0.1,3,20270717,95,1294.456881774639,3234.4317857022274,4528.888667476866
output_noise,reward3_base,DQN reward3 Base,Results_DQN_reward3_o/model,design,70,design_21,Design Rainfall 21,0.1,4,20270718,95,1298.397149091658,2618.5050676641517,3916.9022167558096
output_noise,reward3_base,DQN reward3 Base,Results_DQN_reward3_o/model,design,70,design_21,Design Rainfall 21,0.1,5,20270719,95,1292.97069993867,2058.916973444361,3351.8876733830307
output_noise,reward3_base,DQN reward3 Base,Results_DQN_reward3_o/model,design,70,design_21,Design Rainfall 21,0.1,6,20270720,95,1293.522430687207,2609.2312756041383,3902.753706291345
output_noise,reward3_base,DQN reward3 Base,Results_DQN_reward3_o/model,design,70,design_21,Design Rainfall 21,0.1,7,20270721,95,1295.9593646322844,1822.3546964691095,3118.314061101394
output_noise,reward3_base,DQN reward3 Base,Results_DQN_reward3_o/model,design,70,design_21,Design Rainfall 21,0.1,8,20270722,95,1295.047499648673,3438.6724835358473,4733.71998318452
output_noise,reward3_base,DQN reward3 Base,Results_DQN_reward3_o/model,design,70,design_21,Design Rainfall 21,0.1,9,20270723,95,1293.313888688022,3048.6519854345242,4341.965874122547
output_noise,reward3_base,DQN reward3 Base,Results_DQN_reward3_o/model,design,70,design_21,Design Rainfall 21,0.1,10,20270724,95,1292.5656423610153,1426.305431668149,2718.8710740291644
output_noise,reward3_base,DQN reward3 Base,Results_DQN_reward3_o/model,design,70,design_21,Design Rainfall 21,0.1,11,20270725,95,1295.7443412870646,2621.969830808774,3917.714172095839
output_noise,reward3_base,DQN reward3 Base,Results_DQN_reward3_o/model,design,70,design_21,Design Rainfall 21,0.1,12,20270726,95,1293.1820406728407,1853.8309537218631,3147.012994394704
output_noise,reward3_base,DQN reward3 Base,Results_DQN_reward3_o/model,design,70,design_21,Design Rainfall 21,0.1,13,20270727,95,1288.0712180635862,2088.72805395042,3376.7992720140064
output_noise,reward3_base,DQN reward3 Base,Results_DQN_reward3_o/model,design,70,design_21,Design Rainfall 21,0.1,14,20270728,95,1290.4885561118017,2274.49742118599,3564.9859772977916
output_noise,reward3_base,DQN reward3 Base,Results_DQN_reward3_o/model,design,70,design_21,Design Rainfall 21,0.1,15,20270729,95,1286.7679571081035,1869.898542733656,3156.6664998417596
output_noise,reward3_base,DQN reward3 Base,Results_DQN_reward3_o/model,design,70,design_21,Design Rainfall 21,0.1,16,20270730,95,1291.4785942138158,2253.6631352032546,3545.1417294170706
output_noise,reward3_base,DQN reward3 Base,Results_DQN_reward3_o/model,design,70,design_21,Design Rainfall 21,0.1,17,20270731,95,1294.7105144713344,1856.525006214897,3151.235520686231
output_noise,reward3_base,DQN reward3 Base,Results_DQN_reward3_o/model,design,70,design_21,Design Rainfall 21,0.1,18,20270732,95,1297.8139275967496,2610.1078204729956,3907.9217480697453
output_noise,reward3_base,DQN reward3 Base,Results_DQN_reward3_o/model,design,70,design_21,Design Rainfall 21,0.1,19,20270733,95,1288.3296624069021,1858.5295013325908,3146.859163739493
output_noise,reward3_base,DQN reward3 Base,Results_DQN_reward3_o/model,design,70,design_21,Design Rainfall 21,0.1,20,20270734,95,1297.3514501865452,3235.559208113385,4532.91065829993
output_noise,reward3_base,DQN reward3 Base,Results_DQN_reward3_o/model,design,70,design_21,Design Rainfall 21,0.1,21,20270735,95,1297.538355002376,3236.8001153444566,4534.338470346833
output_noise,reward3_base,DQN reward3 Base,Results_DQN_reward3_o/model,design,70,design_21,Design Rainfall 21,0.1,22,20270736,95,1320.1567105142447,2800.689795118914,4120.846505633159
output_noise,reward3_base,DQN reward3 Base,Results_DQN_reward3_o/model,design,70,design_21,Design Rainfall 21,0.1,23,20270737,95,1289.350548139542,2073.074898472857,3362.4254466123994
output_noise,reward3_base,DQN reward3 Base,Results_DQN_reward3_o/model,design,70,design_21,Design Rainfall 21,0.1,24,20270738,95,1294.5027824459028,1839.4943398974021,3133.997122343305
output_noise,reward3_base,DQN reward3 Base,Results_DQN_reward3_o/model,design,70,design_21,Design Rainfall 21,0.1,25,20270739,95,1295.518045998497,2629.916733841848,3925.434779840345
output_noise,reward3_base,DQN reward3 Base,Results_DQN_reward3_o/model,design,70,design_21,Design Rainfall 21,0.1,26,20270740,95,1293.4699251105153,1849.1712808794825,3142.6412059899976
output_noise,reward3_base,DQN reward3 Base,Results_DQN_reward3_o/model,design,70,design_21,Design Rainfall 21,0.1,27,20270741,95,1289.3305007171657,1870.3079775360745,3159.6384782532405
output_noise,reward3_base,DQN reward3 Base,Results_DQN_reward3_o/model,design,70,design_21,Design Rainfall 21,0.1,28,20270742,95,1294.271336593964,1847.7116032983936,3141.9829398923575
output_noise,reward3_base,DQN reward3 Base,Results_DQN_reward3_o/model,design,70,design_21,Design Rainfall 21,0.1,29,20270743,95,1293.1664143831429,2039.0393918284412,3332.205806211584
output_noise,reward3_base,DQN reward3 Base,Results_DQN_reward3_o/model,design,70,design_21,Design Rainfall 21,0.1,30,20270744,95,1292.0622267247816,2032.9566231573642,3325.018849882146
output_noise,reward3_base,DQN reward3 Base,Results_DQN_reward3_o/model,design,70,design_21,Design Rainfall 21,0.1,31,20270745,95,1288.3220447535991,1876.4628840356231,3164.7849287892222
output_noise,reward3_base,DQN reward3 Base,Results_DQN_reward3_o/model,design,70,design_21,Design Rainfall 21,0.1,32,20270746,95,1288.8510407099623,1868.7919536670258,3157.642994376988
output_noise,reward3_base,DQN reward3 Base,Results_DQN_reward3_o/model,design,70,design_21,Design Rainfall 21,0.1,33,20270747,95,1295.9782455689672,3064.409057488101,4360.3873030570685
output_noise,reward3_base,DQN reward3 Base,Results_DQN_reward3_o/model,design,70,design_21,Design Rainfall 21,0.1,34,20270748,95,1297.1877119485237,2625.334861082782,3922.522573031306
output_noise,reward3_base,DQN reward3 Base,Results_DQN_reward3_o/model,design,70,design_21,Design Rainfall 21,0.1,35,20270749,95,1294.821524290884,1412.8567584885914,2707.6782827794755
output_noise,reward3_base,DQN reward3 Base,Results_DQN_reward3_o/model,design,70,design_21,Design Rainfall 21,0.1,36,20270750,95,1293.1200478160172,2042.7570239672107,3335.8770717832276
output_noise,reward3_base,DQN reward3 Base,Results_DQN_reward3_o/model,design,70,design_21,Design Rainfall 21,0.1,37,20270751,95,1297.3533930192168,2845.6048587275504,4142.958251746767
output_noise,reward3_base,DQN reward3 Base,Results_DQN_reward3_o/model,design,70,design_21,Design Rainfall 21,0.1,38,20270752,95,1286.7502820082354,2073.602735906898,3360.3530179151335
output_noise,reward3_base,DQN reward3 Base,Results_DQN_reward3_o/model,design,70,design_21,Design Rainfall 21,0.1,39,20270753,95,1295.897356586664,2630.2674821004575,3926.1648386871216
output_noise,reward3_base,DQN reward3 Base,Results_DQN_reward3_o/model,design,70,design_21,Design Rainfall 21,0.1,40,20270754,95,1289.1419464054125,1869.6932326572728,3158.8351790626853
output_noise,reward3_base,DQN reward3 Base,Results_DQN_reward3_o/model,design,70,design_21,Design Rainfall 21,0.1,41,20270755,95,1293.7055759843365,2622.444189262565,3916.1497652469016
output_noise,reward3_base,DQN reward3 Base,Results_DQN_reward3_o/model,design,70,design_21,Design Rainfall 21,0.1,42,20270756,95,1294.5690149562208,2055.169890226841,3349.7389051830614
output_noise,reward3_base,DQN reward3 Base,Results_DQN_reward3_o/model,design,70,design_21,Design Rainfall 21,0.1,43,20270757,95,1289.3367924850281,1858.2234884483585,3147.560280933387
output_noise,reward3_base,DQN reward3 Base,Results_DQN_reward3_o/model,design,70,design_21,Design Rainfall 21,0.1,44,20270758,95,1291.6360122376677,2847.5468970393317,4139.182909276999
output_noise,reward3_base,DQN reward3 Base,Results_DQN_reward3_o/model,design,70,design_21,Design Rainfall 21,0.1,45,20270759,95,1289.2946960840272,2242.7120205412134,3532.0067166252406
output_noise,reward3_base,DQN reward3 Base,Results_DQN_reward3_o/model,design,70,design_21,Design Rainfall 21,0.1,46,20270760,95,1297.2801940157094,3022.9123320170293,4320.192526032739
output_noise,reward3_base,DQN reward3 Base,Results_DQN_reward3_o/model,design,70,design_21,Design Rainfall 21,0.1,47,20270761,95,1291.1203847885918,2256.920482009727,3548.040866798319
output_noise,reward3_base,DQN reward3 Base,Results_DQN_reward3_o/model,design,70,design_21,Design Rainfall 21,0.1,48,20270762,95,1295.5563478420033,2054.155764058573,3349.712111900576
output_noise,reward3_base,DQN reward3 Base,Results_DQN_reward3_o/model,design,70,design_21,Design Rainfall 21,0.1,49,20270763,95,1295.8180903720256,2839.5747389045914,4135.392829276617
output_noise,reward3_base,DQN reward3 Base,Results_DQN_reward3_o/model,design,64,design_15,Design Rainfall 15,0.05,0,20365714,95,5691.175947676023,3727.4055243153057,9418.581471991329
output_noise,reward3_base,DQN reward3 Base,Results_DQN_reward3_o/model,design,64,design_15,Design Rainfall 15,0.05,1,20365715,95,5747.57757673079,2601.960948657502,8349.538525388292
output_noise,reward3_base,DQN reward3 Base,Results_DQN_reward3_o/model,design,64,design_15,Design Rainfall 15,0.05,2,20365716,95,5753.355516190882,2708.386464023204,8461.741980214087
output_noise,reward3_base,DQN reward3 Base,Results_DQN_reward3_o/model,design,64,design_15,Design Rainfall 15,0.05,3,20365717,95,5747.35258130487,2524.2555152777973,8271.608096582668
output_noise,reward3_base,DQN reward3 Base,Results_DQN_reward3_o/model,design,64,design_15,Design Rainfall 15,0.05,4,20365718,95,5718.011956712524,2864.3771996272017,8582.389156339726
output_noise,reward3_base,DQN reward3 Base,Results_DQN_reward3_o/model,design,64,design_15,Design Rainfall 15,0.05,5,20365719,95,5705.158360995375,1589.985117166072,7295.143478161447
output_noise,reward3_base,DQN reward3 Base,Results_DQN_reward3_o/model,design,64,design_15,Design Rainfall 15,0.05,6,20365720,95,5689.744685282411,2485.8606320180024,8175.605317300414
output_noise,reward3_base,DQN reward3 Base,Results_DQN_reward3_o/model,design,64,design_15,Design Rainfall 15,0.05,7,20365721,95,5681.232645859606,1119.1703656244297,6800.403011484036
output_noise,reward3_base,DQN reward3 Base,Results_DQN_reward3_o/model,design,64,design_15,Design Rainfall 15,0.05,8,20365722,95,5722.080708610533,3506.1797619433482,9228.260470553882
output_noise,reward3_base,DQN reward3 Base,Results_DQN_reward3_o/model,design,64,design_15,Design Rainfall 15,0.05,9,20365723,95,5732.8191479502875,3009.3495086445714,8742.168656594858
output_noise,reward3_base,DQN reward3 Base,Results_DQN_reward3_o/model,design,64,design_15,Design Rainfall 15,0.05,10,20365724,95,5764.658653847357,976.4254515514416,6741.084105398798
output_noise,reward3_base,DQN reward3 Base,Results_DQN_reward3_o/model,design,64,design_15,Design Rainfall 15,0.05,11,20365725,95,5705.875604461311,2215.5515961184497,7921.427200579761
output_noise,reward3_base,DQN reward3 Base,Results_DQN_reward3_o/model,design,64,design_15,Design Rainfall 15,0.05,12,20365726,95,5755.974824602923,2517.0589822530533,8273.033806855976
output_noise,reward3_base,DQN reward3 Base,Results_DQN_reward3_o/model,design,64,design_15,Design Rainfall 15,0.05,13,20365727,95,5720.96404673919,3924.9527132637872,9645.916760002978
output_noise,reward3_base,DQN reward3 Base,Results_DQN_reward3_o/model,design,64,design_15,Design Rainfall 15,0.05,14,20365728,95,5726.227948139674,4081.1455422785616,9807.373490418235
output_noise,reward3_base,DQN reward3 Base,Results_DQN_reward3_o/model,design,64,design_15,Design Rainfall 15,0.05,15,20365729,95,5758.898973183861,1296.8131212267315,7055.712094410593
output_noise,reward3_base,DQN reward3 Base,Results_DQN_reward3_o/model,design,64,design_15,Design Rainfall 15,0.05,16,20365730,95,5714.9297928912265,3863.092257413445,9578.022050304671
output_noise,reward3_base,DQN reward3 Base,Results_DQN_reward3_o/model,design,64,design_15,Design Rainfall 15,0.05,17,20365731,95,5735.462162837745,3261.9033505388084,8997.365513376553
output_noise,reward3_base,DQN reward3 Base,Results_DQN_reward3_o/model,design,64,design_15,Design Rainfall 15,0.05,18,20365732,95,5734.096604605537,985.9975458466603,6720.094150452198
output_noise,reward3_base,DQN reward3 Base,Results_DQN_reward3_o/model,design,64,design_15,Design Rainfall 15,0.05,19,20365733,95,5721.739179628906,2831.2795340781568,8553.018713707062
output_noise,reward3_base,DQN reward3 Base,Results_DQN_reward3_o/model,design,64,design_15,Design Rainfall 15,0.05,20,20365734,95,5711.323749483381,3536.3215753693994,9247.64532485278
output_noise,reward3_base,DQN reward3 Base,Results_DQN_reward3_o/model,design,64,design_15,Design Rainfall 15,0.05,21,20365735,95,5709.904440629583,3710.2731988279274,9420.17763945751
output_noise,reward3_base,DQN reward3 Base,Results_DQN_reward3_o/model,design,64,design_15,Design Rainfall 15,0.05,22,20365736,95,5722.504103123101,2441.067487022247,8163.571590145348
output_noise,reward3_base,DQN reward3 Base,Results_DQN_reward3_o/model,design,64,design_15,Design Rainfall 15,0.05,23,20365737,95,5688.1714796461065,3133.3048169217723,8821.476296567878
output_noise,reward3_base,DQN reward3 Base,Results_DQN_reward3_o/model,design,64,design_15,Design Rainfall 15,0.05,24,20365738,95,5736.991902949998,2598.702179436404,8335.694082386402
output_noise,reward3_base,DQN reward3 Base,Results_DQN_reward3_o/model,design,64,design_15,Design Rainfall 15,0.05,25,20365739,95,5688.139756781554,2693.8286896927248,8381.968446474279
output_noise,reward3_base,DQN reward3 Base,Results_DQN_reward3_o/model,design,64,design_15,Design Rainfall 15,0.05,26,20365740,95,5702.604813523539,2211.4421607422264,7914.046974265765
output_noise,reward3_base,DQN reward3 Base,Results_DQN_reward3_o/model,design,64,design_15,Design Rainfall 15,0.05,27,20365741,95,5691.552376548863,3141.7479153289046,8833.300291877767
output_noise,reward3_base,DQN reward3 Base,Results_DQN_reward3_o/model,design,64,design_15,Design Rainfall 15,0.05,28,20365742,95,5736.25480136555,2588.2710418357547,8324.525843201303
output_noise,reward3_base,DQN reward3 Base,Results_DQN_reward3_o/model,design,64,design_15,Design Rainfall 15,0.05,29,20365743,95,5701.175191333392,2640.1557650508253,8341.330956384218
output_noise,reward3_base,DQN reward3 Base,Results_DQN_reward3_o/model,design,64,design_15,Design Rainfall 15,0.05,30,20365744,95,5718.7562936476215,2862.2814621665416,8581.037755814163
output_noise,reward3_base,DQN reward3 Base,Results_DQN_reward3_o/model,design,64,design_15,Design Rainfall 15,0.05,31,20365745,95,5742.534920220291,1228.7288565388717,6971.263776759162
output_noise,reward3_base,DQN reward3 Base,Results_DQN_reward3_o/model,design,64,design_15,Design Rainfall 15,0.05,32,20365746,95,5704.295934022697,2432.9920662069794,8137.288000229677
output_noise,reward3_base,DQN reward3 Base,Results_DQN_reward3_o/model,design,64,design_15,Design Rainfall 15,0.05,33,20365747,95,5697.847302870389,2431.3665756672335,8129.213878537623
output_noise,reward3_base,DQN reward3 Base,Results_DQN_reward3_o/model,design,64,design_15,Design Rainfall 15,0.05,34,20365748,95,5700.946489132083,2642.284078801148,8343.230567933231
output_noise,reward3_base,DQN reward3 Base,Results_DQN_reward3_o/model,design,64,design_15,Design Rainfall 15,0.05,35,20365749,95,5723.509504681615,995.5518306279715,6719.061335309587
output_noise,reward3_base,DQN reward3 Base,Results_DQN_reward3_o/model,design,64,design_15,Design Rainfall 15,0.05,36,20365750,95,5715.810327119747,3292.7685950903424,9008.57892221009
output_noise,reward3_base,DQN reward3 Base,Results_DQN_reward3_o/model,design,64,design_15,Design Rainfall 15,0.05,37,20365751,95,5723.773135060055,2493.215518062313,8216.988653122367
output_noise,reward3_base,DQN reward3 Base,Results_DQN_reward3_o/model,design,64,design_15,Design Rainfall 15,0.05,38,20365752,95,5711.711081384374,2706.6663182717384,8418.377399656112
output_noise,reward3_base,DQN reward3 Base,Results_DQN_reward3_o/model,design,64,design_15,Design Rainfall 15,0.05,39,20365753,95,5691.7386050096065,3098.0707945193353,8789.809399528942
output_noise,reward3_base,DQN reward3 Base,Results_DQN_reward3_o/model,design,64,design_15,Design Rainfall 15,0.05,40,20365754,95,5700.6596796171325,1027.936672788963,6728.596352406095
output_noise,reward3_base,DQN reward3 Base,Results_DQN_reward3_o/model,design,64,design_15,Design Rainfall 15,0.05,41,20365755,95,5700.598401967637,1024.0348225374055,6724.633224505043
output_noise,reward3_base,DQN reward3 Base,Results_DQN_reward3_o/model,design,64,design_15,Design Rainfall 15,0.05,42,20365756,95,5698.910882149589,2443.702014021343,8142.612896170933
output_noise,reward3_base,DQN reward3 Base,Results_DQN_reward3_o/model,design,64,design_15,Design Rainfall 15,0.05,43,20365757,95,5715.646119901661,2674.181124908573,8389.827244810234
output_noise,reward3_base,DQN reward3 Base,Results_DQN_reward3_o/model,design,64,design_15,Design Rainfall 15,0.05,44,20365758,95,5734.015921517742,2573.6146398528194,8307.63056137056
output_noise,reward3_base,DQN reward3 Base,Results_DQN_reward3_o/model,design,64,design_15,Design Rainfall 15,0.05,45,20365759,95,5719.7844725555,2405.649381367454,8125.433853922954
output_noise,reward3_base,DQN reward3 Base,Results_DQN_reward3_o/model,design,64,design_15,Design Rainfall 15,0.05,46,20365760,95,5720.989361940138,2653.0906764727306,8374.080038412869
output_noise,reward3_base,DQN reward3 Base,Results_DQN_reward3_o/model,design,64,design_15,Design Rainfall 15,0.05,47,20365761,95,5738.878797865468,1794.8417708818986,7533.720568747367
output_noise,reward3_base,DQN reward3 Base,Results_DQN_reward3_o/model,design,64,design_15,Design Rainfall 15,0.05,48,20365762,95,5716.696657534749,2930.8326290672394,8647.529286601988
output_noise,reward3_base,DQN reward3 Base,Results_DQN_reward3_o/model,design,64,design_15,Design Rainfall 15,0.05,49,20365763,95,5708.518347325611,2920.5889553892475,8629.10730271486
output_noise,reward3_base,DQN reward3 Base,Results_DQN_reward3_o/model,design,64,design_15,Design Rainfall 15,0.1,0,20370714,95,5730.000191438501,2233.8944288806383,7963.894620319139
output_noise,reward3_base,DQN reward3 Base,Results_DQN_reward3_o/model,design,64,design_15,Design Rainfall 15,0.1,1,20370715,95,5685.7432443536345,3098.084191021133,8783.827435374767
output_noise,reward3_base,DQN reward3 Base,Results_DQN_reward3_o/model,design,64,design_15,Design Rainfall 15,0.1,2,20370716,95,5727.471835720586,2459.1910053005645,8186.662841021151
output_noise,reward3_base,DQN reward3 Base,Results_DQN_reward3_o/model,design,64,design_15,Design Rainfall 15,0.1,3,20370717,95,5693.222887856206,2028.3181604877277,7721.541048343934
output_noise,reward3_base,DQN reward3 Base,Results_DQN_reward3_o/model,design,64,design_15,Design Rainfall 15,0.1,4,20370718,95,5708.433911906247,2260.2521445231446,7968.686056429391
output_noise,reward3_base,DQN reward3 Base,Results_DQN_reward3_o/model,design,64,design_15,Design Rainfall 15,0.1,5,20370719,95,5737.308707851013,1773.5990196833134,7510.907727534327
output_noise,reward3_base,DQN reward3 Base,Results_DQN_reward3_o/model,design,64,design_15,Design Rainfall 15,0.1,6,20370720,95,5741.227324059059,2589.053374500559,8330.280698559618
output_noise,reward3_base,DQN reward3 Base,Results_DQN_reward3_o/model,design,64,design_15,Design Rainfall 15,0.1,7,20370721,95,5745.94445502407,3151.488597115968,8897.433052140037
output_noise,reward3_base,DQN reward3 Base,Results_DQN_reward3_o/model,design,64,design_15,Design Rainfall 15,0.1,8,20370722,95,5694.40684121074,1420.4294131296112,7114.836254340351
output_noise,reward3_base,DQN reward3 Base,Results_DQN_reward3_o/model,design,64,design_15,Design Rainfall 15,0.1,9,20370723,95,5731.96821663976,2466.8475538771545,8198.815770516914
output_noise,reward3_base,DQN reward3 Base,Results_DQN_reward3_o/model,design,64,design_15,Design Rainfall 15,0.1,10,20370724,95,5715.891503426031,3059.6284554525027,8775.519958878533
output_noise,reward3_base,DQN reward3 Base,Results_DQN_reward3_o/model,design,64,design_15,Design Rainfall 15,0.1,11,20370725,95,5738.165148817899,2474.1011816728333,8212.266330490733
output_noise,reward3_base,DQN reward3 Base,Results_DQN_reward3_o/model,design,64,design_15,Design Rainfall 15,0.1,12,20370726,95,5692.216611051803,3016.325194841989,8708.541805893792
output_noise,reward3_base,DQN reward3 Base,Results_DQN_reward3_o/model,design,64,design_15,Design Rainfall 15,0.1,13,20370727,95,5698.558331113995,1838.943367803257,7537.501698917253
output_noise,reward3_base,DQN reward3 Base,Results_DQN_reward3_o/model,design,64,design_15,Design Rainfall 15,0.1,14,20370728,95,5700.053800331604,1027.9106344212487,6727.964434752853
output_noise,reward3_base,DQN reward3 Base,Results_DQN_reward3_o/model,design,64,design_15,Design Rainfall 15,0.1,15,20370729,95,5685.084889825334,2715.99540567329,8401.080295498625
output_noise,reward3_base,DQN reward3 Base,Results_DQN_reward3_o/model,design,64,design_15,Design Rainfall 15,0.1,16,20370730,95,5700.565189976129,1023.9515710929988,6724.516761069128
output_noise,reward3_base,DQN reward3 Base,Results_DQN_reward3_o/model,design,64,design_15,Design Rainfall 15,0.1,17,20370731,95,5760.104073764114,3918.5483952385066,9678.65246900262
output_noise,reward3_base,DQN reward3 Base,Results_DQN_reward3_o/model,design,64,design_15,Design Rainfall 15,0.1,18,20370732,95,5720.417267226934,2448.2089229196777,8168.626190146611
output_noise,reward3_base,DQN reward3 Base,Results_DQN_reward3_o/model,design,64,design_15,Design Rainfall 15,0.1,19,20370733,95,5698.029194930657,2806.4605797956583,8504.489774726315
output_noise,reward3_base,DQN reward3 Base,Results_DQN_reward3_o/model,design,64,design_15,Design Rainfall 15,0.1,20,20370734,95,5735.086919901017,1179.3022478527332,6914.38916775375
output_noise,reward3_base,DQN reward3 Base,Results_DQN_reward3_o/model,design,64,design_15,Design Rainfall 15,0.1,21,20370735,95,5729.216760623947,980.8978446903474,6710.114605314295
output_noise,reward3_base,DQN reward3 Base,Results_DQN_reward3_o/model,design,64,design_15,Design Rainfall 15,0.1,22,20370736,95,5730.0469214827135,1000.2233219814576,6730.2702434641715
output_noise,reward3_base,DQN reward3 Base,Results_DQN_reward3_o/model,design,64,design_15,Design Rainfall 15,0.1,23,20370737,95,5756.452386349027,3281.99934543208,9038.451731781108
output_noise,reward3_base,DQN reward3 Base,Results_DQN_reward3_o/model,design,64,design_15,Design Rainfall 15,0.1,24,20370738,95,5699.292574687791,2423.950804382174,8123.243379069965
output_noise,reward3_base,DQN reward3 Base,Results_DQN_reward3_o/model,design,64,design_15,Design Rainfall 15,0.1,25,20370739,95,5692.70116866327,2809.883495432231,8502.584664095502
output_noise,reward3_base,DQN reward3 Base,Results_DQN_reward3_o/model,design,64,design_15,Design Rainfall 15,0.1,26,20370740,95,5749.731868645994,3085.5608364699583,8835.292705115953
output_noise,reward3_base,DQN reward3 Base,Results_DQN_reward3_o/model,design,64,design_15,Design Rainfall 15,0.1,27,20370741,95,5720.0914099877555,2234.760358433585,7954.85176842134
output_noise,reward3_base,DQN reward3 Base,Results_DQN_reward3_o/model,design,64,design_15,Design Rainfall 15,0.1,28,20370742,95,5706.276414025465,2008.5248657896736,7714.8012798151385
output_noise,reward3_base,DQN reward3 Base,Results_DQN_reward3_o/model,design,64,design_15,Design Rainfall 15,0.1,29,20370743,95,5701.125785569756,3237.0434673720656,8938.169252941821
output_noise,reward3_base,DQN reward3 Base,Results_DQN_reward3_o/model,design,64,design_15,Design Rainfall 15,0.1,30,20370744,95,5716.1393358154455,2656.1151391162944,8372.25447493174
output_noise,reward3_base,DQN reward3 Base,Results_DQN_reward3_o/model,design,64,design_15,Design Rainfall 15,0.1,31,20370745,95,5734.505431229442,2770.3765382327665,8504.881969462209
output_noise,reward3_base,DQN reward3 Base,Results_DQN_reward3_o/model,design,64,design_15,Design Rainfall 15,0.1,32,20370746,95,5690.493884214596,3270.545252380472,8961.039136595067
output_noise,reward3_base,DQN reward3 Base,Results_DQN_reward3_o/model,design,64,design_15,Design Rainfall 15,0.1,33,20370747,95,5727.188373672021,2383.2647317025476,8110.453105374569
output_noise,reward3_base,DQN reward3 Base,Results_DQN_reward3_o/model,design,64,design_15,Design Rainfall 15,0.1,34,20370748,95,5701.097415133018,1999.6004916587747,7700.697906791793
output_noise,reward3_base,DQN reward3 Base,Results_DQN_reward3_o/model,design,64,design_15,Design Rainfall 15,0.1,35,20370749,95,5732.495872975008,2773.2230002272036,8505.718873202211
output_noise,reward3_base,DQN reward3 Base,Results_DQN_reward3_o/model,design,64,design_15,Design Rainfall 15,0.1,36,20370750,95,5739.104101579705,2403.925508154067,8143.029609733771
output_noise,reward3_base,DQN reward3 Base,Results_DQN_reward3_o/model,design,64,design_15,Design Rainfall 15,0.1,37,20370751,95,5701.777509991835,2051.7364895247297,7753.513999516565
output_noise,reward3_base,DQN reward3 Base,Results_DQN_reward3_o/model,design,64,design_15,Design Rainfall 15,0.1,38,20370752,95,5752.2703845221085,2511.7728305605,8264.04321508261
output_noise,reward3_base,DQN reward3 Base,Results_DQN_reward3_o/model,design,64,design_15,Design Rainfall 15,0.1,39,20370753,95,5715.933566343938,3845.6412119435736,9561.574778287511
output_noise,reward3_base,DQN reward3 Base,Results_DQN_reward3_o/model,design,64,design_15,Design Rainfall 15,0.1,40,20370754,95,5688.502851736906,2281.512401466285,7970.015253203192
output_noise,reward3_base,DQN reward3 Base,Results_DQN_reward3_o/model,design,64,design_15,Design Rainfall 15,0.1,41,20370755,95,5716.764845929016,2264.6923376300647,7981.4571835590805
output_noise,reward3_base,DQN reward3 Base,Results_DQN_reward3_o/model,design,64,design_15,Design Rainfall 15,0.1,42,20370756,95,5732.230807360072,983.6485432295873,6715.879350589659
output_noise,reward3_base,DQN reward3 Base,Results_DQN_reward3_o/model,design,64,design_15,Design Rainfall 15,0.1,43,20370757,95,5707.416281260453,2057.7729383502574,7765.18921961071
output_noise,reward3_base,DQN reward3 Base,Results_DQN_reward3_o/model,design,64,design_15,Design Rainfall 15,0.1,44,20370758,95,5682.3425472194285,1301.079193927919,6983.421741147347
output_noise,reward3_base,DQN reward3 Base,Results_DQN_reward3_o/model,design,64,design_15,Design Rainfall 15,0.1,45,20370759,95,5715.500983825412,3040.4398352976664,8755.940819123078
output_noise,reward3_base,DQN reward3 Base,Results_DQN_reward3_o/model,design,64,design_15,Design Rainfall 15,0.1,46,20370760,95,5757.673931569927,1884.4626160366133,7642.13654760654
output_noise,reward3_base,DQN reward3 Base,Results_DQN_reward3_o/model,design,64,design_15,Design Rainfall 15,0.1,47,20370761,95,5734.0957072526435,2586.211029674505,8320.306736927148
output_noise,reward3_base,DQN reward3 Base,Results_DQN_reward3_o/model,design,64,design_15,Design Rainfall 15,0.1,48,20370762,95,5726.975514702574,2659.2897714675423,8386.265286170117
output_noise,reward3_base,DQN reward3 Base,Results_DQN_reward3_o/model,design,64,design_15,Design Rainfall 15,0.1,49,20370763,95,5700.593170027864,1020.3080613953003,6720.901231423165
output_noise,reward3_base,DQN reward3 Base,Results_DQN_reward3_o/model,design,67,design_18,Design Rainfall 18,0.05,0,20465714,95,7314.675890295277,1896.9185859652075,9211.594476260485
output_noise,reward3_base,DQN reward3 Base,Results_DQN_reward3_o/model,design,67,design_18,Design Rainfall 18,0.05,1,20465715,95,7353.652609373518,2451.4885299425323,9805.14113931605
output_noise,reward3_base,DQN reward3 Base,Results_DQN_reward3_o/model,design,67,design_18,Design Rainfall 18,0.05,2,20465716,95,7298.384751187666,2690.9829363960657,9989.367687583732
output_noise,reward3_base,DQN reward3 Base,Results_DQN_reward3_o/model,design,67,design_18,Design Rainfall 18,0.05,3,20465717,95,7292.877078450322,3519.5345383845083,10812.41161683483
output_noise,reward3_base,DQN reward3 Base,Results_DQN_reward3_o/model,design,67,design_18,Design Rainfall 18,0.05,4,20465718,95,7318.538574806262,1001.7653864530187,8320.30396125928
output_noise,reward3_base,DQN reward3 Base,Results_DQN_reward3_o/model,design,67,design_18,Design Rainfall 18,0.05,5,20465719,95,7359.303459523774,1914.478235870391,9273.781695394166
output_noise,reward3_base,DQN reward3 Base,Results_DQN_reward3_o/model,design,67,design_18,Design Rainfall 18,0.05,6,20465720,95,7387.506687324906,3184.306499941343,10571.813187266249
output_noise,reward3_base,DQN reward3 Base,Results_DQN_reward3_o/model,design,67,design_18,Design Rainfall 18,0.05,7,20465721,95,7225.274135791731,2888.0910655302873,10113.365201322018
output_noise,reward3_base,DQN reward3 Base,Results_DQN_reward3_o/model,design,67,design_18,Design Rainfall 18,0.05,8,20465722,95,7411.143468127034,2302.57285604299,9713.716324170024
output_noise,reward3_base,DQN reward3 Base,Results_DQN_reward3_o/model,design,67,design_18,Design Rainfall 18,0.05,9,20465723,95,7291.500635894374,1067.8470679430939,8359.347703837468
output_noise,reward3_base,DQN reward3 Base,Results_DQN_reward3_o/model,design,67,design_18,Design Rainfall 18,0.05,10,20465724,95,7278.333774993639,3071.5570297284603,10349.8908047221
output_noise,reward3_base,DQN reward3 Base,Results_DQN_reward3_o/model,design,67,design_18,Design Rainfall 18,0.05,11,20465725,95,7291.1637988704015,2456.3489978070365,9747.512796677438
output_noise,reward3_base,DQN reward3 Base,Results_DQN_reward3_o/model,design,67,design_18,Design Rainfall 18,0.05,12,20465726,95,7324.714534748277,3253.076116132064,10577.79065088034
output_noise,reward3_base,DQN reward3 Base,Results_DQN_reward3_o/model,design,67,design_18,Design Rainfall 18,0.05,13,20465727,95,7249.409399534825,1274.3862411156013,8523.795640650425
output_noise,reward3_base,DQN reward3 Base,Results_DQN_reward3_o/model,design,67,design_18,Design Rainfall 18,0.05,14,20465728,95,7292.888594796591,2834.723853517105,10127.612448313695
output_noise,reward3_base,DQN reward3 Base,Results_DQN_reward3_o/model,design,67,design_18,Design Rainfall 18,0.05,15,20465729,95,7246.804605326289,2458.608017633018,9705.412622959306
output_noise,reward3_base,DQN reward3 Base,Results_DQN_reward3_o/model,design,67,design_18,Design Rainfall 18,0.05,16,20465730,95,7287.207382477166,2879.632906501488,10166.840288978654
output_noise,reward3_base,DQN reward3 Base,Results_DQN_reward3_o/model,design,67,design_18,Design Rainfall 18,0.05,17,20465731,95,7287.681590226864,2718.8138930667087,10006.495483293573
output_noise,reward3_base,DQN reward3 Base,Results_DQN_reward3_o/model,design,67,design_18,Design Rainfall 18,0.05,18,20465732,95,7338.024386255713,2600.9406722126582,9938.965058468371
output_noise,reward3_base,DQN reward3 Base,Results_DQN_reward3_o/model,design,67,design_18,Design Rainfall 18,0.05,19,20465733,95,7304.856483082445,2741.199199252005,10046.05568233445
output_noise,reward3_base,DQN reward3 Base,Results_DQN_reward3_o/model,design,67,design_18,Design Rainfall 18,0.05,20,20465734,95,7345.675068265859,2526.653586840437,9872.328655106296
output_noise,reward3_base,DQN reward3 Base,Results_DQN_reward3_o/model,design,67,design_18,Design Rainfall 18,0.05,21,20465735,95,7341.414474623272,3249.530124405996,10590.944599029268
output_noise,reward3_base,DQN reward3 Base,Results_DQN_reward3_o/model,design,67,design_18,Design Rainfall 18,0.05,22,20465736,95,7338.327944351378,2121.392626030705,9459.720570382084
output_noise,reward3_base,DQN reward3 Base,Results_DQN_reward3_o/model,design,67,design_18,Design Rainfall 18,0.05,23,20465737,95,7335.729158320141,2660.9242179339617,9996.653376254104
output_noise,reward3_base,DQN reward3 Base,Results_DQN_reward3_o/model,design,67,design_18,Design Rainfall 18,0.05,24,20465738,95,7300.979732901288,3086.173366461506,10387.153099362793
output_noise,reward3_base,DQN reward3 Base,Results_DQN_reward3_o/model,design,67,design_18,Design Rainfall 18,0.05,25,20465739,95,7390.609831158645,1752.2597088919533,9142.869540050599
output_noise,reward3_base,DQN reward3 Base,Results_DQN_reward3_o/model,design,67,design_18,Design Rainfall 18,0.05,26,20465740,95,7293.287280688664,3648.002809341892,10941.290090030556
output_noise,reward3_base,DQN reward3 Base,Results_DQN_reward3_o/model,design,67,design_18,Design Rainfall 18,0.05,27,20465741,95,7377.965971998546,1089.1345766559155,8467.100548654462
output_noise,reward3_base,DQN reward3 Base,Results_DQN_reward3_o/model,design,67,design_18,Design Rainfall 18,0.05,28,20465742,95,7380.086818781142,2649.478406732345,10029.565225513486
output_noise,reward3_base,DQN reward3 Base,Results_DQN_reward3_o/model,design,67,design_18,Design Rainfall 18,0.05,29,20465743,95,7317.495266669367,2625.8572849705356,9943.352551639902
output_noise,reward3_base,DQN reward3 Base,Results_DQN_reward3_o/model,design,67,design_18,Design Rainfall 18,0.05,30,20465744,95,7371.437347478794,1308.674235997457,8680.111583476251
output_noise,reward3_base,DQN reward3 Base,Results_DQN_reward3_o/model,design,67,design_18,Design Rainfall 18,0.05,31,20465745,95,7258.594079377363,1270.9727286383566,8529.56680801572
output_noise,reward3_base,DQN reward3 Base,Results_DQN_reward3_o/model,design,67,design_18,Design Rainfall 18,0.05,32,20465746,95,7383.738301669058,2274.8488201977752,9658.587121866833
output_noise,reward3_base,DQN reward3 Base,Results_DQN_reward3_o/model,design,67,design_18,Design Rainfall 18,0.05,33,20465747,95,7245.607999632385,2248.1580977190592,9493.766097351445
output_noise,reward3_base,DQN reward3 Base,Results_DQN_reward3_o/model,design,67,design_18,Design Rainfall 18,0.05,34,20465748,95,7333.698715330756,2577.7728029989025,9911.47151832966
output_noise,reward3_base,DQN reward3 Base,Results_DQN_reward3_o/model,design,67,design_18,Design Rainfall 18,0.05,35,20465749,95,7331.189233205058,1397.1076769628937,8728.296910167952
output_noise,reward3_base,DQN reward3 Base,Results_DQN_reward3_o/model,design,67,design_18,Design Rainfall 18,0.05,36,20465750,95,7263.508678834029,2923.829384791292,10187.33806362532
output_noise,reward3_base,DQN reward3 Base,Results_DQN_reward3_o/model,design,67,design_18,Design Rainfall 18,0.05,37,20465751,95,7365.044831357631,2258.4818978972526,9623.526729254883
output_noise,reward3_base,DQN reward3 Base,Results_DQN_reward3_o/model,design,67,design_18,Design Rainfall 18,0.05,38,20465752,95,7326.563820908595,2661.9323639680924,9988.496184876687
output_noise,reward3_base,DQN reward3 Base,Results_DQN_reward3_o/model,design,67,design_18,Design Rainfall 18,0.05,39,20465753,95,7335.863888093485,3464.8489365289433,10800.712824622427
output_noise,reward3_base,DQN reward3 Base,Results_DQN_reward3_o/model,design,67,design_18,Design Rainfall 18,0.05,40,20465754,95,7299.617461435318,2250.3201898845136,9549.937651319831
output_noise,reward3_base,DQN reward3 Base,Results_DQN_reward3_o/model,design,67,design_18,Design Rainfall 18,0.05,41,20465755,95,7325.609676066497,3628.0873648876295,10953.697040954126
output_noise,reward3_base,DQN reward3 Base,Results_DQN_reward3_o/model,design,67,design_18,Design Rainfall 18,0.05,42,20465756,95,7254.37503936009,3701.1310723926117,10955.506111752702
output_noise,reward3_base,DQN reward3 Base,Results_DQN_reward3_o/model,design,67,design_18,Design Rainfall 18,0.05,43,20465757,95,7350.893940320729,2052.999209700792,9403.89315002152
output_noise,reward3_base,DQN reward3 Base,Results_DQN_reward3_o/model,design,67,design_18,Design Rainfall 18,0.05,44,20465758,95,7365.026920589915,2523.460165511049,9888.487086100964
output_noise,reward3_base,DQN reward3 Base,Results_DQN_reward3_o/model,design,67,design_18,Design Rainfall 18,0.05,45,20465759,95,7325.968861644735,1230.4083808651376,8556.377242509872
output_noise,reward3_base,DQN reward3 Base,Results_DQN_reward3_o/model,design,67,design_18,Design Rainfall 18,0.05,46,20465760,95,7271.919409404204,2624.726461000668,9896.645870404873
output_noise,reward3_base,DQN reward3 Base,Results_DQN_reward3_o/model,design,67,design_18,Design Rainfall 18,0.05,47,20465761,95,7340.79816123809,2509.911290373861,9850.70945161195
output_noise,reward3_base,DQN reward3 Base,Results_DQN_reward3_o/model,design,67,design_18,Design Rainfall 18,0.05,48,20465762,95,7249.20124525163,1283.151875507081,8532.353120758711
output_noise,reward3_base,DQN reward3 Base,Results_DQN_reward3_o/model,design,67,design_18,Design Rainfall 18,0.05,49,20465763,95,7276.9168947615035,3435.6422528044836,10712.559147565988
output_noise,reward3_base,DQN reward3 Base,Results_DQN_reward3_o/model,design,67,design_18,Design Rainfall 18,0.1,0,20470714,95,7287.95631582469,2780.7507038160006,10068.707019640691
output_noise,reward3_base,DQN reward3 Base,Results_DQN_reward3_o/model,design,67,design_18,Design Rainfall 18,0.1,1,20470715,95,7328.435509473607,2788.850922630974,10117.286432104582
output_noise,reward3_base,DQN reward3 Base,Results_DQN_reward3_o/model,design,67,design_18,Design Rainfall 18,0.1,2,20470716,95,7272.214575953414,3783.570840299995,11055.78541625341
output_noise,reward3_base,DQN reward3 Base,Results_DQN_reward3_o/model,design,67,design_18,Design Rainfall 18,0.1,3,20470717,95,7339.049293277401,3609.1875667119652,10948.236859989367
output_noise,reward3_base,DQN reward3 Base,Results_DQN_reward3_o/model,design,67,design_18,Design Rainfall 18,0.1,4,20470718,95,7287.714364193555,2358.9501817081145,9646.664545901669
output_noise,reward3_base,DQN reward3 Base,Results_DQN_reward3_o/model,design,67,design_18,Design Rainfall 18,0.1,5,20470719,95,7319.198097698458,2942.352194416842,10261.5502921153
output_noise,reward3_base,DQN reward3 Base,Results_DQN_reward3_o/model,design,67,design_18,Design Rainfall 18,0.1,6,20470720,95,7291.137745205547,2799.6009003385975,10090.738645544145
output_noise,reward3_base,DQN reward3 Base,Results_DQN_reward3_o/model,design,67,design_18,Design Rainfall 18,0.1,7,20470721,95,7277.163884352477,1127.9533175307408,8405.117201883219
output_noise,reward3_base,DQN reward3 Base,Results_DQN_reward3_o/model,design,67,design_18,Design Rainfall 18,0.1,8,20470722,95,7249.217006030256,1682.6001209371157,8931.817126967371
output_noise,reward3_base,DQN reward3 Base,Results_DQN_reward3_o/model,design,67,design_18,Design Rainfall 18,0.1,9,20470723,95,7210.8203929572155,2667.115683937269,9877.936076894484
output_noise,reward3_base,DQN reward3 Base,Results_DQN_reward3_o/model,design,67,design_18,Design Rainfall 18,0.1,10,20470724,95,7321.285746038067,3292.0228887747962,10613.308634812864
output_noise,reward3_base,DQN reward3 Base,Results_DQN_reward3_o/model,design,67,design_18,Design Rainfall 18,0.1,11,20470725,95,7265.842524577632,2608.862324453351,9874.704849030983
output_noise,reward3_base,DQN reward3 Base,Results_DQN_reward3_o/model,design,67,design_18,Design Rainfall 18,0.1,12,20470726,95,7184.702783826818,2286.5729618675,9471.275745694318
output_noise,reward3_base,DQN reward3 Base,Results_DQN_reward3_o/model,design,67,design_18,Design Rainfall 18,0.1,13,20470727,95,7260.285800247645,2491.1175828325804,9751.403383080225
output_noise,reward3_base,DQN reward3 Base,Results_DQN_reward3_o/model,design,67,design_18,Design Rainfall 18,0.1,14,20470728,95,7295.087968938711,3763.13626401774,11058.22423295645
output_noise,reward3_base,DQN reward3 Base,Results_DQN_reward3_o/model,design,67,design_18,Design Rainfall 18,0.1,15,20470729,95,7265.700149366617,3481.3833824400926,10747.08353180671
output_noise,reward3_base,DQN reward3 Base,Results_DQN_reward3_o/model,design,67,design_18,Design Rainfall 18,0.1,16,20470730,95,7368.809979394169,2617.8091329725166,9986.619112366687
output_noise,reward3_base,DQN reward3 Base,Results_DQN_reward3_o/model,design,67,design_18,Design Rainfall 18,0.1,17,20470731,95,7290.347850822541,2836.1903311056462,10126.538181928187
output_noise,reward3_base,DQN reward3 Base,Results_DQN_reward3_o/model,design,67,design_18,Design Rainfall 18,0.1,18,20470732,95,7378.030786628445,1271.2888147021688,8649.319601330613
output_noise,reward3_base,DQN reward3 Base,Results_DQN_reward3_o/model,design,67,design_18,Design Rainfall 18,0.1,19,20470733,95,7342.348188325471,3787.0252128407374,11129.373401166209
output_noise,reward3_base,DQN reward3 Base,Results_DQN_reward3_o/model,design,67,design_18,Design Rainfall 18,0.1,20,20470734,95,7266.7381624792715,3614.8602893912575,10881.59845187053
output_noise,reward3_base,DQN reward3 Base,Results_DQN_reward3_o/model,design,67,design_18,Design Rainfall 18,0.1,21,20470735,95,7334.557437078678,1245.8133831424216,8580.3708202211
output_noise,reward3_base,DQN reward3 Base,Results_DQN_reward3_o/model,design,67,design_18,Design Rainfall 18,0.1,22,20470736,95,7267.11703874354,2815.9095055646594,10083.026544308199
output_noise,reward3_base,DQN reward3 Base,Results_DQN_reward3_o/model,design,67,design_18,Design Rainfall 18,0.1,23,20470737,95,7317.215373304769,2632.443589689385,9949.658962994154
output_noise,reward3_base,DQN reward3 Base,Results_DQN_reward3_o/model,design,67,design_18,Design Rainfall 18,0.1,24,20470738,95,7212.234506057709,1469.4579783912593,8681.692484448968
output_noise,reward3_base,DQN reward3 Base,Results_DQN_reward3_o/model,design,67,design_18,Design Rainfall 18,0.1,25,20470739,95,7265.582247766285,2824.102711741952,10089.684959508237
output_noise,reward3_base,DQN reward3 Base,Results_DQN_reward3_o/model,design,67,design_18,Design Rainfall 18,0.1,26,20470740,95,7346.044326697448,3598.5050515228813,10944.54937822033
output_noise,reward3_base,DQN reward3 Base,Results_DQN_reward3_o/model,design,67,design_18,Design Rainfall 18,0.1,27,20470741,95,7340.824523479283,2837.5042302622905,10178.328753741574
output_noise,reward3_base,DQN reward3 Base,Results_DQN_reward3_o/model,design,67,design_18,Design Rainfall 18,0.1,28,20470742,95,7331.6076671996325,3734.432254412933,11066.039921612566
output_noise,reward3_base,DQN reward3 Base,Results_DQN_reward3_o/model,design,67,design_18,Design Rainfall 18,0.1,29,20470743,95,7280.158109380281,2714.8173224500233,9994.975431830304
output_noise,reward3_base,DQN reward3 Base,Results_DQN_reward3_o/model,design,67,design_18,Design Rainfall 18,0.1,30,20470744,95,7395.744144125204,2991.626375076944,10387.370519202148
output_noise,reward3_base,DQN reward3 Base,Results_DQN_reward3_o/model,design,67,design_18,Design Rainfall 18,0.1,31,20470745,95,7326.353074856961,2842.4465413924945,10168.799616249456
output_noise,reward3_base,DQN reward3 Base,Results_DQN_reward3_o/model,design,67,design_18,Design Rainfall 18,0.1,32,20470746,95,7338.267476883274,3244.917892174975,10583.185369058248
output_noise,reward3_base,DQN reward3 Base,Results_DQN_reward3_o/model,design,67,design_18,Design Rainfall 18,0.1,33,20470747,95,7327.936119980368,2465.6971549530103,9793.633274933378
output_noise,reward3_base,DQN reward3 Base,Results_DQN_reward3_o/model,design,67,design_18,Design Rainfall 18,0.1,34,20470748,95,7349.065092651846,2744.253368758659,10093.318461410505
output_noise,reward3_base,DQN reward3 Base,Results_DQN_reward3_o/model,design,67,design_18,Design Rainfall 18,0.1,35,20470749,95,7314.275925747527,2835.717365139646,10149.993290887174
output_noise,reward3_base,DQN reward3 Base,Results_DQN_reward3_o/model,design,67,design_18,Design Rainfall 18,0.1,36,20470750,95,7338.576587638465,4058.3319418912015,11396.908529529666
output_noise,reward3_base,DQN reward3 Base,Results_DQN_reward3_o/model,design,67,design_18,Design Rainfall 18,0.1,37,20470751,95,7283.053656059328,3148.4195231507306,10431.47317921006
output_noise,reward3_base,DQN reward3 Base,Results_DQN_reward3_o/model,design,67,design_18,Design Rainfall 18,0.1,38,20470752,95,7247.548055173981,3707.4211998108967,10954.969254984877
output_noise,reward3_base,DQN reward3 Base,Results_DQN_reward3_o/model,design,67,design_18,Design Rainfall 18,0.1,39,20470753,95,7282.14156359213,2914.8625497916905,10197.00411338382
output_noise,reward3_base,DQN reward3 Base,Results_DQN_reward3_o/model,design,67,design_18,Design Rainfall 18,0.1,40,20470754,95,7345.829520966107,1127.809306449538,8473.638827415645
output_noise,reward3_base,DQN reward3 Base,Results_DQN_reward3_o/model,design,67,design_18,Design Rainfall 18,0.1,41,20470755,95,7271.39391182777,3892.5171791545413,11163.911090982312
output_noise,reward3_base,DQN reward3 Base,Results_DQN_reward3_o/model,design,67,design_18,Design Rainfall 18,0.1,42,20470756,95,7198.721311937215,1872.4991991073437,9071.22051104456
output_noise,reward3_base,DQN reward3 Base,Results_DQN_reward3_o/model,design,67,design_18,Design Rainfall 18,0.1,43,20470757,95,7313.220539734268,3219.811873882992,10533.03241361726
output_noise,reward3_base,DQN reward3 Base,Results_DQN_reward3_o/model,design,67,design_18,Design Rainfall 18,0.1,44,20470758,95,7345.1366273132235,2709.74494499425,10054.881572307473
output_noise,reward3_base,DQN reward3 Base,Results_DQN_reward3_o/model,design,67,design_18,Design Rainfall 18,0.1,45,20470759,95,7338.3096766110575,2637.333256139574,9975.642932750632
output_noise,reward3_base,DQN reward3 Base,Results_DQN_reward3_o/model,design,67,design_18,Design Rainfall 18,0.1,46,20470760,95,7340.898582938318,3846.0812004534287,11186.979783391747
output_noise,reward3_base,DQN reward3 Base,Results_DQN_reward3_o/model,design,67,design_18,Design Rainfall 18,0.1,47,20470761,95,7347.064594742905,3306.340311502799,10653.404906245703
output_noise,reward3_base,DQN reward3 Base,Results_DQN_reward3_o/model,design,67,design_18,Design Rainfall 18,0.1,48,20470762,95,7332.949283362746,1251.3254125785,8584.274695941247
output_noise,reward3_base,DQN reward3 Base,Results_DQN_reward3_o/model,design,67,design_18,Design Rainfall 18,0.1,49,20470763,95,7347.769057703986,1599.8202370782121,8947.589294782198
output_noise,reward3_base,DQN reward3 Base,Results_DQN_reward3_o/model,design,51,design_2,Design Rainfall 2,0.05,0,20565714,95,11343.544901321931,3791.35232649747,15134.897227819401
output_noise,reward3_base,DQN reward3 Base,Results_DQN_reward3_o/model,design,51,design_2,Design Rainfall 2,0.05,1,20565715,95,11349.634351516697,3947.463600541998,15297.097952058695
output_noise,reward3_base,DQN reward3 Base,Results_DQN_reward3_o/model,design,51,design_2,Design Rainfall 2,0.05,2,20565716,95,11317.594083114165,4663.726158160358,15981.320241274523
output_noise,reward3_base,DQN reward3 Base,Results_DQN_reward3_o/model,design,51,design_2,Design Rainfall 2,0.05,3,20565717,95,11437.113150270203,3688.100913341741,15125.214063611944
output_noise,reward3_base,DQN reward3 Base,Results_DQN_reward3_o/model,design,51,design_2,Design Rainfall 2,0.05,4,20565718,95,11317.127645168885,4029.434328300713,15346.561973469597
output_noise,reward3_base,DQN reward3 Base,Results_DQN_reward3_o/model,design,51,design_2,Design Rainfall 2,0.05,5,20565719,95,11408.101470816036,2562.9891055926437,13971.09057640868
output_noise,reward3_base,DQN reward3 Base,Results_DQN_reward3_o/model,design,51,design_2,Design Rainfall 2,0.05,6,20565720,95,11315.099317691132,2832.4333757415748,14147.532693432708
output_noise,reward3_base,DQN reward3 Base,Results_DQN_reward3_o/model,design,51,design_2,Design Rainfall 2,0.05,7,20565721,95,11347.681122235841,4030.2304169591134,15377.911539194954
output_noise,reward3_base,DQN reward3 Base,Results_DQN_reward3_o/model,design,51,design_2,Design Rainfall 2,0.05,8,20565722,95,11396.683331427359,4716.604684900445,16113.288016327804
output_noise,reward3_base,DQN reward3 Base,Results_DQN_reward3_o/model,design,51,design_2,Design Rainfall 2,0.05,9,20565723,95,11333.568008980981,3382.855449197483,14716.423458178464
output_noise,reward3_base,DQN reward3 Base,Results_DQN_reward3_o/model,design,51,design_2,Design Rainfall 2,0.05,10,20565724,95,11410.32729585993,2157.9605479184543,13568.287843778384
output_noise,reward3_base,DQN reward3 Base,Results_DQN_reward3_o/model,design,51,design_2,Design Rainfall 2,0.05,11,20565725,95,11301.889248750906,4227.289131964137,15529.178380715042
output_noise,reward3_base,DQN reward3 Base,Results_DQN_reward3_o/model,design,51,design_2,Design Rainfall 2,0.05,12,20565726,95,11382.429367071854,3951.219324009369,15333.648691081224
output_noise,reward3_base,DQN reward3 Base,Results_DQN_reward3_o/model,design,51,design_2,Design Rainfall 2,0.05,13,20565727,95,11732.693026637467,3737.7439926536117,15470.43701929108
output_noise,reward3_base,DQN reward3 Base,Results_DQN_reward3_o/model,design,51,design_2,Design Rainfall 2,0.05,14,20565728,95,11381.022534814274,3596.8194577692943,14977.841992583568
output_noise,reward3_base,DQN reward3 Base,Results_DQN_reward3_o/model,design,51,design_2,Design Rainfall 2,0.05,15,20565729,95,11321.876848687349,2173.854889196189,13495.731737883538
output_noise,reward3_base,DQN reward3 Base,Results_DQN_reward3_o/model,design,51,design_2,Design Rainfall 2,0.05,16,20565730,95,11447.420947905139,4014.745751592779,15462.166699497917
output_noise,reward3_base,DQN reward3 Base,Results_DQN_reward3_o/model,design,51,design_2,Design Rainfall 2,0.05,17,20565731,95,11274.794819450672,2395.77283613859,13670.56765558926
output_noise,reward3_base,DQN reward3 Base,Results_DQN_reward3_o/model,design,51,design_2,Design Rainfall 2,0.05,18,20565732,95,11394.970920446485,3791.7420465055743,15186.71296695206
output_noise,reward3_base,DQN reward3 Base,Results_DQN_reward3_o/model,design,51,design_2,Design Rainfall 2,0.05,19,20565733,95,11353.595693497484,3763.831237236919,15117.426930734404
output_noise,reward3_base,DQN reward3 Base,Results_DQN_reward3_o/model,design,51,design_2,Design Rainfall 2,0.05,20,20565734,95,11608.094164564705,1985.0435436207351,13593.13770818544
output_noise,reward3_base,DQN reward3 Base,Results_DQN_reward3_o/model,design,51,design_2,Design Rainfall 2,0.05,21,20565735,95,11317.812560764974,3702.204601210298,15020.017161975273
output_noise,reward3_base,DQN reward3 Base,Results_DQN_reward3_o/model,design,51,design_2,Design Rainfall 2,0.05,22,20565736,95,11297.501873205745,3764.015832206842,15061.517705412587
output_noise,reward3_base,DQN reward3 Base,Results_DQN_reward3_o/model,design,51,design_2,Design Rainfall 2,0.05,23,20565737,95,11456.435699703452,3190.1729052532446,14646.608604956697
output_noise,reward3_base,DQN reward3 Base,Results_DQN_reward3_o/model,design,51,design_2,Design Rainfall 2,0.05,24,20565738,95,11401.77127684879,3827.867310976227,15229.638587825018
output_noise,reward3_base,DQN reward3 Base,Results_DQN_reward3_o/model,design,51,design_2,Design Rainfall 2,0.05,25,20565739,95,11277.327492840719,2378.3464282831674,13655.673921123886
output_noise,reward3_base,DQN reward3 Base,Results_DQN_reward3_o/model,design,51,design_2,Design Rainfall 2,0.05,26,20565740,95,11328.99700022187,2373.7383243156432,13702.735324537514
output_noise,reward3_base,DQN reward3 Base,Results_DQN_reward3_o/model,design,51,design_2,Design Rainfall 2,0.05,27,20565741,95,11340.080047691152,4130.212927725876,15470.292975417029
output_noise,reward3_base,DQN reward3 Base,Results_DQN_reward3_o/model,design,51,design_2,Design Rainfall 2,0.05,28,20565742,95,11371.354476748274,2230.217766940829,13601.572243689103
output_noise,reward3_base,DQN reward3 Base,Results_DQN_reward3_o/model,design,51,design_2,Design Rainfall 2,0.05,29,20565743,95,11381.745444948237,3729.3460288189162,15111.091473767154
output_noise,reward3_base,DQN reward3 Base,Results_DQN_reward3_o/model,design,51,design_2,Design Rainfall 2,0.05,30,20565744,95,11306.913161798268,4407.262242178288,15714.175403976555
output_noise,reward3_base,DQN reward3 Base,Results_DQN_reward3_o/model,design,51,design_2,Design Rainfall 2,0.05,31,20565745,95,11311.26792066856,4980.540350570645,16291.808271239206
output_noise,reward3_base,DQN reward3 Base,Results_DQN_reward3_o/model,design,51,design_2,Design Rainfall 2,0.05,32,20565746,95,11365.725419134656,4225.647750040506,15591.373169175164
output_noise,reward3_base,DQN reward3 Base,Results_DQN_reward3_o/model,design,51,design_2,Design Rainfall 2,0.05,33,20565747,95,11291.254215315179,3965.7430180386573,15256.997233353835
output_noise,reward3_base,DQN reward3 Base,Results_DQN_reward3_o/model,design,51,design_2,Design Rainfall 2,0.05,34,20565748,95,11368.9930860472,2129.06147483299,13498.05456088019
output_noise,reward3_base,DQN reward3 Base,Results_DQN_reward3_o/model,design,51,design_2,Design Rainfall 2,0.05,35,20565749,95,11477.656483320443,4510.499638490431,15988.156121810873
output_noise,reward3_base,DQN reward3 Base,Results_DQN_reward3_o/model,design,51,design_2,Design Rainfall 2,0.05,36,20565750,95,11438.102791415213,4788.079148328533,16226.181939743747
output_noise,reward3_base,DQN reward3 Base,Results_DQN_reward3_o/model,design,51,design_2,Design Rainfall 2,0.05,37,20565751,95,11337.002783842845,3877.4174688508197,15214.420252693664
output_noise,reward3_base,DQN reward3 Base,Results_DQN_reward3_o/model,design,51,design_2,Design Rainfall 2,0.05,38,20565752,95,11410.174820680382,3733.045585974896,15143.220406655279
output_noise,reward3_base,DQN reward3 Base,Results_DQN_reward3_o/model,design,51,design_2,Design Rainfall 2,0.05,39,20565753,95,11372.032657657124,3988.1477172021914,15360.180374859316
output_noise,reward3_base,DQN reward3 Base,Results_DQN_reward3_o/model,design,51,design_2,Design Rainfall 2,0.05,40,20565754,95,11399.298000862522,4043.4287412156414,15442.726742078163
output_noise,reward3_base,DQN reward3 Base,Results_DQN_reward3_o/model,design,51,design_2,Design Rainfall 2,0.05,41,20565755,95,11345.812464187677,3027.1483476345365,14372.960811822213
output_noise,reward3_base,DQN reward3 Base,Results_DQN_reward3_o/model,design,51,design_2,Design Rainfall 2,0.05,42,20565756,95,11275.625955772568,2393.405562717534,13669.031518490101
output_noise,reward3_base,DQN reward3 Base,Results_DQN_reward3_o/model,design,51,design_2,Design Rainfall 2,0.05,43,20565757,95,11440.44949647264,3691.379867615903,15131.829364088542
output_noise,reward3_base,DQN reward3 Base,Results_DQN_reward3_o/model,design,51,design_2,Design Rainfall 2,0.05,44,20565758,95,11289.823642890964,4877.17386518056,16166.997508071523
output_noise,reward3_base,DQN reward3 Base,Results_DQN_reward3_o/model,design,51,design_2,Design Rainfall 2,0.05,45,20565759,95,11346.425493762665,4877.934125624942,16224.359619387607
output_noise,reward3_base,DQN reward3 Base,Results_DQN_reward3_o/model,design,51,design_2,Design Rainfall 2,0.05,46,20565760,95,11322.348818099741,2799.0505558187037,14121.399373918444
output_noise,reward3_base,DQN reward3 Base,Results_DQN_reward3_o/model,design,51,design_2,Design Rainfall 2,0.05,47,20565761,95,11278.928100388777,4640.247206473988,15919.175306862766
output_noise,reward3_base,DQN reward3 Base,Results_DQN_reward3_o/model,design,51,design_2,Design Rainfall 2,0.05,48,20565762,95,11378.124840867706,3088.0730219339507,14466.197862801657
output_noise,reward3_base,DQN reward3 Base,Results_DQN_reward3_o/model,design,51,design_2,Design Rainfall 2,0.05,49,20565763,95,11334.741570077542,3162.186533037187,14496.92810311473
output_noise,reward3_base,DQN reward3 Base,Results_DQN_reward3_o/model,design,51,design_2,Design Rainfall 2,0.1,0,20570714,95,11447.486996537304,4664.714549308652,16112.201545845955
output_noise,reward3_base,DQN reward3 Base,Results_DQN_reward3_o/model,design,51,design_2,Design Rainfall 2,0.1,1,20570715,95,11417.310507100925,3880.06407917557,15297.374586276495
output_noise,reward3_base,DQN reward3 Base,Results_DQN_reward3_o/model,design,51,design_2,Design Rainfall 2,0.1,2,20570716,95,11343.466367269515,3858.1150434256024,15201.581410695118
output_noise,reward3_base,DQN reward3 Base,Results_DQN_reward3_o/model,design,51,design_2,Design Rainfall 2,0.1,3,20570717,95,11356.166642967573,2362.5536028935517,13718.720245861125
output_noise,reward3_base,DQN reward3 Base,Results_DQN_reward3_o/model,design,51,design_2,Design Rainfall 2,0.1,4,20570718,95,11487.042449336235,2202.838419972593,13689.880869308829
output_noise,reward3_base,DQN reward3 Base,Results_DQN_reward3_o/model,design,51,design_2,Design Rainfall 2,0.1,5,20570719,95,11358.400734372733,5340.03373056384,16698.434464936574
output_noise,reward3_base,DQN reward3 Base,Results_DQN_reward3_o/model,design,51,design_2,Design Rainfall 2,0.1,6,20570720,95,11407.053983838163,2293.1737555428504,13700.227739381013
output_noise,reward3_base,DQN reward3 Base,Results_DQN_reward3_o/model,design,51,design_2,Design Rainfall 2,0.1,7,20570721,95,11409.31410910418,3735.280303859315,15144.594412963495
output_noise,reward3_base,DQN reward3 Base,Results_DQN_reward3_o/model,design,51,design_2,Design Rainfall 2,0.1,8,20570722,95,11408.93885071842,2843.288929625804,14252.227780344223
output_noise,reward3_base,DQN reward3 Base,Results_DQN_reward3_o/model,design,51,design_2,Design Rainfall 2,0.1,9,20570723,95,11764.512037462797,3720.962561081627,15485.474598544424
output_noise,reward3_base,DQN reward3 Base,Results_DQN_reward3_o/model,design,51,design_2,Design Rainfall 2,0.1,10,20570724,95,11443.629936061261,2773.595964055725,14217.225900116986
output_noise,reward3_base,DQN reward3 Base,Results_DQN_reward3_o/model,design,51,design_2,Design Rainfall 2,0.1,11,20570725,95,11330.262399935169,3926.013520542567,15256.275920477736
output_noise,reward3_base,DQN reward3 Base,Results_DQN_reward3_o/model,design,51,design_2,Design Rainfall 2,0.1,12,20570726,95,11449.165699569576,4115.375090168704,15564.54078973828
output_noise,reward3_base,DQN reward3 Base,Results_DQN_reward3_o/model,design,51,design_2,Design Rainfall 2,0.1,13,20570727,95,11428.013815489641,4850.492276206954,16278.506091696596
output_noise,reward3_base,DQN reward3 Base,Results_DQN_reward3_o/model,design,51,design_2,Design Rainfall 2,0.1,14,20570728,95,11787.992282185318,4196.280457520093,15984.272739705411
output_noise,reward3_base,DQN reward3 Base,Results_DQN_reward3_o/model,design,51,design_2,Design Rainfall 2,0.1,15,20570729,95,11389.437685885745,3993.2274011765467,15382.66508706229
output_noise,reward3_base,DQN reward3 Base,Results_DQN_reward3_o/model,design,51,design_2,Design Rainfall 2,0.1,16,20570730,95,11327.787670858477,2376.6061003540144,13704.393771212492
output_noise,reward3_base,DQN reward3 Base,Results_DQN_reward3_o/model,design,51,design_2,Design Rainfall 2,0.1,17,20570731,95,11468.186118767295,2168.3609781312825,13636.547096898577
output_noise,reward3_base,DQN reward3 Base,Results_DQN_reward3_o/model,design,51,design_2,Design Rainfall 2,0.1,18,20570732,95,11395.729742135718,3926.7384022831857,15322.468144418905
output_noise,reward3_base,DQN reward3 Base,Results_DQN_reward3_o/model,design,51,design_2,Design Rainfall 2,0.1,19,20570733,95,11541.862511555855,2737.808351494859,14279.670863050715
output_noise,reward3_base,DQN reward3 Base,Results_DQN_reward3_o/model,design,51,design_2,Design Rainfall 2,0.1,20,20570734,95,11396.469403972387,3190.2815075663343,14586.750911538722
output_noise,reward3_base,DQN reward3 Base,Results_DQN_reward3_o/model,design,51,design_2,Design Rainfall 2,0.1,21,20570735,95,11622.812691746498,3355.1758464911895,14977.988538237687
output_noise,reward3_base,DQN reward3 Base,Results_DQN_reward3_o/model,design,51,design_2,Design Rainfall 2,0.1,22,20570736,95,11746.895804802234,3761.8790023140864,15508.77480711632
output_noise,reward3_base,DQN reward3 Base,Results_DQN_reward3_o/model,design,51,design_2,Design Rainfall 2,0.1,23,20570737,95,11377.883473409836,2177.2396301147874,13555.123103524624
output_noise,reward3_base,DQN reward3 Base,Results_DQN_reward3_o/model,design,51,design_2,Design Rainfall 2,0.1,24,20570738,95,11366.287965731215,3924.0048953916803,15290.292861122896
output_noise,reward3_base,DQN reward3 Base,Results_DQN_reward3_o/model,design,51,design_2,Design Rainfall 2,0.1,25,20570739,95,11447.333827891174,2985.718264198351,14433.052092089525
output_noise,reward3_base,DQN reward3 Base,Results_DQN_reward3_o/model,design,51,design_2,Design Rainfall 2,0.1,26,20570740,95,11411.008038745433,2182.02771274637,13593.035751491803
output_noise,reward3_base,DQN reward3 Base,Results_DQN_reward3_o/model,design,51,design_2,Design Rainfall 2,0.1,27,20570741,95,11337.724297244758,5057.528512509993,16395.25280975475
output_noise,reward3_base,DQN reward3 Base,Results_DQN_reward3_o/model,design,51,design_2,Design Rainfall 2,0.1,28,20570742,95,11364.560590020397,3784.984750055609,15149.545340076005
output_noise,reward3_base,DQN reward3 Base,Results_DQN_reward3_o/model,design,51,design_2,Design Rainfall 2,0.1,29,20570743,95,11381.219472988474,4830.440488164314,16211.659961152789
output_noise,reward3_base,DQN reward3 Base,Results_DQN_reward3_o/model,design,51,design_2,Design Rainfall 2,0.1,30,20570744,95,11347.712073617638,4926.396577926493,16274.108651544131
output_noise,reward3_base,DQN reward3 Base,Results_DQN_reward3_o/model,design,51,design_2,Design Rainfall 2,0.1,31,20570745,95,11522.598125175355,3315.3432976783897,14837.941422853744
output_noise,reward3_base,DQN reward3 Base,Results_DQN_reward3_o/model,design,51,design_2,Design Rainfall 2,0.1,32,20570746,95,11636.189296472508,4564.182898342778,16200.372194815285
output_noise,reward3_base,DQN reward3 Base,Results_DQN_reward3_o/model,design,51,design_2,Design Rainfall 2,0.1,33,20570747,95,11449.9835774043,3950.753056704826,15400.736634109126
output_noise,reward3_base,DQN reward3 Base,Results_DQN_reward3_o/model,design,51,design_2,Design Rainfall 2,0.1,34,20570748,95,11366.317659540879,2136.8828439612107,13503.200503502088
output_noise,reward3_base,DQN reward3 Base,Results_DQN_reward3_o/model,design,51,design_2,Design Rainfall 2,0.1,35,20570749,95,11468.816304247142,4270.276660124525,15739.092964371666
output_noise,reward3_base,DQN reward3 Base,Results_DQN_reward3_o/model,design,51,design_2,Design Rainfall 2,0.1,36,20570750,95,11395.9254322178,4760.282706419611,16156.208138637412
output_noise,reward3_base,DQN reward3 Base,Results_DQN_reward3_o/model,design,51,design_2,Design Rainfall 2,0.1,37,20570751,95,11433.95204561954,3114.36202430586,14548.3140699254
output_noise,reward3_base,DQN reward3 Base,Results_DQN_reward3_o/model,design,51,design_2,Design Rainfall 2,0.1,38,20570752,95,11455.0149800178,3710.5299016575773,15165.544881675378
output_noise,reward3_base,DQN reward3 Base,Results_DQN_reward3_o/model,design,51,design_2,Design Rainfall 2,0.1,39,20570753,95,11380.494460223508,3469.610836940358,14850.105297163866
output_noise,reward3_base,DQN reward3 Base,Results_DQN_reward3_o/model,design,51,design_2,Design Rainfall 2,0.1,40,20570754,95,11375.463877925844,2744.7591637488244,14120.223041674668
output_noise,reward3_base,DQN reward3 Base,Results_DQN_reward3_o/model,design,51,design_2,Design Rainfall 2,0.1,41,20570755,95,11379.758858767802,2352.312488643608,13732.071347411409
output_noise,reward3_base,DQN reward3 Base,Results_DQN_reward3_o/model,design,51,design_2,Design Rainfall 2,0.1,42,20570756,95,11406.29689391134,4381.965643075438,15788.262536986778
output_noise,reward3_base,DQN reward3 Base,Results_DQN_reward3_o/model,design,51,design_2,Design Rainfall 2,0.1,43,20570757,95,11673.955867031375,4581.022916578052,16254.978783609426
output_noise,reward3_base,DQN reward3 Base,Results_DQN_reward3_o/model,design,51,design_2,Design Rainfall 2,0.1,44,20570758,95,11378.941798024593,2204.5070905274993,13583.448888552091
output_noise,reward3_base,DQN reward3 Base,Results_DQN_reward3_o/model,design,51,design_2,Design Rainfall 2,0.1,45,20570759,95,11381.56359803526,3902.5972460225457,15284.160844057806
output_noise,reward3_base,DQN reward3 Base,Results_DQN_reward3_o/model,design,51,design_2,Design Rainfall 2,0.1,46,20570760,95,11479.372453997803,3865.774995519285,15345.147449517088
output_noise,reward3_base,DQN reward3 Base,Results_DQN_reward3_o/model,design,51,design_2,Design Rainfall 2,0.1,47,20570761,95,11431.61121255774,4908.450900763506,16340.062113321246
output_noise,reward3_base,DQN reward3 Base,Results_DQN_reward3_o/model,design,51,design_2,Design Rainfall 2,0.1,48,20570762,95,11393.39161939849,3970.9193886432395,15364.311008041728
output_noise,reward3_base,DQN reward3 Base,Results_DQN_reward3_o/model,design,51,design_2,Design Rainfall 2,0.1,49,20570763,95,11359.45009719822,2176.7837255133322,13536.233822711552
output_noise,reward3_base,DQN reward3 Base,Results_DQN_reward3_o/model,real,0,real_01,Real Rainfall 1,0.05,0,20665714,95,7151.41835532884,1348.2284843895184,8499.646839718358
output_noise,reward3_base,DQN reward3 Base,Results_DQN_reward3_o/model,real,0,real_01,Real Rainfall 1,0.05,1,20665715,95,7235.875742497044,2871.5666484487315,10107.442390945775
output_noise,reward3_base,DQN reward3 Base,Results_DQN_reward3_o/model,real,0,real_01,Real Rainfall 1,0.05,2,20665716,95,7087.37133755519,1484.2810163437564,8571.652353898946
output_noise,reward3_base,DQN reward3 Base,Results_DQN_reward3_o/model,real,0,real_01,Real Rainfall 1,0.05,3,20665717,95,7201.9125388974235,2015.4165452601528,9217.329084157576
output_noise,reward3_base,DQN reward3 Base,Results_DQN_reward3_o/model,real,0,real_01,Real Rainfall 1,0.05,4,20665718,95,7078.879919574867,2718.026360177163,9796.906279752031
output_noise,reward3_base,DQN reward3 Base,Results_DQN_reward3_o/model,real,0,real_01,Real Rainfall 1,0.05,5,20665719,95,7108.176731258278,3704.100999506843,10812.277730765121
output_noise,reward3_base,DQN reward3 Base,Results_DQN_reward3_o/model,real,0,real_01,Real Rainfall 1,0.05,6,20665720,96,7037.214245162545,2522.766989256584,9559.981234419129
output_noise,reward3_base,DQN reward3 Base,Results_DQN_reward3_o/model,real,0,real_01,Real Rainfall 1,0.05,7,20665721,95,7161.68300774812,1284.8349915246104,8446.51799927273
output_noise,reward3_base,DQN reward3 Base,Results_DQN_reward3_o/model,real,0,real_01,Real Rainfall 1,0.05,8,20665722,95,7120.178257688645,4076.0731613826447,11196.25141907129
output_noise,reward3_base,DQN reward3 Base,Results_DQN_reward3_o/model,real,0,real_01,Real Rainfall 1,0.05,9,20665723,95,7081.519287794048,1491.82883381498,8573.348121609028
output_noise,reward3_base,DQN reward3 Base,Results_DQN_reward3_o/model,real,0,real_01,Real Rainfall 1,0.05,10,20665724,95,7187.628803422817,1222.6492537051379,8410.278057127955
output_noise,reward3_base,DQN reward3 Base,Results_DQN_reward3_o/model,real,0,real_01,Real Rainfall 1,0.05,11,20665725,95,7124.972858213656,1479.0278745843261,8604.000732797982
output_noise,reward3_base,DQN reward3 Base,Results_DQN_reward3_o/model,real,0,real_01,Real Rainfall 1,0.05,12,20665726,95,7312.050612810676,2896.431080929399,10208.481693740076
output_noise,reward3_base,DQN reward3 Base,Results_DQN_reward3_o/model,real,0,real_01,Real Rainfall 1,0.05,13,20665727,95,7090.2947403074295,2679.7880911228012,9770.08283143023
output_noise,reward3_base,DQN reward3 Base,Results_DQN_reward3_o/model,real,0,real_01,Real Rainfall 1,0.05,14,20665728,95,7217.6296557627975,2245.992359430488,9463.622015193285
output_noise,reward3_base,DQN reward3 Base,Results_DQN_reward3_o/model,real,0,real_01,Real Rainfall 1,0.05,15,20665729,95,7103.252804220571,3294.5182468005682,10397.77105102114
output_noise,reward3_base,DQN reward3 Base,Results_DQN_reward3_o/model,real,0,real_01,Real Rainfall 1,0.05,16,20665730,95,7228.2000094434625,2315.3786825247566,9543.57869196822
output_noise,reward3_base,DQN reward3 Base,Results_DQN_reward3_o/model,real,0,real_01,Real Rainfall 1,0.05,17,20665731,95,7079.751665123674,1486.0638168898688,8565.815482013542
output_noise,reward3_base,DQN reward3 Base,Results_DQN_reward3_o/model,real,0,real_01,Real Rainfall 1,0.05,18,20665732,95,7085.669545948657,1696.4154702133744,8782.085016162031
output_noise,reward3_base,DQN reward3 Base,Results_DQN_reward3_o/model,real,0,real_01,Real Rainfall 1,0.05,19,20665733,95,7081.5111721039375,1495.5577625150368,8577.068934618974
output_noise,reward3_base,DQN reward3 Base,Results_DQN_reward3_o/model,real,0,real_01,Real Rainfall 1,0.05,20,20665734,95,7201.0444618929905,1450.2384135596997,8651.28287545269
output_noise,reward3_base,DQN reward3 Base,Results_DQN_reward3_o/model,real,0,real_01,Real Rainfall 1,0.05,21,20665735,95,7202.590143426536,1304.0012050804316,8506.591348506969
output_noise,reward3_base,DQN reward3 Base,Results_DQN_reward3_o/model,real,0,real_01,Real Rainfall 1,0.05,22,20665736,95,7268.6698288307425,1434.271133068767,8702.940961899509
output_noise,reward3_base,DQN reward3 Base,Results_DQN_reward3_o/model,real,0,real_01,Real Rainfall 1,0.05,23,20665737,95,7091.9160097342765,2896.87858499676,9988.794594731036
output_noise,reward3_base,DQN reward3 Base,Results_DQN_reward3_o/model,real,0,real_01,Real Rainfall 1,0.05,24,20665738,95,7080.572985465385,1497.1188404223446,8577.691825887729
output_noise,reward3_base,DQN reward3 Base,Results_DQN_reward3_o/model,real,0,real_01,Real Rainfall 1,0.05,25,20665739,95,7208.302907175606,2091.17385243812,9299.476759613726
output_noise,reward3_base,DQN reward3 Base,Results_DQN_reward3_o/model,real,0,real_01,Real Rainfall 1,0.05,26,20665740,95,7083.706554068162,1678.701241085996,8762.407795154159
output_noise,reward3_base,DQN reward3 Base,Results_DQN_reward3_o/model,real,0,real_01,Real Rainfall 1,0.05,27,20665741,95,7182.028172668763,2841.920422953475,10023.948595622238
output_noise,reward3_base,DQN reward3 Base,Results_DQN_reward3_o/model,real,0,real_01,Real Rainfall 1,0.05,28,20665742,95,7190.34859691006,1291.0633539531664,8481.411950863227
output_noise,reward3_base,DQN reward3 Base,Results_DQN_reward3_o/model,real,0,real_01,Real Rainfall 1,0.05,29,20665743,95,7089.6591129450835,1488.9039763371845,8578.563089282268
output_noise,reward3_base,DQN reward3 Base,Results_DQN_reward3_o/model,real,0,real_01,Real Rainfall 1,0.05,30,20665744,95,7103.218680068433,3265.021857184056,10368.240537252488
output_noise,reward3_base,DQN reward3 Base,Results_DQN_reward3_o/model,real,0,real_01,Real Rainfall 1,0.05,31,20665745,95,7084.446088886189,3108.93467863958,10193.380767525769
output_noise,reward3_base,DQN reward3 Base,Results_DQN_reward3_o/model,real,0,real_01,Real Rainfall 1,0.05,32,20665746,95,7208.301770246717,1433.3851911407532,8641.68696138747
output_noise,reward3_base,DQN reward3 Base,Results_DQN_reward3_o/model,real,0,real_01,Real Rainfall 1,0.05,33,20665747,95,7086.712290887558,2289.0512088286628,9375.76349971622
output_noise,reward3_base,DQN reward3 Base,Results_DQN_reward3_o/model,real,0,real_01,Real Rainfall 1,0.05,34,20665748,95,7216.712181974398,3940.591969502943,11157.304151477341
output_noise,reward3_base,DQN reward3 Base,Results_DQN_reward3_o/model,real,0,real_01,Real Rainfall 1,0.05,35,20665749,95,7175.135034991637,1684.256636532893,8859.39167152453
output_noise,reward3_base,DQN reward3 Base,Results_DQN_reward3_o/model,real,0,real_01,Real Rainfall 1,0.05,36,20665750,95,7089.340017270004,3485.8559618433137,10575.195979113318
output_noise,reward3_base,DQN reward3 Base,Results_DQN_reward3_o/model,real,0,real_01,Real Rainfall 1,0.05,37,20665751,95,7116.963704220002,3224.460661939769,10341.424366159772
output_noise,reward3_base,DQN reward3 Base,Results_DQN_reward3_o/model,real,0,real_01,Real Rainfall 1,0.05,38,20665752,95,7088.732224109061,1485.8817293048303,8574.613953413891
output_noise,reward3_base,DQN reward3 Base,Results_DQN_reward3_o/model,real,0,real_01,Real Rainfall 1,0.05,39,20665753,95,7088.868355607649,2673.0869727770983,9761.955328384747
output_noise,reward3_base,DQN reward3 Base,Results_DQN_reward3_o/model,real,0,real_01,Real Rainfall 1,0.05,40,20665754,95,7082.1132748561295,1701.1882020786682,8783.301476934797
output_noise,reward3_base,DQN reward3 Base,Results_DQN_reward3_o/model,real,0,real_01,Real Rainfall 1,0.05,41,20665755,95,7137.688952663603,2883.96988360949,10021.658836273093
output_noise,reward3_base,DQN reward3 Base,Results_DQN_reward3_o/model,real,0,real_01,Real Rainfall 1,0.05,42,20665756,95,7084.690900155463,2689.987352307594,9774.678252463058
output_noise,reward3_base,DQN reward3 Base,Results_DQN_reward3_o/model,real,0,real_01,Real Rainfall 1,0.05,43,20665757,95,7092.449674302252,3290.632870613118,10383.08254491537
output_noise,reward3_base,DQN reward3 Base,Results_DQN_reward3_o/model,real,0,real_01,Real Rainfall 1,0.05,44,20665758,95,7124.3370347155405,3037.4146647116677,10161.751699427208
output_noise,reward3_base,DQN reward3 Base,Results_DQN_reward3_o/model,real,0,real_01,Real Rainfall 1,0.05,45,20665759,95,7080.242360647106,1501.064986899262,8581.307347546368
output_noise,reward3_base,DQN reward3 Base,Results_DQN_reward3_o/model,real,0,real_01,Real Rainfall 1,0.05,46,20665760,95,7091.102891181638,1487.9733539245858,8579.076245106224
output_noise,reward3_base,DQN reward3 Base,Results_DQN_reward3_o/model,real,0,real_01,Real Rainfall 1,0.05,47,20665761,95,7176.886102995265,1451.6987272608606,8628.584830256126
output_noise,reward3_base,DQN reward3 Base,Results_DQN_reward3_o/model,real,0,real_01,Real Rainfall 1,0.05,48,20665762,95,7300.389735237309,2781.8140342746965,10082.203769512005
output_noise,reward3_base,DQN reward3 Base,Results_DQN_reward3_o/model,real,0,real_01,Real Rainfall 1,0.05,49,20665763,95,7081.868736630325,2914.005602181707,9995.874338812031
output_noise,reward3_base,DQN reward3 Base,Results_DQN_reward3_o/model,real,0,real_01,Real Rainfall 1,0.1,0,20670714,95,7174.816027572633,2493.6940226821534,9668.510050254787
output_noise,reward3_base,DQN reward3 Base,Results_DQN_reward3_o/model,real,0,real_01,Real Rainfall 1,0.1,1,20670715,95,7076.777483779988,1505.5196947830948,8582.297178563083
output_noise,reward3_base,DQN reward3 Base,Results_DQN_reward3_o/model,real,0,real_01,Real Rainfall 1,0.1,2,20670716,95,7201.113115420518,3032.1594378437385,10233.272553264256
output_noise,reward3_base,DQN reward3 Base,Results_DQN_reward3_o/model,real,0,real_01,Real Rainfall 1,0.1,3,20670717,95,7075.9760195019,3272.918757778294,10348.894777280195
output_noise,reward3_base,DQN reward3 Base,Results_DQN_reward3_o/model,real,0,real_01,Real Rainfall 1,0.1,4,20670718,95,7134.549942066571,4002.3648062837888,11136.91474835036
output_noise,reward3_base,DQN reward3 Base,Results_DQN_reward3_o/model,real,0,real_01,Real Rainfall 1,0.1,5,20670719,95,7037.877666274874,2090.5970856214503,9128.474751896325
output_noise,reward3_base,DQN reward3 Base,Results_DQN_reward3_o/model,real,0,real_01,Real Rainfall 1,0.1,6,20670720,95,7082.419557893917,1497.906003557989,8580.325561451906
output_noise,reward3_base,DQN reward3 Base,Results_DQN_reward3_o/model,real,0,real_01,Real Rainfall 1,0.1,7,20670721,95,7196.340570482598,2235.438320441874,9431.778890924472
output_noise,reward3_base,DQN reward3 Base,Results_DQN_reward3_o/model,real,0,real_01,Real Rainfall 1,0.1,8,20670722,95,7081.498135357906,1483.6368533768216,8565.134988734728
output_noise,reward3_base,DQN reward3 Base,Results_DQN_reward3_o/model,real,0,real_01,Real Rainfall 1,0.1,9,20670723,95,7083.641694827571,1503.0987356200026,8586.740430447573
output_noise,reward3_base,DQN reward3 Base,Results_DQN_reward3_o/model,real,0,real_01,Real Rainfall 1,0.1,10,20670724,95,7126.861501848161,2945.4369657669786,10072.298467615139
output_noise,reward3_base,DQN reward3 Base,Results_DQN_reward3_o/model,real,0,real_01,Real Rainfall 1,0.1,11,20670725,95,7099.916195218271,1478.648843235136,8578.565038453407
output_noise,reward3_base,DQN reward3 Base,Results_DQN_reward3_o/model,real,0,real_01,Real Rainfall 1,0.1,12,20670726,95,7088.245636212394,3102.3772489839353,10190.62288519633
output_noise,reward3_base,DQN reward3 Base,Results_DQN_reward3_o/model,real,0,real_01,Real Rainfall 1,0.1,13,20670727,95,7226.924063152549,1177.3289922964593,8404.253055449008
output_noise,reward3_base,DQN reward3 Base,Results_DQN_reward3_o/model,real,0,real_01,Real Rainfall 1,0.1,14,20670728,95,7081.498665528905,1494.401452055931,8575.900117584835
output_noise,reward3_base,DQN reward3 Base,Results_DQN_reward3_o/model,real,0,real_01,Real Rainfall 1,0.1,15,20670729,95,7106.125548548169,3871.0935179641847,10977.219066512353
output_noise,reward3_base,DQN reward3 Base,Results_DQN_reward3_o/model,real,0,real_01,Real Rainfall 1,0.1,16,20670730,95,7204.15354628426,3477.6982274899,10681.85177377416
output_noise,reward3_base,DQN reward3 Base,Results_DQN_reward3_o/model,real,0,real_01,Real Rainfall 1,0.1,17,20670731,95,7229.06515992368,3289.041983891432,10518.107143815112
output_noise,reward3_base,DQN reward3 Base,Results_DQN_reward3_o/model,real,0,real_01,Real Rainfall 1,0.1,18,20670732,95,7101.519301866836,3049.28654302084,10150.805844887676
output_noise,reward3_base,DQN reward3 Base,Results_DQN_reward3_o/model,real,0,real_01,Real Rainfall 1,0.1,19,20670733,95,7183.02089035013,1305.4461789406855,8488.467069290815
output_noise,reward3_base,DQN reward3 Base,Results_DQN_reward3_o/model,real,0,real_01,Real Rainfall 1,0.1,20,20670734,95,7235.1863384558565,2735.1428646792892,9970.329203135145
output_noise,reward3_base,DQN reward3 Base,Results_DQN_reward3_o/model,real,0,real_01,Real Rainfall 1,0.1,21,20670735,95,7090.955163472568,1494.5342484585112,8585.48941193108
output_noise,reward3_base,DQN reward3 Base,Results_DQN_reward3_o/model,real,0,real_01,Real Rainfall 1,0.1,22,20670736,95,7193.360253438075,3443.153332873152,10636.513586311226
output_noise,reward3_base,DQN reward3 Base,Results_DQN_reward3_o/model,real,0,real_01,Real Rainfall 1,0.1,23,20670737,95,7097.04193140494,1479.7599404483706,8576.801871853311
output_noise,reward3_base,DQN reward3 Base,Results_DQN_reward3_o/model,real,0,real_01,Real Rainfall 1,0.1,24,20670738,95,7085.39214255276,2887.0395508922716,9972.43169344503
output_noise,reward3_base,DQN reward3 Base,Results_DQN_reward3_o/model,real,0,real_01,Real Rainfall 1,0.1,25,20670739,95,7250.281044267344,2661.466405138789,9911.747449406133
output_noise,reward3_base,DQN reward3 Base,Results_DQN_reward3_o/model,real,0,real_01,Real Rainfall 1,0.1,26,20670740,95,7208.597689902653,1681.6987846458585,8890.296474548511
output_noise,reward3_base,DQN reward3 Base,Results_DQN_reward3_o/model,real,0,real_01,Real Rainfall 1,0.1,27,20670741,95,7096.1659573500065,1673.999208084721,8770.165165434728
output_noise,reward3_base,DQN reward3 Base,Results_DQN_reward3_o/model,real,0,real_01,Real Rainfall 1,0.1,28,20670742,95,7078.909460239706,1481.9974351666153,8560.906895406322
output_noise,reward3_base,DQN reward3 Base,Results_DQN_reward3_o/model,real,0,real_01,Real Rainfall 1,0.1,29,20670743,95,7091.574426314387,3224.2233539068293,10315.797780221215
output_noise,reward3_base,DQN reward3 Base,Results_DQN_reward3_o/model,real,0,real_01,Real Rainfall 1,0.1,30,20670744,95,7089.882312840236,3044.1726385353472,10134.054951375583
output_noise,reward3_base,DQN reward3 Base,Results_DQN_reward3_o/model,real,0,real_01,Real Rainfall 1,0.1,31,20670745,95,7088.646277055112,2681.9995767269247,9770.645853782036
output_noise,reward3_base,DQN reward3 Base,Results_DQN_reward3_o/model,real,0,real_01,Real Rainfall 1,0.1,32,20670746,95,7088.867342295178,3260.3488010344445,10349.216143329622
output_noise,reward3_base,DQN reward3 Base,Results_DQN_reward3_o/model,real,0,real_01,Real Rainfall 1,0.1,33,20670747,95,7258.460492087725,1888.4679668178667,9146.928458905591
output_noise,reward3_base,DQN reward3 Base,Results_DQN_reward3_o/model,real,0,real_01,Real Rainfall 1,0.1,34,20670748,95,7126.492059651432,2892.653208375317,10019.145268026748
output_noise,reward3_base,DQN reward3 Base,Results_DQN_reward3_o/model,real,0,real_01,Real Rainfall 1,0.1,35,20670749,95,7220.456429000357,2803.9988204978304,10024.455249498187
output_noise,reward3_base,DQN reward3 Base,Results_DQN_reward3_o/model,real,0,real_01,Real Rainfall 1,0.1,36,20670750,95,7218.612368699943,2752.6668757265707,9971.279244426514
output_noise,reward3_base,DQN reward3 Base,Results_DQN_reward3_o/model,real,0,real_01,Real Rainfall 1,0.1,37,20670751,95,7144.42627440695,2862.3900390537083,10006.816313460658
output_noise,reward3_base,DQN reward3 Base,Results_DQN_reward3_o/model,real,0,real_01,Real Rainfall 1,0.1,38,20670752,95,7230.081041775781,4062.2323576741433,11292.313399449924
output_noise,reward3_base,DQN reward3 Base,Results_DQN_reward3_o/model,real,0,real_01,Real Rainfall 1,0.1,39,20670753,95,7206.777386398705,1537.312684803874,8744.09007120258
output_noise,reward3_base,DQN reward3 Base,Results_DQN_reward3_o/model,real,0,real_01,Real Rainfall 1,0.1,40,20670754,95,7078.484916433292,1501.4052838289601,8579.890200262253
output_noise,reward3_base,DQN reward3 Base,Results_DQN_reward3_o/model,real,0,real_01,Real Rainfall 1,0.1,41,20670755,95,7101.113106527521,3053.4022720475455,10154.515378575066
output_noise,reward3_base,DQN reward3 Base,Results_DQN_reward3_o/model,real,0,real_01,Real Rainfall 1,0.1,42,20670756,95,7278.468453057511,2780.411872598261,10058.880325655773
output_noise,reward3_base,DQN reward3 Base,Results_DQN_reward3_o/model,real,0,real_01,Real Rainfall 1,0.1,43,20670757,95,7211.368693162011,2689.564002745261,9900.932695907271
output_noise,reward3_base,DQN reward3 Base,Results_DQN_reward3_o/model,real,0,real_01,Real Rainfall 1,0.1,44,20670758,95,7171.981132238433,3885.536496073237,11057.51762831167
output_noise,reward3_base,DQN reward3 Base,Results_DQN_reward3_o/model,real,0,real_01,Real Rainfall 1,0.1,45,20670759,95,7201.359675781335,2047.7179710636594,9249.077646844995
output_noise,reward3_base,DQN reward3 Base,Results_DQN_reward3_o/model,real,0,real_01,Real Rainfall 1,0.1,46,20670760,95,7081.763229328865,2268.6818346643495,9350.445063993215
output_noise,reward3_base,DQN reward3 Base,Results_DQN_reward3_o/model,real,0,real_01,Real Rainfall 1,0.1,47,20670761,95,7275.460111706256,1604.909593566581,8880.369705272837
output_noise,reward3_base,DQN reward3 Base,Results_DQN_reward3_o/model,real,0,real_01,Real Rainfall 1,0.1,48,20670762,95,7086.09731675611,1484.606005195357,8570.703321951467
output_noise,reward3_base,DQN reward3 Base,Results_DQN_reward3_o/model,real,0,real_01,Real Rainfall 1,0.1,49,20670763,95,7121.606833653788,2602.510279318242,9724.11711297203
output_noise,reward3_base,DQN reward3 Base,Results_DQN_reward3_o/model,real,1,real_02,Real Rainfall 2,0.05,0,20765714,95,3729.034550337704,1452.2796309916023,5181.314181329306
output_noise,reward3_base,DQN reward3 Base,Results_DQN_reward3_o/model,real,1,real_02,Real Rainfall 2,0.05,1,20765715,95,3729.704288227567,2665.2149847165238,6394.919272944091
output_noise,reward3_base,DQN reward3 Base,Results_DQN_reward3_o/model,real,1,real_02,Real Rainfall 2,0.05,2,20765716,95,3725.9368405428863,2252.9698122518266,5978.9066527947125
output_noise,reward3_base,DQN reward3 Base,Results_DQN_reward3_o/model,real,1,real_02,Real Rainfall 2,0.05,3,20765717,95,3728.072241735957,2256.7599165085817,5984.832158244539
output_noise,reward3_base,DQN reward3 Base,Results_DQN_reward3_o/model,real,1,real_02,Real Rainfall 2,0.05,4,20765718,95,3726.893360129867,2271.3319803431195,5998.225340472986
output_noise,reward3_base,DQN reward3 Base,Results_DQN_reward3_o/model,real,1,real_02,Real Rainfall 2,0.05,5,20765719,95,3773.4956952108414,3099.4553470394744,6872.951042250315
output_noise,reward3_base,DQN reward3 Base,Results_DQN_reward3_o/model,real,1,real_02,Real Rainfall 2,0.05,6,20765720,95,3728.799141666582,2239.9634589924567,5968.762600659038
output_noise,reward3_base,DQN reward3 Base,Results_DQN_reward3_o/model,real,1,real_02,Real Rainfall 2,0.05,7,20765721,95,3730.0042250336037,2467.874180705974,6197.878405739578
output_noise,reward3_base,DQN reward3 Base,Results_DQN_reward3_o/model,real,1,real_02,Real Rainfall 2,0.05,8,20765722,95,3728.478106977917,2868.446832998752,6596.924939976669
output_noise,reward3_base,DQN reward3 Base,Results_DQN_reward3_o/model,real,1,real_02,Real Rainfall 2,0.05,9,20765723,95,3724.63579978582,1457.7212617152634,5182.357061501083
output_noise,reward3_base,DQN reward3 Base,Results_DQN_reward3_o/model,real,1,real_02,Real Rainfall 2,0.05,10,20765724,95,3716.0852437539725,2662.300130259859,6378.385374013831
output_noise,reward3_base,DQN reward3 Base,Results_DQN_reward3_o/model,real,1,real_02,Real Rainfall 2,0.05,11,20765725,95,3727.531749024314,2852.5793055251947,6580.1110545495085
output_noise,reward3_base,DQN reward3 Base,Results_DQN_reward3_o/model,real,1,real_02,Real Rainfall 2,0.05,12,20765726,95,3726.1111314463974,2269.3142560796764,5995.425387526074
output_noise,reward3_base,DQN reward3 Base,Results_DQN_reward3_o/model,real,1,real_02,Real Rainfall 2,0.05,13,20765727,95,3718.642557540333,1255.3069551712995,4973.949512711632
output_noise,reward3_base,DQN reward3 Base,Results_DQN_reward3_o/model,real,1,real_02,Real Rainfall 2,0.05,14,20765728,95,3802.3362685827565,2234.5868542635944,6036.92312284635
output_noise,reward3_base,DQN reward3 Base,Results_DQN_reward3_o/model,real,1,real_02,Real Rainfall 2,0.05,15,20765729,95,3805.0171218272744,3138.550205995784,6943.567327823059
output_noise,reward3_base,DQN reward3 Base,Results_DQN_reward3_o/model,real,1,real_02,Real Rainfall 2,0.05,16,20765730,95,3726.9316614012355,2668.1991179449565,6395.130779346192
output_noise,reward3_base,DQN reward3 Base,Results_DQN_reward3_o/model,real,1,real_02,Real Rainfall 2,0.05,17,20765731,95,3729.1036662576485,2675.0998581942313,6404.203524451879
output_noise,reward3_base,DQN reward3 Base,Results_DQN_reward3_o/model,real,1,real_02,Real Rainfall 2,0.05,18,20765732,95,3727.060098621246,2660.1210937202136,6387.18119234146
output_noise,reward3_base,DQN reward3 Base,Results_DQN_reward3_o/model,real,1,real_02,Real Rainfall 2,0.05,19,20765733,95,3729.975178499986,2662.2951895152996,6392.270368015286
output_noise,reward3_base,DQN reward3 Base,Results_DQN_reward3_o/model,real,1,real_02,Real Rainfall 2,0.05,20,20765734,95,3635.209314056882,1298.5515565357475,4933.7608705926295
output_noise,reward3_base,DQN reward3 Base,Results_DQN_reward3_o/model,real,1,real_02,Real Rainfall 2,0.05,21,20765735,95,3729.541950772076,3270.4290974512705,6999.971048223346
output_noise,reward3_base,DQN reward3 Base,Results_DQN_reward3_o/model,real,1,real_02,Real Rainfall 2,0.05,22,20765736,95,3727.7160350540657,2256.487160697316,5984.203195751382
output_noise,reward3_base,DQN reward3 Base,Results_DQN_reward3_o/model,real,1,real_02,Real Rainfall 2,0.05,23,20765737,95,3725.0048502483337,2885.5804233770145,6610.585273625348
output_noise,reward3_base,DQN reward3 Base,Results_DQN_reward3_o/model,real,1,real_02,Real Rainfall 2,0.05,24,20765738,95,3727.492731453903,2660.774952247543,6388.267683701446
output_noise,reward3_base,DQN reward3 Base,Results_DQN_reward3_o/model,real,1,real_02,Real Rainfall 2,0.05,25,20765739,95,3730.164826206411,2447.447798424896,6177.612624631307
output_noise,reward3_base,DQN reward3 Base,Results_DQN_reward3_o/model,real,1,real_02,Real Rainfall 2,0.05,26,20765740,95,3717.085013445246,3879.9012260253858,7596.986239470632
output_noise,reward3_base,DQN reward3 Base,Results_DQN_reward3_o/model,real,1,real_02,Real Rainfall 2,0.05,27,20765741,95,3727.7243900617673,1450.583453370911,5178.307843432678
output_noise,reward3_base,DQN reward3 Base,Results_DQN_reward3_o/model,real,1,real_02,Real Rainfall 2,0.05,28,20765742,95,3666.9847725925906,1280.1486651063221,4947.1334376989125
output_noise,reward3_base,DQN reward3 Base,Results_DQN_reward3_o/model,real,1,real_02,Real Rainfall 2,0.05,29,20765743,95,3787.424524713831,2642.8111078035126,6430.235632517344
output_noise,reward3_base,DQN reward3 Base,Results_DQN_reward3_o/model,real,1,real_02,Real Rainfall 2,0.05,30,20765744,95,3726.5097363308987,2065.255344431235,5791.765080762134
output_noise,reward3_base,DQN reward3 Base,Results_DQN_reward3_o/model,real,1,real_02,Real Rainfall 2,0.05,31,20765745,95,3731.300869776995,2465.6549818303997,6196.955851607395
output_noise,reward3_base,DQN reward3 Base,Results_DQN_reward3_o/model,real,1,real_02,Real Rainfall 2,0.05,32,20765746,95,3701.6212621297464,1269.3228554650775,4970.944117594824
output_noise,reward3_base,DQN reward3 Base,Results_DQN_reward3_o/model,real,1,real_02,Real Rainfall 2,0.05,33,20765747,95,3730.84809084528,2650.4273911557066,6381.275482000987
output_noise,reward3_base,DQN reward3 Base,Results_DQN_reward3_o/model,real,1,real_02,Real Rainfall 2,0.05,34,20765748,95,3727.9643352114213,2654.806069878117,6382.770405089538
output_noise,reward3_base,DQN reward3 Base,Results_DQN_reward3_o/model,real,1,real_02,Real Rainfall 2,0.05,35,20765749,95,3728.0698120441884,2255.217751039846,5983.287563084034
output_noise,reward3_base,DQN reward3 Base,Results_DQN_reward3_o/model,real,1,real_02,Real Rainfall 2,0.05,36,20765750,95,3702.466505852383,2072.048741640498,5774.515247492881
output_noise,reward3_base,DQN reward3 Base,Results_DQN_reward3_o/model,real,1,real_02,Real Rainfall 2,0.05,37,20765751,95,3732.577208719421,3259.2742567267096,6991.8514654461305
output_noise,reward3_base,DQN reward3 Base,Results_DQN_reward3_o/model,real,1,real_02,Real Rainfall 2,0.05,38,20765752,95,3832.4859281752956,3431.507146356367,7263.993074531662
output_noise,reward3_base,DQN reward3 Base,Results_DQN_reward3_o/model,real,1,real_02,Real Rainfall 2,0.05,39,20765753,95,3755.4203053477863,3052.6009369277217,6808.0212422755085
output_noise,reward3_base,DQN reward3 Base,Results_DQN_reward3_o/model,real,1,real_02,Real Rainfall 2,0.05,40,20765754,95,3661.0133529231553,1283.5289902802372,4944.542343203392
output_noise,reward3_base,DQN reward3 Base,Results_DQN_reward3_o/model,real,1,real_02,Real Rainfall 2,0.05,41,20765755,95,3729.457855721794,1459.1577662324105,5188.6156219542045
output_noise,reward3_base,DQN reward3 Base,Results_DQN_reward3_o/model,real,1,real_02,Real Rainfall 2,0.05,42,20765756,95,3729.379417158078,2669.450931940224,6398.830349098302
output_noise,reward3_base,DQN reward3 Base,Results_DQN_reward3_o/model,real,1,real_02,Real Rainfall 2,0.05,43,20765757,95,3768.0882913871424,3686.7009307940634,7454.789222181205
output_noise,reward3_base,DQN reward3 Base,Results_DQN_reward3_o/model,real,1,real_02,Real Rainfall 2,0.05,44,20765758,95,3579.049115193852,3508.258632837396,7087.307748031248
output_noise,reward3_base,DQN reward3 Base,Results_DQN_reward3_o/model,real,1,real_02,Real Rainfall 2,0.05,45,20765759,95,3728.974470457262,2853.543588520315,6582.518058977577
output_noise,reward3_base,DQN reward3 Base,Results_DQN_reward3_o/model,real,1,real_02,Real Rainfall 2,0.05,46,20765760,95,3730.3115231044453,2854.313736873659,6584.625259978104
output_noise,reward3_base,DQN reward3 Base,Results_DQN_reward3_o/model,real,1,real_02,Real Rainfall 2,0.05,47,20765761,95,3727.098091731635,2466.8727062029197,6193.970797934555
output_noise,reward3_base,DQN reward3 Base,Results_DQN_reward3_o/model,real,1,real_02,Real Rainfall 2,0.05,48,20765762,95,3726.7017473870396,2870.245821493185,6596.947568880225
output_noise,reward3_base,DQN reward3 Base,Results_DQN_reward3_o/model,real,1,real_02,Real Rainfall 2,0.05,49,20765763,95,3727.428418821932,3881.2193187134053,7608.647737535337
output_noise,reward3_base,DQN reward3 Base,Results_DQN_reward3_o/model,real,1,real_02,Real Rainfall 2,0.1,0,20770714,95,3699.4962558833286,1467.355947703393,5166.852203586722
output_noise,reward3_base,DQN reward3 Base,Results_DQN_reward3_o/model,real,1,real_02,Real Rainfall 2,0.1,1,20770715,95,3725.917595166821,2061.908896857697,5787.826492024518
output_noise,reward3_base,DQN reward3 Base,Results_DQN_reward3_o/model,real,1,real_02,Real Rainfall 2,0.1,2,20770716,95,3712.1841995483273,2797.615151162967,6509.799350711294
output_noise,reward3_base,DQN reward3 Base,Results_DQN_reward3_o/model,real,1,real_02,Real Rainfall 2,0.1,3,20770717,95,3725.1972637899044,2045.8168068582777,5771.014070648182
output_noise,reward3_base,DQN reward3 Base,Results_DQN_reward3_o/model,real,1,real_02,Real Rainfall 2,0.1,4,20770718,95,3727.4507324843908,2233.003994528116,5960.454727012507
output_noise,reward3_base,DQN reward3 Base,Results_DQN_reward3_o/model,real,1,real_02,Real Rainfall 2,0.1,5,20770719,95,3765.6936683042877,1829.347520044359,5595.041188348647
output_noise,reward3_base,DQN reward3 Base,Results_DQN_reward3_o/model,real,1,real_02,Real Rainfall 2,0.1,6,20770720,95,3790.8168589935517,2672.4795316804457,6463.296390673997
output_noise,reward3_base,DQN reward3 Base,Results_DQN_reward3_o/model,real,1,real_02,Real Rainfall 2,0.1,7,20770721,95,3711.2188078476747,3837.019268962432,7548.238076810107
output_noise,reward3_base,DQN reward3 Base,Results_DQN_reward3_o/model,real,1,real_02,Real Rainfall 2,0.1,8,20770722,95,3706.3873232526544,2447.8810731628173,6154.268396415471
output_noise,reward3_base,DQN reward3 Base,Results_DQN_reward3_o/model,real,1,real_02,Real Rainfall 2,0.1,9,20770723,95,3720.421061690971,2644.27589874732,6364.69696043829
output_noise,reward3_base,DQN reward3 Base,Results_DQN_reward3_o/model,real,1,real_02,Real Rainfall 2,0.1,10,20770724,95,3727.079191214596,3685.6649826986563,7412.744173913252
output_noise,reward3_base,DQN reward3 Base,Results_DQN_reward3_o/model,real,1,real_02,Real Rainfall 2,0.1,11,20770725,95,3725.0789432452425,1840.536871434562,5565.615814679804
output_noise,reward3_base,DQN reward3 Base,Results_DQN_reward3_o/model,real,1,real_02,Real Rainfall 2,0.1,12,20770726,95,3725.6599836791715,1647.3381153040582,5372.998098983229
output_noise,reward3_base,DQN reward3 Base,Results_DQN_reward3_o/model,real,1,real_02,Real Rainfall 2,0.1,13,20770727,95,3729.832594692505,3652.9493509798654,7382.78194567237
output_noise,reward3_base,DQN reward3 Base,Results_DQN_reward3_o/model,real,1,real_02,Real Rainfall 2,0.1,14,20770728,95,3730.0785576500907,2835.982620728667,6566.061178378757
output_noise,reward3_base,DQN reward3 Base,Results_DQN_reward3_o/model,real,1,real_02,Real Rainfall 2,0.1,15,20770729,95,3766.154800183659,2859.960250711572,6626.1150508952305
output_noise,reward3_base,DQN reward3 Base,Results_DQN_reward3_o/model,real,1,real_02,Real Rainfall 2,0.1,16,20770730,95,3722.832502609411,2273.1000833565513,5995.932585965962
output_noise,reward3_base,DQN reward3 Base,Results_DQN_reward3_o/model,real,1,real_02,Real Rainfall 2,0.1,17,20770731,95,3718.661125313254,1251.4422735966652,4970.10339890992
output_noise,reward3_base,DQN reward3 Base,Results_DQN_reward3_o/model,real,1,real_02,Real Rainfall 2,0.1,18,20770732,95,3730.8288053516394,2425.0380317273134,6155.866837078953
output_noise,reward3_base,DQN reward3 Base,Results_DQN_reward3_o/model,real,1,real_02,Real Rainfall 2,0.1,19,20770733,95,3781.776338727691,2237.790356009179,6019.56669473687
output_noise,reward3_base,DQN reward3 Base,Results_DQN_reward3_o/model,real,1,real_02,Real Rainfall 2,0.1,20,20770734,95,3754.2472184972785,3064.678321701359,6818.9255401986375
output_noise,reward3_base,DQN reward3 Base,Results_DQN_reward3_o/model,real,1,real_02,Real Rainfall 2,0.1,21,20770735,95,3731.595340553456,2582.2549493563647,6313.85028990982
output_noise,reward3_base,DQN reward3 Base,Results_DQN_reward3_o/model,real,1,real_02,Real Rainfall 2,0.1,22,20770736,95,3728.7220404408463,3410.6493300564434,7139.37137049729
output_noise,reward3_base,DQN reward3 Base,Results_DQN_reward3_o/model,real,1,real_02,Real Rainfall 2,0.1,23,20770737,95,3717.2285890501475,1480.623063298395,5197.851652348542
output_noise,reward3_base,DQN reward3 Base,Results_DQN_reward3_o/model,real,1,real_02,Real Rainfall 2,0.1,24,20770738,95,3711.542278860522,1270.3380489623921,4981.880327822914
output_noise,reward3_base,DQN reward3 Base,Results_DQN_reward3_o/model,real,1,real_02,Real Rainfall 2,0.1,25,20770739,95,3722.643735298501,2447.9697277570153,6170.613463055516
output_noise,reward3_base,DQN reward3 Base,Results_DQN_reward3_o/model,real,1,real_02,Real Rainfall 2,0.1,26,20770740,95,3727.900383123269,1658.5986407751882,5386.499023898457
output_noise,reward3_base,DQN reward3 Base,Results_DQN_reward3_o/model,real,1,real_02,Real Rainfall 2,0.1,27,20770741,95,3712.6277489635413,2479.175114188662,6191.802863152203
output_noise,reward3_base,DQN reward3 Base,Results_DQN_reward3_o/model,real,1,real_02,Real Rainfall 2,0.1,28,20770742,95,3713.371999439838,1276.0767098757108,4989.4487093155485
output_noise,reward3_base,DQN reward3 Base,Results_DQN_reward3_o/model,real,1,real_02,Real Rainfall 2,0.1,29,20770743,95,3720.5436431086123,3674.2834332969937,7394.827076405606
output_noise,reward3_base,DQN reward3 Base,Results_DQN_reward3_o/model,real,1,real_02,Real Rainfall 2,0.1,30,20770744,95,3725.425613453897,2459.7535538910315,6185.179167344928
output_noise,reward3_base,DQN reward3 Base,Results_DQN_reward3_o/model,real,1,real_02,Real Rainfall 2,0.1,31,20770745,95,3797.9024791123043,2761.5081264173227,6559.410605529627
output_noise,reward3_base,DQN reward3 Base,Results_DQN_reward3_o/model,real,1,real_02,Real Rainfall 2,0.1,32,20770746,95,3802.5163394684287,2271.0022758794994,6073.518615347928
output_noise,reward3_base,DQN reward3 Base,Results_DQN_reward3_o/model,real,1,real_02,Real Rainfall 2,0.1,33,20770747,95,3627.574414078064,1890.1304892930416,5517.7049033711055
output_noise,reward3_base,DQN reward3 Base,Results_DQN_reward3_o/model,real,1,real_02,Real Rainfall 2,0.1,34,20770748,95,3730.8933919840574,2857.8942807185213,6588.787672702579
output_noise,reward3_base,DQN reward3 Base,Results_DQN_reward3_o/model,real,1,real_02,Real Rainfall 2,0.1,35,20770749,95,3786.712896843971,3584.5347563997134,7371.247653243685
output_noise,reward3_base,DQN reward3 Base,Results_DQN_reward3_o/model,real,1,real_02,Real Rainfall 2,0.1,36,20770750,95,3815.464747562767,2719.8536237725857,6535.318371335353
output_noise,reward3_base,DQN reward3 Base,Results_DQN_reward3_o/model,real,1,real_02,Real Rainfall 2,0.1,37,20770751,95,3724.8540955526114,2680.387867465814,6405.241963018425
output_noise,reward3_base,DQN reward3 Base,Results_DQN_reward3_o/model,real,1,real_02,Real Rainfall 2,0.1,38,20770752,95,3711.5726765506365,2846.85367392578,6558.426350476417
output_noise,reward3_base,DQN reward3 Base,Results_DQN_reward3_o/model,real,1,real_02,Real Rainfall 2,0.1,39,20770753,95,3725.6935841948557,3473.9353829565935,7199.62896715145
output_noise,reward3_base,DQN reward3 Base,Results_DQN_reward3_o/model,real,1,real_02,Real Rainfall 2,0.1,40,20770754,95,3726.5675230381903,2843.344827629536,6569.912350667726
output_noise,reward3_base,DQN reward3 Base,Results_DQN_reward3_o/model,real,1,real_02,Real Rainfall 2,0.1,41,20770755,95,3762.6642346819376,3916.2198321600504,7678.884066841988
output_noise,reward3_base,DQN reward3 Base,Results_DQN_reward3_o/model,real,1,real_02,Real Rainfall 2,0.1,42,20770756,95,3732.5825029807315,3618.344527002414,7350.927029983146
output_noise,reward3_base,DQN reward3 Base,Results_DQN_reward3_o/model,real,1,real_02,Real Rainfall 2,0.1,43,20770757,95,3678.35904270247,1845.1390713486621,5523.498114051132
output_noise,reward3_base,DQN reward3 Base,Results_DQN_reward3_o/model,real,1,real_02,Real Rainfall 2,0.1,44,20770758,95,3710.5193446640023,4032.7450830222806,7743.264427686283
output_noise,reward3_base,DQN reward3 Base,Results_DQN_reward3_o/model,real,1,real_02,Real Rainfall 2,0.1,45,20770759,95,3720.4824320548387,2864.0964836964254,6584.5789157512645
output_noise,reward3_base,DQN reward3 Base,Results_DQN_reward3_o/model,real,1,real_02,Real Rainfall 2,0.1,46,20770760,95,3725.45770824299,2248.344073605155,5973.801781848145
output_noise,reward3_base,DQN reward3 Base,Results_DQN_reward3_o/model,real,1,real_02,Real Rainfall 2,0.1,47,20770761,95,3695.4425052993747,3640.8366125546786,7336.279117854054
output_noise,reward3_base,DQN reward3 Base,Results_DQN_reward3_o/model,real,1,real_02,Real Rainfall 2,0.1,48,20770762,95,3804.4841681816333,2385.1891394312274,6189.67330761286
output_noise,reward3_base,DQN reward3 Base,Results_DQN_reward3_o/model,real,1,real_02,Real Rainfall 2,0.1,49,20770763,95,3719.295985363731,2268.016763871347,5987.312749235078
output_noise,reward3_base,DQN reward3 Base,Results_DQN_reward3_o/model,real,2,real_03,Real Rainfall 3,0.05,0,20865714,95,8384.941907962422,1282.8998981890618,9667.841806151484
output_noise,reward3_base,DQN reward3 Base,Results_DQN_reward3_o/model,real,2,real_03,Real Rainfall 3,0.05,1,20865715,95,8461.363327339426,1131.4317122442535,9592.79503958368
output_noise,reward3_base,DQN reward3 Base,Results_DQN_reward3_o/model,real,2,real_03,Real Rainfall 3,0.05,2,20865716,95,8411.614974908072,2682.2446974517566,11093.85967235983
output_noise,reward3_base,DQN reward3 Base,Results_DQN_reward3_o/model,real,2,real_03,Real Rainfall 3,0.05,3,20865717,95,8438.20194949035,2917.136861176124,11355.338810666475
output_noise,reward3_base,DQN reward3 Base,Results_DQN_reward3_o/model,real,2,real_03,Real Rainfall 3,0.05,4,20865718,95,8344.91799530568,2297.030932772187,10641.948928077865
output_noise,reward3_base,DQN reward3 Base,Results_DQN_reward3_o/model,real,2,real_03,Real Rainfall 3,0.05,5,20865719,95,8387.83139143993,2693.166030809962,11080.997422249891
output_noise,reward3_base,DQN reward3 Base,Results_DQN_reward3_o/model,real,2,real_03,Real Rainfall 3,0.05,6,20865720,95,8447.214393136712,3813.9832495980727,12261.197642734784
output_noise,reward3_base,DQN reward3 Base,Results_DQN_reward3_o/model,real,2,real_03,Real Rainfall 3,0.05,7,20865721,95,8439.249979411712,2277.504816530455,10716.754795942168
output_noise,reward3_base,DQN reward3 Base,Results_DQN_reward3_o/model,real,2,real_03,Real Rainfall 3,0.05,8,20865722,95,8424.049489228184,2256.2345309698685,10680.284020198053
output_noise,reward3_base,DQN reward3 Base,Results_DQN_reward3_o/model,real,2,real_03,Real Rainfall 3,0.05,9,20865723,95,8470.29330368839,1134.4068541478805,9604.70015783627
output_noise,reward3_base,DQN reward3 Base,Results_DQN_reward3_o/model,real,2,real_03,Real Rainfall 3,0.05,10,20865724,95,8468.807139356588,3289.830359256335,11758.637498612923
output_noise,reward3_base,DQN reward3 Base,Results_DQN_reward3_o/model,real,2,real_03,Real Rainfall 3,0.05,11,20865725,95,8484.949380098815,3454.001502809908,11938.950882908723
output_noise,reward3_base,DQN reward3 Base,Results_DQN_reward3_o/model,real,2,real_03,Real Rainfall 3,0.05,12,20865726,95,8386.639567385868,1288.4353985420241,9675.074965927892
output_noise,reward3_base,DQN reward3 Base,Results_DQN_reward3_o/model,real,2,real_03,Real Rainfall 3,0.05,13,20865727,95,8385.066976823075,1290.523947673118,9675.590924496193
output_noise,reward3_base,DQN reward3 Base,Results_DQN_reward3_o/model,real,2,real_03,Real Rainfall 3,0.05,14,20865728,95,8441.13017238224,1132.5781318799625,9573.708304262202
output_noise,reward3_base,DQN reward3 Base,Results_DQN_reward3_o/model,real,2,real_03,Real Rainfall 3,0.05,15,20865729,95,8460.580957300392,2482.0529450024756,10942.633902302867
output_noise,reward3_base,DQN reward3 Base,Results_DQN_reward3_o/model,real,2,real_03,Real Rainfall 3,0.05,16,20865730,95,8389.146272435935,3301.4311742550044,11690.577446690939
output_noise,reward3_base,DQN reward3 Base,Results_DQN_reward3_o/model,real,2,real_03,Real Rainfall 3,0.05,17,20865731,95,8337.018986971601,1316.960174530948,9653.97916150255
output_noise,reward3_base,DQN reward3 Base,Results_DQN_reward3_o/model,real,2,real_03,Real Rainfall 3,0.05,18,20865732,95,8336.178630306,1302.9156983151631,9639.094328621162
output_noise,reward3_base,DQN reward3 Base,Results_DQN_reward3_o/model,real,2,real_03,Real Rainfall 3,0.05,19,20865733,95,8391.471440614792,3684.3282673559834,12075.799707970775
output_noise,reward3_base,DQN reward3 Base,Results_DQN_reward3_o/model,real,2,real_03,Real Rainfall 3,0.05,20,20865734,95,8385.839568668298,1699.3948132509581,10085.234381919256
output_noise,reward3_base,DQN reward3 Base,Results_DQN_reward3_o/model,real,2,real_03,Real Rainfall 3,0.05,21,20865735,95,8390.649739212447,2686.129351919243,11076.779091131692
output_noise,reward3_base,DQN reward3 Base,Results_DQN_reward3_o/model,real,2,real_03,Real Rainfall 3,0.05,22,20865736,95,8383.968425215848,1288.825803050476,9672.794228266324
output_noise,reward3_base,DQN reward3 Base,Results_DQN_reward3_o/model,real,2,real_03,Real Rainfall 3,0.05,23,20865737,95,8494.741690833605,1347.1891302469764,9841.930821080581
output_noise,reward3_base,DQN reward3 Base,Results_DQN_reward3_o/model,real,2,real_03,Real Rainfall 3,0.05,24,20865738,95,8377.110690438365,1302.7410174767342,9679.851707915099
output_noise,reward3_base,DQN reward3 Base,Results_DQN_reward3_o/model,real,2,real_03,Real Rainfall 3,0.05,25,20865739,95,8388.927194564467,2694.9886125945795,11083.915807159046
output_noise,reward3_base,DQN reward3 Base,Results_DQN_reward3_o/model,real,2,real_03,Real Rainfall 3,0.05,26,20865740,95,8469.831279574826,1059.3648549564873,9529.196134531314
output_noise,reward3_base,DQN reward3 Base,Results_DQN_reward3_o/model,real,2,real_03,Real Rainfall 3,0.05,27,20865741,95,8465.251160591883,4130.602871064425,12595.854031656309
output_noise,reward3_base,DQN reward3 Base,Results_DQN_reward3_o/model,real,2,real_03,Real Rainfall 3,0.05,28,20865742,95,8386.71488756106,1490.778803281744,9877.493690842804
output_noise,reward3_base,DQN reward3 Base,Results_DQN_reward3_o/model,real,2,real_03,Real Rainfall 3,0.05,29,20865743,95,8475.516047107398,2893.420758434529,11368.936805541927
output_noise,reward3_base,DQN reward3 Base,Results_DQN_reward3_o/model,real,2,real_03,Real Rainfall 3,0.05,30,20865744,95,8384.814269567369,1293.7289125597147,9678.543182127083
output_noise,reward3_base,DQN reward3 Base,Results_DQN_reward3_o/model,real,2,real_03,Real Rainfall 3,0.05,31,20865745,95,8489.287830229896,2274.0346873430904,10763.322517572986
output_noise,reward3_base,DQN reward3 Base,Results_DQN_reward3_o/model,real,2,real_03,Real Rainfall 3,0.05,32,20865746,95,8464.282599210113,2139.4540014587074,10603.73660066882
output_noise,reward3_base,DQN reward3 Base,Results_DQN_reward3_o/model,real,2,real_03,Real Rainfall 3,0.05,33,20865747,95,8492.474441382179,2279.3090415660504,10771.783482948229
output_noise,reward3_base,DQN reward3 Base,Results_DQN_reward3_o/model,real,2,real_03,Real Rainfall 3,0.05,34,20865748,95,8393.661898204055,2663.8557033195357,11057.51760152359
output_noise,reward3_base,DQN reward3 Base,Results_DQN_reward3_o/model,real,2,real_03,Real Rainfall 3,0.05,35,20865749,95,8387.655196188902,3520.2149844050296,11907.87018059393
output_noise,reward3_base,DQN reward3 Base,Results_DQN_reward3_o/model,real,2,real_03,Real Rainfall 3,0.05,36,20865750,95,7731.004281376798,4609.072430330117,12340.076711706915
output_noise,reward3_base,DQN reward3 Base,Results_DQN_reward3_o/model,real,2,real_03,Real Rainfall 3,0.05,37,20865751,95,8472.4264757678,3516.568351633862,11988.99482740166
output_noise,reward3_base,DQN reward3 Base,Results_DQN_reward3_o/model,real,2,real_03,Real Rainfall 3,0.05,38,20865752,95,8362.759035815363,2890.7853908919265,11253.544426707289
output_noise,reward3_base,DQN reward3 Base,Results_DQN_reward3_o/model,real,2,real_03,Real Rainfall 3,0.05,39,20865753,95,8392.230923697047,2878.0875433501405,11270.318467047187
output_noise,reward3_base,DQN reward3 Base,Results_DQN_reward3_o/model,real,2,real_03,Real Rainfall 3,0.05,40,20865754,95,8528.639991230115,2554.7623643108313,11083.402355540946
output_noise,reward3_base,DQN reward3 Base,Results_DQN_reward3_o/model,real,2,real_03,Real Rainfall 3,0.05,41,20865755,95,8387.658736164904,1898.0405838642,10285.699320029104
output_noise,reward3_base,DQN reward3 Base,Results_DQN_reward3_o/model,real,2,real_03,Real Rainfall 3,0.05,42,20865756,95,8381.145263415436,1689.3513112585379,10070.496574673973
output_noise,reward3_base,DQN reward3 Base,Results_DQN_reward3_o/model,real,2,real_03,Real Rainfall 3,0.05,43,20865757,95,8333.145323856477,1313.148545333269,9646.293869189747
output_noise,reward3_base,DQN reward3 Base,Results_DQN_reward3_o/model,real,2,real_03,Real Rainfall 3,0.05,44,20865758,95,8447.540018437665,2492.546640865233,10940.086659302899
output_noise,reward3_base,DQN reward3 Base,Results_DQN_reward3_o/model,real,2,real_03,Real Rainfall 3,0.05,45,20865759,95,8451.90536433115,2831.4319515339776,11283.337315865128
output_noise,reward3_base,DQN reward3 Base,Results_DQN_reward3_o/model,real,2,real_03,Real Rainfall 3,0.05,46,20865760,95,8436.716627566271,2044.9018731979322,10481.618500764203
output_noise,reward3_base,DQN reward3 Base,Results_DQN_reward3_o/model,real,2,real_03,Real Rainfall 3,0.05,47,20865761,95,8476.690126175361,3176.967102612564,11653.657228787924
output_noise,reward3_base,DQN reward3 Base,Results_DQN_reward3_o/model,real,2,real_03,Real Rainfall 3,0.05,48,20865762,95,8446.339613670654,4289.287097860464,12735.626711531118
output_noise,reward3_base,DQN reward3 Base,Results_DQN_reward3_o/model,real,2,real_03,Real Rainfall 3,0.05,49,20865763,95,8471.73665067879,3506.721190947534,11978.457841626323
output_noise,reward3_base,DQN reward3 Base,Results_DQN_reward3_o/model,real,2,real_03,Real Rainfall 3,0.1,0,20870714,95,8477.856694327827,3285.2159646820755,11763.072659009904
output_noise,reward3_base,DQN reward3 Base,Results_DQN_reward3_o/model,real,2,real_03,Real Rainfall 3,0.1,1,20870715,95,8392.1635195997,2459.214286529659,10851.37780612936
output_noise,reward3_base,DQN reward3 Base,Results_DQN_reward3_o/model,real,2,real_03,Real Rainfall 3,0.1,2,20870716,95,8337.250879322606,4074.398546534877,12411.649425857482
output_noise,reward3_base,DQN reward3 Base,Results_DQN_reward3_o/model,real,2,real_03,Real Rainfall 3,0.1,3,20870717,95,8433.678081372836,2737.258660542231,11170.936741915068
output_noise,reward3_base,DQN reward3 Base,Results_DQN_reward3_o/model,real,2,real_03,Real Rainfall 3,0.1,4,20870718,95,8390.920820211932,2483.312581920327,10874.233402132259
output_noise,reward3_base,DQN reward3 Base,Results_DQN_reward3_o/model,real,2,real_03,Real Rainfall 3,0.1,5,20870719,95,7638.51557185644,1809.4430970470364,9447.958668903477
output_noise,reward3_base,DQN reward3 Base,Results_DQN_reward3_o/model,real,2,real_03,Real Rainfall 3,0.1,6,20870720,95,8397.905929839668,1295.9947526393819,9693.90068247905
output_noise,reward3_base,DQN reward3 Base,Results_DQN_reward3_o/model,real,2,real_03,Real Rainfall 3,0.1,7,20870721,95,8424.585486954222,2256.1429251217664,10680.728412075989
output_noise,reward3_base,DQN reward3 Base,Results_DQN_reward3_o/model,real,2,real_03,Real Rainfall 3,0.1,8,20870722,95,8447.46711996016,3673.582495996588,12121.049615956748
output_noise,reward3_base,DQN reward3 Base,Results_DQN_reward3_o/model,real,2,real_03,Real Rainfall 3,0.1,9,20870723,95,8500.331320304422,2452.2551885256385,10952.58650883006
output_noise,reward3_base,DQN reward3 Base,Results_DQN_reward3_o/model,real,2,real_03,Real Rainfall 3,0.1,10,20870724,95,8426.207683717617,3121.1960664186017,11547.403750136218
output_noise,reward3_base,DQN reward3 Base,Results_DQN_reward3_o/model,real,2,real_03,Real Rainfall 3,0.1,11,20870725,95,8367.639118850695,1282.491690017879,9650.130808868575
output_noise,reward3_base,DQN reward3 Base,Results_DQN_reward3_o/model,real,2,real_03,Real Rainfall 3,0.1,12,20870726,95,8473.034824144532,3039.839294645194,11512.874118789725
output_noise,reward3_base,DQN reward3 Base,Results_DQN_reward3_o/model,real,2,real_03,Real Rainfall 3,0.1,13,20870727,95,8383.444386376466,1290.6336276705554,9674.078014047021
output_noise,reward3_base,DQN reward3 Base,Results_DQN_reward3_o/model,real,2,real_03,Real Rainfall 3,0.1,14,20870728,95,8461.475476627806,2011.838142440522,10473.313619068327
output_noise,reward3_base,DQN reward3 Base,Results_DQN_reward3_o/model,real,2,real_03,Real Rainfall 3,0.1,15,20870729,95,8394.235045850328,1506.2017739530797,9900.436819803408
output_noise,reward3_base,DQN reward3 Base,Results_DQN_reward3_o/model,real,2,real_03,Real Rainfall 3,0.1,16,20870730,95,8444.257653324823,1130.464636611344,9574.722289936168
output_noise,reward3_base,DQN reward3 Base,Results_DQN_reward3_o/model,real,2,real_03,Real Rainfall 3,0.1,17,20870731,95,8342.277930039641,2489.327027321472,10831.604957361113
output_noise,reward3_base,DQN reward3 Base,Results_DQN_reward3_o/model,real,2,real_03,Real Rainfall 3,0.1,18,20870732,95,8497.370568446397,2926.3717073290222,11423.74227577542
output_noise,reward3_base,DQN reward3 Base,Results_DQN_reward3_o/model,real,2,real_03,Real Rainfall 3,0.1,19,20870733,95,8568.777276043964,2163.8488414227245,10732.626117466689
output_noise,reward3_base,DQN reward3 Base,Results_DQN_reward3_o/model,real,2,real_03,Real Rainfall 3,0.1,20,20870734,95,8469.479882884547,1978.2366020485201,10447.716484933067
output_noise,reward3_base,DQN reward3 Base,Results_DQN_reward3_o/model,real,2,real_03,Real Rainfall 3,0.1,21,20870735,95,8384.358449272517,3439.5082236220524,11823.866672894568
output_noise,reward3_base,DQN reward3 Base,Results_DQN_reward3_o/model,real,2,real_03,Real Rainfall 3,0.1,22,20870736,95,7658.905864823221,3198.027728798161,10856.933593621383
output_noise,reward3_base,DQN reward3 Base,Results_DQN_reward3_o/model,real,2,real_03,Real Rainfall 3,0.1,23,20870737,95,8338.819274918145,1302.9008726205604,9641.720147538706
output_noise,reward3_base,DQN reward3 Base,Results_DQN_reward3_o/model,real,2,real_03,Real Rainfall 3,0.1,24,20870738,95,8384.010423880905,1683.9867526223104,10067.997176503215
output_noise,reward3_base,DQN reward3 Base,Results_DQN_reward3_o/model,real,2,real_03,Real Rainfall 3,0.1,25,20870739,95,8340.407238630823,1707.5224746984134,10047.929713329237
output_noise,reward3_base,DQN reward3 Base,Results_DQN_reward3_o/model,real,2,real_03,Real Rainfall 3,0.1,26,20870740,95,8467.742775891124,2289.7659979547384,10757.508773845862
output_noise,reward3_base,DQN reward3 Base,Results_DQN_reward3_o/model,real,2,real_03,Real Rainfall 3,0.1,27,20870741,95,8384.042352644221,1285.5304618971143,9669.572814541336
output_noise,reward3_base,DQN reward3 Base,Results_DQN_reward3_o/model,real,2,real_03,Real Rainfall 3,0.1,28,20870742,95,8388.308889853453,1650.5329702387016,10038.841860092154
output_noise,reward3_base,DQN reward3 Base,Results_DQN_reward3_o/model,real,2,real_03,Real Rainfall 3,0.1,29,20870743,95,8384.56255922035,1510.4617168068246,9895.024276027176
output_noise,reward3_base,DQN reward3 Base,Results_DQN_reward3_o/model,real,2,real_03,Real Rainfall 3,0.1,30,20870744,95,8526.961521310082,2911.3882898612915,11438.349811171374
output_noise,reward3_base,DQN reward3 Base,Results_DQN_reward3_o/model,real,2,real_03,Real Rainfall 3,0.1,31,20870745,95,8344.791551799675,2725.789415788155,11070.58096758783
output_noise,reward3_base,DQN reward3 Base,Results_DQN_reward3_o/model,real,2,real_03,Real Rainfall 3,0.1,32,20870746,95,8440.486672626366,2492.435173010211,10932.921845636578
output_noise,reward3_base,DQN reward3 Base,Results_DQN_reward3_o/model,real,2,real_03,Real Rainfall 3,0.1,33,20870747,95,8480.973564478885,2463.4480544868984,10944.421618965784
output_noise,reward3_base,DQN reward3 Base,Results_DQN_reward3_o/model,real,2,real_03,Real Rainfall 3,0.1,34,20870748,95,8411.606975014496,1709.1209374072873,10120.727912421784
output_noise,reward3_base,DQN reward3 Base,Results_DQN_reward3_o/model,real,2,real_03,Real Rainfall 3,0.1,35,20870749,95,8408.344374518667,2887.1663291786635,11295.510703697331
output_noise,reward3_base,DQN reward3 Base,Results_DQN_reward3_o/model,real,2,real_03,Real Rainfall 3,0.1,36,20870750,95,8456.75513848656,1342.2643111431933,9799.019449629754
output_noise,reward3_base,DQN reward3 Base,Results_DQN_reward3_o/model,real,2,real_03,Real Rainfall 3,0.1,37,20870751,95,8489.818640775193,3665.012289620273,12154.830930395467
output_noise,reward3_base,DQN reward3 Base,Results_DQN_reward3_o/model,real,2,real_03,Real Rainfall 3,0.1,38,20870752,95,8383.969411832813,1290.8684582063167,9674.83787003913
output_noise,reward3_base,DQN reward3 Base,Results_DQN_reward3_o/model,real,2,real_03,Real Rainfall 3,0.1,39,20870753,95,8441.097207263136,1460.6003502577373,9901.697557520873
output_noise,reward3_base,DQN reward3 Base,Results_DQN_reward3_o/model,real,2,real_03,Real Rainfall 3,0.1,40,20870754,95,8342.484222805964,1319.0374062244102,9661.521629030374
output_noise,reward3_base,DQN reward3 Base,Results_DQN_reward3_o/model,real,2,real_03,Real Rainfall 3,0.1,41,20870755,95,8440.7456040593,2465.8724891317447,10906.618093191046
output_noise,reward3_base,DQN reward3 Base,Results_DQN_reward3_o/model,real,2,real_03,Real Rainfall 3,0.1,42,20870756,95,8480.071030358107,3606.580274362408,12086.651304720515
output_noise,reward3_base,DQN reward3 Base,Results_DQN_reward3_o/model,real,2,real_03,Real Rainfall 3,0.1,43,20870757,95,8380.189602839693,1308.4513762469312,9688.640979086624
output_noise,reward3_base,DQN reward3 Base,Results_DQN_reward3_o/model,real,2,real_03,Real Rainfall 3,0.1,44,20870758,95,8370.15677687933,1296.6583365436657,9666.815113422996
output_noise,reward3_base,DQN reward3 Base,Results_DQN_reward3_o/model,real,2,real_03,Real Rainfall 3,0.1,45,20870759,95,8375.204893096636,2090.002970193654,10465.20786329029
output_noise,reward3_base,DQN reward3 Base,Results_DQN_reward3_o/model,real,2,real_03,Real Rainfall 3,0.1,46,20870760,95,8440.664598416815,2665.3485107270353,11106.01310914385
output_noise,reward3_base,DQN reward3 Base,Results_DQN_reward3_o/model,real,2,real_03,Real Rainfall 3,0.1,47,20870761,95,8430.523170062312,3692.370731155275,12122.893901217587
output_noise,reward3_base,DQN reward3 Base,Results_DQN_reward3_o/model,real,2,real_03,Real Rainfall 3,0.1,48,20870762,95,8451.173513366171,3629.150049765356,12080.323563131527
output_noise,reward3_base,DQN reward3 Base,Results_DQN_reward3_o/model,real,2,real_03,Real Rainfall 3,0.1,49,20870763,95,8374.920577262646,1293.9856318819118,9668.906209144558
output_noise,reward3_base,DQN reward3 Base,Results_DQN_reward3_o/model,real,3,real_04,Real Rainfall 4,0.05,0,20965714,95,6319.495252603774,2871.2340725948143,9190.729325198588
output_noise,reward3_base,DQN reward3 Base,Results_DQN_reward3_o/model,real,3,real_04,Real Rainfall 4,0.05,1,20965715,95,6355.66512088645,1997.5738537743284,8353.238974660779
output_noise,reward3_base,DQN reward3 Base,Results_DQN_reward3_o/model,real,3,real_04,Real Rainfall 4,0.05,2,20965716,95,6378.546866790427,2416.2907431799886,8794.837609970415
output_noise,reward3_base,DQN reward3 Base,Results_DQN_reward3_o/model,real,3,real_04,Real Rainfall 4,0.05,3,20965717,95,6314.834074541949,3014.813734111902,9329.647808653852
output_noise,reward3_base,DQN reward3 Base,Results_DQN_reward3_o/model,real,3,real_04,Real Rainfall 4,0.05,4,20965718,95,6393.159367632823,2680.2278767520743,9073.387244384898
output_noise,reward3_base,DQN reward3 Base,Results_DQN_reward3_o/model,real,3,real_04,Real Rainfall 4,0.05,5,20965719,95,6326.635750321085,2630.448598789798,8957.084349110883
output_noise,reward3_base,DQN reward3 Base,Results_DQN_reward3_o/model,real,3,real_04,Real Rainfall 4,0.05,6,20965720,95,6240.732389890669,2899.047203913297,9139.779593803965
output_noise,reward3_base,DQN reward3 Base,Results_DQN_reward3_o/model,real,3,real_04,Real Rainfall 4,0.05,7,20965721,95,6304.407704146902,3450.2688246002435,9754.676528747146
output_noise,reward3_base,DQN reward3 Base,Results_DQN_reward3_o/model,real,3,real_04,Real Rainfall 4,0.05,8,20965722,95,6299.991338629153,3647.8415811196273,9947.83291974878
output_noise,reward3_base,DQN reward3 Base,Results_DQN_reward3_o/model,real,3,real_04,Real Rainfall 4,0.05,9,20965723,95,6369.668376870588,2431.7711672279393,8801.439544098528
output_noise,reward3_base,DQN reward3 Base,Results_DQN_reward3_o/model,real,3,real_04,Real Rainfall 4,0.05,10,20965724,95,6329.260235729183,3228.13571515624,9557.395950885422
output_noise,reward3_base,DQN reward3 Base,Results_DQN_reward3_o/model,real,3,real_04,Real Rainfall 4,0.05,11,20965725,95,6361.952190216543,2303.608431742557,8665.5606219591
output_noise,reward3_base,DQN reward3 Base,Results_DQN_reward3_o/model,real,3,real_04,Real Rainfall 4,0.05,12,20965726,95,6293.800675298096,1658.3404233125036,7952.1410986106
output_noise,reward3_base,DQN reward3 Base,Results_DQN_reward3_o/model,real,3,real_04,Real Rainfall 4,0.05,13,20965727,95,6340.146852154606,2884.336618870406,9224.48347102501
output_noise,reward3_base,DQN reward3 Base,Results_DQN_reward3_o/model,real,3,real_04,Real Rainfall 4,0.05,14,20965728,95,6326.436670140317,1214.2340021616483,7540.670672301965
output_noise,reward3_base,DQN reward3 Base,Results_DQN_reward3_o/model,real,3,real_04,Real Rainfall 4,0.05,15,20965729,95,6374.161894370209,1318.6028635992895,7692.7647579694985
output_noise,reward3_base,DQN reward3 Base,Results_DQN_reward3_o/model,real,3,real_04,Real Rainfall 4,0.05,16,20965730,95,6355.888916831759,1426.59751424247,7782.486431074229
output_noise,reward3_base,DQN reward3 Base,Results_DQN_reward3_o/model,real,3,real_04,Real Rainfall 4,0.05,17,20965731,95,6321.029082347814,2859.9664103992372,9180.995492747052
output_noise,reward3_base,DQN reward3 Base,Results_DQN_reward3_o/model,real,3,real_04,Real Rainfall 4,0.05,18,20965732,95,6382.418545012616,2487.2433674233225,8869.661912435939
output_noise,reward3_base,DQN reward3 Base,Results_DQN_reward3_o/model,real,3,real_04,Real Rainfall 4,0.05,19,20965733,95,6361.332250634062,4257.893119743304,10619.225370377366
output_noise,reward3_base,DQN reward3 Base,Results_DQN_reward3_o/model,real,3,real_04,Real Rainfall 4,0.05,20,20965734,95,6333.491534863731,3998.872580835767,10332.364115699498
output_noise,reward3_base,DQN reward3 Base,Results_DQN_reward3_o/model,real,3,real_04,Real Rainfall 4,0.05,21,20965735,95,6199.445952245314,1494.7568589757068,7694.202811221021
output_noise,reward3_base,DQN reward3 Base,Results_DQN_reward3_o/model,real,3,real_04,Real Rainfall 4,0.05,22,20965736,95,6327.352893188119,4242.033272152902,10569.38616534102
output_noise,reward3_base,DQN reward3 Base,Results_DQN_reward3_o/model,real,3,real_04,Real Rainfall 4,0.05,23,20965737,95,6333.257547807908,1448.2853414903554,7781.542889298264
output_noise,reward3_base,DQN reward3 Base,Results_DQN_reward3_o/model,real,3,real_04,Real Rainfall 4,0.05,24,20965738,95,6392.484249091081,1521.3977492968152,7913.881998387897
output_noise,reward3_base,DQN reward3 Base,Results_DQN_reward3_o/model,real,3,real_04,Real Rainfall 4,0.05,25,20965739,95,6198.53503742669,1501.8879675253418,7700.423004952032
output_noise,reward3_base,DQN reward3 Base,Results_DQN_reward3_o/model,real,3,real_04,Real Rainfall 4,0.05,26,20965740,95,6203.181920547336,1496.9502773353422,7700.132197882678
output_noise,reward3_base,DQN reward3 Base,Results_DQN_reward3_o/model,real,3,real_04,Real Rainfall 4,0.05,27,20965741,95,6293.372508252441,2894.063705052657,9187.436213305098
output_noise,reward3_base,DQN reward3 Base,Results_DQN_reward3_o/model,real,3,real_04,Real Rainfall 4,0.05,28,20965742,95,6382.382009753637,2794.133026772788,9176.515036526425
output_noise,reward3_base,DQN reward3 Base,Results_DQN_reward3_o/model,real,3,real_04,Real Rainfall 4,0.05,29,20965743,95,6312.547068694766,1303.5622493310518,7616.109318025818
output_noise,reward3_base,DQN reward3 Base,Results_DQN_reward3_o/model,real,3,real_04,Real Rainfall 4,0.05,30,20965744,95,6320.623352669025,3662.4830476532293,9983.106400322255
output_noise,reward3_base,DQN reward3 Base,Results_DQN_reward3_o/model,real,3,real_04,Real Rainfall 4,0.05,31,20965745,95,6373.941628498008,4286.878299199945,10660.819927697954
output_noise,reward3_base,DQN reward3 Base,Results_DQN_reward3_o/model,real,3,real_04,Real Rainfall 4,0.05,32,20965746,95,6343.640682651782,1586.3896083049308,7930.030290956713
output_noise,reward3_base,DQN reward3 Base,Results_DQN_reward3_o/model,real,3,real_04,Real Rainfall 4,0.05,33,20965747,95,6356.024173866468,2454.4385648057296,8810.462738672199
output_noise,reward3_base,DQN reward3 Base,Results_DQN_reward3_o/model,real,3,real_04,Real Rainfall 4,0.05,34,20965748,95,6312.7644502299,3025.7877610908263,9338.552211320726
output_noise,reward3_base,DQN reward3 Base,Results_DQN_reward3_o/model,real,3,real_04,Real Rainfall 4,0.05,35,20965749,95,6378.827348013663,3255.046122559822,9633.873470573486
output_noise,reward3_base,DQN reward3 Base,Results_DQN_reward3_o/model,real,3,real_04,Real Rainfall 4,0.05,36,20965750,95,6340.347158638271,2234.1910453442656,8574.538203982536
output_noise,reward3_base,DQN reward3 Base,Results_DQN_reward3_o/model,real,3,real_04,Real Rainfall 4,0.05,37,20965751,95,6314.389358608018,1654.3697787300991,7968.7591373381165
output_noise,reward3_base,DQN reward3 Base,Results_DQN_reward3_o/model,real,3,real_04,Real Rainfall 4,0.05,38,20965752,95,6320.649518629117,2837.880167095669,9158.529685724785
output_noise,reward3_base,DQN reward3 Base,Results_DQN_reward3_o/model,real,3,real_04,Real Rainfall 4,0.05,39,20965753,95,6376.394036836175,3437.2823857383237,9813.6764225745
output_noise,reward3_base,DQN reward3 Base,Results_DQN_reward3_o/model,real,3,real_04,Real Rainfall 4,0.05,40,20965754,95,6309.144299625179,2836.620880596621,9145.7651802218
output_noise,reward3_base,DQN reward3 Base,Results_DQN_reward3_o/model,real,3,real_04,Real Rainfall 4,0.05,41,20965755,95,6381.812749564396,2973.9962707729396,9355.809020337336
output_noise,reward3_base,DQN reward3 Base,Results_DQN_reward3_o/model,real,3,real_04,Real Rainfall 4,0.05,42,20965756,95,6335.247838699173,2108.0622539711617,8443.310092670336
output_noise,reward3_base,DQN reward3 Base,Results_DQN_reward3_o/model,real,3,real_04,Real Rainfall 4,0.05,43,20965757,95,6399.667866330201,2442.641853240787,8842.309719570989
output_noise,reward3_base,DQN reward3 Base,Results_DQN_reward3_o/model,real,3,real_04,Real Rainfall 4,0.05,44,20965758,95,6317.273225727972,3916.069300317015,10233.342526044988
output_noise,reward3_base,DQN reward3 Base,Results_DQN_reward3_o/model,real,3,real_04,Real Rainfall 4,0.05,45,20965759,95,6347.372272249157,1210.4464336196413,7557.818705868798
output_noise,reward3_base,DQN reward3 Base,Results_DQN_reward3_o/model,real,3,real_04,Real Rainfall 4,0.05,46,20965760,95,6382.778154089924,2962.4482079354757,9345.2263620254
output_noise,reward3_base,DQN reward3 Base,Results_DQN_reward3_o/model,real,3,real_04,Real Rainfall 4,0.05,47,20965761,95,6305.242043490848,2677.791776003175,8983.033819494023
output_noise,reward3_base,DQN reward3 Base,Results_DQN_reward3_o/model,real,3,real_04,Real Rainfall 4,0.05,48,20965762,95,6314.193353232613,3243.3818229898534,9557.575176222466
output_noise,reward3_base,DQN reward3 Base,Results_DQN_reward3_o/model,real,3,real_04,Real Rainfall 4,0.05,49,20965763,95,6317.860980496559,2862.9073309087353,9180.768311405294
output_noise,reward3_base,DQN reward3 Base,Results_DQN_reward3_o/model,real,3,real_04,Real Rainfall 4,0.1,0,20970714,95,6323.253539374081,1321.293862501433,7644.547401875514
output_noise,reward3_base,DQN reward3 Base,Results_DQN_reward3_o/model,real,3,real_04,Real Rainfall 4,0.1,1,20970715,95,6383.421495344294,2952.345841811952,9335.767337156247
output_noise,reward3_base,DQN reward3 Base,Results_DQN_reward3_o/model,real,3,real_04,Real Rainfall 4,0.1,2,20970716,95,6326.841408948545,2878.726778541325,9205.56818748987
output_noise,reward3_base,DQN reward3 Base,Results_DQN_reward3_o/model,real,3,real_04,Real Rainfall 4,0.1,3,20970717,95,6408.070896748358,4352.416584600788,10760.487481349146
output_noise,reward3_base,DQN reward3 Base,Results_DQN_reward3_o/model,real,3,real_04,Real Rainfall 4,0.1,4,20970718,95,6360.568857639056,2882.932914340917,9243.501771979973
output_noise,reward3_base,DQN reward3 Base,Results_DQN_reward3_o/model,real,3,real_04,Real Rainfall 4,0.1,5,20970719,95,6340.793590646785,3648.577856988809,9989.371447635593
output_noise,reward3_base,DQN reward3 Base,Results_DQN_reward3_o/model,real,3,real_04,Real Rainfall 4,0.1,6,20970720,95,6411.120953962793,4231.353910563207,10642.474864526
output_noise,reward3_base,DQN reward3 Base,Results_DQN_reward3_o/model,real,3,real_04,Real Rainfall 4,0.1,7,20970721,95,6219.703583063785,3011.9800338600094,9231.683616923794
output_noise,reward3_base,DQN reward3 Base,Results_DQN_reward3_o/model,real,3,real_04,Real Rainfall 4,0.1,8,20970722,95,6263.620208535136,3717.803364410627,9981.423572945763
output_noise,reward3_base,DQN reward3 Base,Results_DQN_reward3_o/model,real,3,real_04,Real Rainfall 4,0.1,9,20970723,95,6290.958098390941,2395.927514822628,8686.88561321357
output_noise,reward3_base,DQN reward3 Base,Results_DQN_reward3_o/model,real,3,real_04,Real Rainfall 4,0.1,10,20970724,95,6354.6125121169625,3429.0746035429547,9783.687115659917
output_noise,reward3_base,DQN reward3 Base,Results_DQN_reward3_o/model,real,3,real_04,Real Rainfall 4,0.1,11,20970725,95,6380.440530966629,3375.1867566813285,9755.627287647958
output_noise,reward3_base,DQN reward3 Base,Results_DQN_reward3_o/model,real,3,real_04,Real Rainfall 4,0.1,12,20970726,95,6305.263236025067,3010.3504426766067,9315.613678701673
output_noise,reward3_base,DQN reward3 Base,Results_DQN_reward3_o/model,real,3,real_04,Real Rainfall 4,0.1,13,20970727,95,6216.812981216071,2472.7542210725446,8689.567202288616
output_noise,reward3_base,DQN reward3 Base,Results_DQN_reward3_o/model,real,3,real_04,Real Rainfall 4,0.1,14,20970728,95,6291.246891118209,2438.0272828119787,8729.274173930187
output_noise,reward3_base,DQN reward3 Base,Results_DQN_reward3_o/model,real,3,real_04,Real Rainfall 4,0.1,15,20970729,95,6313.771446190608,1453.1130605267829,7766.884506717391
output_noise,reward3_base,DQN reward3 Base,Results_DQN_reward3_o/model,real,3,real_04,Real Rainfall 4,0.1,16,20970730,95,6391.333736250792,2797.1196261211,9188.453362371893
output_noise,reward3_base,DQN reward3 Base,Results_DQN_reward3_o/model,real,3,real_04,Real Rainfall 4,0.1,17,20970731,95,6449.8919787146815,3036.677183290167,9486.56916200485
output_noise,reward3_base,DQN reward3 Base,Results_DQN_reward3_o/model,real,3,real_04,Real Rainfall 4,0.1,18,20970732,95,6357.462711883677,2814.288313979843,9171.75102586352
output_noise,reward3_base,DQN reward3 Base,Results_DQN_reward3_o/model,real,3,real_04,Real Rainfall 4,0.1,19,20970733,95,6245.5767005401585,1485.064923523244,7730.641624063403
output_noise,reward3_base,DQN reward3 Base,Results_DQN_reward3_o/model,real,3,real_04,Real Rainfall 4,0.1,20,20970734,95,6293.021385985022,3098.219976033272,9391.241362018294
output_noise,reward3_base,DQN reward3 Base,Results_DQN_reward3_o/model,real,3,real_04,Real Rainfall 4,0.1,21,20970735,95,6343.03723782798,1378.299771756931,7721.337009584911
output_noise,reward3_base,DQN reward3 Base,Results_DQN_reward3_o/model,real,3,real_04,Real Rainfall 4,0.1,22,20970736,95,6357.385249146497,2802.9665838902615,9160.351833036759
output_noise,reward3_base,DQN reward3 Base,Results_DQN_reward3_o/model,real,3,real_04,Real Rainfall 4,0.1,23,20970737,95,6316.698489924487,2240.886327324891,8557.584817249379
output_noise,reward3_base,DQN reward3 Base,Results_DQN_reward3_o/model,real,3,real_04,Real Rainfall 4,0.1,24,20970738,95,6256.665716367281,2263.362170509881,8520.027886877162
output_noise,reward3_base,DQN reward3 Base,Results_DQN_reward3_o/model,real,3,real_04,Real Rainfall 4,0.1,25,20970739,95,6354.682879253931,2252.6403652385534,8607.323244492483
output_noise,reward3_base,DQN reward3 Base,Results_DQN_reward3_o/model,real,3,real_04,Real Rainfall 4,0.1,26,20970740,95,6273.512564913355,2823.7457296696143,9097.258294582969
output_noise,reward3_base,DQN reward3 Base,Results_DQN_reward3_o/model,real,3,real_04,Real Rainfall 4,0.1,27,20970741,95,6399.6193694494805,2744.4387886246896,9144.058158074171
output_noise,reward3_base,DQN reward3 Base,Results_DQN_reward3_o/model,real,3,real_04,Real Rainfall 4,0.1,28,20970742,95,6368.976005977879,2926.1729708349803,9295.14897681286
output_noise,reward3_base,DQN reward3 Base,Results_DQN_reward3_o/model,real,3,real_04,Real Rainfall 4,0.1,29,20970743,95,6323.840017240396,2624.840029780542,8948.680047020938
output_noise,reward3_base,DQN reward3 Base,Results_DQN_reward3_o/model,real,3,real_04,Real Rainfall 4,0.1,30,20970744,95,6367.180131867101,2657.072040149256,9024.252172016357
output_noise,reward3_base,DQN reward3 Base,Results_DQN_reward3_o/model,real,3,real_04,Real Rainfall 4,0.1,31,20970745,95,6384.099354807866,3943.8553766581413,10327.954731466007
output_noise,reward3_base,DQN reward3 Base,Results_DQN_reward3_o/model,real,3,real_04,Real Rainfall 4,0.1,32,20970746,95,6211.748774275136,2677.0410691270913,8888.789843402228
output_noise,reward3_base,DQN reward3 Base,Results_DQN_reward3_o/model,real,3,real_04,Real Rainfall 4,0.1,33,20970747,95,6380.383836902224,3501.280480009465,9881.664316911689
output_noise,reward3_base,DQN reward3 Base,Results_DQN_reward3_o/model,real,3,real_04,Real Rainfall 4,0.1,34,20970748,95,6382.402865642651,1185.6002733157454,7568.003138958396
output_noise,reward3_base,DQN reward3 Base,Results_DQN_reward3_o/model,real,3,real_04,Real Rainfall 4,0.1,35,20970749,95,6203.166482386336,1492.1231473760292,7695.289629762365
output_noise,reward3_base,DQN reward3 Base,Results_DQN_reward3_o/model,real,3,real_04,Real Rainfall 4,0.1,36,20970750,95,6365.913119926675,2781.003467378875,9146.91658730555
output_noise,reward3_base,DQN reward3 Base,Results_DQN_reward3_o/model,real,3,real_04,Real Rainfall 4,0.1,37,20970751,95,6381.225899085319,4081.4337964724245,10462.659695557744
output_noise,reward3_base,DQN reward3 Base,Results_DQN_reward3_o/model,real,3,real_04,Real Rainfall 4,0.1,38,20970752,95,6400.158259174413,3448.0805917890284,9848.23885096344
output_noise,reward3_base,DQN reward3 Base,Results_DQN_reward3_o/model,real,3,real_04,Real Rainfall 4,0.1,39,20970753,95,6374.224431900659,2626.262058270978,9000.486490171636
output_noise,reward3_base,DQN reward3 Base,Results_DQN_reward3_o/model,real,3,real_04,Real Rainfall 4,0.1,40,20970754,95,6248.493646992588,1480.38479307872,7728.8784400713075
output_noise,reward3_base,DQN reward3 Base,Results_DQN_reward3_o/model,real,3,real_04,Real Rainfall 4,0.1,41,20970755,95,6356.8221918353465,1692.9083856145924,8049.730577449939
output_noise,reward3_base,DQN reward3 Base,Results_DQN_reward3_o/model,real,3,real_04,Real Rainfall 4,0.1,42,20970756,95,6339.328164899626,2860.300320871387,9199.628485771012
output_noise,reward3_base,DQN reward3 Base,Results_DQN_reward3_o/model,real,3,real_04,Real Rainfall 4,0.1,43,20970757,95,6371.820556992621,2402.60087200243,8774.42142899505
output_noise,reward3_base,DQN reward3 Base,Results_DQN_reward3_o/model,real,3,real_04,Real Rainfall 4,0.1,44,20970758,95,6371.472676066802,2800.915191945108,9172.387868011909
output_noise,reward3_base,DQN reward3 Base,Results_DQN_reward3_o/model,real,3,real_04,Real Rainfall 4,0.1,45,20970759,95,6355.883487650941,3987.1167913797385,10343.000279030679
output_noise,reward3_base,DQN reward3 Base,Results_DQN_reward3_o/model,real,3,real_04,Real Rainfall 4,0.1,46,20970760,95,6347.740738616054,1968.0306442545752,8315.77138287063
output_noise,reward3_base,DQN reward3 Base,Results_DQN_reward3_o/model,real,3,real_04,Real Rainfall 4,0.1,47,20970761,95,6210.428498400486,1505.7466325700086,7716.175130970495
output_noise,reward3_base,DQN reward3 Base,Results_DQN_reward3_o/model,real,3,real_04,Real Rainfall 4,0.1,48,20970762,95,6206.854311900732,2690.6970971584956,8897.551409059228
output_noise,reward3_base,DQN reward3 Base,Results_DQN_reward3_o/model,real,3,real_04,Real Rainfall 4,0.1,49,20970763,95,6227.604871021102,3054.3906347840284,9281.995505805131
