script_type,model_key,model_label,model_dir,source,rain_id,event_label,event_title,delta,repeat_index,seed,num_steps,final_flooding,final_cso,total_overflow
output_noise,reward5_gci,DQN reward5 GCI,Results_DQN_reward5/model,design,70,design_21,Design Rainfall 21,0.05,0,20265714,95,1369.5797560663468,970.498395813021,2340.078151879368
output_noise,reward5_gci,DQN reward5 GCI,Results_DQN_reward5/model,design,70,design_21,Design Rainfall 21,0.05,1,20265715,95,1369.0569652231454,963.8947707788122,2332.9517360019577
output_noise,reward5_gci,DQN reward5 GCI,Results_DQN_reward5/model,design,70,design_21,Design Rainfall 21,0.05,2,20265716,95,1368.0409457060598,979.0449027290662,2347.085848435126
output_noise,reward5_gci,DQN reward5 GCI,Results_DQN_reward5/model,design,70,design_21,Design Rainfall 21,0.05,3,20265717,95,1370.0060963079109,975.021828038808,2345.027924346719
output_noise,reward5_gci,DQN reward5 GCI,Results_DQN_reward5/model,design,70,design_21,Design Rainfall 21,0.05,4,20265718,95,1369.701498650376,966.6290373531672,2336.330536003543
output_noise,reward5_gci,DQN reward5 GCI,Results_DQN_reward5/model,design,70,design_21,Design Rainfall 21,0.05,5,20265719,95,1370.6324784889177,970.6178729130767,2341.2503514019945
output_noise,reward5_gci,DQN reward5 GCI,Results_DQN_reward5/model,design,70,design_21,Design Rainfall 21,0.05,6,20265720,95,1368.0221572548098,978.475936330401,2346.498093585211
output_noise,reward5_gci,DQN reward5 GCI,Results_DQN_reward5/model,design,70,design_21,Design Rainfall 21,0.05,7,20265721,95,1369.6917617430327,979.0421644925449,2348.7339262355777
output_noise,reward5_gci,DQN reward5 GCI,Results_DQN_reward5/model,design,70,design_21,Design Rainfall 21,0.05,8,20265722,95,1371.4466800291866,973.8164711062028,2345.2631511353893
output_noise,reward5_gci,DQN reward5 GCI,Results_DQN_reward5/model,design,70,design_21,Design Rainfall 21,0.05,9,20265723,95,1370.0662075397909,965.6770025502702,2335.743210090061
output_noise,reward5_gci,DQN reward5 GCI,Results_DQN_reward5/model,design,70,design_21,Design Rainfall 21,0.05,10,20265724,95,1369.2241587975677,977.6442654673007,2346.8684242648683
output_noise,reward5_gci,DQN reward5 GCI,Results_DQN_reward5/model,design,70,design_21,Design Rainfall 21,0.05,11,20265725,95,1370.88397122234,971.7386305873779,2342.6226018097177
output_noise,reward5_gci,DQN reward5 GCI,Results_DQN_reward5/model,design,70,design_21,Design Rainfall 21,0.05,12,20265726,95,1370.6178034035527,974.466545675464,2345.0843490790166
output_noise,reward5_gci,DQN reward5 GCI,Results_DQN_reward5/model,design,70,design_21,Design Rainfall 21,0.05,13,20265727,95,1369.471224185811,970.5606231441259,2340.0318473299367
output_noise,reward5_gci,DQN reward5 GCI,Results_DQN_reward5/model,design,70,design_21,Design Rainfall 21,0.05,14,20265728,95,1369.1966851562333,979.0418214594496,2348.238506615683
output_noise,reward5_gci,DQN reward5 GCI,Results_DQN_reward5/model,design,70,design_21,Design Rainfall 21,0.05,15,20265729,95,1369.197596162412,970.523761252733,2339.721357415145
output_noise,reward5_gci,DQN reward5 GCI,Results_DQN_reward5/model,design,70,design_21,Design Rainfall 21,0.05,16,20265730,95,1367.7294061637758,977.8430750831365,2345.5724812469125
output_noise,reward5_gci,DQN reward5 GCI,Results_DQN_reward5/model,design,70,design_21,Design Rainfall 21,0.05,17,20265731,95,1370.591847909804,960.3809690180906,2330.9728169278947
output_noise,reward5_gci,DQN reward5 GCI,Results_DQN_reward5/model,design,70,design_21,Design Rainfall 21,0.05,18,20265732,95,1369.5290863140444,975.9605994887027,2345.489685802747
output_noise,reward5_gci,DQN reward5 GCI,Results_DQN_reward5/model,design,70,design_21,Design Rainfall 21,0.05,19,20265733,95,1370.0086265515747,978.9284463473442,2348.937072898919
output_noise,reward5_gci,DQN reward5 GCI,Results_DQN_reward5/model,design,70,design_21,Design Rainfall 21,0.05,20,20265734,95,1367.8135553635839,979.0401111138251,2346.853666477409
output_noise,reward5_gci,DQN reward5 GCI,Results_DQN_reward5/model,design,70,design_21,Design Rainfall 21,0.05,21,20265735,95,1368.6302556756546,978.0697650119992,2346.7000206876537
output_noise,reward5_gci,DQN reward5 GCI,Results_DQN_reward5/model,design,70,design_21,Design Rainfall 21,0.05,22,20265736,95,1370.8670389166443,971.8895231280487,2342.756562044693
output_noise,reward5_gci,DQN reward5 GCI,Results_DQN_reward5/model,design,70,design_21,Design Rainfall 21,0.05,23,20265737,95,1369.4406320862818,974.1342188292404,2343.574850915522
output_noise,reward5_gci,DQN reward5 GCI,Results_DQN_reward5/model,design,70,design_21,Design Rainfall 21,0.05,24,20265738,95,1369.9226208982604,967.976712616174,2337.8993335144346
output_noise,reward5_gci,DQN reward5 GCI,Results_DQN_reward5/model,design,70,design_21,Design Rainfall 21,0.05,25,20265739,95,1371.682426195459,971.6932200460479,2343.3756462415067
output_noise,reward5_gci,DQN reward5 GCI,Results_DQN_reward5/model,design,70,design_21,Design Rainfall 21,0.05,26,20265740,95,1368.5547861811447,970.9779636808005,2339.5327498619454
output_noise,reward5_gci,DQN reward5 GCI,Results_DQN_reward5/model,design,70,design_21,Design Rainfall 21,0.05,27,20265741,95,1369.1489490392194,968.4505861188352,2337.5995351580546
output_noise,reward5_gci,DQN reward5 GCI,Results_DQN_reward5/model,design,70,design_21,Design Rainfall 21,0.05,28,20265742,95,1370.1382391248062,978.1118756490636,2348.25011477387
output_noise,reward5_gci,DQN reward5 GCI,Results_DQN_reward5/model,design,70,design_21,Design Rainfall 21,0.05,29,20265743,95,1368.7870414090496,964.5704291405639,2333.3574705496135
output_noise,reward5_gci,DQN reward5 GCI,Results_DQN_reward5/model,design,70,design_21,Design Rainfall 21,0.05,30,20265744,95,1369.5912865886794,973.3968505532208,2342.9881371419
output_noise,reward5_gci,DQN reward5 GCI,Results_DQN_reward5/model,design,70,design_21,Design Rainfall 21,0.05,31,20265745,95,1371.1812337352692,972.2340344105605,2343.41526814583
output_noise,reward5_gci,DQN reward5 GCI,Results_DQN_reward5/model,design,70,design_21,Design Rainfall 21,0.05,32,20265746,95,1369.985855719486,971.6513243432121,2341.637180062698
output_noise,reward5_gci,DQN reward5 GCI,Results_DQN_reward5/model,design,70,design_21,Design Rainfall 21,0.05,33,20265747,95,1369.6169418579475,969.2151513551337,2338.832093213081
output_noise,reward5_gci,DQN reward5 GCI,Results_DQN_reward5/model,design,70,design_21,Design Rainfall 21,0.05,34,20265748,95,1370.1093984148915,974.3731781615976,2344.482576576489
output_noise,reward5_gci,DQN reward5 GCI,Results_DQN_reward5/model,design,70,design_21,Design Rainfall 21,0.05,35,20265749,95,1368.7240194296385,972.1701203210873,2340.894139750726
output_noise,reward5_gci,DQN reward5 GCI,Results_DQN_reward5/model,design,70,design_21,Design Rainfall 21,0.05,36,20265750,95,1370.7801288811643,962.0887104331302,2332.8688393142947
output_noise,reward5_gci,DQN reward5 GCI,Results_DQN_reward5/model,design,70,design_21,Design Rainfall 21,0.05,37,20265751,95,1367.2986926587628,979.0455871968915,2346.3442798556543
output_noise,reward5_gci,DQN reward5 GCI,Results_DQN_reward5/model,design,70,design_21,Design Rainfall 21,0.05,38,20265752,95,1369.7737727501576,974.2499107892236,2344.023683539381
output_noise,reward5_gci,DQN reward5 GCI,Results_DQN_reward5/model,design,70,design_21,Design Rainfall 21,0.05,39,20265753,95,1368.3719488728775,979.0401101338989,2347.4120590067764
output_noise,reward5_gci,DQN reward5 GCI,Results_DQN_reward5/model,design,70,design_21,Design Rainfall 21,0.05,40,20265754,95,1370.1389342602188,974.8673974748183,2345.006331735037
output_noise,reward5_gci,DQN reward5 GCI,Results_DQN_reward5/model,design,70,design_21,Design Rainfall 21,0.05,41,20265755,95,1368.880461962176,964.2006825541054,2333.0811445162813
output_noise,reward5_gci,DQN reward5 GCI,Results_DQN_reward5/model,design,70,design_21,Design Rainfall 21,0.05,42,20265756,95,1369.4665805372572,975.3775420961557,2344.844122633413
output_noise,reward5_gci,DQN reward5 GCI,Results_DQN_reward5/model,design,70,design_21,Design Rainfall 21,0.05,43,20265757,95,1370.268122225226,970.3216600277736,2340.5897822529996
output_noise,reward5_gci,DQN reward5 GCI,Results_DQN_reward5/model,design,70,design_21,Design Rainfall 21,0.05,44,20265758,95,1368.9139250421238,973.2071177144927,2342.1210427566166
output_noise,reward5_gci,DQN reward5 GCI,Results_DQN_reward5/model,design,70,design_21,Design Rainfall 21,0.05,45,20265759,95,1370.2915802112393,974.8313646984286,2345.122944909668
output_noise,reward5_gci,DQN reward5 GCI,Results_DQN_reward5/model,design,70,design_21,Design Rainfall 21,0.05,46,20265760,95,1369.0299398320876,978.0678740461808,2347.0978138782684
output_noise,reward5_gci,DQN reward5 GCI,Results_DQN_reward5/model,design,70,design_21,Design Rainfall 21,0.05,47,20265761,95,1368.8940772813182,974.7050357481846,2343.599113029503
output_noise,reward5_gci,DQN reward5 GCI,Results_DQN_reward5/model,design,70,design_21,Design Rainfall 21,0.05,48,20265762,95,1369.6727690500304,973.4433306713164,2343.116099721347
output_noise,reward5_gci,DQN reward5 GCI,Results_DQN_reward5/model,design,70,design_21,Design Rainfall 21,0.05,49,20265763,95,1368.6624762575414,979.0449020756179,2347.7073783331593
output_noise,reward5_gci,DQN reward5 GCI,Results_DQN_reward5/model,design,70,design_21,Design Rainfall 21,0.1,0,20270714,95,1369.6689672715693,979.0503791693831,2348.7193464409524
output_noise,reward5_gci,DQN reward5 GCI,Results_DQN_reward5/model,design,70,design_21,Design Rainfall 21,0.1,1,20270715,95,1369.7192176833687,979.040110035438,2348.7593277188066
output_noise,reward5_gci,DQN reward5 GCI,Results_DQN_reward5/model,design,70,design_21,Design Rainfall 21,0.1,2,20270716,95,1369.562686546662,974.7846062704174,2344.3472928170795
output_noise,reward5_gci,DQN reward5 GCI,Results_DQN_reward5/model,design,70,design_21,Design Rainfall 21,0.1,3,20270717,95,1368.0765299341751,979.0401109866685,2347.1166409208436
output_noise,reward5_gci,DQN reward5 GCI,Results_DQN_reward5/model,design,70,design_21,Design Rainfall 21,0.1,4,20270718,95,1367.619928874247,953.4192811782184,2321.0392100524655
output_noise,reward5_gci,DQN reward5 GCI,Results_DQN_reward5/model,design,70,design_21,Design Rainfall 21,0.1,5,20270719,95,1369.0116614725894,974.999031537658,2344.0106930102475
output_noise,reward5_gci,DQN reward5 GCI,Results_DQN_reward5/model,design,70,design_21,Design Rainfall 21,0.1,6,20270720,95,1370.759118993098,979.0401114647599,2349.799230457858
output_noise,reward5_gci,DQN reward5 GCI,Results_DQN_reward5/model,design,70,design_21,Design Rainfall 21,0.1,7,20270721,95,1368.1018560789494,960.3990540130412,2328.5009100919906
output_noise,reward5_gci,DQN reward5 GCI,Results_DQN_reward5/model,design,70,design_21,Design Rainfall 21,0.1,8,20270722,95,1368.5285657311601,967.1613973730203,2335.6899631041806
output_noise,reward5_gci,DQN reward5 GCI,Results_DQN_reward5/model,design,70,design_21,Design Rainfall 21,0.1,9,20270723,95,1367.6515583851437,969.5521512800304,2337.2037096651743
output_noise,reward5_gci,DQN reward5 GCI,Results_DQN_reward5/model,design,70,design_21,Design Rainfall 21,0.1,10,20270724,95,1370.3526196884068,977.3453322995476,2347.697951987954
output_noise,reward5_gci,DQN reward5 GCI,Results_DQN_reward5/model,design,70,design_21,Design Rainfall 21,0.1,11,20270725,95,1368.5280761176678,979.0483256627081,2347.576401780376
output_noise,reward5_gci,DQN reward5 GCI,Results_DQN_reward5/model,design,70,design_21,Design Rainfall 21,0.1,12,20270726,95,1369.265908132468,979.0418214478051,2348.307729580273
output_noise,reward5_gci,DQN reward5 GCI,Results_DQN_reward5/model,design,70,design_21,Design Rainfall 21,0.1,13,20270727,95,1371.1538797847534,972.4186435425872,2343.5725233273406
output_noise,reward5_gci,DQN reward5 GCI,Results_DQN_reward5/model,design,70,design_21,Design Rainfall 21,0.1,14,20270728,95,1369.0043539551646,964.5376441955198,2333.5419981506843
output_noise,reward5_gci,DQN reward5 GCI,Results_DQN_reward5/model,design,70,design_21,Design Rainfall 21,0.1,15,20270729,95,1369.558011420305,970.6857088924726,2340.2437203127774
output_noise,reward5_gci,DQN reward5 GCI,Results_DQN_reward5/model,design,70,design_21,Design Rainfall 21,0.1,16,20270730,95,1370.1095682774512,962.7008243152393,2332.8103925926907
output_noise,reward5_gci,DQN reward5 GCI,Results_DQN_reward5/model,design,70,design_21,Design Rainfall 21,0.1,17,20270731,95,1368.4593224633804,961.92896666251,2330.3882891258904
output_noise,reward5_gci,DQN reward5 GCI,Results_DQN_reward5/model,design,70,design_21,Design Rainfall 21,0.1,18,20270732,95,1367.3954327461736,964.1789954790374,2331.574428225211
output_noise,reward5_gci,DQN reward5 GCI,Results_DQN_reward5/model,design,70,design_21,Design Rainfall 21,0.1,19,20270733,95,1370.1003560592842,971.366017143141,2341.466373202425
output_noise,reward5_gci,DQN reward5 GCI,Results_DQN_reward5/model,design,70,design_21,Design Rainfall 21,0.1,20,20270734,95,1369.9121307723883,963.1716370436038,2333.0837678159924
output_noise,reward5_gci,DQN reward5 GCI,Results_DQN_reward5/model,design,70,design_21,Design Rainfall 21,0.1,21,20270735,95,1368.1775680606504,950.4954267355448,2318.6729947961953
output_noise,reward5_gci,DQN reward5 GCI,Results_DQN_reward5/model,design,70,design_21,Design Rainfall 21,0.1,22,20270736,95,1370.0649744205111,964.2903491223343,2334.3553235428453
output_noise,reward5_gci,DQN reward5 GCI,Results_DQN_reward5/model,design,70,design_21,Design Rainfall 21,0.1,23,20270737,95,1369.6720552331672,962.8134848768968,2332.485540110064
output_noise,reward5_gci,DQN reward5 GCI,Results_DQN_reward5/model,design,70,design_21,Design Rainfall 21,0.1,24,20270738,95,1370.24200100847,979.0401101338989,2349.282111142369
output_noise,reward5_gci,DQN reward5 GCI,Results_DQN_reward5/model,design,70,design_21,Design Rainfall 21,0.1,25,20270739,95,1370.9302841811989,956.2063847707614,2327.13666895196
output_noise,reward5_gci,DQN reward5 GCI,Results_DQN_reward5/model,design,70,design_21,Design Rainfall 21,0.1,26,20270740,95,1368.9698440456484,963.1214349699931,2332.0912790156417
output_noise,reward5_gci,DQN reward5 GCI,Results_DQN_reward5/model,design,70,design_21,Design Rainfall 21,0.1,27,20270741,95,1371.088523092247,958.9472620970107,2330.0357851892577
output_noise,reward5_gci,DQN reward5 GCI,Results_DQN_reward5/model,design,70,design_21,Design Rainfall 21,0.1,28,20270742,95,1368.9686088798037,979.0401113046504,2348.008720184454
output_noise,reward5_gci,DQN reward5 GCI,Results_DQN_reward5/model,design,70,design_21,Design Rainfall 21,0.1,29,20270743,95,1369.7361067053107,979.0401101338989,2348.7762168392096
output_noise,reward5_gci,DQN reward5 GCI,Results_DQN_reward5/model,design,70,design_21,Design Rainfall 21,0.1,30,20270744,95,1369.5243922171726,979.0452446708978,2348.5696368880704
output_noise,reward5_gci,DQN reward5 GCI,Results_DQN_reward5/model,design,70,design_21,Design Rainfall 21,0.1,31,20270745,95,1368.4856828572374,969.1442297465481,2337.6299126037857
output_noise,reward5_gci,DQN reward5 GCI,Results_DQN_reward5/model,design,70,design_21,Design Rainfall 21,0.1,32,20270746,95,1370.6610425458803,979.0466136168902,2349.7076561627705
output_noise,reward5_gci,DQN reward5 GCI,Results_DQN_reward5/model,design,70,design_21,Design Rainfall 21,0.1,33,20270747,95,1368.0828951405895,973.8243454645929,2341.9072406051823
output_noise,reward5_gci,DQN reward5 GCI,Results_DQN_reward5/model,design,70,design_21,Design Rainfall 21,0.1,34,20270748,95,1369.8992330637025,966.9211343016112,2336.820367365314
output_noise,reward5_gci,DQN reward5 GCI,Results_DQN_reward5/model,design,70,design_21,Design Rainfall 21,0.1,35,20270749,95,1368.5041605003541,979.0493522904527,2347.553512790807
output_noise,reward5_gci,DQN reward5 GCI,Results_DQN_reward5/model,design,70,design_21,Design Rainfall 21,0.1,36,20270750,95,1368.8697199670723,958.8756955147412,2327.7454154818133
output_noise,reward5_gci,DQN reward5 GCI,Results_DQN_reward5/model,design,70,design_21,Design Rainfall 21,0.1,37,20270751,95,1368.8290131668045,979.0401096511977,2347.8691228180023
output_noise,reward5_gci,DQN reward5 GCI,Results_DQN_reward5/model,design,70,design_21,Design Rainfall 21,0.1,38,20270752,95,1368.877382931558,966.6429558952277,2335.5203388267855
output_noise,reward5_gci,DQN reward5 GCI,Results_DQN_reward5/model,design,70,design_21,Design Rainfall 21,0.1,39,20270753,95,1368.3214466683346,971.6181741624916,2339.9396208308262
output_noise,reward5_gci,DQN reward5 GCI,Results_DQN_reward5/model,design,70,design_21,Design Rainfall 21,0.1,40,20270754,95,1368.597091132138,979.0401101338989,2347.6372012660368
output_noise,reward5_gci,DQN reward5 GCI,Results_DQN_reward5/model,design,70,design_21,Design Rainfall 21,0.1,41,20270755,95,1369.8600393728225,945.5916640315946,2315.451703404417
output_noise,reward5_gci,DQN reward5 GCI,Results_DQN_reward5/model,design,70,design_21,Design Rainfall 21,0.1,42,20270756,95,1369.9759141195707,951.0796696541707,2321.0555837737415
output_noise,reward5_gci,DQN reward5 GCI,Results_DQN_reward5/model,design,70,design_21,Design Rainfall 21,0.1,43,20270757,95,1370.4020406893842,966.2610528118905,2336.6630935012745
output_noise,reward5_gci,DQN reward5 GCI,Results_DQN_reward5/model,design,70,design_21,Design Rainfall 21,0.1,44,20270758,95,1369.1296724789008,976.1684863215947,2345.2981588004955
output_noise,reward5_gci,DQN reward5 GCI,Results_DQN_reward5/model,design,70,design_21,Design Rainfall 21,0.1,45,20270759,95,1368.9180622586061,970.5666332001335,2339.4846954587397
output_noise,reward5_gci,DQN reward5 GCI,Results_DQN_reward5/model,design,70,design_21,Design Rainfall 21,0.1,46,20270760,95,1369.753415794783,970.1378724923873,2339.89128828717
output_noise,reward5_gci,DQN reward5 GCI,Results_DQN_reward5/model,design,70,design_21,Design Rainfall 21,0.1,47,20270761,95,1369.960523173588,958.2748398482723,2328.2353630218604
output_noise,reward5_gci,DQN reward5 GCI,Results_DQN_reward5/model,design,70,design_21,Design Rainfall 21,0.1,48,20270762,95,1368.512095219317,979.0472980021086,2347.5593932214256
output_noise,reward5_gci,DQN reward5 GCI,Results_DQN_reward5/model,design,70,design_21,Design Rainfall 21,0.1,49,20270763,95,1368.6195574596297,979.0462711211956,2347.6658285808253
output_noise,reward5_gci,DQN reward5 GCI,Results_DQN_reward5/model,design,64,design_15,Design Rainfall 15,0.05,0,20365714,95,3626.7870956643083,975.704898108954,4602.491993773262
output_noise,reward5_gci,DQN reward5 GCI,Results_DQN_reward5/model,design,64,design_15,Design Rainfall 15,0.05,1,20365715,95,3635.9924349208954,971.7632641890532,4607.755699109948
output_noise,reward5_gci,DQN reward5 GCI,Results_DQN_reward5/model,design,64,design_15,Design Rainfall 15,0.05,2,20365716,95,3623.6395485848952,976.3421436113803,4599.981692196276
output_noise,reward5_gci,DQN reward5 GCI,Results_DQN_reward5/model,design,64,design_15,Design Rainfall 15,0.05,3,20365717,95,3629.8182786937205,977.6562449606529,4607.474523654373
output_noise,reward5_gci,DQN reward5 GCI,Results_DQN_reward5/model,design,64,design_15,Design Rainfall 15,0.05,4,20365718,95,3625.8079961745198,968.6789099405466,4594.486906115067
output_noise,reward5_gci,DQN reward5 GCI,Results_DQN_reward5/model,design,64,design_15,Design Rainfall 15,0.05,5,20365719,95,3626.909979186665,976.8297960866032,4603.739775273269
output_noise,reward5_gci,DQN reward5 GCI,Results_DQN_reward5/model,design,64,design_15,Design Rainfall 15,0.05,6,20365720,95,3621.1785001732114,969.105970855937,4590.284471029148
output_noise,reward5_gci,DQN reward5 GCI,Results_DQN_reward5/model,design,64,design_15,Design Rainfall 15,0.05,7,20365721,95,3619.7478283138007,969.4215299514617,4589.169358265262
output_noise,reward5_gci,DQN reward5 GCI,Results_DQN_reward5/model,design,64,design_15,Design Rainfall 15,0.05,8,20365722,95,3624.4252755389775,972.9045289877448,4597.329804526722
output_noise,reward5_gci,DQN reward5 GCI,Results_DQN_reward5/model,design,64,design_15,Design Rainfall 15,0.05,9,20365723,95,3633.4687708134225,972.0485557022988,4605.517326515721
output_noise,reward5_gci,DQN reward5 GCI,Results_DQN_reward5/model,design,64,design_15,Design Rainfall 15,0.05,10,20365724,95,3627.269795873029,972.6848758314866,4599.954671704516
output_noise,reward5_gci,DQN reward5 GCI,Results_DQN_reward5/model,design,64,design_15,Design Rainfall 15,0.05,11,20365725,95,3621.516747767423,977.6254889101332,4599.142236677556
output_noise,reward5_gci,DQN reward5 GCI,Results_DQN_reward5/model,design,64,design_15,Design Rainfall 15,0.05,12,20365726,95,3625.9169288544044,979.0401105646558,4604.9570394190605
output_noise,reward5_gci,DQN reward5 GCI,Results_DQN_reward5/model,design,64,design_15,Design Rainfall 15,0.05,13,20365727,95,3628.7285033675935,978.6724289004136,4607.400932268007
output_noise,reward5_gci,DQN reward5 GCI,Results_DQN_reward5/model,design,64,design_15,Design Rainfall 15,0.05,14,20365728,95,3631.7672638008953,978.2157455438404,4609.983009344735
output_noise,reward5_gci,DQN reward5 GCI,Results_DQN_reward5/model,design,64,design_15,Design Rainfall 15,0.05,15,20365729,95,3623.088491296859,977.0891455927084,4600.177636889567
output_noise,reward5_gci,DQN reward5 GCI,Results_DQN_reward5/model,design,64,design_15,Design Rainfall 15,0.05,16,20365730,95,3628.612834495248,970.389818620163,4599.002653115411
output_noise,reward5_gci,DQN reward5 GCI,Results_DQN_reward5/model,design,64,design_15,Design Rainfall 15,0.05,17,20365731,95,3628.425814715059,971.321817006967,4599.747631722026
output_noise,reward5_gci,DQN reward5 GCI,Results_DQN_reward5/model,design,64,design_15,Design Rainfall 15,0.05,18,20365732,95,3627.8272008150066,972.2562177291059,4600.083418544113
output_noise,reward5_gci,DQN reward5 GCI,Results_DQN_reward5/model,design,64,design_15,Design Rainfall 15,0.05,19,20365733,95,3628.9796670667006,970.9783883184612,4599.958055385162
output_noise,reward5_gci,DQN reward5 GCI,Results_DQN_reward5/model,design,64,design_15,Design Rainfall 15,0.05,20,20365734,95,3630.6759511773507,979.0401101338989,4609.71606131125
output_noise,reward5_gci,DQN reward5 GCI,Results_DQN_reward5/model,design,64,design_15,Design Rainfall 15,0.05,21,20365735,95,3623.4195592197884,979.0418220657878,4602.461381285576
output_noise,reward5_gci,DQN reward5 GCI,Results_DQN_reward5/model,design,64,design_15,Design Rainfall 15,0.05,22,20365736,95,3627.0591682915374,961.7816613296094,4588.840829621146
output_noise,reward5_gci,DQN reward5 GCI,Results_DQN_reward5/model,design,64,design_15,Design Rainfall 15,0.05,23,20365737,95,3626.549196241783,973.0609488739246,4599.610145115708
output_noise,reward5_gci,DQN reward5 GCI,Results_DQN_reward5/model,design,64,design_15,Design Rainfall 15,0.05,24,20365738,95,3631.0486321494773,975.3908305907682,4606.439462740245
output_noise,reward5_gci,DQN reward5 GCI,Results_DQN_reward5/model,design,64,design_15,Design Rainfall 15,0.05,25,20365739,95,3628.3680945514084,971.3121977903531,4599.680292341762
output_noise,reward5_gci,DQN reward5 GCI,Results_DQN_reward5/model,design,64,design_15,Design Rainfall 15,0.05,26,20365740,95,3631.942222802223,977.066110866677,4609.0083336689
output_noise,reward5_gci,DQN reward5 GCI,Results_DQN_reward5/model,design,64,design_15,Design Rainfall 15,0.05,27,20365741,95,3626.2166114018605,977.5585800997229,4603.775191501583
output_noise,reward5_gci,DQN reward5 GCI,Results_DQN_reward5/model,design,64,design_15,Design Rainfall 15,0.05,28,20365742,95,3633.751801747645,968.9511698970643,4602.70297164471
output_noise,reward5_gci,DQN reward5 GCI,Results_DQN_reward5/model,design,64,design_15,Design Rainfall 15,0.05,29,20365743,95,3623.4434840512677,971.6661886679465,4595.109672719214
output_noise,reward5_gci,DQN reward5 GCI,Results_DQN_reward5/model,design,64,design_15,Design Rainfall 15,0.05,30,20365744,95,3632.286457326238,978.7920921251042,4611.078549451342
output_noise,reward5_gci,DQN reward5 GCI,Results_DQN_reward5/model,design,64,design_15,Design Rainfall 15,0.05,31,20365745,95,3625.995354853328,977.8692589442878,4603.864613797616
output_noise,reward5_gci,DQN reward5 GCI,Results_DQN_reward5/model,design,64,design_15,Design Rainfall 15,0.05,32,20365746,95,3624.1511230975407,979.0428493413993,4603.19397243894
output_noise,reward5_gci,DQN reward5 GCI,Results_DQN_reward5/model,design,64,design_15,Design Rainfall 15,0.05,33,20365747,95,3624.289750240789,974.7623986617393,4599.052148902529
output_noise,reward5_gci,DQN reward5 GCI,Results_DQN_reward5/model,design,64,design_15,Design Rainfall 15,0.05,34,20365748,95,3627.1261541946083,971.2261761602599,4598.352330354868
output_noise,reward5_gci,DQN reward5 GCI,Results_DQN_reward5/model,design,64,design_15,Design Rainfall 15,0.05,35,20365749,95,3625.3153883170353,970.0297302662856,4595.345118583321
output_noise,reward5_gci,DQN reward5 GCI,Results_DQN_reward5/model,design,64,design_15,Design Rainfall 15,0.05,36,20365750,95,3628.3760880875943,969.9902419776199,4598.366330065214
output_noise,reward5_gci,DQN reward5 GCI,Results_DQN_reward5/model,design,64,design_15,Design Rainfall 15,0.05,37,20365751,95,3628.734680160549,979.0401109509324,4607.774791111481
output_noise,reward5_gci,DQN reward5 GCI,Results_DQN_reward5/model,design,64,design_15,Design Rainfall 15,0.05,38,20365752,95,3627.113810065115,975.8855697927459,4602.999379857861
output_noise,reward5_gci,DQN reward5 GCI,Results_DQN_reward5/model,design,64,design_15,Design Rainfall 15,0.05,39,20365753,95,3629.749221647195,971.0476692001757,4600.79689084737
output_noise,reward5_gci,DQN reward5 GCI,Results_DQN_reward5/model,design,64,design_15,Design Rainfall 15,0.05,40,20365754,95,3632.0462915496605,976.8831886970515,4608.929480246712
output_noise,reward5_gci,DQN reward5 GCI,Results_DQN_reward5/model,design,64,design_15,Design Rainfall 15,0.05,41,20365755,95,3635.3242571096102,979.0401107822373,4614.364367891848
output_noise,reward5_gci,DQN reward5 GCI,Results_DQN_reward5/model,design,64,design_15,Design Rainfall 15,0.05,42,20365756,95,3629.3876148297168,976.3145093366338,4605.702124166351
output_noise,reward5_gci,DQN reward5 GCI,Results_DQN_reward5/model,design,64,design_15,Design Rainfall 15,0.05,43,20365757,95,3628.78234244062,971.0426005501394,4599.824942990759
output_noise,reward5_gci,DQN reward5 GCI,Results_DQN_reward5/model,design,64,design_15,Design Rainfall 15,0.05,44,20365758,95,3624.732361567343,975.1275192127015,4599.8598807800445
output_noise,reward5_gci,DQN reward5 GCI,Results_DQN_reward5/model,design,64,design_15,Design Rainfall 15,0.05,45,20365759,95,3624.77469519832,973.0577557954329,4597.832450993753
output_noise,reward5_gci,DQN reward5 GCI,Results_DQN_reward5/model,design,64,design_15,Design Rainfall 15,0.05,46,20365760,95,3626.6058652920633,975.7980475575214,4602.403912849584
output_noise,reward5_gci,DQN reward5 GCI,Results_DQN_reward5/model,design,64,design_15,Design Rainfall 15,0.05,47,20365761,95,3626.528832143058,977.0610425877401,4603.589874730798
output_noise,reward5_gci,DQN reward5 GCI,Results_DQN_reward5/model,design,64,design_15,Design Rainfall 15,0.05,48,20365762,95,3626.7167143280385,971.5336236748453,4598.250338002884
output_noise,reward5_gci,DQN reward5 GCI,Results_DQN_reward5/model,design,64,design_15,Design Rainfall 15,0.05,49,20365763,95,3629.028736807172,979.0401108469905,4608.068847654163
output_noise,reward5_gci,DQN reward5 GCI,Results_DQN_reward5/model,design,64,design_15,Design Rainfall 15,0.1,0,20370714,95,3632.3614774264943,960.7781665294794,4593.139643955974
output_noise,reward5_gci,DQN reward5 GCI,Results_DQN_reward5/model,design,64,design_15,Design Rainfall 15,0.1,1,20370715,95,3626.3276284084814,979.05037843704,4605.378006845522
output_noise,reward5_gci,DQN reward5 GCI,Results_DQN_reward5/model,design,64,design_15,Design Rainfall 15,0.1,2,20370716,95,3619.7696147230586,962.6960462406153,4582.465660963674
output_noise,reward5_gci,DQN reward5 GCI,Results_DQN_reward5/model,design,64,design_15,Design Rainfall 15,0.1,3,20370717,95,3626.8026862723186,974.6658349335021,4601.468521205821
output_noise,reward5_gci,DQN reward5 GCI,Results_DQN_reward5/model,design,64,design_15,Design Rainfall 15,0.1,4,20370718,95,3624.976954537372,975.8821809520525,4600.859135489424
output_noise,reward5_gci,DQN reward5 GCI,Results_DQN_reward5/model,design,64,design_15,Design Rainfall 15,0.1,5,20370719,95,3629.203920990188,955.9581655962932,4585.162086586482
output_noise,reward5_gci,DQN reward5 GCI,Results_DQN_reward5/model,design,64,design_15,Design Rainfall 15,0.1,6,20370720,95,3622.6022608884036,968.8506404081327,4591.452901296536
output_noise,reward5_gci,DQN reward5 GCI,Results_DQN_reward5/model,design,64,design_15,Design Rainfall 15,0.1,7,20370721,95,3631.18590571671,979.0490078698638,4610.234913586573
output_noise,reward5_gci,DQN reward5 GCI,Results_DQN_reward5/model,design,64,design_15,Design Rainfall 15,0.1,8,20370722,95,3635.3803688713156,965.0133597641288,4600.393728635445
output_noise,reward5_gci,DQN reward5 GCI,Results_DQN_reward5/model,design,64,design_15,Design Rainfall 15,0.1,9,20370723,95,3629.9663702375224,979.0401101338989,4609.006480371421
output_noise,reward5_gci,DQN reward5 GCI,Results_DQN_reward5/model,design,64,design_15,Design Rainfall 15,0.1,10,20370724,95,3633.914105033047,967.6402835425694,4601.554388575616
output_noise,reward5_gci,DQN reward5 GCI,Results_DQN_reward5/model,design,64,design_15,Design Rainfall 15,0.1,11,20370725,95,3626.154999682409,974.9026274425247,4601.057627124934
output_noise,reward5_gci,DQN reward5 GCI,Results_DQN_reward5/model,design,64,design_15,Design Rainfall 15,0.1,12,20370726,95,3625.771620111396,975.0104359051857,4600.782056016582
output_noise,reward5_gci,DQN reward5 GCI,Results_DQN_reward5/model,design,64,design_15,Design Rainfall 15,0.1,13,20370727,95,3631.876684695994,963.594834676151,4595.471519372145
output_noise,reward5_gci,DQN reward5 GCI,Results_DQN_reward5/model,design,64,design_15,Design Rainfall 15,0.1,14,20370728,95,3626.558616425549,962.9299502780667,4589.488566703616
output_noise,reward5_gci,DQN reward5 GCI,Results_DQN_reward5/model,design,64,design_15,Design Rainfall 15,0.1,15,20370729,95,3629.0200911619704,958.9342691690822,4587.954360331052
output_noise,reward5_gci,DQN reward5 GCI,Results_DQN_reward5/model,design,64,design_15,Design Rainfall 15,0.1,16,20370730,95,3626.312658287118,967.162576310808,4593.475234597926
output_noise,reward5_gci,DQN reward5 GCI,Results_DQN_reward5/model,design,64,design_15,Design Rainfall 15,0.1,17,20370731,95,3625.9077320643078,960.1557285220177,4586.063460586325
output_noise,reward5_gci,DQN reward5 GCI,Results_DQN_reward5/model,design,64,design_15,Design Rainfall 15,0.1,18,20370732,95,3625.88095969241,974.5783632699595,4600.45932296237
output_noise,reward5_gci,DQN reward5 GCI,Results_DQN_reward5/model,design,64,design_15,Design Rainfall 15,0.1,19,20370733,95,3630.032325134815,963.9296947604338,4593.962019895249
output_noise,reward5_gci,DQN reward5 GCI,Results_DQN_reward5/model,design,64,design_15,Design Rainfall 15,0.1,20,20370734,95,3621.879351097208,978.8718107727873,4600.7511618699955
output_noise,reward5_gci,DQN reward5 GCI,Results_DQN_reward5/model,design,64,design_15,Design Rainfall 15,0.1,21,20370735,95,3626.2038985466256,948.102143439474,4574.306041986099
output_noise,reward5_gci,DQN reward5 GCI,Results_DQN_reward5/model,design,64,design_15,Design Rainfall 15,0.1,22,20370736,95,3629.761667955227,948.3490480667938,4578.110716022021
output_noise,reward5_gci,DQN reward5 GCI,Results_DQN_reward5/model,design,64,design_15,Design Rainfall 15,0.1,23,20370737,95,3630.7382371560398,963.7839274716523,4594.522164627692
output_noise,reward5_gci,DQN reward5 GCI,Results_DQN_reward5/model,design,64,design_15,Design Rainfall 15,0.1,24,20370738,95,3621.8601004820903,976.0103294944558,4597.870429976546
output_noise,reward5_gci,DQN reward5 GCI,Results_DQN_reward5/model,design,64,design_15,Design Rainfall 15,0.1,25,20370739,95,3636.8254518977424,963.1896788660591,4600.015130763802
output_noise,reward5_gci,DQN reward5 GCI,Results_DQN_reward5/model,design,64,design_15,Design Rainfall 15,0.1,26,20370740,95,3629.6713440107533,961.1746795862326,4590.846023596986
output_noise,reward5_gci,DQN reward5 GCI,Results_DQN_reward5/model,design,64,design_15,Design Rainfall 15,0.1,27,20370741,95,3629.9026941596526,967.4697799243046,4597.372474083957
output_noise,reward5_gci,DQN reward5 GCI,Results_DQN_reward5/model,design,64,design_15,Design Rainfall 15,0.1,28,20370742,95,3619.8614843837076,979.040111115821,4598.901595499528
output_noise,reward5_gci,DQN reward5 GCI,Results_DQN_reward5/model,design,64,design_15,Design Rainfall 15,0.1,29,20370743,95,3630.8679673844113,979.0401101338989,4609.90807751831
output_noise,reward5_gci,DQN reward5 GCI,Results_DQN_reward5/model,design,64,design_15,Design Rainfall 15,0.1,30,20370744,95,3627.87585419122,974.0972035597429,4601.973057750963
output_noise,reward5_gci,DQN reward5 GCI,Results_DQN_reward5/model,design,64,design_15,Design Rainfall 15,0.1,31,20370745,95,3619.1167913793074,971.4589556886285,4590.575747067936
output_noise,reward5_gci,DQN reward5 GCI,Results_DQN_reward5/model,design,64,design_15,Design Rainfall 15,0.1,32,20370746,95,3625.1113385793524,979.0520898860569,4604.163428465409
output_noise,reward5_gci,DQN reward5 GCI,Results_DQN_reward5/model,design,64,design_15,Design Rainfall 15,0.1,33,20370747,95,3632.6024528255825,968.5991419658856,4601.201594791468
output_noise,reward5_gci,DQN reward5 GCI,Results_DQN_reward5/model,design,64,design_15,Design Rainfall 15,0.1,34,20370748,95,3632.480009431819,976.0969684812952,4608.576977913114
output_noise,reward5_gci,DQN reward5 GCI,Results_DQN_reward5/model,design,64,design_15,Design Rainfall 15,0.1,35,20370749,95,3634.9934248567306,959.3407196908262,4594.334144547557
output_noise,reward5_gci,DQN reward5 GCI,Results_DQN_reward5/model,design,64,design_15,Design Rainfall 15,0.1,36,20370750,95,3625.6235051227222,969.092137639934,4594.715642762656
output_noise,reward5_gci,DQN reward5 GCI,Results_DQN_reward5/model,design,64,design_15,Design Rainfall 15,0.1,37,20370751,95,3622.3295983493117,979.0421637521673,4601.371762101479
output_noise,reward5_gci,DQN reward5 GCI,Results_DQN_reward5/model,design,64,design_15,Design Rainfall 15,0.1,38,20370752,95,3626.838457221205,961.8946670691673,4588.733124290372
output_noise,reward5_gci,DQN reward5 GCI,Results_DQN_reward5/model,design,64,design_15,Design Rainfall 15,0.1,39,20370753,95,3626.776085263696,955.8473765802255,4582.623461843921
output_noise,reward5_gci,DQN reward5 GCI,Results_DQN_reward5/model,design,64,design_15,Design Rainfall 15,0.1,40,20370754,95,3625.0936884026933,968.8392286379075,4593.932917040601
output_noise,reward5_gci,DQN reward5 GCI,Results_DQN_reward5/model,design,64,design_15,Design Rainfall 15,0.1,41,20370755,95,3623.202934389662,971.745267687074,4594.948202076736
output_noise,reward5_gci,DQN reward5 GCI,Results_DQN_reward5/model,design,64,design_15,Design Rainfall 15,0.1,42,20370756,95,3623.7544003275975,979.0455875772203,4602.7999879048175
output_noise,reward5_gci,DQN reward5 GCI,Results_DQN_reward5/model,design,64,design_15,Design Rainfall 15,0.1,43,20370757,95,3627.2069372728724,955.9521137328958,4583.159051005769
output_noise,reward5_gci,DQN reward5 GCI,Results_DQN_reward5/model,design,64,design_15,Design Rainfall 15,0.1,44,20370758,95,3621.9684525292723,979.0404533292585,4601.008905858531
output_noise,reward5_gci,DQN reward5 GCI,Results_DQN_reward5/model,design,64,design_15,Design Rainfall 15,0.1,45,20370759,95,3628.00952572636,963.9266813422684,4591.936207068628
output_noise,reward5_gci,DQN reward5 GCI,Results_DQN_reward5/model,design,64,design_15,Design Rainfall 15,0.1,46,20370760,95,3623.26381647605,979.0455877398297,4602.30940421588
output_noise,reward5_gci,DQN reward5 GCI,Results_DQN_reward5/model,design,64,design_15,Design Rainfall 15,0.1,47,20370761,95,3628.5752737875337,968.067355821381,4596.642629608915
output_noise,reward5_gci,DQN reward5 GCI,Results_DQN_reward5/model,design,64,design_15,Design Rainfall 15,0.1,48,20370762,95,3632.7961121806834,963.9550336856846,4596.7511458663685
output_noise,reward5_gci,DQN reward5 GCI,Results_DQN_reward5/model,design,64,design_15,Design Rainfall 15,0.1,49,20370763,95,3622.9879869158385,958.4910515122986,4581.479038428137
output_noise,reward5_gci,DQN reward5 GCI,Results_DQN_reward5/model,design,67,design_18,Design Rainfall 18,0.05,0,20465714,95,4000.202426851415,1778.6336931093415,5778.836119960757
output_noise,reward5_gci,DQN reward5 GCI,Results_DQN_reward5/model,design,67,design_18,Design Rainfall 18,0.05,1,20465715,95,4073.1882145849486,1755.0577541761843,5828.245968761133
output_noise,reward5_gci,DQN reward5 GCI,Results_DQN_reward5/model,design,67,design_18,Design Rainfall 18,0.05,2,20465716,95,4067.2505600302416,1773.6281201080312,5840.878680138273
output_noise,reward5_gci,DQN reward5 GCI,Results_DQN_reward5/model,design,67,design_18,Design Rainfall 18,0.05,3,20465717,95,3999.45623910657,1769.9846349090126,5769.440874015583
output_noise,reward5_gci,DQN reward5 GCI,Results_DQN_reward5/model,design,67,design_18,Design Rainfall 18,0.05,4,20465718,95,4063.4474529939243,1773.501611680254,5836.949064674178
output_noise,reward5_gci,DQN reward5 GCI,Results_DQN_reward5/model,design,67,design_18,Design Rainfall 18,0.05,5,20465719,95,4064.6323224473736,1770.1304070030444,5834.762729450418
output_noise,reward5_gci,DQN reward5 GCI,Results_DQN_reward5/model,design,67,design_18,Design Rainfall 18,0.05,6,20465720,95,4090.77608975348,1748.071872476328,5838.847962229808
output_noise,reward5_gci,DQN reward5 GCI,Results_DQN_reward5/model,design,67,design_18,Design Rainfall 18,0.05,7,20465721,95,3998.077277665334,1762.6345232718675,5760.711800937202
output_noise,reward5_gci,DQN reward5 GCI,Results_DQN_reward5/model,design,67,design_18,Design Rainfall 18,0.05,8,20465722,95,4067.3918485307036,1768.5968099273623,5835.988658458065
output_noise,reward5_gci,DQN reward5 GCI,Results_DQN_reward5/model,design,67,design_18,Design Rainfall 18,0.05,9,20465723,95,4076.2404921842613,1769.0890349642618,5845.329527148523
output_noise,reward5_gci,DQN reward5 GCI,Results_DQN_reward5/model,design,67,design_18,Design Rainfall 18,0.05,10,20465724,95,4066.5263912439964,1771.8010603338541,5838.32745157785
output_noise,reward5_gci,DQN reward5 GCI,Results_DQN_reward5/model,design,67,design_18,Design Rainfall 18,0.05,11,20465725,95,4059.7567045701326,1780.2141864377477,5839.970891007881
output_noise,reward5_gci,DQN reward5 GCI,Results_DQN_reward5/model,design,67,design_18,Design Rainfall 18,0.05,12,20465726,95,4085.0352480355064,1742.2025031522548,5827.237751187761
output_noise,reward5_gci,DQN reward5 GCI,Results_DQN_reward5/model,design,67,design_18,Design Rainfall 18,0.05,13,20465727,95,3999.9242528136697,1755.3168626375302,5755.2411154512
output_noise,reward5_gci,DQN reward5 GCI,Results_DQN_reward5/model,design,67,design_18,Design Rainfall 18,0.05,14,20465728,95,4068.2537546855683,1767.9433730493236,5836.197127734892
output_noise,reward5_gci,DQN reward5 GCI,Results_DQN_reward5/model,design,67,design_18,Design Rainfall 18,0.05,15,20465729,95,4064.0089762410184,1777.8504705067996,5841.859446747818
output_noise,reward5_gci,DQN reward5 GCI,Results_DQN_reward5/model,design,67,design_18,Design Rainfall 18,0.05,16,20465730,95,4000.724150226996,1761.3086413245394,5762.032791551535
output_noise,reward5_gci,DQN reward5 GCI,Results_DQN_reward5/model,design,67,design_18,Design Rainfall 18,0.05,17,20465731,95,4070.341067430036,1757.430667171737,5827.7717346017735
output_noise,reward5_gci,DQN reward5 GCI,Results_DQN_reward5/model,design,67,design_18,Design Rainfall 18,0.05,18,20465732,95,4057.587452876262,1768.274596259233,5825.862049135495
output_noise,reward5_gci,DQN reward5 GCI,Results_DQN_reward5/model,design,67,design_18,Design Rainfall 18,0.05,19,20465733,95,4056.3776106304463,1772.7739099655387,5829.151520595985
output_noise,reward5_gci,DQN reward5 GCI,Results_DQN_reward5/model,design,67,design_18,Design Rainfall 18,0.05,20,20465734,95,4005.96925853896,1762.0825930312653,5768.051851570225
output_noise,reward5_gci,DQN reward5 GCI,Results_DQN_reward5/model,design,67,design_18,Design Rainfall 18,0.05,21,20465735,95,4079.2858725120223,1746.1497006318652,5825.435573143887
output_noise,reward5_gci,DQN reward5 GCI,Results_DQN_reward5/model,design,67,design_18,Design Rainfall 18,0.05,22,20465736,95,4072.21614486972,1764.4603476353875,5836.6764925051075
output_noise,reward5_gci,DQN reward5 GCI,Results_DQN_reward5/model,design,67,design_18,Design Rainfall 18,0.05,23,20465737,95,4060.7668343260566,1776.84148574441,5837.608320070467
output_noise,reward5_gci,DQN reward5 GCI,Results_DQN_reward5/model,design,67,design_18,Design Rainfall 18,0.05,24,20465738,95,4063.6282028362093,1775.891917848769,5839.520120684978
output_noise,reward5_gci,DQN reward5 GCI,Results_DQN_reward5/model,design,67,design_18,Design Rainfall 18,0.05,25,20465739,95,4064.190636136684,1767.636997586994,5831.827633723678
output_noise,reward5_gci,DQN reward5 GCI,Results_DQN_reward5/model,design,67,design_18,Design Rainfall 18,0.05,26,20465740,95,4072.0226745985233,1756.221161634196,5828.243836232719
output_noise,reward5_gci,DQN reward5 GCI,Results_DQN_reward5/model,design,67,design_18,Design Rainfall 18,0.05,27,20465741,95,4062.417480395003,1766.3393037821509,5828.756784177154
output_noise,reward5_gci,DQN reward5 GCI,Results_DQN_reward5/model,design,67,design_18,Design Rainfall 18,0.05,28,20465742,95,4060.4495763767377,1769.7614156956486,5830.210992072386
output_noise,reward5_gci,DQN reward5 GCI,Results_DQN_reward5/model,design,67,design_18,Design Rainfall 18,0.05,29,20465743,95,4063.198564400893,1770.4887522659862,5833.687316666879
output_noise,reward5_gci,DQN reward5 GCI,Results_DQN_reward5/model,design,67,design_18,Design Rainfall 18,0.05,30,20465744,95,4069.100106405164,1761.367704027247,5830.467810432411
output_noise,reward5_gci,DQN reward5 GCI,Results_DQN_reward5/model,design,67,design_18,Design Rainfall 18,0.05,31,20465745,95,3999.8182977142146,1762.571522928095,5762.389820642309
output_noise,reward5_gci,DQN reward5 GCI,Results_DQN_reward5/model,design,67,design_18,Design Rainfall 18,0.05,32,20465746,95,3995.990462370718,1767.8084981636148,5763.798960534333
output_noise,reward5_gci,DQN reward5 GCI,Results_DQN_reward5/model,design,67,design_18,Design Rainfall 18,0.05,33,20465747,95,4064.3429060195267,1769.6271657991874,5833.970071818714
output_noise,reward5_gci,DQN reward5 GCI,Results_DQN_reward5/model,design,67,design_18,Design Rainfall 18,0.05,34,20465748,95,4071.922310934262,1767.430548548873,5839.352859483135
output_noise,reward5_gci,DQN reward5 GCI,Results_DQN_reward5/model,design,67,design_18,Design Rainfall 18,0.05,35,20465749,95,4060.13972149745,1784.2814052013605,5844.42112669881
output_noise,reward5_gci,DQN reward5 GCI,Results_DQN_reward5/model,design,67,design_18,Design Rainfall 18,0.05,36,20465750,95,4061.2446260935067,1779.749496100269,5840.994122193775
output_noise,reward5_gci,DQN reward5 GCI,Results_DQN_reward5/model,design,67,design_18,Design Rainfall 18,0.05,37,20465751,95,4074.038295673718,1769.0533917906823,5843.091687464401
output_noise,reward5_gci,DQN reward5 GCI,Results_DQN_reward5/model,design,67,design_18,Design Rainfall 18,0.05,38,20465752,95,4004.638991871841,1758.0564978894895,5762.6954897613305
output_noise,reward5_gci,DQN reward5 GCI,Results_DQN_reward5/model,design,67,design_18,Design Rainfall 18,0.05,39,20465753,95,4057.8055580742766,1771.9828057682994,5829.788363842576
output_noise,reward5_gci,DQN reward5 GCI,Results_DQN_reward5/model,design,67,design_18,Design Rainfall 18,0.05,40,20465754,95,4059.8041908440628,1778.0812106819942,5837.885401526057
output_noise,reward5_gci,DQN reward5 GCI,Results_DQN_reward5/model,design,67,design_18,Design Rainfall 18,0.05,41,20465755,95,4059.895595920639,1772.326916189522,5832.222512110161
output_noise,reward5_gci,DQN reward5 GCI,Results_DQN_reward5/model,design,67,design_18,Design Rainfall 18,0.05,42,20465756,95,4068.9513469320113,1764.5438723612829,5833.495219293294
output_noise,reward5_gci,DQN reward5 GCI,Results_DQN_reward5/model,design,67,design_18,Design Rainfall 18,0.05,43,20465757,95,4065.3344972196287,1776.8633319403211,5842.19782915995
output_noise,reward5_gci,DQN reward5 GCI,Results_DQN_reward5/model,design,67,design_18,Design Rainfall 18,0.05,44,20465758,95,4072.558761540336,1744.3991009364618,5816.957862476798
output_noise,reward5_gci,DQN reward5 GCI,Results_DQN_reward5/model,design,67,design_18,Design Rainfall 18,0.05,45,20465759,95,4073.432722379096,1755.4235745549586,5828.856296934055
output_noise,reward5_gci,DQN reward5 GCI,Results_DQN_reward5/model,design,67,design_18,Design Rainfall 18,0.05,46,20465760,95,4001.4246712075433,1765.817700080431,5767.2423712879745
output_noise,reward5_gci,DQN reward5 GCI,Results_DQN_reward5/model,design,67,design_18,Design Rainfall 18,0.05,47,20465761,95,4065.47801603969,1781.2248242384326,5846.7028402781225
output_noise,reward5_gci,DQN reward5 GCI,Results_DQN_reward5/model,design,67,design_18,Design Rainfall 18,0.05,48,20465762,95,4056.963677271634,1769.697650524588,5826.661327796222
output_noise,reward5_gci,DQN reward5 GCI,Results_DQN_reward5/model,design,67,design_18,Design Rainfall 18,0.05,49,20465763,95,4001.391925821685,1764.1873957439645,5765.5793215656495
output_noise,reward5_gci,DQN reward5 GCI,Results_DQN_reward5/model,design,67,design_18,Design Rainfall 18,0.1,0,20470714,95,4068.2595142904097,1751.1419121127437,5819.401426403154
output_noise,reward5_gci,DQN reward5 GCI,Results_DQN_reward5/model,design,67,design_18,Design Rainfall 18,0.1,1,20470715,95,4102.426680246389,1727.1017755952068,5829.528455841596
output_noise,reward5_gci,DQN reward5 GCI,Results_DQN_reward5/model,design,67,design_18,Design Rainfall 18,0.1,2,20470716,95,4094.6519526577845,1748.4488501859585,5843.100802843743
output_noise,reward5_gci,DQN reward5 GCI,Results_DQN_reward5/model,design,67,design_18,Design Rainfall 18,0.1,3,20470717,95,4061.7804815759227,1735.2653791957687,5797.045860771692
output_noise,reward5_gci,DQN reward5 GCI,Results_DQN_reward5/model,design,67,design_18,Design Rainfall 18,0.1,4,20470718,95,4078.306995669064,1741.6087504965003,5819.915746165564
output_noise,reward5_gci,DQN reward5 GCI,Results_DQN_reward5/model,design,67,design_18,Design Rainfall 18,0.1,5,20470719,95,4064.903268595151,1765.4428581367965,5830.346126731947
output_noise,reward5_gci,DQN reward5 GCI,Results_DQN_reward5/model,design,67,design_18,Design Rainfall 18,0.1,6,20470720,95,4092.5844418307697,1722.7780962652107,5815.36253809598
output_noise,reward5_gci,DQN reward5 GCI,Results_DQN_reward5/model,design,67,design_18,Design Rainfall 18,0.1,7,20470721,95,4091.6939356575213,1742.7691606707276,5834.463096328249
output_noise,reward5_gci,DQN reward5 GCI,Results_DQN_reward5/model,design,67,design_18,Design Rainfall 18,0.1,8,20470722,95,4087.2330762151337,1739.1189128661983,5826.351989081332
output_noise,reward5_gci,DQN reward5 GCI,Results_DQN_reward5/model,design,67,design_18,Design Rainfall 18,0.1,9,20470723,95,4093.336621497807,1738.9010129531425,5832.237634450949
output_noise,reward5_gci,DQN reward5 GCI,Results_DQN_reward5/model,design,67,design_18,Design Rainfall 18,0.1,10,20470724,95,4082.687145496214,1741.47652697583,5824.163672472044
output_noise,reward5_gci,DQN reward5 GCI,Results_DQN_reward5/model,design,67,design_18,Design Rainfall 18,0.1,11,20470725,95,4089.0894033680124,1754.2261484587493,5843.315551826761
output_noise,reward5_gci,DQN reward5 GCI,Results_DQN_reward5/model,design,67,design_18,Design Rainfall 18,0.1,12,20470726,95,4088.7717868763043,1742.0343843412506,5830.806171217555
output_noise,reward5_gci,DQN reward5 GCI,Results_DQN_reward5/model,design,67,design_18,Design Rainfall 18,0.1,13,20470727,95,4085.9933168554403,1730.9488149052097,5816.94213176065
output_noise,reward5_gci,DQN reward5 GCI,Results_DQN_reward5/model,design,67,design_18,Design Rainfall 18,0.1,14,20470728,95,4109.1573590676135,1739.2605712559284,5848.417930323541
output_noise,reward5_gci,DQN reward5 GCI,Results_DQN_reward5/model,design,67,design_18,Design Rainfall 18,0.1,15,20470729,95,4080.7773640804658,1758.7603222228124,5839.537686303278
output_noise,reward5_gci,DQN reward5 GCI,Results_DQN_reward5/model,design,67,design_18,Design Rainfall 18,0.1,16,20470730,95,4006.1163697122097,1736.8149392072412,5742.931308919451
output_noise,reward5_gci,DQN reward5 GCI,Results_DQN_reward5/model,design,67,design_18,Design Rainfall 18,0.1,17,20470731,95,4107.555456191121,1702.7962895346373,5810.3517457257585
output_noise,reward5_gci,DQN reward5 GCI,Results_DQN_reward5/model,design,67,design_18,Design Rainfall 18,0.1,18,20470732,95,4074.1585395911993,1760.7263901514284,5834.884929742628
output_noise,reward5_gci,DQN reward5 GCI,Results_DQN_reward5/model,design,67,design_18,Design Rainfall 18,0.1,19,20470733,95,4116.492270659266,1719.1013457097379,5835.593616369004
output_noise,reward5_gci,DQN reward5 GCI,Results_DQN_reward5/model,design,67,design_18,Design Rainfall 18,0.1,20,20470734,95,4066.0648739298276,1772.5144773231223,5838.57935125295
output_noise,reward5_gci,DQN reward5 GCI,Results_DQN_reward5/model,design,67,design_18,Design Rainfall 18,0.1,21,20470735,95,4059.621468583514,1766.7666817298023,5826.388150313316
output_noise,reward5_gci,DQN reward5 GCI,Results_DQN_reward5/model,design,67,design_18,Design Rainfall 18,0.1,22,20470736,95,4081.549798543442,1748.536330467352,5830.086129010794
output_noise,reward5_gci,DQN reward5 GCI,Results_DQN_reward5/model,design,67,design_18,Design Rainfall 18,0.1,23,20470737,95,3995.581219205794,1766.5329895103673,5762.114208716161
output_noise,reward5_gci,DQN reward5 GCI,Results_DQN_reward5/model,design,67,design_18,Design Rainfall 18,0.1,24,20470738,95,4000.8331965770362,1758.428212909289,5759.261409486326
output_noise,reward5_gci,DQN reward5 GCI,Results_DQN_reward5/model,design,67,design_18,Design Rainfall 18,0.1,25,20470739,95,4097.278415772902,1753.0141724451046,5850.292588218006
output_noise,reward5_gci,DQN reward5 GCI,Results_DQN_reward5/model,design,67,design_18,Design Rainfall 18,0.1,26,20470740,95,4079.340726619401,1721.3885870727686,5800.729313692169
output_noise,reward5_gci,DQN reward5 GCI,Results_DQN_reward5/model,design,67,design_18,Design Rainfall 18,0.1,27,20470741,95,4089.56642826617,1745.721606605848,5835.288034872018
output_noise,reward5_gci,DQN reward5 GCI,Results_DQN_reward5/model,design,67,design_18,Design Rainfall 18,0.1,28,20470742,95,4121.918908532521,1704.3301898818952,5826.249098414416
output_noise,reward5_gci,DQN reward5 GCI,Results_DQN_reward5/model,design,67,design_18,Design Rainfall 18,0.1,29,20470743,95,4062.4011123247747,1756.9536093127836,5819.354721637558
output_noise,reward5_gci,DQN reward5 GCI,Results_DQN_reward5/model,design,67,design_18,Design Rainfall 18,0.1,30,20470744,95,4066.605107898621,1758.711883943216,5825.316991841837
output_noise,reward5_gci,DQN reward5 GCI,Results_DQN_reward5/model,design,67,design_18,Design Rainfall 18,0.1,31,20470745,95,4082.481772487151,1752.1198036034343,5834.601576090585
output_noise,reward5_gci,DQN reward5 GCI,Results_DQN_reward5/model,design,67,design_18,Design Rainfall 18,0.1,32,20470746,95,4085.261993836875,1753.2056169973935,5838.467610834268
output_noise,reward5_gci,DQN reward5 GCI,Results_DQN_reward5/model,design,67,design_18,Design Rainfall 18,0.1,33,20470747,95,4059.4989212763053,1763.2948763249494,5822.7937976012545
output_noise,reward5_gci,DQN reward5 GCI,Results_DQN_reward5/model,design,67,design_18,Design Rainfall 18,0.1,34,20470748,95,4068.037308913083,1756.9019002428292,5824.939209155912
output_noise,reward5_gci,DQN reward5 GCI,Results_DQN_reward5/model,design,67,design_18,Design Rainfall 18,0.1,35,20470749,95,4061.1533748067427,1757.3031773360804,5818.456552142823
output_noise,reward5_gci,DQN reward5 GCI,Results_DQN_reward5/model,design,67,design_18,Design Rainfall 18,0.1,36,20470750,95,4064.114844777507,1767.452688999636,5831.567533777143
output_noise,reward5_gci,DQN reward5 GCI,Results_DQN_reward5/model,design,67,design_18,Design Rainfall 18,0.1,37,20470751,95,4072.2706385811257,1755.958969587265,5828.229608168391
output_noise,reward5_gci,DQN reward5 GCI,Results_DQN_reward5/model,design,67,design_18,Design Rainfall 18,0.1,38,20470752,95,4019.4389601877783,1738.8122927204881,5758.251252908267
output_noise,reward5_gci,DQN reward5 GCI,Results_DQN_reward5/model,design,67,design_18,Design Rainfall 18,0.1,39,20470753,95,4065.6461531020395,1766.8917075833137,5832.537860685354
output_noise,reward5_gci,DQN reward5 GCI,Results_DQN_reward5/model,design,67,design_18,Design Rainfall 18,0.1,40,20470754,95,4083.6293391126865,1762.3294152617113,5845.958754374398
output_noise,reward5_gci,DQN reward5 GCI,Results_DQN_reward5/model,design,67,design_18,Design Rainfall 18,0.1,41,20470755,95,4098.021335742155,1738.4488718348384,5836.470207576994
output_noise,reward5_gci,DQN reward5 GCI,Results_DQN_reward5/model,design,67,design_18,Design Rainfall 18,0.1,42,20470756,95,4086.777752129161,1735.982665022244,5822.760417151405
output_noise,reward5_gci,DQN reward5 GCI,Results_DQN_reward5/model,design,67,design_18,Design Rainfall 18,0.1,43,20470757,95,4080.3120780894633,1739.8528276616164,5820.1649057510795
output_noise,reward5_gci,DQN reward5 GCI,Results_DQN_reward5/model,design,67,design_18,Design Rainfall 18,0.1,44,20470758,95,4080.2226256192207,1752.387527372336,5832.610152991557
output_noise,reward5_gci,DQN reward5 GCI,Results_DQN_reward5/model,design,67,design_18,Design Rainfall 18,0.1,45,20470759,95,4093.613568765633,1734.9479922404414,5828.561561006074
output_noise,reward5_gci,DQN reward5 GCI,Results_DQN_reward5/model,design,67,design_18,Design Rainfall 18,0.1,46,20470760,95,4061.529149738098,1775.2313013542325,5836.76045109233
output_noise,reward5_gci,DQN reward5 GCI,Results_DQN_reward5/model,design,67,design_18,Design Rainfall 18,0.1,47,20470761,95,4087.517216274526,1737.050528169259,5824.567744443785
output_noise,reward5_gci,DQN reward5 GCI,Results_DQN_reward5/model,design,67,design_18,Design Rainfall 18,0.1,48,20470762,95,4089.2682790883337,1741.3686379589647,5830.636917047298
output_noise,reward5_gci,DQN reward5 GCI,Results_DQN_reward5/model,design,67,design_18,Design Rainfall 18,0.1,49,20470763,95,4093.2604015350003,1737.294911299923,5830.555312834923
output_noise,reward5_gci,DQN reward5 GCI,Results_DQN_reward5/model,design,51,design_2,Design Rainfall 2,0.05,0,20565714,95,8692.538008749121,974.2918457506713,9666.829854499792
output_noise,reward5_gci,DQN reward5 GCI,Results_DQN_reward5/model,design,51,design_2,Design Rainfall 2,0.05,1,20565715,95,8704.148329993855,970.4356923932827,9674.584022387138
output_noise,reward5_gci,DQN reward5 GCI,Results_DQN_reward5/model,design,51,design_2,Design Rainfall 2,0.05,2,20565716,95,8704.813430161821,979.0425063550224,9683.855936516844
output_noise,reward5_gci,DQN reward5 GCI,Results_DQN_reward5/model,design,51,design_2,Design Rainfall 2,0.05,3,20565717,95,8707.168437347867,972.0844472001261,9679.252884547994
output_noise,reward5_gci,DQN reward5 GCI,Results_DQN_reward5/model,design,51,design_2,Design Rainfall 2,0.05,4,20565718,95,8702.006722209253,965.8421497662766,9667.84887197553
output_noise,reward5_gci,DQN reward5 GCI,Results_DQN_reward5/model,design,51,design_2,Design Rainfall 2,0.05,5,20565719,95,8704.594525473974,973.4668755332267,9678.0614010072
output_noise,reward5_gci,DQN reward5 GCI,Results_DQN_reward5/model,design,51,design_2,Design Rainfall 2,0.05,6,20565720,95,8702.631388260092,974.521647126372,9677.153035386464
output_noise,reward5_gci,DQN reward5 GCI,Results_DQN_reward5/model,design,51,design_2,Design Rainfall 2,0.05,7,20565721,95,8696.460738155085,967.8941692604571,9664.354907415542
output_noise,reward5_gci,DQN reward5 GCI,Results_DQN_reward5/model,design,51,design_2,Design Rainfall 2,0.05,8,20565722,95,8717.206887536495,974.2592626917752,9691.46615022827
output_noise,reward5_gci,DQN reward5 GCI,Results_DQN_reward5/model,design,51,design_2,Design Rainfall 2,0.05,9,20565723,95,8701.73827487106,976.3540493398277,9678.092324210887
output_noise,reward5_gci,DQN reward5 GCI,Results_DQN_reward5/model,design,51,design_2,Design Rainfall 2,0.05,10,20565724,95,8691.34579557291,969.3571727152387,9660.70296828815
output_noise,reward5_gci,DQN reward5 GCI,Results_DQN_reward5/model,design,51,design_2,Design Rainfall 2,0.05,11,20565725,95,8697.34944525969,979.0401101338989,9676.389555393589
output_noise,reward5_gci,DQN reward5 GCI,Results_DQN_reward5/model,design,51,design_2,Design Rainfall 2,0.05,12,20565726,95,8711.790215347473,971.1863554216211,9682.976570769095
output_noise,reward5_gci,DQN reward5 GCI,Results_DQN_reward5/model,design,51,design_2,Design Rainfall 2,0.05,13,20565727,95,8696.169245602481,971.8519815405218,9668.021227143003
output_noise,reward5_gci,DQN reward5 GCI,Results_DQN_reward5/model,design,51,design_2,Design Rainfall 2,0.05,14,20565728,95,8691.073489925362,975.4468415185224,9666.520331443884
output_noise,reward5_gci,DQN reward5 GCI,Results_DQN_reward5/model,design,51,design_2,Design Rainfall 2,0.05,15,20565729,95,8705.59770162884,974.0214628202274,9679.619164449066
output_noise,reward5_gci,DQN reward5 GCI,Results_DQN_reward5/model,design,51,design_2,Design Rainfall 2,0.05,16,20565730,95,8696.428192360929,975.8303677807597,9672.258560141689
output_noise,reward5_gci,DQN reward5 GCI,Results_DQN_reward5/model,design,51,design_2,Design Rainfall 2,0.05,17,20565731,95,8689.055374017631,970.5608124475793,9659.61618646521
output_noise,reward5_gci,DQN reward5 GCI,Results_DQN_reward5/model,design,51,design_2,Design Rainfall 2,0.05,18,20565732,95,8708.74764036569,974.0465453058717,9682.79418567156
output_noise,reward5_gci,DQN reward5 GCI,Results_DQN_reward5/model,design,51,design_2,Design Rainfall 2,0.05,19,20565733,95,8693.332242869556,976.2120986677248,9669.544341537281
output_noise,reward5_gci,DQN reward5 GCI,Results_DQN_reward5/model,design,51,design_2,Design Rainfall 2,0.05,20,20565734,95,8717.12636466081,979.0438748769145,9696.170239537723
output_noise,reward5_gci,DQN reward5 GCI,Results_DQN_reward5/model,design,51,design_2,Design Rainfall 2,0.05,21,20565735,95,8705.283895845758,965.2202831793957,9670.504179025153
output_noise,reward5_gci,DQN reward5 GCI,Results_DQN_reward5/model,design,51,design_2,Design Rainfall 2,0.05,22,20565736,95,8689.4513461702,970.3437240131566,9659.795070183358
output_noise,reward5_gci,DQN reward5 GCI,Results_DQN_reward5/model,design,51,design_2,Design Rainfall 2,0.05,23,20565737,95,8700.638932901547,969.126506338661,9669.76543924021
output_noise,reward5_gci,DQN reward5 GCI,Results_DQN_reward5/model,design,51,design_2,Design Rainfall 2,0.05,24,20565738,95,8735.34223115835,978.0121506527108,9713.354381811061
output_noise,reward5_gci,DQN reward5 GCI,Results_DQN_reward5/model,design,51,design_2,Design Rainfall 2,0.05,25,20565739,95,8691.28866461244,979.0418214486979,9670.330486061139
output_noise,reward5_gci,DQN reward5 GCI,Results_DQN_reward5/model,design,51,design_2,Design Rainfall 2,0.05,26,20565740,95,8708.62802176285,979.0401108479551,9687.668132610805
output_noise,reward5_gci,DQN reward5 GCI,Results_DQN_reward5/model,design,51,design_2,Design Rainfall 2,0.05,27,20565741,95,8704.60443257927,969.3709888939186,9673.97542147319
output_noise,reward5_gci,DQN reward5 GCI,Results_DQN_reward5/model,design,51,design_2,Design Rainfall 2,0.05,28,20565742,95,8702.794519465835,966.819596003377,9669.614115469212
output_noise,reward5_gci,DQN reward5 GCI,Results_DQN_reward5/model,design,51,design_2,Design Rainfall 2,0.05,29,20565743,95,8697.54018072276,969.9007154141492,9667.44089613691
output_noise,reward5_gci,DQN reward5 GCI,Results_DQN_reward5/model,design,51,design_2,Design Rainfall 2,0.05,30,20565744,95,8679.693935946909,972.3006024516496,9651.994538398558
output_noise,reward5_gci,DQN reward5 GCI,Results_DQN_reward5/model,design,51,design_2,Design Rainfall 2,0.05,31,20565745,95,8694.785954220188,979.0459288343521,9673.83188305454
output_noise,reward5_gci,DQN reward5 GCI,Results_DQN_reward5/model,design,51,design_2,Design Rainfall 2,0.05,32,20565746,95,8705.052675442435,979.0421638407342,9684.09483928317
output_noise,reward5_gci,DQN reward5 GCI,Results_DQN_reward5/model,design,51,design_2,Design Rainfall 2,0.05,33,20565747,95,8700.026645910752,964.0387842298936,9664.065430140645
output_noise,reward5_gci,DQN reward5 GCI,Results_DQN_reward5/model,design,51,design_2,Design Rainfall 2,0.05,34,20565748,95,8711.264335686528,979.0401101338989,9690.304445820428
output_noise,reward5_gci,DQN reward5 GCI,Results_DQN_reward5/model,design,51,design_2,Design Rainfall 2,0.05,35,20565749,95,8702.021222617986,969.8472006375314,9671.868423255517
output_noise,reward5_gci,DQN reward5 GCI,Results_DQN_reward5/model,design,51,design_2,Design Rainfall 2,0.05,36,20565750,95,8695.242674009512,979.0418217899,9674.284495799413
output_noise,reward5_gci,DQN reward5 GCI,Results_DQN_reward5/model,design,51,design_2,Design Rainfall 2,0.05,37,20565751,95,8692.357232136916,978.8334606508354,9671.190692787752
output_noise,reward5_gci,DQN reward5 GCI,Results_DQN_reward5/model,design,51,design_2,Design Rainfall 2,0.05,38,20565752,95,8707.05239530628,979.0459288345669,9686.098324140847
output_noise,reward5_gci,DQN reward5 GCI,Results_DQN_reward5/model,design,51,design_2,Design Rainfall 2,0.05,39,20565753,95,8689.574865726856,973.7717557581053,9663.346621484961
output_noise,reward5_gci,DQN reward5 GCI,Results_DQN_reward5/model,design,51,design_2,Design Rainfall 2,0.05,40,20565754,95,8699.820173653732,976.813005595488,9676.63317924922
output_noise,reward5_gci,DQN reward5 GCI,Results_DQN_reward5/model,design,51,design_2,Design Rainfall 2,0.05,41,20565755,95,8696.639318040754,974.444842452692,9671.084160493447
output_noise,reward5_gci,DQN reward5 GCI,Results_DQN_reward5/model,design,51,design_2,Design Rainfall 2,0.05,42,20565756,95,8693.965236470583,969.9960462182191,9663.961282688802
output_noise,reward5_gci,DQN reward5 GCI,Results_DQN_reward5/model,design,51,design_2,Design Rainfall 2,0.05,43,20565757,95,8693.286534528537,979.0414791759626,9672.3280137045
output_noise,reward5_gci,DQN reward5 GCI,Results_DQN_reward5/model,design,51,design_2,Design Rainfall 2,0.05,44,20565758,95,8729.791745849363,965.2875666818229,9695.079312531187
output_noise,reward5_gci,DQN reward5 GCI,Results_DQN_reward5/model,design,51,design_2,Design Rainfall 2,0.05,45,20565759,95,8699.051798572706,976.0598262730477,9675.111624845753
output_noise,reward5_gci,DQN reward5 GCI,Results_DQN_reward5/model,design,51,design_2,Design Rainfall 2,0.05,46,20565760,95,8705.921568704698,965.1439773326965,9671.065546037395
output_noise,reward5_gci,DQN reward5 GCI,Results_DQN_reward5/model,design,51,design_2,Design Rainfall 2,0.05,47,20565761,95,8710.142732287426,970.4815574570229,9680.624289744448
output_noise,reward5_gci,DQN reward5 GCI,Results_DQN_reward5/model,design,51,design_2,Design Rainfall 2,0.05,48,20565762,95,8702.87625210866,979.0455868613133,9681.921838969973
output_noise,reward5_gci,DQN reward5 GCI,Results_DQN_reward5/model,design,51,design_2,Design Rainfall 2,0.05,49,20565763,95,8701.701094391934,969.8485210493919,9671.549615441327
output_noise,reward5_gci,DQN reward5 GCI,Results_DQN_reward5/model,design,51,design_2,Design Rainfall 2,0.1,0,20570714,95,8731.991111787944,962.4930452602064,9694.48415704815
output_noise,reward5_gci,DQN reward5 GCI,Results_DQN_reward5/model,design,51,design_2,Design Rainfall 2,0.1,1,20570715,95,8731.598585457938,979.0401098373417,9710.63869529528
output_noise,reward5_gci,DQN reward5 GCI,Results_DQN_reward5/model,design,51,design_2,Design Rainfall 2,0.1,2,20570716,95,8700.544724007901,979.0517476093472,9679.596471617248
output_noise,reward5_gci,DQN reward5 GCI,Results_DQN_reward5/model,design,51,design_2,Design Rainfall 2,0.1,3,20570717,95,8735.586926601722,974.4007075794345,9709.987634181156
output_noise,reward5_gci,DQN reward5 GCI,Results_DQN_reward5/model,design,51,design_2,Design Rainfall 2,0.1,4,20570718,95,8731.605188208578,979.0401101338989,9710.645298342477
output_noise,reward5_gci,DQN reward5 GCI,Results_DQN_reward5/model,design,51,design_2,Design Rainfall 2,0.1,5,20570719,95,8733.481853355353,979.0401101338989,9712.521963489253
output_noise,reward5_gci,DQN reward5 GCI,Results_DQN_reward5/model,design,51,design_2,Design Rainfall 2,0.1,6,20570720,95,8714.58169384322,951.9041390408338,9666.485832884053
output_noise,reward5_gci,DQN reward5 GCI,Results_DQN_reward5/model,design,51,design_2,Design Rainfall 2,0.1,7,20570721,95,8721.469650188372,967.4409834287229,9688.910633617095
output_noise,reward5_gci,DQN reward5 GCI,Results_DQN_reward5/model,design,51,design_2,Design Rainfall 2,0.1,8,20570722,95,8725.873150949667,970.3515125361565,9696.224663485824
output_noise,reward5_gci,DQN reward5 GCI,Results_DQN_reward5/model,design,51,design_2,Design Rainfall 2,0.1,9,20570723,95,8732.570796054564,979.0401110122203,9711.610907066784
output_noise,reward5_gci,DQN reward5 GCI,Results_DQN_reward5/model,design,51,design_2,Design Rainfall 2,0.1,10,20570724,95,8754.634539015251,973.1770582001172,9727.811597215368
output_noise,reward5_gci,DQN reward5 GCI,Results_DQN_reward5/model,design,51,design_2,Design Rainfall 2,0.1,11,20570725,95,8722.098025877744,964.6384372362437,9686.736463113988
output_noise,reward5_gci,DQN reward5 GCI,Results_DQN_reward5/model,design,51,design_2,Design Rainfall 2,0.1,12,20570726,95,8697.254525298897,949.2138062327363,9646.468331531632
output_noise,reward5_gci,DQN reward5 GCI,Results_DQN_reward5/model,design,51,design_2,Design Rainfall 2,0.1,13,20570727,95,8737.200838546725,962.6346076518442,9699.83544619857
output_noise,reward5_gci,DQN reward5 GCI,Results_DQN_reward5/model,design,51,design_2,Design Rainfall 2,0.1,14,20570728,95,8766.807343037415,960.1991348443103,9727.006477881725
output_noise,reward5_gci,DQN reward5 GCI,Results_DQN_reward5/model,design,51,design_2,Design Rainfall 2,0.1,15,20570729,95,8753.011536389422,979.0507215079459,9732.062257897367
output_noise,reward5_gci,DQN reward5 GCI,Results_DQN_reward5/model,design,51,design_2,Design Rainfall 2,0.1,16,20570730,95,8735.689753828372,964.189169794706,9699.878923623079
output_noise,reward5_gci,DQN reward5 GCI,Results_DQN_reward5/model,design,51,design_2,Design Rainfall 2,0.1,17,20570731,95,8733.650438252009,967.347992828586,9700.998431080596
output_noise,reward5_gci,DQN reward5 GCI,Results_DQN_reward5/model,design,51,design_2,Design Rainfall 2,0.1,18,20570732,95,8721.868031076665,979.0401101338989,9700.908141210564
output_noise,reward5_gci,DQN reward5 GCI,Results_DQN_reward5/model,design,51,design_2,Design Rainfall 2,0.1,19,20570733,95,8730.316156927847,955.8903091603985,9686.206466088246
output_noise,reward5_gci,DQN reward5 GCI,Results_DQN_reward5/model,design,51,design_2,Design Rainfall 2,0.1,20,20570734,95,8745.840503985153,979.0510630951046,9724.891567080258
output_noise,reward5_gci,DQN reward5 GCI,Results_DQN_reward5/model,design,51,design_2,Design Rainfall 2,0.1,21,20570735,95,8740.558222456328,962.0740078576948,9702.632230314022
output_noise,reward5_gci,DQN reward5 GCI,Results_DQN_reward5/model,design,51,design_2,Design Rainfall 2,0.1,22,20570736,95,8719.061617555102,979.0401109680171,9698.10172852312
output_noise,reward5_gci,DQN reward5 GCI,Results_DQN_reward5/model,design,51,design_2,Design Rainfall 2,0.1,23,20570737,95,8761.414120786238,959.6690731202777,9721.083193906516
output_noise,reward5_gci,DQN reward5 GCI,Results_DQN_reward5/model,design,51,design_2,Design Rainfall 2,0.1,24,20570738,95,8753.799205959738,961.0230818782888,9714.822287838027
output_noise,reward5_gci,DQN reward5 GCI,Results_DQN_reward5/model,design,51,design_2,Design Rainfall 2,0.1,25,20570739,95,8735.736814134883,964.061610746748,9699.798424881632
output_noise,reward5_gci,DQN reward5 GCI,Results_DQN_reward5/model,design,51,design_2,Design Rainfall 2,0.1,26,20570740,95,8748.716261339378,941.6291906012074,9690.345451940584
output_noise,reward5_gci,DQN reward5 GCI,Results_DQN_reward5/model,design,51,design_2,Design Rainfall 2,0.1,27,20570741,95,8719.560876862695,953.090885365013,9672.651762227708
output_noise,reward5_gci,DQN reward5 GCI,Results_DQN_reward5/model,design,51,design_2,Design Rainfall 2,0.1,28,20570742,95,8755.63738862148,977.4838159599889,9733.12120458147
output_noise,reward5_gci,DQN reward5 GCI,Results_DQN_reward5/model,design,51,design_2,Design Rainfall 2,0.1,29,20570743,95,8717.445386195473,970.1953296690446,9687.640715864518
output_noise,reward5_gci,DQN reward5 GCI,Results_DQN_reward5/model,design,51,design_2,Design Rainfall 2,0.1,30,20570744,95,8744.20173184989,974.6252993943976,9718.827031244287
output_noise,reward5_gci,DQN reward5 GCI,Results_DQN_reward5/model,design,51,design_2,Design Rainfall 2,0.1,31,20570745,95,8732.942899125817,959.1131864778847,9692.056085603703
output_noise,reward5_gci,DQN reward5 GCI,Results_DQN_reward5/model,design,51,design_2,Design Rainfall 2,0.1,32,20570746,95,8726.836031209441,967.7077934868856,9694.543824696326
output_noise,reward5_gci,DQN reward5 GCI,Results_DQN_reward5/model,design,51,design_2,Design Rainfall 2,0.1,33,20570747,95,8714.240420546304,979.0438751797843,9693.28429572609
output_noise,reward5_gci,DQN reward5 GCI,Results_DQN_reward5/model,design,51,design_2,Design Rainfall 2,0.1,34,20570748,95,8720.524813615502,979.0401101338989,9699.564923749402
output_noise,reward5_gci,DQN reward5 GCI,Results_DQN_reward5/model,design,51,design_2,Design Rainfall 2,0.1,35,20570749,95,8725.87403482027,979.0520898860569,9704.926124706328
output_noise,reward5_gci,DQN reward5 GCI,Results_DQN_reward5/model,design,51,design_2,Design Rainfall 2,0.1,36,20570750,95,8731.172275727555,955.5619336049476,9686.734209332502
output_noise,reward5_gci,DQN reward5 GCI,Results_DQN_reward5/model,design,51,design_2,Design Rainfall 2,0.1,37,20570751,95,8729.623615337001,968.775011918091,9698.398627255092
output_noise,reward5_gci,DQN reward5 GCI,Results_DQN_reward5/model,design,51,design_2,Design Rainfall 2,0.1,38,20570752,95,8741.103970463215,947.9909758643784,9689.094946327594
output_noise,reward5_gci,DQN reward5 GCI,Results_DQN_reward5/model,design,51,design_2,Design Rainfall 2,0.1,39,20570753,95,8719.578502050686,944.7805088819395,9664.359010932625
output_noise,reward5_gci,DQN reward5 GCI,Results_DQN_reward5/model,design,51,design_2,Design Rainfall 2,0.1,40,20570754,95,8709.128265764342,948.1843434799919,9657.312609244334
output_noise,reward5_gci,DQN reward5 GCI,Results_DQN_reward5/model,design,51,design_2,Design Rainfall 2,0.1,41,20570755,95,8730.844070446106,977.9326896721788,9708.776760118286
output_noise,reward5_gci,DQN reward5 GCI,Results_DQN_reward5/model,design,51,design_2,Design Rainfall 2,0.1,42,20570756,95,8749.938917975453,970.668916714659,9720.607834690112
output_noise,reward5_gci,DQN reward5 GCI,Results_DQN_reward5/model,design,51,design_2,Design Rainfall 2,0.1,43,20570757,95,8735.999621212974,977.4305725529474,9713.43019376592
output_noise,reward5_gci,DQN reward5 GCI,Results_DQN_reward5/model,design,51,design_2,Design Rainfall 2,0.1,44,20570758,95,8726.436162688806,953.7103024065793,9680.146465095386
output_noise,reward5_gci,DQN reward5 GCI,Results_DQN_reward5/model,design,51,design_2,Design Rainfall 2,0.1,45,20570759,95,8720.51174661577,963.3755701281732,9683.887316743943
output_noise,reward5_gci,DQN reward5 GCI,Results_DQN_reward5/model,design,51,design_2,Design Rainfall 2,0.1,46,20570760,95,8747.523040596088,968.8995876545787,9716.422628250668
output_noise,reward5_gci,DQN reward5 GCI,Results_DQN_reward5/model,design,51,design_2,Design Rainfall 2,0.1,47,20570761,95,8757.632612834259,971.879360365561,9729.51197319982
output_noise,reward5_gci,DQN reward5 GCI,Results_DQN_reward5/model,design,51,design_2,Design Rainfall 2,0.1,48,20570762,95,8709.401188883494,962.9231823925763,9672.32437127607
output_noise,reward5_gci,DQN reward5 GCI,Results_DQN_reward5/model,design,51,design_2,Design Rainfall 2,0.1,49,20570763,95,8749.166006632877,979.0401101338989,9728.206116766776
output_noise,reward5_gci,DQN reward5 GCI,Results_DQN_reward5/model,real,0,real_01,Real Rainfall 1,0.05,0,20665714,95,3158.840359252113,973.4349798885432,4132.275339140657
output_noise,reward5_gci,DQN reward5 GCI,Results_DQN_reward5/model,real,0,real_01,Real Rainfall 1,0.05,1,20665715,95,3160.8662088273804,969.9555831942564,4130.821792021637
output_noise,reward5_gci,DQN reward5 GCI,Results_DQN_reward5/model,real,0,real_01,Real Rainfall 1,0.05,2,20665716,95,3159.356179638662,979.0401101338989,4138.396289772561
output_noise,reward5_gci,DQN reward5 GCI,Results_DQN_reward5/model,real,0,real_01,Real Rainfall 1,0.05,3,20665717,95,3160.6277165186793,971.2168449013964,4131.8445614200755
output_noise,reward5_gci,DQN reward5 GCI,Results_DQN_reward5/model,real,0,real_01,Real Rainfall 1,0.05,4,20665718,95,3159.1599367795015,971.7629129434968,4130.922849722998
output_noise,reward5_gci,DQN reward5 GCI,Results_DQN_reward5/model,real,0,real_01,Real Rainfall 1,0.05,5,20665719,95,3158.5100604486447,973.2042041917753,4131.71426464042
output_noise,reward5_gci,DQN reward5 GCI,Results_DQN_reward5/model,real,0,real_01,Real Rainfall 1,0.05,6,20665720,95,3160.6113719718796,976.9171819615506,4137.52855393343
output_noise,reward5_gci,DQN reward5 GCI,Results_DQN_reward5/model,real,0,real_01,Real Rainfall 1,0.05,7,20665721,95,3158.99472769147,979.0401101338989,4138.034837825369
output_noise,reward5_gci,DQN reward5 GCI,Results_DQN_reward5/model,real,0,real_01,Real Rainfall 1,0.05,8,20665722,95,3160.363543552048,971.7714677946066,4132.135011346655
output_noise,reward5_gci,DQN reward5 GCI,Results_DQN_reward5/model,real,0,real_01,Real Rainfall 1,0.05,9,20665723,95,3158.829851876942,976.8636495476844,4135.693501424626
output_noise,reward5_gci,DQN reward5 GCI,Results_DQN_reward5/model,real,0,real_01,Real Rainfall 1,0.05,10,20665724,95,3158.220144893188,977.9806373619906,4136.200782255179
output_noise,reward5_gci,DQN reward5 GCI,Results_DQN_reward5/model,real,0,real_01,Real Rainfall 1,0.05,11,20665725,95,3158.0782376970988,979.0421638356923,4137.120401532791
output_noise,reward5_gci,DQN reward5 GCI,Results_DQN_reward5/model,real,0,real_01,Real Rainfall 1,0.05,12,20665726,95,3160.9654149521443,978.6510497995964,4139.616464751741
output_noise,reward5_gci,DQN reward5 GCI,Results_DQN_reward5/model,real,0,real_01,Real Rainfall 1,0.05,13,20665727,95,3157.8954773657088,977.0333121274721,4134.92878949318
output_noise,reward5_gci,DQN reward5 GCI,Results_DQN_reward5/model,real,0,real_01,Real Rainfall 1,0.05,14,20665728,95,3158.3790965733047,969.9936444405922,4128.372741013897
output_noise,reward5_gci,DQN reward5 GCI,Results_DQN_reward5/model,real,0,real_01,Real Rainfall 1,0.05,15,20665729,95,3157.443213620967,979.0401105245743,4136.483324145542
output_noise,reward5_gci,DQN reward5 GCI,Results_DQN_reward5/model,real,0,real_01,Real Rainfall 1,0.05,16,20665730,95,3159.031329090411,970.2778180210812,4129.309147111492
output_noise,reward5_gci,DQN reward5 GCI,Results_DQN_reward5/model,real,0,real_01,Real Rainfall 1,0.05,17,20665731,95,3159.4470746722654,974.6027096574393,4134.049784329704
output_noise,reward5_gci,DQN reward5 GCI,Results_DQN_reward5/model,real,0,real_01,Real Rainfall 1,0.05,18,20665732,95,3159.7165400961044,979.0438751824322,4138.760415278537
output_noise,reward5_gci,DQN reward5 GCI,Results_DQN_reward5/model,real,0,real_01,Real Rainfall 1,0.05,19,20665733,95,3156.896918704346,969.8698262088401,4126.766744913186
output_noise,reward5_gci,DQN reward5 GCI,Results_DQN_reward5/model,real,0,real_01,Real Rainfall 1,0.05,20,20665734,95,3158.1488689600556,975.9344369125845,4134.08330587264
output_noise,reward5_gci,DQN reward5 GCI,Results_DQN_reward5/model,real,0,real_01,Real Rainfall 1,0.05,21,20665735,95,3159.0072102161826,979.0411375837496,4138.048347799932
output_noise,reward5_gci,DQN reward5 GCI,Results_DQN_reward5/model,real,0,real_01,Real Rainfall 1,0.05,22,20665736,95,3161.065372265822,974.6789731360411,4135.744345401863
output_noise,reward5_gci,DQN reward5 GCI,Results_DQN_reward5/model,real,0,real_01,Real Rainfall 1,0.05,23,20665737,95,3159.4282679455373,969.0402959197352,4128.468563865273
output_noise,reward5_gci,DQN reward5 GCI,Results_DQN_reward5/model,real,0,real_01,Real Rainfall 1,0.05,24,20665738,95,3160.3011361919803,977.6005013236534,4137.901637515633
output_noise,reward5_gci,DQN reward5 GCI,Results_DQN_reward5/model,real,0,real_01,Real Rainfall 1,0.05,25,20665739,95,3157.849022122135,979.0401105237561,4136.889132645891
output_noise,reward5_gci,DQN reward5 GCI,Results_DQN_reward5/model,real,0,real_01,Real Rainfall 1,0.05,26,20665740,95,3158.3288845521024,967.8284970513636,4126.157381603466
output_noise,reward5_gci,DQN reward5 GCI,Results_DQN_reward5/model,real,0,real_01,Real Rainfall 1,0.05,27,20665741,95,3159.842666618543,979.040110372377,4138.882776990919
output_noise,reward5_gci,DQN reward5 GCI,Results_DQN_reward5/model,real,0,real_01,Real Rainfall 1,0.05,28,20665742,95,3159.8589280647648,971.9622679255974,4131.821195990362
output_noise,reward5_gci,DQN reward5 GCI,Results_DQN_reward5/model,real,0,real_01,Real Rainfall 1,0.05,29,20665743,95,3160.0374246268807,976.2834962677056,4136.320920894586
output_noise,reward5_gci,DQN reward5 GCI,Results_DQN_reward5/model,real,0,real_01,Real Rainfall 1,0.05,30,20665744,95,3159.01754074268,966.0271487359689,4125.044689478649
output_noise,reward5_gci,DQN reward5 GCI,Results_DQN_reward5/model,real,0,real_01,Real Rainfall 1,0.05,31,20665745,95,3159.2009878897834,974.1987655982188,4133.399753488002
output_noise,reward5_gci,DQN reward5 GCI,Results_DQN_reward5/model,real,0,real_01,Real Rainfall 1,0.05,32,20665746,95,3159.5296751543697,979.0401103728541,4138.569785527224
output_noise,reward5_gci,DQN reward5 GCI,Results_DQN_reward5/model,real,0,real_01,Real Rainfall 1,0.05,33,20665747,95,3157.203876693555,979.0401101338989,4136.243986827454
output_noise,reward5_gci,DQN reward5 GCI,Results_DQN_reward5/model,real,0,real_01,Real Rainfall 1,0.05,34,20665748,95,3160.5487483463507,979.0401107324157,4139.588859078766
output_noise,reward5_gci,DQN reward5 GCI,Results_DQN_reward5/model,real,0,real_01,Real Rainfall 1,0.05,35,20665749,95,3158.3891588642496,969.5507562179573,4127.939915082206
output_noise,reward5_gci,DQN reward5 GCI,Results_DQN_reward5/model,real,0,real_01,Real Rainfall 1,0.05,36,20665750,95,3157.982224885442,972.6027401008539,4130.584964986296
output_noise,reward5_gci,DQN reward5 GCI,Results_DQN_reward5/model,real,0,real_01,Real Rainfall 1,0.05,37,20665751,95,3158.6197205836515,975.3604646517284,4133.98018523538
output_noise,reward5_gci,DQN reward5 GCI,Results_DQN_reward5/model,real,0,real_01,Real Rainfall 1,0.05,38,20665752,95,3158.2244391745485,974.6751757155394,4132.899614890088
output_noise,reward5_gci,DQN reward5 GCI,Results_DQN_reward5/model,real,0,real_01,Real Rainfall 1,0.05,39,20665753,95,3159.064966432553,973.276784233979,4132.341750666532
output_noise,reward5_gci,DQN reward5 GCI,Results_DQN_reward5/model,real,0,real_01,Real Rainfall 1,0.05,40,20665754,95,3159.9802819722663,976.3489314806161,4136.329213452882
output_noise,reward5_gci,DQN reward5 GCI,Results_DQN_reward5/model,real,0,real_01,Real Rainfall 1,0.05,41,20665755,95,3159.494079193174,979.0401108472485,4138.534190040423
output_noise,reward5_gci,DQN reward5 GCI,Results_DQN_reward5/model,real,0,real_01,Real Rainfall 1,0.05,42,20665756,95,3159.9099923134154,979.0431909870198,4138.953183300435
output_noise,reward5_gci,DQN reward5 GCI,Results_DQN_reward5/model,real,0,real_01,Real Rainfall 1,0.05,43,20665757,95,3159.4605021302636,977.0011773494168,4136.46167947968
output_noise,reward5_gci,DQN reward5 GCI,Results_DQN_reward5/model,real,0,real_01,Real Rainfall 1,0.05,44,20665758,95,3160.0210944411465,974.414231481452,4134.435325922598
output_noise,reward5_gci,DQN reward5 GCI,Results_DQN_reward5/model,real,0,real_01,Real Rainfall 1,0.05,45,20665759,95,3159.215065360902,975.4451493759864,4134.6602147368885
output_noise,reward5_gci,DQN reward5 GCI,Results_DQN_reward5/model,real,0,real_01,Real Rainfall 1,0.05,46,20665760,95,3159.8715562045422,975.3305287814303,4135.202084985973
output_noise,reward5_gci,DQN reward5 GCI,Results_DQN_reward5/model,real,0,real_01,Real Rainfall 1,0.05,47,20665761,95,3157.8536732072066,973.1037648758314,4130.957438083038
output_noise,reward5_gci,DQN reward5 GCI,Results_DQN_reward5/model,real,0,real_01,Real Rainfall 1,0.05,48,20665762,95,3160.891927005402,963.261221451762,4124.153148457164
output_noise,reward5_gci,DQN reward5 GCI,Results_DQN_reward5/model,real,0,real_01,Real Rainfall 1,0.05,49,20665763,95,3159.253081969023,976.3855917511925,4135.638673720216
output_noise,reward5_gci,DQN reward5 GCI,Results_DQN_reward5/model,real,0,real_01,Real Rainfall 1,0.1,0,20670714,95,3159.240565576303,964.1191045823532,4123.359670158657
output_noise,reward5_gci,DQN reward5 GCI,Results_DQN_reward5/model,real,0,real_01,Real Rainfall 1,0.1,1,20670715,95,3160.9563118251594,972.7449122642497,4133.701224089409
output_noise,reward5_gci,DQN reward5 GCI,Results_DQN_reward5/model,real,0,real_01,Real Rainfall 1,0.1,2,20670716,95,3157.4999482942994,967.7703901979369,4125.270338492236
output_noise,reward5_gci,DQN reward5 GCI,Results_DQN_reward5/model,real,0,real_01,Real Rainfall 1,0.1,3,20670717,95,3158.3292497033226,963.5671795828367,4121.896429286159
output_noise,reward5_gci,DQN reward5 GCI,Results_DQN_reward5/model,real,0,real_01,Real Rainfall 1,0.1,4,20670718,95,3157.1322461389186,979.0407946603473,4136.173040799265
output_noise,reward5_gci,DQN reward5 GCI,Results_DQN_reward5/model,real,0,real_01,Real Rainfall 1,0.1,5,20670719,95,3159.3148569912696,966.6776737891639,4125.992530780433
output_noise,reward5_gci,DQN reward5 GCI,Results_DQN_reward5/model,real,0,real_01,Real Rainfall 1,0.1,6,20670720,95,3157.443890678684,979.0401101338989,4136.484000812583
output_noise,reward5_gci,DQN reward5 GCI,Results_DQN_reward5/model,real,0,real_01,Real Rainfall 1,0.1,7,20670721,95,3158.7422629799303,979.0401101338989,4137.782373113829
output_noise,reward5_gci,DQN reward5 GCI,Results_DQN_reward5/model,real,0,real_01,Real Rainfall 1,0.1,8,20670722,95,3161.029939664405,970.9453435913827,4131.975283255788
output_noise,reward5_gci,DQN reward5 GCI,Results_DQN_reward5/model,real,0,real_01,Real Rainfall 1,0.1,9,20670723,95,3157.0079631472413,976.8852821810643,4133.893245328306
output_noise,reward5_gci,DQN reward5 GCI,Results_DQN_reward5/model,real,0,real_01,Real Rainfall 1,0.1,10,20670724,95,3160.460550427177,958.7493577392008,4119.209908166378
output_noise,reward5_gci,DQN reward5 GCI,Results_DQN_reward5/model,real,0,real_01,Real Rainfall 1,0.1,11,20670725,95,3159.615735028105,960.2794751918119,4119.895210219917
output_noise,reward5_gci,DQN reward5 GCI,Results_DQN_reward5/model,real,0,real_01,Real Rainfall 1,0.1,12,20670726,95,3158.567981220745,975.7580718789807,4134.326053099726
output_noise,reward5_gci,DQN reward5 GCI,Results_DQN_reward5/model,real,0,real_01,Real Rainfall 1,0.1,13,20670727,95,3159.943340404345,968.2968425029078,4128.240182907252
output_noise,reward5_gci,DQN reward5 GCI,Results_DQN_reward5/model,real,0,real_01,Real Rainfall 1,0.1,14,20670728,95,3159.9663713239192,979.0401100357541,4139.006481359674
output_noise,reward5_gci,DQN reward5 GCI,Results_DQN_reward5/model,real,0,real_01,Real Rainfall 1,0.1,15,20670729,95,3157.023152542124,979.0445596864954,4136.06771222862
output_noise,reward5_gci,DQN reward5 GCI,Results_DQN_reward5/model,real,0,real_01,Real Rainfall 1,0.1,16,20670730,95,3158.5886521026064,979.0401112355938,4137.6287633382
output_noise,reward5_gci,DQN reward5 GCI,Results_DQN_reward5/model,real,0,real_01,Real Rainfall 1,0.1,17,20670731,95,3158.032702832985,971.7027374752358,4129.735440308221
output_noise,reward5_gci,DQN reward5 GCI,Results_DQN_reward5/model,real,0,real_01,Real Rainfall 1,0.1,18,20670732,95,3158.727406400337,959.8750546909068,4118.602461091244
output_noise,reward5_gci,DQN reward5 GCI,Results_DQN_reward5/model,real,0,real_01,Real Rainfall 1,0.1,19,20670733,95,3159.257265876206,977.92248249967,4137.179748375876
output_noise,reward5_gci,DQN reward5 GCI,Results_DQN_reward5/model,real,0,real_01,Real Rainfall 1,0.1,20,20670734,95,3159.632884004714,979.0524333792982,4138.685317384012
output_noise,reward5_gci,DQN reward5 GCI,Results_DQN_reward5/model,real,0,real_01,Real Rainfall 1,0.1,21,20670735,95,3157.596544385137,963.5855453625147,4121.182089747652
output_noise,reward5_gci,DQN reward5 GCI,Results_DQN_reward5/model,real,0,real_01,Real Rainfall 1,0.1,22,20670736,95,3157.8236330474842,942.835337248858,4100.658970296342
output_noise,reward5_gci,DQN reward5 GCI,Results_DQN_reward5/model,real,0,real_01,Real Rainfall 1,0.1,23,20670737,95,3159.4462528337945,979.0435337012424,4138.489786535037
output_noise,reward5_gci,DQN reward5 GCI,Results_DQN_reward5/model,real,0,real_01,Real Rainfall 1,0.1,24,20670738,95,3159.008149974818,966.8672668954121,4125.87541687023
output_noise,reward5_gci,DQN reward5 GCI,Results_DQN_reward5/model,real,0,real_01,Real Rainfall 1,0.1,25,20670739,95,3159.2744722818406,979.0401101338989,4138.31458241574
output_noise,reward5_gci,DQN reward5 GCI,Results_DQN_reward5/model,real,0,real_01,Real Rainfall 1,0.1,26,20670740,95,3158.801826726077,974.2381783975654,4133.040005123642
output_noise,reward5_gci,DQN reward5 GCI,Results_DQN_reward5/model,real,0,real_01,Real Rainfall 1,0.1,27,20670741,95,3158.455192993553,963.2470713945651,4121.702264388118
output_noise,reward5_gci,DQN reward5 GCI,Results_DQN_reward5/model,real,0,real_01,Real Rainfall 1,0.1,28,20670742,95,3157.8836281246818,979.0401113830071,4136.923739507689
output_noise,reward5_gci,DQN reward5 GCI,Results_DQN_reward5/model,real,0,real_01,Real Rainfall 1,0.1,29,20670743,95,3155.4599508548195,965.2071236454317,4120.667074500251
output_noise,reward5_gci,DQN reward5 GCI,Results_DQN_reward5/model,real,0,real_01,Real Rainfall 1,0.1,30,20670744,95,3161.0803961090755,964.2413488048388,4125.321744913915
output_noise,reward5_gci,DQN reward5 GCI,Results_DQN_reward5/model,real,0,real_01,Real Rainfall 1,0.1,31,20670745,95,3159.0670620813794,951.7004391729376,4110.767501254317
output_noise,reward5_gci,DQN reward5 GCI,Results_DQN_reward5/model,real,0,real_01,Real Rainfall 1,0.1,32,20670746,95,3159.9841104784373,979.0466135089378,4139.030723987375
output_noise,reward5_gci,DQN reward5 GCI,Results_DQN_reward5/model,real,0,real_01,Real Rainfall 1,0.1,33,20670747,95,3157.6903366101615,959.3519747839921,4117.042311394153
output_noise,reward5_gci,DQN reward5 GCI,Results_DQN_reward5/model,real,0,real_01,Real Rainfall 1,0.1,34,20670748,95,3158.282519705601,957.9817043317354,4116.264224037336
output_noise,reward5_gci,DQN reward5 GCI,Results_DQN_reward5/model,real,0,real_01,Real Rainfall 1,0.1,35,20670749,95,3158.9839019847454,961.0584416953891,4120.042343680135
output_noise,reward5_gci,DQN reward5 GCI,Results_DQN_reward5/model,real,0,real_01,Real Rainfall 1,0.1,36,20670750,95,3162.735651355365,966.8795486725572,4129.615200027923
output_noise,reward5_gci,DQN reward5 GCI,Results_DQN_reward5/model,real,0,real_01,Real Rainfall 1,0.1,37,20670751,95,3159.8489934876156,979.0520898780642,4138.901083365679
output_noise,reward5_gci,DQN reward5 GCI,Results_DQN_reward5/model,real,0,real_01,Real Rainfall 1,0.1,38,20670752,95,3157.448425634622,975.8330109252511,4133.281436559873
output_noise,reward5_gci,DQN reward5 GCI,Results_DQN_reward5/model,real,0,real_01,Real Rainfall 1,0.1,39,20670753,95,3159.673996087853,959.0286039903581,4118.702600078212
output_noise,reward5_gci,DQN reward5 GCI,Results_DQN_reward5/model,real,0,real_01,Real Rainfall 1,0.1,40,20670754,95,3157.6542774462914,972.0355606140205,4129.689838060312
output_noise,reward5_gci,DQN reward5 GCI,Results_DQN_reward5/model,real,0,real_01,Real Rainfall 1,0.1,41,20670755,95,3157.797723175458,978.0380980482284,4135.835821223686
output_noise,reward5_gci,DQN reward5 GCI,Results_DQN_reward5/model,real,0,real_01,Real Rainfall 1,0.1,42,20670756,95,3158.010417440609,967.6728652432112,4125.68328268382
output_noise,reward5_gci,DQN reward5 GCI,Results_DQN_reward5/model,real,0,real_01,Real Rainfall 1,0.1,43,20670757,95,3161.0279518250613,971.4469017605722,4132.474853585633
output_noise,reward5_gci,DQN reward5 GCI,Results_DQN_reward5/model,real,0,real_01,Real Rainfall 1,0.1,44,20670758,95,3158.78547123519,963.7939673257612,4122.5794385609515
output_noise,reward5_gci,DQN reward5 GCI,Results_DQN_reward5/model,real,0,real_01,Real Rainfall 1,0.1,45,20670759,95,3159.223712174034,979.0445596785102,4138.268271852544
output_noise,reward5_gci,DQN reward5 GCI,Results_DQN_reward5/model,real,0,real_01,Real Rainfall 1,0.1,46,20670760,95,3157.0533718497786,979.0401101338989,4136.0934819836775
output_noise,reward5_gci,DQN reward5 GCI,Results_DQN_reward5/model,real,0,real_01,Real Rainfall 1,0.1,47,20670761,95,3159.255676213716,979.0401101338989,4138.295786347615
output_noise,reward5_gci,DQN reward5 GCI,Results_DQN_reward5/model,real,0,real_01,Real Rainfall 1,0.1,48,20670762,95,3159.8632373537316,965.8275601262903,4125.6907974800215
output_noise,reward5_gci,DQN reward5 GCI,Results_DQN_reward5/model,real,0,real_01,Real Rainfall 1,0.1,49,20670763,95,3158.4784135108284,958.2715909169974,4116.750004427826
output_noise,reward5_gci,DQN reward5 GCI,Results_DQN_reward5/model,real,1,real_02,Real Rainfall 2,0.05,0,20765714,95,948.6574058702506,3268.0761269603786,4216.733532830629
output_noise,reward5_gci,DQN reward5 GCI,Results_DQN_reward5/model,real,1,real_02,Real Rainfall 2,0.05,1,20765715,95,955.2320524021314,3286.412379853929,4241.64443225606
output_noise,reward5_gci,DQN reward5 GCI,Results_DQN_reward5/model,real,1,real_02,Real Rainfall 2,0.05,2,20765716,95,948.8528236325786,3275.798829352726,4224.651652985304
output_noise,reward5_gci,DQN reward5 GCI,Results_DQN_reward5/model,real,1,real_02,Real Rainfall 2,0.05,3,20765717,95,955.5758681405908,3295.9676300899673,4251.543498230558
output_noise,reward5_gci,DQN reward5 GCI,Results_DQN_reward5/model,real,1,real_02,Real Rainfall 2,0.05,4,20765718,95,1744.8741022230968,1662.4842939350692,3407.358396158166
output_noise,reward5_gci,DQN reward5 GCI,Results_DQN_reward5/model,real,1,real_02,Real Rainfall 2,0.05,5,20765719,95,950.5661621734022,3278.6038507657727,4229.170012939175
output_noise,reward5_gci,DQN reward5 GCI,Results_DQN_reward5/model,real,1,real_02,Real Rainfall 2,0.05,6,20765720,95,953.5716250793411,3284.6646679925943,4238.2362930719355
output_noise,reward5_gci,DQN reward5 GCI,Results_DQN_reward5/model,real,1,real_02,Real Rainfall 2,0.05,7,20765721,95,1746.4129402827275,1659.2737569596243,3405.686697242352
output_noise,reward5_gci,DQN reward5 GCI,Results_DQN_reward5/model,real,1,real_02,Real Rainfall 2,0.05,8,20765722,95,951.2320929268978,3285.299857710401,4236.531950637299
output_noise,reward5_gci,DQN reward5 GCI,Results_DQN_reward5/model,real,1,real_02,Real Rainfall 2,0.05,9,20765723,95,945.6668597860897,3281.9732471630386,4227.6401069491285
output_noise,reward5_gci,DQN reward5 GCI,Results_DQN_reward5/model,real,1,real_02,Real Rainfall 2,0.05,10,20765724,95,948.1840856770388,3293.0836893487894,4241.267775025828
output_noise,reward5_gci,DQN reward5 GCI,Results_DQN_reward5/model,real,1,real_02,Real Rainfall 2,0.05,11,20765725,95,951.0100866332629,3291.3773139359573,4242.3874005692205
output_noise,reward5_gci,DQN reward5 GCI,Results_DQN_reward5/model,real,1,real_02,Real Rainfall 2,0.05,12,20765726,95,1749.3686129193977,1655.1469382261141,3404.515551145512
output_noise,reward5_gci,DQN reward5 GCI,Results_DQN_reward5/model,real,1,real_02,Real Rainfall 2,0.05,13,20765727,95,951.6167745513242,3287.780981983061,4239.397756534385
output_noise,reward5_gci,DQN reward5 GCI,Results_DQN_reward5/model,real,1,real_02,Real Rainfall 2,0.05,14,20765728,95,949.5403093712766,3282.138990562976,4231.679299934252
output_noise,reward5_gci,DQN reward5 GCI,Results_DQN_reward5/model,real,1,real_02,Real Rainfall 2,0.05,15,20765729,95,948.6781071289759,3289.465904820215,4238.144011949191
output_noise,reward5_gci,DQN reward5 GCI,Results_DQN_reward5/model,real,1,real_02,Real Rainfall 2,0.05,16,20765730,95,955.5161284324055,3285.8000282721678,4241.316156704574
output_noise,reward5_gci,DQN reward5 GCI,Results_DQN_reward5/model,real,1,real_02,Real Rainfall 2,0.05,17,20765731,95,954.00978996649,3278.172595043766,4232.1823850102555
output_noise,reward5_gci,DQN reward5 GCI,Results_DQN_reward5/model,real,1,real_02,Real Rainfall 2,0.05,18,20765732,95,954.0630131946616,3288.8380043108923,4242.901017505554
output_noise,reward5_gci,DQN reward5 GCI,Results_DQN_reward5/model,real,1,real_02,Real Rainfall 2,0.05,19,20765733,95,952.0820344943876,3283.716103007839,4235.798137502226
output_noise,reward5_gci,DQN reward5 GCI,Results_DQN_reward5/model,real,1,real_02,Real Rainfall 2,0.05,20,20765734,95,952.4596924691879,3280.405940233663,4232.865632702851
output_noise,reward5_gci,DQN reward5 GCI,Results_DQN_reward5/model,real,1,real_02,Real Rainfall 2,0.05,21,20765735,95,951.0491726047009,3275.1651084260193,4226.2142810307205
output_noise,reward5_gci,DQN reward5 GCI,Results_DQN_reward5/model,real,1,real_02,Real Rainfall 2,0.05,22,20765736,95,951.6233451795134,3295.4027762067703,4247.026121386284
output_noise,reward5_gci,DQN reward5 GCI,Results_DQN_reward5/model,real,1,real_02,Real Rainfall 2,0.05,23,20765737,95,951.0900628073705,3294.2477886291163,4245.337851436487
output_noise,reward5_gci,DQN reward5 GCI,Results_DQN_reward5/model,real,1,real_02,Real Rainfall 2,0.05,24,20765738,95,955.4110020376811,3298.068869776521,4253.479871814202
output_noise,reward5_gci,DQN reward5 GCI,Results_DQN_reward5/model,real,1,real_02,Real Rainfall 2,0.05,25,20765739,95,944.9387069061615,3287.2107817941696,4232.149488700331
output_noise,reward5_gci,DQN reward5 GCI,Results_DQN_reward5/model,real,1,real_02,Real Rainfall 2,0.05,26,20765740,95,954.0669715159095,3294.630228788075,4248.697200303985
output_noise,reward5_gci,DQN reward5 GCI,Results_DQN_reward5/model,real,1,real_02,Real Rainfall 2,0.05,27,20765741,95,1749.5216931154982,1649.4551272884728,3398.976820403971
output_noise,reward5_gci,DQN reward5 GCI,Results_DQN_reward5/model,real,1,real_02,Real Rainfall 2,0.05,28,20765742,95,948.0038958296923,3279.7296474461737,4227.733543275866
output_noise,reward5_gci,DQN reward5 GCI,Results_DQN_reward5/model,real,1,real_02,Real Rainfall 2,0.05,29,20765743,95,949.6057143688181,3288.84617751163,4238.451891880448
output_noise,reward5_gci,DQN reward5 GCI,Results_DQN_reward5/model,real,1,real_02,Real Rainfall 2,0.05,30,20765744,95,947.1363991639714,3279.4772483307447,4226.613647494716
output_noise,reward5_gci,DQN reward5 GCI,Results_DQN_reward5/model,real,1,real_02,Real Rainfall 2,0.05,31,20765745,95,949.8210514094367,3280.5612966661474,4230.382348075584
output_noise,reward5_gci,DQN reward5 GCI,Results_DQN_reward5/model,real,1,real_02,Real Rainfall 2,0.05,32,20765746,95,1750.3435344806571,1667.2500090774138,3417.593543558071
output_noise,reward5_gci,DQN reward5 GCI,Results_DQN_reward5/model,real,1,real_02,Real Rainfall 2,0.05,33,20765747,95,955.4657042814525,3288.269542883297,4243.73524716475
output_noise,reward5_gci,DQN reward5 GCI,Results_DQN_reward5/model,real,1,real_02,Real Rainfall 2,0.05,34,20765748,95,1751.28551931132,1657.6708258669482,3408.9563451782683
output_noise,reward5_gci,DQN reward5 GCI,Results_DQN_reward5/model,real,1,real_02,Real Rainfall 2,0.05,35,20765749,95,946.9726056038681,3286.8975557798867,4233.870161383755
output_noise,reward5_gci,DQN reward5 GCI,Results_DQN_reward5/model,real,1,real_02,Real Rainfall 2,0.05,36,20765750,95,947.0438135366712,3286.668610791403,4233.712424328074
output_noise,reward5_gci,DQN reward5 GCI,Results_DQN_reward5/model,real,1,real_02,Real Rainfall 2,0.05,37,20765751,95,955.5297406985155,3293.81290707702,4249.342647775536
output_noise,reward5_gci,DQN reward5 GCI,Results_DQN_reward5/model,real,1,real_02,Real Rainfall 2,0.05,38,20765752,95,950.6080594827632,3290.8514988300517,4241.459558312815
output_noise,reward5_gci,DQN reward5 GCI,Results_DQN_reward5/model,real,1,real_02,Real Rainfall 2,0.05,39,20765753,95,955.5259284716558,3287.447340678005,4242.973269149661
output_noise,reward5_gci,DQN reward5 GCI,Results_DQN_reward5/model,real,1,real_02,Real Rainfall 2,0.05,40,20765754,95,948.945144189036,3299.775488282098,4248.720632471134
output_noise,reward5_gci,DQN reward5 GCI,Results_DQN_reward5/model,real,1,real_02,Real Rainfall 2,0.05,41,20765755,95,954.9910485483155,3272.3014596959824,4227.292508244298
output_noise,reward5_gci,DQN reward5 GCI,Results_DQN_reward5/model,real,1,real_02,Real Rainfall 2,0.05,42,20765756,95,1750.2029672041645,1668.5780756746612,3418.7810428788257
output_noise,reward5_gci,DQN reward5 GCI,Results_DQN_reward5/model,real,1,real_02,Real Rainfall 2,0.05,43,20765757,95,951.7323481740699,3290.4847391300523,4242.217087304122
output_noise,reward5_gci,DQN reward5 GCI,Results_DQN_reward5/model,real,1,real_02,Real Rainfall 2,0.05,44,20765758,95,1749.7613300357687,1659.7839660756981,3409.545296111467
output_noise,reward5_gci,DQN reward5 GCI,Results_DQN_reward5/model,real,1,real_02,Real Rainfall 2,0.05,45,20765759,95,948.5360336093546,3284.452446883763,4232.988480493118
output_noise,reward5_gci,DQN reward5 GCI,Results_DQN_reward5/model,real,1,real_02,Real Rainfall 2,0.05,46,20765760,95,953.5683156423325,3290.9809990722006,4244.5493147145335
output_noise,reward5_gci,DQN reward5 GCI,Results_DQN_reward5/model,real,1,real_02,Real Rainfall 2,0.05,47,20765761,95,1748.7087498722542,1656.050645582526,3404.75939545478
output_noise,reward5_gci,DQN reward5 GCI,Results_DQN_reward5/model,real,1,real_02,Real Rainfall 2,0.05,48,20765762,95,948.2910963177998,3288.6571790054354,4236.948275323235
output_noise,reward5_gci,DQN reward5 GCI,Results_DQN_reward5/model,real,1,real_02,Real Rainfall 2,0.05,49,20765763,95,1750.6512783017788,1664.5694480636407,3415.2207263654195
output_noise,reward5_gci,DQN reward5 GCI,Results_DQN_reward5/model,real,1,real_02,Real Rainfall 2,0.1,0,20770714,95,470.91588275754805,3986.04784202723,4456.963724784779
output_noise,reward5_gci,DQN reward5 GCI,Results_DQN_reward5/model,real,1,real_02,Real Rainfall 2,0.1,1,20770715,95,936.0105382178346,3262.418142959037,4198.428681176872
output_noise,reward5_gci,DQN reward5 GCI,Results_DQN_reward5/model,real,1,real_02,Real Rainfall 2,0.1,2,20770716,95,953.9086342744467,3274.8551352717222,4228.763769546169
output_noise,reward5_gci,DQN reward5 GCI,Results_DQN_reward5/model,real,1,real_02,Real Rainfall 2,0.1,3,20770717,95,938.1453470458138,3255.6411829812723,4193.786530027086
output_noise,reward5_gci,DQN reward5 GCI,Results_DQN_reward5/model,real,1,real_02,Real Rainfall 2,0.1,4,20770718,95,948.5378445016736,3261.3533073395606,4209.891151841234
output_noise,reward5_gci,DQN reward5 GCI,Results_DQN_reward5/model,real,1,real_02,Real Rainfall 2,0.1,5,20770719,95,1748.9116258169543,1631.673124878273,3380.5847506952273
output_noise,reward5_gci,DQN reward5 GCI,Results_DQN_reward5/model,real,1,real_02,Real Rainfall 2,0.1,6,20770720,95,1750.1594253787205,1658.958897386837,3409.1183227655574
output_noise,reward5_gci,DQN reward5 GCI,Results_DQN_reward5/model,real,1,real_02,Real Rainfall 2,0.1,7,20770721,95,943.470276823492,3264.157222449124,4207.627499272616
output_noise,reward5_gci,DQN reward5 GCI,Results_DQN_reward5/model,real,1,real_02,Real Rainfall 2,0.1,8,20770722,95,948.0429144066547,3281.198015908635,4229.24093031529
output_noise,reward5_gci,DQN reward5 GCI,Results_DQN_reward5/model,real,1,real_02,Real Rainfall 2,0.1,9,20770723,95,1750.173046478812,1647.7985262771388,3397.9715727559505
output_noise,reward5_gci,DQN reward5 GCI,Results_DQN_reward5/model,real,1,real_02,Real Rainfall 2,0.1,10,20770724,95,937.2559311367442,3261.0541642616545,4198.3100953983985
output_noise,reward5_gci,DQN reward5 GCI,Results_DQN_reward5/model,real,1,real_02,Real Rainfall 2,0.1,11,20770725,95,949.7092198907164,3293.0415885346565,4242.750808425373
output_noise,reward5_gci,DQN reward5 GCI,Results_DQN_reward5/model,real,1,real_02,Real Rainfall 2,0.1,12,20770726,95,955.7897881617969,3280.6783227947,4236.468110956497
output_noise,reward5_gci,DQN reward5 GCI,Results_DQN_reward5/model,real,1,real_02,Real Rainfall 2,0.1,13,20770727,95,1742.7866954214776,1664.2917962606725,3407.0784916821503
output_noise,reward5_gci,DQN reward5 GCI,Results_DQN_reward5/model,real,1,real_02,Real Rainfall 2,0.1,14,20770728,95,948.0805306235827,3288.7647196197368,4236.845250243319
output_noise,reward5_gci,DQN reward5 GCI,Results_DQN_reward5/model,real,1,real_02,Real Rainfall 2,0.1,15,20770729,95,931.9080391053918,3289.876256787475,4221.784295892867
output_noise,reward5_gci,DQN reward5 GCI,Results_DQN_reward5/model,real,1,real_02,Real Rainfall 2,0.1,16,20770730,95,467.8463258124924,3988.019679354269,4455.866005166761
output_noise,reward5_gci,DQN reward5 GCI,Results_DQN_reward5/model,real,1,real_02,Real Rainfall 2,0.1,17,20770731,95,827.2405461311062,3339.4136723649185,4166.654218496024
output_noise,reward5_gci,DQN reward5 GCI,Results_DQN_reward5/model,real,1,real_02,Real Rainfall 2,0.1,18,20770732,95,1750.1833945691828,1644.204214847668,3394.387609416851
output_noise,reward5_gci,DQN reward5 GCI,Results_DQN_reward5/model,real,1,real_02,Real Rainfall 2,0.1,19,20770733,95,1750.541168873341,1646.9104402613784,3397.4516091347195
output_noise,reward5_gci,DQN reward5 GCI,Results_DQN_reward5/model,real,1,real_02,Real Rainfall 2,0.1,20,20770734,95,949.6284003763942,3278.1584572856395,4227.786857662034
output_noise,reward5_gci,DQN reward5 GCI,Results_DQN_reward5/model,real,1,real_02,Real Rainfall 2,0.1,21,20770735,95,945.7364584684128,3277.2511434729063,4222.987601941319
output_noise,reward5_gci,DQN reward5 GCI,Results_DQN_reward5/model,real,1,real_02,Real Rainfall 2,0.1,22,20770736,95,1661.9468500250932,2066.4240888805903,3728.3709389056835
output_noise,reward5_gci,DQN reward5 GCI,Results_DQN_reward5/model,real,1,real_02,Real Rainfall 2,0.1,23,20770737,95,949.4308257588418,3291.646392945505,4241.077218704347
output_noise,reward5_gci,DQN reward5 GCI,Results_DQN_reward5/model,real,1,real_02,Real Rainfall 2,0.1,24,20770738,95,1743.2217734754884,1666.639428525668,3409.8612020011565
output_noise,reward5_gci,DQN reward5 GCI,Results_DQN_reward5/model,real,1,real_02,Real Rainfall 2,0.1,25,20770739,95,1750.4251323829874,1653.6320292577186,3404.057161640706
output_noise,reward5_gci,DQN reward5 GCI,Results_DQN_reward5/model,real,1,real_02,Real Rainfall 2,0.1,26,20770740,95,825.5730687403322,3357.102075483987,4182.675144224319
output_noise,reward5_gci,DQN reward5 GCI,Results_DQN_reward5/model,real,1,real_02,Real Rainfall 2,0.1,27,20770741,95,940.1070882664178,3272.313194270521,4212.420282536938
output_noise,reward5_gci,DQN reward5 GCI,Results_DQN_reward5/model,real,1,real_02,Real Rainfall 2,0.1,28,20770742,95,1746.6436226443523,1649.4742427611639,3396.117865405516
output_noise,reward5_gci,DQN reward5 GCI,Results_DQN_reward5/model,real,1,real_02,Real Rainfall 2,0.1,29,20770743,95,951.4484782296639,3253.3300982008604,4204.7785764305245
output_noise,reward5_gci,DQN reward5 GCI,Results_DQN_reward5/model,real,1,real_02,Real Rainfall 2,0.1,30,20770744,95,939.6042748772635,3294.957197335891,4234.561472213155
output_noise,reward5_gci,DQN reward5 GCI,Results_DQN_reward5/model,real,1,real_02,Real Rainfall 2,0.1,31,20770745,95,819.0650836615265,3385.509416056004,4204.574499717531
output_noise,reward5_gci,DQN reward5 GCI,Results_DQN_reward5/model,real,1,real_02,Real Rainfall 2,0.1,32,20770746,95,470.2496255166984,3988.240375548594,4458.490001065293
output_noise,reward5_gci,DQN reward5 GCI,Results_DQN_reward5/model,real,1,real_02,Real Rainfall 2,0.1,33,20770747,95,935.9776656169631,3284.3852069101627,4220.362872527126
output_noise,reward5_gci,DQN reward5 GCI,Results_DQN_reward5/model,real,1,real_02,Real Rainfall 2,0.1,34,20770748,95,828.6119294834107,3368.208003566774,4196.819933050185
output_noise,reward5_gci,DQN reward5 GCI,Results_DQN_reward5/model,real,1,real_02,Real Rainfall 2,0.1,35,20770749,95,1749.789101973735,1652.0023976178302,3401.7914995915653
output_noise,reward5_gci,DQN reward5 GCI,Results_DQN_reward5/model,real,1,real_02,Real Rainfall 2,0.1,36,20770750,95,943.5210181591357,3254.7498444578227,4198.270862616959
output_noise,reward5_gci,DQN reward5 GCI,Results_DQN_reward5/model,real,1,real_02,Real Rainfall 2,0.1,37,20770751,95,1747.981973248575,1645.2632240015225,3393.2451972500976
output_noise,reward5_gci,DQN reward5 GCI,Results_DQN_reward5/model,real,1,real_02,Real Rainfall 2,0.1,38,20770752,95,655.7509722457784,3808.9954661275983,4464.746438373377
output_noise,reward5_gci,DQN reward5 GCI,Results_DQN_reward5/model,real,1,real_02,Real Rainfall 2,0.1,39,20770753,95,946.3678495493054,3265.080517952173,4211.448367501478
output_noise,reward5_gci,DQN reward5 GCI,Results_DQN_reward5/model,real,1,real_02,Real Rainfall 2,0.1,40,20770754,95,940.4050995002738,3242.9757582505786,4183.380857750853
output_noise,reward5_gci,DQN reward5 GCI,Results_DQN_reward5/model,real,1,real_02,Real Rainfall 2,0.1,41,20770755,95,938.2451614031042,3282.9340318766363,4221.1791932797405
output_noise,reward5_gci,DQN reward5 GCI,Results_DQN_reward5/model,real,1,real_02,Real Rainfall 2,0.1,42,20770756,95,945.3901409444377,3245.1779015377924,4190.56804248223
output_noise,reward5_gci,DQN reward5 GCI,Results_DQN_reward5/model,real,1,real_02,Real Rainfall 2,0.1,43,20770757,95,946.7359928123388,3283.886119803932,4230.622112616271
output_noise,reward5_gci,DQN reward5 GCI,Results_DQN_reward5/model,real,1,real_02,Real Rainfall 2,0.1,44,20770758,95,671.1501818419583,3420.926475025786,4092.0766568677445
output_noise,reward5_gci,DQN reward5 GCI,Results_DQN_reward5/model,real,1,real_02,Real Rainfall 2,0.1,45,20770759,95,1749.4428333044698,1665.4973054061365,3414.9401387106063
output_noise,reward5_gci,DQN reward5 GCI,Results_DQN_reward5/model,real,1,real_02,Real Rainfall 2,0.1,46,20770760,95,947.4017243903819,3239.2138103406423,4186.615534731024
output_noise,reward5_gci,DQN reward5 GCI,Results_DQN_reward5/model,real,1,real_02,Real Rainfall 2,0.1,47,20770761,95,1750.1778515157698,1657.2402845409913,3407.418136056761
output_noise,reward5_gci,DQN reward5 GCI,Results_DQN_reward5/model,real,1,real_02,Real Rainfall 2,0.1,48,20770762,95,640.8472496827518,3812.8932709573382,4453.74052064009
output_noise,reward5_gci,DQN reward5 GCI,Results_DQN_reward5/model,real,1,real_02,Real Rainfall 2,0.1,49,20770763,95,1745.4556090533722,1659.7231620703205,3405.178771123693
output_noise,reward5_gci,DQN reward5 GCI,Results_DQN_reward5/model,real,2,real_03,Real Rainfall 3,0.05,0,20865714,95,3754.014871679373,977.3870337566409,4731.401905436014
output_noise,reward5_gci,DQN reward5 GCI,Results_DQN_reward5/model,real,2,real_03,Real Rainfall 3,0.05,1,20865715,95,3733.938425059978,974.7067601235274,4708.645185183505
output_noise,reward5_gci,DQN reward5 GCI,Results_DQN_reward5/model,real,2,real_03,Real Rainfall 3,0.05,2,20865716,95,3750.049020452414,965.5465009266491,4715.595521379063
output_noise,reward5_gci,DQN reward5 GCI,Results_DQN_reward5/model,real,2,real_03,Real Rainfall 3,0.05,3,20865717,95,3743.120329644409,966.5604307214787,4709.680760365888
output_noise,reward5_gci,DQN reward5 GCI,Results_DQN_reward5/model,real,2,real_03,Real Rainfall 3,0.05,4,20865718,95,3743.6664448026463,973.6881357698967,4717.354580572543
output_noise,reward5_gci,DQN reward5 GCI,Results_DQN_reward5/model,real,2,real_03,Real Rainfall 3,0.05,5,20865719,95,3739.3000344352267,975.2859052281291,4714.585939663356
output_noise,reward5_gci,DQN reward5 GCI,Results_DQN_reward5/model,real,2,real_03,Real Rainfall 3,0.05,6,20865720,95,3738.8799078069474,977.2481055201768,4716.128013327124
output_noise,reward5_gci,DQN reward5 GCI,Results_DQN_reward5/model,real,2,real_03,Real Rainfall 3,0.05,7,20865721,95,3742.864633404183,965.9288518587621,4708.793485262945
output_noise,reward5_gci,DQN reward5 GCI,Results_DQN_reward5/model,real,2,real_03,Real Rainfall 3,0.05,8,20865722,95,3750.747588122503,975.109697508575,4725.857285631078
output_noise,reward5_gci,DQN reward5 GCI,Results_DQN_reward5/model,real,2,real_03,Real Rainfall 3,0.05,9,20865723,95,3750.279686589859,974.9480668575517,4725.227753447411
output_noise,reward5_gci,DQN reward5 GCI,Results_DQN_reward5/model,real,2,real_03,Real Rainfall 3,0.05,10,20865724,95,3751.8955893547895,970.986123618308,4722.881712973098
output_noise,reward5_gci,DQN reward5 GCI,Results_DQN_reward5/model,real,2,real_03,Real Rainfall 3,0.05,11,20865725,95,3746.397606748304,970.9257667957145,4717.323373544019
output_noise,reward5_gci,DQN reward5 GCI,Results_DQN_reward5/model,real,2,real_03,Real Rainfall 3,0.05,12,20865726,95,3733.3164763550667,968.9562481505374,4702.272724505604
output_noise,reward5_gci,DQN reward5 GCI,Results_DQN_reward5/model,real,2,real_03,Real Rainfall 3,0.05,13,20865727,95,3745.374926065429,968.3451542316991,4713.720080297128
output_noise,reward5_gci,DQN reward5 GCI,Results_DQN_reward5/model,real,2,real_03,Real Rainfall 3,0.05,14,20865728,95,3743.8570202979295,970.8759598345316,4714.732980132461
output_noise,reward5_gci,DQN reward5 GCI,Results_DQN_reward5/model,real,2,real_03,Real Rainfall 3,0.05,15,20865729,95,3738.4715970121847,973.1504640309195,4711.622061043105
output_noise,reward5_gci,DQN reward5 GCI,Results_DQN_reward5/model,real,2,real_03,Real Rainfall 3,0.05,16,20865730,95,3743.3930469389707,976.6222992876412,4720.015346226612
output_noise,reward5_gci,DQN reward5 GCI,Results_DQN_reward5/model,real,2,real_03,Real Rainfall 3,0.05,17,20865731,95,3742.059296104722,979.0401101338989,4721.099406238621
output_noise,reward5_gci,DQN reward5 GCI,Results_DQN_reward5/model,real,2,real_03,Real Rainfall 3,0.05,18,20865732,95,3756.2199210686313,966.6020241912788,4722.82194525991
output_noise,reward5_gci,DQN reward5 GCI,Results_DQN_reward5/model,real,2,real_03,Real Rainfall 3,0.05,19,20865733,95,3741.9624004338716,960.9917274941499,4702.954127928022
output_noise,reward5_gci,DQN reward5 GCI,Results_DQN_reward5/model,real,2,real_03,Real Rainfall 3,0.05,20,20865734,95,3740.2221311596854,974.0986932736465,4714.320824433332
output_noise,reward5_gci,DQN reward5 GCI,Results_DQN_reward5/model,real,2,real_03,Real Rainfall 3,0.05,21,20865735,95,3742.0296285536756,969.368276791697,4711.397905345372
output_noise,reward5_gci,DQN reward5 GCI,Results_DQN_reward5/model,real,2,real_03,Real Rainfall 3,0.05,22,20865736,95,3747.4172160924445,961.8759906347741,4709.293206727219
output_noise,reward5_gci,DQN reward5 GCI,Results_DQN_reward5/model,real,2,real_03,Real Rainfall 3,0.05,23,20865737,95,3741.308189933756,979.0411376087175,4720.3493275424735
output_noise,reward5_gci,DQN reward5 GCI,Results_DQN_reward5/model,real,2,real_03,Real Rainfall 3,0.05,24,20865738,95,3745.834609292664,973.6921944819085,4719.526803774573
output_noise,reward5_gci,DQN reward5 GCI,Results_DQN_reward5/model,real,2,real_03,Real Rainfall 3,0.05,25,20865739,95,3749.787774308545,979.0404524925489,4728.8282268010935
output_noise,reward5_gci,DQN reward5 GCI,Results_DQN_reward5/model,real,2,real_03,Real Rainfall 3,0.05,26,20865740,95,3744.763285952732,971.0325580111358,4715.795843963868
output_noise,reward5_gci,DQN reward5 GCI,Results_DQN_reward5/model,real,2,real_03,Real Rainfall 3,0.05,27,20865741,95,3734.0018903479368,979.0401101338989,4713.042000481835
output_noise,reward5_gci,DQN reward5 GCI,Results_DQN_reward5/model,real,2,real_03,Real Rainfall 3,0.05,28,20865742,95,3753.6740174795273,979.0401101338989,4732.714127613426
output_noise,reward5_gci,DQN reward5 GCI,Results_DQN_reward5/model,real,2,real_03,Real Rainfall 3,0.05,29,20865743,95,3733.7072159513646,976.9764988990554,4710.68371485042
output_noise,reward5_gci,DQN reward5 GCI,Results_DQN_reward5/model,real,2,real_03,Real Rainfall 3,0.05,30,20865744,95,3741.4670754496833,965.472661501519,4706.939736951203
output_noise,reward5_gci,DQN reward5 GCI,Results_DQN_reward5/model,real,2,real_03,Real Rainfall 3,0.05,31,20865745,95,3747.843814267735,974.3627799389899,4722.206594206725
output_noise,reward5_gci,DQN reward5 GCI,Results_DQN_reward5/model,real,2,real_03,Real Rainfall 3,0.05,32,20865746,95,3731.79370050827,965.2077902936664,4697.001490801937
output_noise,reward5_gci,DQN reward5 GCI,Results_DQN_reward5/model,real,2,real_03,Real Rainfall 3,0.05,33,20865747,95,3744.5830096401937,971.6294326734045,4716.212442313598
output_noise,reward5_gci,DQN reward5 GCI,Results_DQN_reward5/model,real,2,real_03,Real Rainfall 3,0.05,34,20865748,95,3749.0597842453235,967.9573655516562,4717.0171497969795
output_noise,reward5_gci,DQN reward5 GCI,Results_DQN_reward5/model,real,2,real_03,Real Rainfall 3,0.05,35,20865749,95,3746.69887567761,972.9531242029079,4719.651999880518
output_noise,reward5_gci,DQN reward5 GCI,Results_DQN_reward5/model,real,2,real_03,Real Rainfall 3,0.05,36,20865750,95,3750.0204209870285,974.1010662274525,4724.121487214481
output_noise,reward5_gci,DQN reward5 GCI,Results_DQN_reward5/model,real,2,real_03,Real Rainfall 3,0.05,37,20865751,95,3737.140570802189,973.3514798249341,4710.492050627123
output_noise,reward5_gci,DQN reward5 GCI,Results_DQN_reward5/model,real,2,real_03,Real Rainfall 3,0.05,38,20865752,95,3754.3679995845514,970.6205193506096,4724.988518935161
output_noise,reward5_gci,DQN reward5 GCI,Results_DQN_reward5/model,real,2,real_03,Real Rainfall 3,0.05,39,20865753,95,3742.7618244939276,979.040110849689,4721.801935343617
output_noise,reward5_gci,DQN reward5 GCI,Results_DQN_reward5/model,real,2,real_03,Real Rainfall 3,0.05,40,20865754,95,3752.3182668671343,974.4608209544517,4726.779087821586
output_noise,reward5_gci,DQN reward5 GCI,Results_DQN_reward5/model,real,2,real_03,Real Rainfall 3,0.05,41,20865755,95,3732.746487917749,970.4389476951884,4703.185435612938
output_noise,reward5_gci,DQN reward5 GCI,Results_DQN_reward5/model,real,2,real_03,Real Rainfall 3,0.05,42,20865756,95,3749.3097482703606,975.7485994428843,4725.058347713245
output_noise,reward5_gci,DQN reward5 GCI,Results_DQN_reward5/model,real,2,real_03,Real Rainfall 3,0.05,43,20865757,95,3746.7390338303876,969.9654203230889,4716.704454153476
output_noise,reward5_gci,DQN reward5 GCI,Results_DQN_reward5/model,real,2,real_03,Real Rainfall 3,0.05,44,20865758,95,3745.624534173548,979.0401103964782,4724.664644570026
output_noise,reward5_gci,DQN reward5 GCI,Results_DQN_reward5/model,real,2,real_03,Real Rainfall 3,0.05,45,20865759,95,3741.97655925855,972.7752330117396,4714.75179227029
output_noise,reward5_gci,DQN reward5 GCI,Results_DQN_reward5/model,real,2,real_03,Real Rainfall 3,0.05,46,20865760,95,3742.923499328358,975.5294424865582,4718.452941814916
output_noise,reward5_gci,DQN reward5 GCI,Results_DQN_reward5/model,real,2,real_03,Real Rainfall 3,0.05,47,20865761,95,3745.9803053898113,979.0401105648451,4725.0204159546565
output_noise,reward5_gci,DQN reward5 GCI,Results_DQN_reward5/model,real,2,real_03,Real Rainfall 3,0.05,48,20865762,95,3732.9626875847966,979.0401101338989,4712.002797718696
output_noise,reward5_gci,DQN reward5 GCI,Results_DQN_reward5/model,real,2,real_03,Real Rainfall 3,0.05,49,20865763,95,3751.5427600546705,971.0373208676756,4722.580080922346
output_noise,reward5_gci,DQN reward5 GCI,Results_DQN_reward5/model,real,2,real_03,Real Rainfall 3,0.1,0,20870714,95,3774.9251035390084,973.2886275113378,4748.213731050346
output_noise,reward5_gci,DQN reward5 GCI,Results_DQN_reward5/model,real,2,real_03,Real Rainfall 3,0.1,1,20870715,95,3757.7699677252767,960.060463771172,4717.830431496449
output_noise,reward5_gci,DQN reward5 GCI,Results_DQN_reward5/model,real,2,real_03,Real Rainfall 3,0.1,2,20870716,95,3774.615901623108,966.9356527619875,4741.551554385096
output_noise,reward5_gci,DQN reward5 GCI,Results_DQN_reward5/model,real,2,real_03,Real Rainfall 3,0.1,3,20870717,95,3746.8215605410023,968.7425083343878,4715.56406887539
output_noise,reward5_gci,DQN reward5 GCI,Results_DQN_reward5/model,real,2,real_03,Real Rainfall 3,0.1,4,20870718,95,3784.3426185572653,940.5936745518015,4724.936293109067
output_noise,reward5_gci,DQN reward5 GCI,Results_DQN_reward5/model,real,2,real_03,Real Rainfall 3,0.1,5,20870719,95,3805.524097163554,963.022970369166,4768.54706753272
output_noise,reward5_gci,DQN reward5 GCI,Results_DQN_reward5/model,real,2,real_03,Real Rainfall 3,0.1,6,20870720,95,3775.7966896384737,962.5604026588226,4738.357092297296
output_noise,reward5_gci,DQN reward5 GCI,Results_DQN_reward5/model,real,2,real_03,Real Rainfall 3,0.1,7,20870721,95,3772.553398758866,960.2751450582379,4732.828543817104
output_noise,reward5_gci,DQN reward5 GCI,Results_DQN_reward5/model,real,2,real_03,Real Rainfall 3,0.1,8,20870722,95,3770.6366526241327,979.052089875239,4749.688742499372
output_noise,reward5_gci,DQN reward5 GCI,Results_DQN_reward5/model,real,2,real_03,Real Rainfall 3,0.1,9,20870723,95,3773.2161341464894,979.0401101338989,4752.256244280388
output_noise,reward5_gci,DQN reward5 GCI,Results_DQN_reward5/model,real,2,real_03,Real Rainfall 3,0.1,10,20870724,95,3764.863393456262,969.3673772363491,4734.230770692611
output_noise,reward5_gci,DQN reward5 GCI,Results_DQN_reward5/model,real,2,real_03,Real Rainfall 3,0.1,11,20870725,95,3779.533793659363,959.0956850250396,4738.629478684403
output_noise,reward5_gci,DQN reward5 GCI,Results_DQN_reward5/model,real,2,real_03,Real Rainfall 3,0.1,12,20870726,95,3796.4604576269917,960.4482787645418,4756.908736391533
output_noise,reward5_gci,DQN reward5 GCI,Results_DQN_reward5/model,real,2,real_03,Real Rainfall 3,0.1,13,20870727,95,3766.883542314563,979.0486670918274,4745.93220940639
output_noise,reward5_gci,DQN reward5 GCI,Results_DQN_reward5/model,real,2,real_03,Real Rainfall 3,0.1,14,20870728,95,3782.0831249002854,976.425117404047,4758.508242304332
output_noise,reward5_gci,DQN reward5 GCI,Results_DQN_reward5/model,real,2,real_03,Real Rainfall 3,0.1,15,20870729,95,3785.2663102298093,958.2381619501468,4743.504472179956
output_noise,reward5_gci,DQN reward5 GCI,Results_DQN_reward5/model,real,2,real_03,Real Rainfall 3,0.1,16,20870730,95,3780.983125128454,970.4982919168497,4751.481417045304
output_noise,reward5_gci,DQN reward5 GCI,Results_DQN_reward5/model,real,2,real_03,Real Rainfall 3,0.1,17,20870731,95,3774.932490592085,955.339266895638,4730.271757487722
output_noise,reward5_gci,DQN reward5 GCI,Results_DQN_reward5/model,real,2,real_03,Real Rainfall 3,0.1,18,20870732,95,3774.7751337449477,962.7734722938156,4737.548606038763
output_noise,reward5_gci,DQN reward5 GCI,Results_DQN_reward5/model,real,2,real_03,Real Rainfall 3,0.1,19,20870733,95,3778.678252857432,975.5999882562214,4754.278241113654
output_noise,reward5_gci,DQN reward5 GCI,Results_DQN_reward5/model,real,2,real_03,Real Rainfall 3,0.1,20,20870734,95,3789.149111302706,979.0514052784457,4768.2005165811515
output_noise,reward5_gci,DQN reward5 GCI,Results_DQN_reward5/model,real,2,real_03,Real Rainfall 3,0.1,21,20870735,95,3769.7870312329323,961.1925523866589,4730.979583619592
output_noise,reward5_gci,DQN reward5 GCI,Results_DQN_reward5/model,real,2,real_03,Real Rainfall 3,0.1,22,20870736,95,3785.2915618828297,958.9169539037537,4744.208515786583
output_noise,reward5_gci,DQN reward5 GCI,Results_DQN_reward5/model,real,2,real_03,Real Rainfall 3,0.1,23,20870737,95,3767.977522212083,979.0401109869991,4747.017633199082
output_noise,reward5_gci,DQN reward5 GCI,Results_DQN_reward5/model,real,2,real_03,Real Rainfall 3,0.1,24,20870738,95,3791.39796761776,946.3248318789439,4737.722799496704
output_noise,reward5_gci,DQN reward5 GCI,Results_DQN_reward5/model,real,2,real_03,Real Rainfall 3,0.1,25,20870739,95,3769.35505067119,975.9213525134201,4745.27640318461
output_noise,reward5_gci,DQN reward5 GCI,Results_DQN_reward5/model,real,2,real_03,Real Rainfall 3,0.1,26,20870740,95,3776.548080449177,979.0418222394816,4755.589902688659
output_noise,reward5_gci,DQN reward5 GCI,Results_DQN_reward5/model,real,2,real_03,Real Rainfall 3,0.1,27,20870741,95,3759.4882157986513,967.4604865661739,4726.948702364825
output_noise,reward5_gci,DQN reward5 GCI,Results_DQN_reward5/model,real,2,real_03,Real Rainfall 3,0.1,28,20870742,95,3785.3055860271734,958.8692360759551,4744.1748221031285
output_noise,reward5_gci,DQN reward5 GCI,Results_DQN_reward5/model,real,2,real_03,Real Rainfall 3,0.1,29,20870743,95,3774.440434415528,979.0438751869668,4753.484309602495
output_noise,reward5_gci,DQN reward5 GCI,Results_DQN_reward5/model,real,2,real_03,Real Rainfall 3,0.1,30,20870744,95,3758.347646062769,974.799587724806,4733.147233787575
output_noise,reward5_gci,DQN reward5 GCI,Results_DQN_reward5/model,real,2,real_03,Real Rainfall 3,0.1,31,20870745,95,3768.3339555200823,979.0401106411315,4747.374066161214
output_noise,reward5_gci,DQN reward5 GCI,Results_DQN_reward5/model,real,2,real_03,Real Rainfall 3,0.1,32,20870746,95,3784.9306457591406,969.7798192370739,4754.710464996215
output_noise,reward5_gci,DQN reward5 GCI,Results_DQN_reward5/model,real,2,real_03,Real Rainfall 3,0.1,33,20870747,95,3789.681085579433,966.4170558389151,4756.098141418348
output_noise,reward5_gci,DQN reward5 GCI,Results_DQN_reward5/model,real,2,real_03,Real Rainfall 3,0.1,34,20870748,95,3766.6958261832174,962.8826685337239,4729.578494716941
output_noise,reward5_gci,DQN reward5 GCI,Results_DQN_reward5/model,real,2,real_03,Real Rainfall 3,0.1,35,20870749,95,3778.69969372953,966.6427304688368,4745.342424198367
output_noise,reward5_gci,DQN reward5 GCI,Results_DQN_reward5/model,real,2,real_03,Real Rainfall 3,0.1,36,20870750,95,3779.0962562754025,979.0369568062127,4758.133213081615
output_noise,reward5_gci,DQN reward5 GCI,Results_DQN_reward5/model,real,2,real_03,Real Rainfall 3,0.1,37,20870751,95,3758.595169620082,963.135142519184,4721.730312139266
output_noise,reward5_gci,DQN reward5 GCI,Results_DQN_reward5/model,real,2,real_03,Real Rainfall 3,0.1,38,20870752,95,3775.6774292197,970.4542423860933,4746.131671605794
output_noise,reward5_gci,DQN reward5 GCI,Results_DQN_reward5/model,real,2,real_03,Real Rainfall 3,0.1,39,20870753,95,3772.0031031783196,975.6583057368659,4747.661408915185
output_noise,reward5_gci,DQN reward5 GCI,Results_DQN_reward5/model,real,2,real_03,Real Rainfall 3,0.1,40,20870754,95,3784.1591711642586,961.0879050405924,4745.247076204851
output_noise,reward5_gci,DQN reward5 GCI,Results_DQN_reward5/model,real,2,real_03,Real Rainfall 3,0.1,41,20870755,95,3767.3907538093813,979.040110732111,4746.430864541492
output_noise,reward5_gci,DQN reward5 GCI,Results_DQN_reward5/model,real,2,real_03,Real Rainfall 3,0.1,42,20870756,95,3776.9353026846784,958.8792415270495,4735.8145442117275
output_noise,reward5_gci,DQN reward5 GCI,Results_DQN_reward5/model,real,2,real_03,Real Rainfall 3,0.1,43,20870757,95,3777.17201812742,973.1740129616817,4750.346031089101
output_noise,reward5_gci,DQN reward5 GCI,Results_DQN_reward5/model,real,2,real_03,Real Rainfall 3,0.1,44,20870758,95,3776.1811624806687,970.0546074312335,4746.235769911902
output_noise,reward5_gci,DQN reward5 GCI,Results_DQN_reward5/model,real,2,real_03,Real Rainfall 3,0.1,45,20870759,95,3780.4619917078894,979.0401108198151,4759.502102527705
output_noise,reward5_gci,DQN reward5 GCI,Results_DQN_reward5/model,real,2,real_03,Real Rainfall 3,0.1,46,20870760,95,3785.1005400401427,962.8752195932427,4747.975759633386
output_noise,reward5_gci,DQN reward5 GCI,Results_DQN_reward5/model,real,2,real_03,Real Rainfall 3,0.1,47,20870761,95,3781.308978245613,964.1541924228104,4745.463170668423
output_noise,reward5_gci,DQN reward5 GCI,Results_DQN_reward5/model,real,2,real_03,Real Rainfall 3,0.1,48,20870762,95,3785.4434521541666,979.0428484633943,4764.486300617561
output_noise,reward5_gci,DQN reward5 GCI,Results_DQN_reward5/model,real,2,real_03,Real Rainfall 3,0.1,49,20870763,95,3786.8391960945155,977.7453797383491,4764.584575832865
output_noise,reward5_gci,DQN reward5 GCI,Results_DQN_reward5/model,real,3,real_04,Real Rainfall 4,0.05,0,20965714,95,2946.205087791973,979.0401101338989,3925.2451979258717
output_noise,reward5_gci,DQN reward5 GCI,Results_DQN_reward5/model,real,3,real_04,Real Rainfall 4,0.05,1,20965715,95,2944.834458860236,969.1558196929575,3913.990278553193
output_noise,reward5_gci,DQN reward5 GCI,Results_DQN_reward5/model,real,3,real_04,Real Rainfall 4,0.05,2,20965716,95,2945.4217918661966,979.0407946633738,3924.46258652957
output_noise,reward5_gci,DQN reward5 GCI,Results_DQN_reward5/model,real,3,real_04,Real Rainfall 4,0.05,3,20965717,95,2949.0156990537357,969.7636924333611,3918.7793914870967
output_noise,reward5_gci,DQN reward5 GCI,Results_DQN_reward5/model,real,3,real_04,Real Rainfall 4,0.05,4,20965718,95,2945.2672861384467,966.6533416797505,3911.9206278181973
output_noise,reward5_gci,DQN reward5 GCI,Results_DQN_reward5/model,real,3,real_04,Real Rainfall 4,0.05,5,20965719,95,2945.224363116944,979.0401101338989,3924.264473250843
output_noise,reward5_gci,DQN reward5 GCI,Results_DQN_reward5/model,real,3,real_04,Real Rainfall 4,0.05,6,20965720,95,2945.655805394983,972.812852565422,3918.468657960405
output_noise,reward5_gci,DQN reward5 GCI,Results_DQN_reward5/model,real,3,real_04,Real Rainfall 4,0.05,7,20965721,95,2945.9028066064184,974.3594284406352,3920.2622350470538
output_noise,reward5_gci,DQN reward5 GCI,Results_DQN_reward5/model,real,3,real_04,Real Rainfall 4,0.05,8,20965722,95,2944.683817617072,977.9902145623437,3922.6740321794155
output_noise,reward5_gci,DQN reward5 GCI,Results_DQN_reward5/model,real,3,real_04,Real Rainfall 4,0.05,9,20965723,95,2945.245721228191,978.4963914729012,3923.742112701092
output_noise,reward5_gci,DQN reward5 GCI,Results_DQN_reward5/model,real,3,real_04,Real Rainfall 4,0.05,10,20965724,95,2944.412403844735,969.8984698548284,3914.310873699563
output_noise,reward5_gci,DQN reward5 GCI,Results_DQN_reward5/model,real,3,real_04,Real Rainfall 4,0.05,11,20965725,95,2946.186353734174,962.7480330878091,3908.934386821983
output_noise,reward5_gci,DQN reward5 GCI,Results_DQN_reward5/model,real,3,real_04,Real Rainfall 4,0.05,12,20965726,95,2946.125865787746,970.1836978465501,3916.309563634296
output_noise,reward5_gci,DQN reward5 GCI,Results_DQN_reward5/model,real,3,real_04,Real Rainfall 4,0.05,13,20965727,95,2945.4129852182964,979.0407946627618,3924.453779881058
output_noise,reward5_gci,DQN reward5 GCI,Results_DQN_reward5/model,real,3,real_04,Real Rainfall 4,0.05,14,20965728,95,2946.6030318095422,975.2090516075066,3921.8120834170486
output_noise,reward5_gci,DQN reward5 GCI,Results_DQN_reward5/model,real,3,real_04,Real Rainfall 4,0.05,15,20965729,95,2945.0959152637197,979.0401101338989,3924.1360253976186
output_noise,reward5_gci,DQN reward5 GCI,Results_DQN_reward5/model,real,3,real_04,Real Rainfall 4,0.05,16,20965730,95,2946.0580395370703,969.0960054591969,3915.154044996267
output_noise,reward5_gci,DQN reward5 GCI,Results_DQN_reward5/model,real,3,real_04,Real Rainfall 4,0.05,17,20965731,95,2946.216544301444,975.9728409529027,3922.189385254347
output_noise,reward5_gci,DQN reward5 GCI,Results_DQN_reward5/model,real,3,real_04,Real Rainfall 4,0.05,18,20965732,95,2947.502832745195,973.1916465106749,3920.6944792558697
output_noise,reward5_gci,DQN reward5 GCI,Results_DQN_reward5/model,real,3,real_04,Real Rainfall 4,0.05,19,20965733,95,2946.120280985309,976.0339912090155,3922.154272194324
output_noise,reward5_gci,DQN reward5 GCI,Results_DQN_reward5/model,real,3,real_04,Real Rainfall 4,0.05,20,20965734,95,2944.3004561374005,968.8433432704896,3913.14379940789
output_noise,reward5_gci,DQN reward5 GCI,Results_DQN_reward5/model,real,3,real_04,Real Rainfall 4,0.05,21,20965735,95,2945.191015744701,977.0028331159915,3922.1938488606925
output_noise,reward5_gci,DQN reward5 GCI,Results_DQN_reward5/model,real,3,real_04,Real Rainfall 4,0.05,22,20965736,95,2943.79375965811,974.0013503428395,3917.7951100009495
output_noise,reward5_gci,DQN reward5 GCI,Results_DQN_reward5/model,real,3,real_04,Real Rainfall 4,0.05,23,20965737,95,2945.0457275383146,969.0731781982101,3914.1189057365245
output_noise,reward5_gci,DQN reward5 GCI,Results_DQN_reward5/model,real,3,real_04,Real Rainfall 4,0.05,24,20965738,95,2946.6813512016456,978.8650651357866,3925.546416337432
output_noise,reward5_gci,DQN reward5 GCI,Results_DQN_reward5/model,real,3,real_04,Real Rainfall 4,0.05,25,20965739,95,2945.4152552856463,979.0459288349913,3924.4611841206374
output_noise,reward5_gci,DQN reward5 GCI,Results_DQN_reward5/model,real,3,real_04,Real Rainfall 4,0.05,26,20965740,95,2945.6802246170805,972.5103085012045,3918.190533118285
output_noise,reward5_gci,DQN reward5 GCI,Results_DQN_reward5/model,real,3,real_04,Real Rainfall 4,0.05,27,20965741,95,2945.999054910512,979.0401101338989,3925.0391650444108
output_noise,reward5_gci,DQN reward5 GCI,Results_DQN_reward5/model,real,3,real_04,Real Rainfall 4,0.05,28,20965742,95,2947.4861951978332,975.6037687013086,3923.089963899142
output_noise,reward5_gci,DQN reward5 GCI,Results_DQN_reward5/model,real,3,real_04,Real Rainfall 4,0.05,29,20965743,95,2944.284389917899,969.6460520109897,3913.9304419288883
output_noise,reward5_gci,DQN reward5 GCI,Results_DQN_reward5/model,real,3,real_04,Real Rainfall 4,0.05,30,20965744,95,2946.378822470993,979.0404523922806,3925.4192748632736
output_noise,reward5_gci,DQN reward5 GCI,Results_DQN_reward5/model,real,3,real_04,Real Rainfall 4,0.05,31,20965745,95,2945.4158805739617,975.8570744092509,3921.2729549832125
output_noise,reward5_gci,DQN reward5 GCI,Results_DQN_reward5/model,real,3,real_04,Real Rainfall 4,0.05,32,20965746,95,2945.1746596563557,960.9482559210646,3906.1229155774204
output_noise,reward5_gci,DQN reward5 GCI,Results_DQN_reward5/model,real,3,real_04,Real Rainfall 4,0.05,33,20965747,95,2945.6262923763293,974.1622867960156,3919.7885791723447
output_noise,reward5_gci,DQN reward5 GCI,Results_DQN_reward5/model,real,3,real_04,Real Rainfall 4,0.05,34,20965748,95,2944.266600950141,976.6098047814603,3920.876405731601
output_noise,reward5_gci,DQN reward5 GCI,Results_DQN_reward5/model,real,3,real_04,Real Rainfall 4,0.05,35,20965749,95,2945.888897092953,979.0401101338989,3924.929007226852
output_noise,reward5_gci,DQN reward5 GCI,Results_DQN_reward5/model,real,3,real_04,Real Rainfall 4,0.05,36,20965750,95,2945.7532458091623,966.4708661994365,3912.2241120085987
output_noise,reward5_gci,DQN reward5 GCI,Results_DQN_reward5/model,real,3,real_04,Real Rainfall 4,0.05,37,20965751,95,2945.922281354962,969.0239042000376,3914.9461855549994
output_noise,reward5_gci,DQN reward5 GCI,Results_DQN_reward5/model,real,3,real_04,Real Rainfall 4,0.05,38,20965752,95,2946.1759801206035,969.1270396743048,3915.3030197949083
output_noise,reward5_gci,DQN reward5 GCI,Results_DQN_reward5/model,real,3,real_04,Real Rainfall 4,0.05,39,20965753,95,2944.22807425203,972.2992368232777,3916.527311075308
output_noise,reward5_gci,DQN reward5 GCI,Results_DQN_reward5/model,real,3,real_04,Real Rainfall 4,0.05,40,20965754,95,2945.267816373269,972.1507239701097,3917.4185403433785
output_noise,reward5_gci,DQN reward5 GCI,Results_DQN_reward5/model,real,3,real_04,Real Rainfall 4,0.05,41,20965755,95,2946.579401314588,979.0401107830668,3925.6195120976545
output_noise,reward5_gci,DQN reward5 GCI,Results_DQN_reward5/model,real,3,real_04,Real Rainfall 4,0.05,42,20965756,95,2945.4988096833868,975.6981905566264,3921.197000240013
output_noise,reward5_gci,DQN reward5 GCI,Results_DQN_reward5/model,real,3,real_04,Real Rainfall 4,0.05,43,20965757,95,2945.676435655566,973.1963952506709,3918.8728309062367
output_noise,reward5_gci,DQN reward5 GCI,Results_DQN_reward5/model,real,3,real_04,Real Rainfall 4,0.05,44,20965758,95,2946.8061513982693,970.2969670572056,3917.103118455475
output_noise,reward5_gci,DQN reward5 GCI,Results_DQN_reward5/model,real,3,real_04,Real Rainfall 4,0.05,45,20965759,95,2944.70963089808,979.0407946636824,3923.7504255617623
output_noise,reward5_gci,DQN reward5 GCI,Results_DQN_reward5/model,real,3,real_04,Real Rainfall 4,0.05,46,20965760,95,2945.4340025275274,969.7068366230928,3915.14083915062
output_noise,reward5_gci,DQN reward5 GCI,Results_DQN_reward5/model,real,3,real_04,Real Rainfall 4,0.05,47,20965761,95,2946.5142588958856,965.2929548650065,3911.8072137608924
output_noise,reward5_gci,DQN reward5 GCI,Results_DQN_reward5/model,real,3,real_04,Real Rainfall 4,0.05,48,20965762,95,2945.1168052090784,979.0401107332821,3924.1569159423607
output_noise,reward5_gci,DQN reward5 GCI,Results_DQN_reward5/model,real,3,real_04,Real Rainfall 4,0.05,49,20965763,95,2947.245362694865,979.0401101338989,3926.285472828764
output_noise,reward5_gci,DQN reward5 GCI,Results_DQN_reward5/model,real,3,real_04,Real Rainfall 4,0.1,0,20970714,95,2946.6275001106565,979.0401101338989,3925.6676102445554
output_noise,reward5_gci,DQN reward5 GCI,Results_DQN_reward5/model,real,3,real_04,Real Rainfall 4,0.1,1,20970715,95,2945.2558049638956,977.0533490232328,3922.3091539871284
output_noise,reward5_gci,DQN reward5 GCI,Results_DQN_reward5/model,real,3,real_04,Real Rainfall 4,0.1,2,20970716,95,2945.2676035890677,974.3625176888277,3919.6301212778953
output_noise,reward5_gci,DQN reward5 GCI,Results_DQN_reward5/model,real,3,real_04,Real Rainfall 4,0.1,3,20970717,95,2948.0982078727134,979.0401101338989,3927.1383180066123
output_noise,reward5_gci,DQN reward5 GCI,Results_DQN_reward5/model,real,3,real_04,Real Rainfall 4,0.1,4,20970718,95,2945.4419701436354,946.0594203655365,3891.501390509172
output_noise,reward5_gci,DQN reward5 GCI,Results_DQN_reward5/model,real,3,real_04,Real Rainfall 4,0.1,5,20970719,95,2945.7522016007606,979.0462711195797,3924.79847272034
output_noise,reward5_gci,DQN reward5 GCI,Results_DQN_reward5/model,real,3,real_04,Real Rainfall 4,0.1,6,20970720,95,2946.992584788697,977.122819902493,3924.11540469119
output_noise,reward5_gci,DQN reward5 GCI,Results_DQN_reward5/model,real,3,real_04,Real Rainfall 4,0.1,7,20970721,95,2946.0548386879695,979.0496939896542,3925.104532677624
output_noise,reward5_gci,DQN reward5 GCI,Results_DQN_reward5/model,real,3,real_04,Real Rainfall 4,0.1,8,20970722,95,2946.426515772357,969.4658705024026,3915.8923862747597
output_noise,reward5_gci,DQN reward5 GCI,Results_DQN_reward5/model,real,3,real_04,Real Rainfall 4,0.1,9,20970723,95,2944.457734958121,973.226583501357,3917.684318459478
output_noise,reward5_gci,DQN reward5 GCI,Results_DQN_reward5/model,real,3,real_04,Real Rainfall 4,0.1,10,20970724,95,2943.843752808466,969.8719121288447,3913.7156649373105
output_noise,reward5_gci,DQN reward5 GCI,Results_DQN_reward5/model,real,3,real_04,Real Rainfall 4,0.1,11,20970725,95,2944.660779048477,960.2595551308991,3904.920334179376
output_noise,reward5_gci,DQN reward5 GCI,Results_DQN_reward5/model,real,3,real_04,Real Rainfall 4,0.1,12,20970726,95,2947.8337011940994,979.0401101338989,3926.8738113279983
output_noise,reward5_gci,DQN reward5 GCI,Results_DQN_reward5/model,real,3,real_04,Real Rainfall 4,0.1,13,20970727,95,2945.6170084252212,959.2192461394213,3904.8362545646423
output_noise,reward5_gci,DQN reward5 GCI,Results_DQN_reward5/model,real,3,real_04,Real Rainfall 4,0.1,14,20970728,95,2947.6079240910562,965.8911874832322,3913.4991115742887
output_noise,reward5_gci,DQN reward5 GCI,Results_DQN_reward5/model,real,3,real_04,Real Rainfall 4,0.1,15,20970729,95,2943.6202411745303,977.9265154256645,3921.546756600195
output_noise,reward5_gci,DQN reward5 GCI,Results_DQN_reward5/model,real,3,real_04,Real Rainfall 4,0.1,16,20970730,95,2946.5951361158222,964.6549989513616,3911.2501350671837
output_noise,reward5_gci,DQN reward5 GCI,Results_DQN_reward5/model,real,3,real_04,Real Rainfall 4,0.1,17,20970731,95,2944.8355040717497,968.0503671389417,3912.885871210691
output_noise,reward5_gci,DQN reward5 GCI,Results_DQN_reward5/model,real,3,real_04,Real Rainfall 4,0.1,18,20970732,95,2945.131580203769,975.5658507133357,3920.6974309171046
output_noise,reward5_gci,DQN reward5 GCI,Results_DQN_reward5/model,real,3,real_04,Real Rainfall 4,0.1,19,20970733,95,2944.6175405576973,979.0452440808014,3923.6627846384986
output_noise,reward5_gci,DQN reward5 GCI,Results_DQN_reward5/model,real,3,real_04,Real Rainfall 4,0.1,20,20970734,95,2944.6458169551756,955.4988105261235,3900.1446274812993
output_noise,reward5_gci,DQN reward5 GCI,Results_DQN_reward5/model,real,3,real_04,Real Rainfall 4,0.1,21,20970735,95,2945.4817635072072,979.0493516492943,3924.5311151565015
output_noise,reward5_gci,DQN reward5 GCI,Results_DQN_reward5/model,real,3,real_04,Real Rainfall 4,0.1,22,20970736,95,2944.2494348855616,979.0445603719158,3923.2939952574775
output_noise,reward5_gci,DQN reward5 GCI,Results_DQN_reward5/model,real,3,real_04,Real Rainfall 4,0.1,23,20970737,95,2944.5487452871016,973.9232499844596,3918.4719952715614
output_noise,reward5_gci,DQN reward5 GCI,Results_DQN_reward5/model,real,3,real_04,Real Rainfall 4,0.1,24,20970738,95,2946.1964091486025,964.5617204642037,3910.7581296128064
output_noise,reward5_gci,DQN reward5 GCI,Results_DQN_reward5/model,real,3,real_04,Real Rainfall 4,0.1,25,20970739,95,2945.8243871414015,979.0472979931864,3924.871685134588
output_noise,reward5_gci,DQN reward5 GCI,Results_DQN_reward5/model,real,3,real_04,Real Rainfall 4,0.1,26,20970740,95,2945.1689312125686,962.924092923615,3908.093024136184
output_noise,reward5_gci,DQN reward5 GCI,Results_DQN_reward5/model,real,3,real_04,Real Rainfall 4,0.1,27,20970741,95,2946.8910837141484,979.0401111131554,3925.931194827304
output_noise,reward5_gci,DQN reward5 GCI,Results_DQN_reward5/model,real,3,real_04,Real Rainfall 4,0.1,28,20970742,95,2944.370902178767,961.5395367259594,3905.9104389047266
output_noise,reward5_gci,DQN reward5 GCI,Results_DQN_reward5/model,real,3,real_04,Real Rainfall 4,0.1,29,20970743,95,2945.5893277904493,979.0401097840506,3924.6294375745
output_noise,reward5_gci,DQN reward5 GCI,Results_DQN_reward5/model,real,3,real_04,Real Rainfall 4,0.1,30,20970744,95,2945.653775794498,946.0634563550459,3891.7172321495436
output_noise,reward5_gci,DQN reward5 GCI,Results_DQN_reward5/model,real,3,real_04,Real Rainfall 4,0.1,31,20970745,95,2945.5875040022183,968.5670173085753,3914.154521310794
output_noise,reward5_gci,DQN reward5 GCI,Results_DQN_reward5/model,real,3,real_04,Real Rainfall 4,0.1,32,20970746,95,2943.8529859878604,969.2043676999072,3913.0573536877673
output_noise,reward5_gci,DQN reward5 GCI,Results_DQN_reward5/model,real,3,real_04,Real Rainfall 4,0.1,33,20970747,95,2945.6288058811,974.1175014481196,3919.7463073292197
output_noise,reward5_gci,DQN reward5 GCI,Results_DQN_reward5/model,real,3,real_04,Real Rainfall 4,0.1,34,20970748,95,2944.5006040664593,961.0433536033938,3905.543957669853
output_noise,reward5_gci,DQN reward5 GCI,Results_DQN_reward5/model,real,3,real_04,Real Rainfall 4,0.1,35,20970749,95,2946.055234068742,979.0496948037966,3925.1049288725385
output_noise,reward5_gci,DQN reward5 GCI,Results_DQN_reward5/model,real,3,real_04,Real Rainfall 4,0.1,36,20970750,95,2943.192023361819,953.7936151286381,3896.985638490457
output_noise,reward5_gci,DQN reward5 GCI,Results_DQN_reward5/model,real,3,real_04,Real Rainfall 4,0.1,37,20970751,95,2946.0092740964706,975.372719563293,3921.381993659764
output_noise,reward5_gci,DQN reward5 GCI,Results_DQN_reward5/model,real,3,real_04,Real Rainfall 4,0.1,38,20970752,95,2943.3752779335746,951.6139966659268,3894.989274599501
output_noise,reward5_gci,DQN reward5 GCI,Results_DQN_reward5/model,real,3,real_04,Real Rainfall 4,0.1,39,20970753,95,2945.05772645322,970.5563139017795,3915.6140403549994
output_noise,reward5_gci,DQN reward5 GCI,Results_DQN_reward5/model,real,3,real_04,Real Rainfall 4,0.1,40,20970754,95,2946.1781494105066,958.6078632061236,3904.78601261663
output_noise,reward5_gci,DQN reward5 GCI,Results_DQN_reward5/model,real,3,real_04,Real Rainfall 4,0.1,41,20970755,95,2943.6920985485126,973.256865686619,3916.948964235132
output_noise,reward5_gci,DQN reward5 GCI,Results_DQN_reward5/model,real,3,real_04,Real Rainfall 4,0.1,42,20970756,95,2944.998405560747,961.943314394031,3906.941719954778
output_noise,reward5_gci,DQN reward5 GCI,Results_DQN_reward5/model,real,3,real_04,Real Rainfall 4,0.1,43,20970757,95,2945.878398930843,969.7598732654867,3915.63827219633
output_noise,reward5_gci,DQN reward5 GCI,Results_DQN_reward5/model,real,3,real_04,Real Rainfall 4,0.1,44,20970758,95,2944.391483280774,962.4736773903155,3906.8651606710896
output_noise,reward5_gci,DQN reward5 GCI,Results_DQN_reward5/model,real,3,real_04,Real Rainfall 4,0.1,45,20970759,95,2945.18604264673,979.046272238975,3924.232314885705
output_noise,reward5_gci,DQN reward5 GCI,Results_DQN_reward5/model,real,3,real_04,Real Rainfall 4,0.1,46,20970760,95,2945.8942570785407,976.8375480885874,3922.731805167128
output_noise,reward5_gci,DQN reward5 GCI,Results_DQN_reward5/model,real,3,real_04,Real Rainfall 4,0.1,47,20970761,95,2944.1376936992865,952.0847116858289,3896.2224053851155
output_noise,reward5_gci,DQN reward5 GCI,Results_DQN_reward5/model,real,3,real_04,Real Rainfall 4,0.1,48,20970762,95,2944.5756458032774,966.7105646662434,3911.286210469521
output_noise,reward5_gci,DQN reward5 GCI,Results_DQN_reward5/model,real,3,real_04,Real Rainfall 4,0.1,49,20970763,95,2945.972804944369,970.9332826398816,3916.9060875842506
