script_type,model_key,model_label,model_dir,source,rain_id,event_label,event_title,delta,repeat_index,seed,num_steps,final_flooding,final_cso,total_overflow
input_noise,reward5_gci,DQN reward5 GCI,Results_DQN_reward5/model,design,70,design_21,Design Rainfall 21,0.05,0,20265714,95,1370.7339359838345,979.0401101338989,2349.7740461177336
input_noise,reward5_gci,DQN reward5 GCI,Results_DQN_reward5/model,design,70,design_21,Design Rainfall 21,0.05,1,20265715,95,1370.2610882553874,774.5070616919701,2144.7681499473574
input_noise,reward5_gci,DQN reward5 GCI,Results_DQN_reward5/model,design,70,design_21,Design Rainfall 21,0.05,2,20265716,95,1370.2610882553874,774.5070616919701,2144.7681499473574
input_noise,reward5_gci,DQN reward5 GCI,Results_DQN_reward5/model,design,70,design_21,Design Rainfall 21,0.05,3,20265717,95,1370.7339359838345,979.0401101338989,2349.7740461177336
input_noise,reward5_gci,DQN reward5 GCI,Results_DQN_reward5/model,design,70,design_21,Design Rainfall 21,0.05,4,20265718,95,1370.7339359838345,979.0401101338989,2349.7740461177336
input_noise,reward5_gci,DQN reward5 GCI,Results_DQN_reward5/model,design,70,design_21,Design Rainfall 21,0.05,5,20265719,95,1370.7339359838345,979.0401101338989,2349.7740461177336
input_noise,reward5_gci,DQN reward5 GCI,Results_DQN_reward5/model,design,70,design_21,Design Rainfall 21,0.05,6,20265720,95,1370.7339359838345,979.0401101338989,2349.7740461177336
input_noise,reward5_gci,DQN reward5 GCI,Results_DQN_reward5/model,design,70,design_21,Design Rainfall 21,0.05,7,20265721,95,1370.7339359838345,979.0401101338989,2349.7740461177336
input_noise,reward5_gci,DQN reward5 GCI,Results_DQN_reward5/model,design,70,design_21,Design Rainfall 21,0.05,8,20265722,95,1370.7339359838345,979.0401101338989,2349.7740461177336
input_noise,reward5_gci,DQN reward5 GCI,Results_DQN_reward5/model,design,70,design_21,Design Rainfall 21,0.05,9,20265723,95,1370.7339359838345,979.0401101338989,2349.7740461177336
input_noise,reward5_gci,DQN reward5 GCI,Results_DQN_reward5/model,design,70,design_21,Design Rainfall 21,0.05,10,20265724,95,1370.7339359838345,979.0401101338989,2349.7740461177336
input_noise,reward5_gci,DQN reward5 GCI,Results_DQN_reward5/model,design,70,design_21,Design Rainfall 21,0.05,11,20265725,95,1370.6596123540023,979.0401101338989,2349.6997224879015
input_noise,reward5_gci,DQN reward5 GCI,Results_DQN_reward5/model,design,70,design_21,Design Rainfall 21,0.05,12,20265726,95,1370.7339359838345,979.0401101338989,2349.7740461177336
input_noise,reward5_gci,DQN reward5 GCI,Results_DQN_reward5/model,design,70,design_21,Design Rainfall 21,0.05,13,20265727,95,1370.1110350788329,774.4782889104866,2144.5893239893194
input_noise,reward5_gci,DQN reward5 GCI,Results_DQN_reward5/model,design,70,design_21,Design Rainfall 21,0.05,14,20265728,95,1370.7339359838345,979.0401101338989,2349.7740461177336
input_noise,reward5_gci,DQN reward5 GCI,Results_DQN_reward5/model,design,70,design_21,Design Rainfall 21,0.05,15,20265729,95,1370.2610882553874,774.5070616919701,2144.7681499473574
input_noise,reward5_gci,DQN reward5 GCI,Results_DQN_reward5/model,design,70,design_21,Design Rainfall 21,0.05,16,20265730,95,1370.2610882553874,774.5070616919701,2144.7681499473574
input_noise,reward5_gci,DQN reward5 GCI,Results_DQN_reward5/model,design,70,design_21,Design Rainfall 21,0.05,17,20265731,95,914.3129193256043,1423.0439908383012,2337.3569101639055
input_noise,reward5_gci,DQN reward5 GCI,Results_DQN_reward5/model,design,70,design_21,Design Rainfall 21,0.05,18,20265732,95,915.1695605165716,1627.6542669646283,2542.8238274811997
input_noise,reward5_gci,DQN reward5 GCI,Results_DQN_reward5/model,design,70,design_21,Design Rainfall 21,0.05,19,20265733,95,1370.6596123540023,979.0401101338989,2349.6997224879015
input_noise,reward5_gci,DQN reward5 GCI,Results_DQN_reward5/model,design,70,design_21,Design Rainfall 21,0.05,20,20265734,95,1370.7339359838345,979.0401101338989,2349.7740461177336
input_noise,reward5_gci,DQN reward5 GCI,Results_DQN_reward5/model,design,70,design_21,Design Rainfall 21,0.05,21,20265735,95,1370.7339359838345,979.0401101338989,2349.7740461177336
input_noise,reward5_gci,DQN reward5 GCI,Results_DQN_reward5/model,design,70,design_21,Design Rainfall 21,0.05,22,20265736,95,1370.7339359838345,979.0401101338989,2349.7740461177336
input_noise,reward5_gci,DQN reward5 GCI,Results_DQN_reward5/model,design,70,design_21,Design Rainfall 21,0.05,23,20265737,95,1370.7339359838345,979.0401101338989,2349.7740461177336
input_noise,reward5_gci,DQN reward5 GCI,Results_DQN_reward5/model,design,70,design_21,Design Rainfall 21,0.05,24,20265738,95,915.1695605165716,1627.6542669646283,2542.8238274811997
input_noise,reward5_gci,DQN reward5 GCI,Results_DQN_reward5/model,design,70,design_21,Design Rainfall 21,0.05,25,20265739,95,1370.7339359838345,979.0401101338989,2349.7740461177336
input_noise,reward5_gci,DQN reward5 GCI,Results_DQN_reward5/model,design,70,design_21,Design Rainfall 21,0.05,26,20265740,95,1370.1110350788329,774.4782889104866,2144.5893239893194
input_noise,reward5_gci,DQN reward5 GCI,Results_DQN_reward5/model,design,70,design_21,Design Rainfall 21,0.05,27,20265741,95,1370.7339359838345,979.0401101338989,2349.7740461177336
input_noise,reward5_gci,DQN reward5 GCI,Results_DQN_reward5/model,design,70,design_21,Design Rainfall 21,0.05,28,20265742,95,1370.7339359838345,979.0401101338989,2349.7740461177336
input_noise,reward5_gci,DQN reward5 GCI,Results_DQN_reward5/model,design,70,design_21,Design Rainfall 21,0.05,29,20265743,95,1370.7339359838345,979.0401101338989,2349.7740461177336
input_noise,reward5_gci,DQN reward5 GCI,Results_DQN_reward5/model,design,70,design_21,Design Rainfall 21,0.05,30,20265744,95,1370.7339359838345,979.0401101338989,2349.7740461177336
input_noise,reward5_gci,DQN reward5 GCI,Results_DQN_reward5/model,design,70,design_21,Design Rainfall 21,0.05,31,20265745,95,1370.6596123540023,979.0401101338989,2349.6997224879015
input_noise,reward5_gci,DQN reward5 GCI,Results_DQN_reward5/model,design,70,design_21,Design Rainfall 21,0.05,32,20265746,95,1370.1110350788329,774.4782889104866,2144.5893239893194
input_noise,reward5_gci,DQN reward5 GCI,Results_DQN_reward5/model,design,70,design_21,Design Rainfall 21,0.05,33,20265747,95,1370.1110350788329,774.4782889104866,2144.5893239893194
input_noise,reward5_gci,DQN reward5 GCI,Results_DQN_reward5/model,design,70,design_21,Design Rainfall 21,0.05,34,20265748,95,1370.7339359838345,979.0401101338989,2349.7740461177336
input_noise,reward5_gci,DQN reward5 GCI,Results_DQN_reward5/model,design,70,design_21,Design Rainfall 21,0.05,35,20265749,95,1370.6596123540023,979.0401101338989,2349.6997224879015
input_noise,reward5_gci,DQN reward5 GCI,Results_DQN_reward5/model,design,70,design_21,Design Rainfall 21,0.05,36,20265750,95,1370.7339359838345,979.0401101338989,2349.7740461177336
input_noise,reward5_gci,DQN reward5 GCI,Results_DQN_reward5/model,design,70,design_21,Design Rainfall 21,0.05,37,20265751,95,1370.7339359838345,979.0401101338989,2349.7740461177336
input_noise,reward5_gci,DQN reward5 GCI,Results_DQN_reward5/model,design,70,design_21,Design Rainfall 21,0.05,38,20265752,95,1370.7339359838345,979.0401101338989,2349.7740461177336
input_noise,reward5_gci,DQN reward5 GCI,Results_DQN_reward5/model,design,70,design_21,Design Rainfall 21,0.05,39,20265753,95,1370.7339359838345,979.0401101338989,2349.7740461177336
input_noise,reward5_gci,DQN reward5 GCI,Results_DQN_reward5/model,design,70,design_21,Design Rainfall 21,0.05,40,20265754,95,1370.1110350788329,774.4782889104866,2144.5893239893194
input_noise,reward5_gci,DQN reward5 GCI,Results_DQN_reward5/model,design,70,design_21,Design Rainfall 21,0.05,41,20265755,95,1370.2610882553874,774.5070616919701,2144.7681499473574
input_noise,reward5_gci,DQN reward5 GCI,Results_DQN_reward5/model,design,70,design_21,Design Rainfall 21,0.05,42,20265756,95,1370.2610882553874,774.5070616919701,2144.7681499473574
input_noise,reward5_gci,DQN reward5 GCI,Results_DQN_reward5/model,design,70,design_21,Design Rainfall 21,0.05,43,20265757,95,833.8495215369452,2008.909954404199,2842.759475941144
input_noise,reward5_gci,DQN reward5 GCI,Results_DQN_reward5/model,design,70,design_21,Design Rainfall 21,0.05,44,20265758,95,915.1695605165716,1627.6542669646283,2542.8238274811997
input_noise,reward5_gci,DQN reward5 GCI,Results_DQN_reward5/model,design,70,design_21,Design Rainfall 21,0.05,45,20265759,95,1370.7339359838345,979.0401101338989,2349.7740461177336
input_noise,reward5_gci,DQN reward5 GCI,Results_DQN_reward5/model,design,70,design_21,Design Rainfall 21,0.05,46,20265760,95,1370.2610882553874,774.5070616919701,2144.7681499473574
input_noise,reward5_gci,DQN reward5 GCI,Results_DQN_reward5/model,design,70,design_21,Design Rainfall 21,0.05,47,20265761,95,1370.7339359838345,979.0401101338989,2349.7740461177336
input_noise,reward5_gci,DQN reward5 GCI,Results_DQN_reward5/model,design,70,design_21,Design Rainfall 21,0.05,48,20265762,95,1370.7339359838345,979.0401101338989,2349.7740461177336
input_noise,reward5_gci,DQN reward5 GCI,Results_DQN_reward5/model,design,70,design_21,Design Rainfall 21,0.05,49,20265763,95,1370.1839224489793,774.5070616919701,2144.6909841409492
input_noise,reward5_gci,DQN reward5 GCI,Results_DQN_reward5/model,design,70,design_21,Design Rainfall 21,0.1,0,20270714,95,1369.9619992771316,774.6136109892414,2144.5756102663727
input_noise,reward5_gci,DQN reward5 GCI,Results_DQN_reward5/model,design,70,design_21,Design Rainfall 21,0.1,1,20270715,95,894.2721837332974,1649.7589913852162,2544.0311751185136
input_noise,reward5_gci,DQN reward5 GCI,Results_DQN_reward5/model,design,70,design_21,Design Rainfall 21,0.1,2,20270716,95,1370.1110350788329,774.4782889104866,2144.5893239893194
input_noise,reward5_gci,DQN reward5 GCI,Results_DQN_reward5/model,design,70,design_21,Design Rainfall 21,0.1,3,20270717,95,1370.7339359838345,979.0401101338989,2349.7740461177336
input_noise,reward5_gci,DQN reward5 GCI,Results_DQN_reward5/model,design,70,design_21,Design Rainfall 21,0.1,4,20270718,95,1370.7339359838345,979.0401101338989,2349.7740461177336
input_noise,reward5_gci,DQN reward5 GCI,Results_DQN_reward5/model,design,70,design_21,Design Rainfall 21,0.1,5,20270719,95,833.8495215369452,2008.909954404199,2842.759475941144
input_noise,reward5_gci,DQN reward5 GCI,Results_DQN_reward5/model,design,70,design_21,Design Rainfall 21,0.1,6,20270720,95,894.464976061818,1650.0444284097762,2544.5094044715943
input_noise,reward5_gci,DQN reward5 GCI,Results_DQN_reward5/model,design,70,design_21,Design Rainfall 21,0.1,7,20270721,95,1370.1110350788329,774.4782889104866,2144.5893239893194
input_noise,reward5_gci,DQN reward5 GCI,Results_DQN_reward5/model,design,70,design_21,Design Rainfall 21,0.1,8,20270722,95,893.979008985025,1445.1781247131298,2339.1571336981547
input_noise,reward5_gci,DQN reward5 GCI,Results_DQN_reward5/model,design,70,design_21,Design Rainfall 21,0.1,9,20270723,95,1370.7339359838345,979.0401101338989,2349.7740461177336
input_noise,reward5_gci,DQN reward5 GCI,Results_DQN_reward5/model,design,70,design_21,Design Rainfall 21,0.1,10,20270724,95,1368.709799511356,979.1754252842868,2347.885224795643
input_noise,reward5_gci,DQN reward5 GCI,Results_DQN_reward5/model,design,70,design_21,Design Rainfall 21,0.1,11,20270725,95,893.979008985025,1445.1781247131298,2339.1571336981547
input_noise,reward5_gci,DQN reward5 GCI,Results_DQN_reward5/model,design,70,design_21,Design Rainfall 21,0.1,12,20270726,95,1370.7339359838345,979.0401101338989,2349.7740461177336
input_noise,reward5_gci,DQN reward5 GCI,Results_DQN_reward5/model,design,70,design_21,Design Rainfall 21,0.1,13,20270727,95,894.2721837332974,1649.7589913852162,2544.0311751185136
input_noise,reward5_gci,DQN reward5 GCI,Results_DQN_reward5/model,design,70,design_21,Design Rainfall 21,0.1,14,20270728,95,1370.7339359838345,979.0401101338989,2349.7740461177336
input_noise,reward5_gci,DQN reward5 GCI,Results_DQN_reward5/model,design,70,design_21,Design Rainfall 21,0.1,15,20270729,95,1370.7339359838345,979.0401101338989,2349.7740461177336
input_noise,reward5_gci,DQN reward5 GCI,Results_DQN_reward5/model,design,70,design_21,Design Rainfall 21,0.1,16,20270730,95,1368.815706781803,979.1754252842868,2347.99113206609
input_noise,reward5_gci,DQN reward5 GCI,Results_DQN_reward5/model,design,70,design_21,Design Rainfall 21,0.1,17,20270731,95,1368.815706781803,979.1754252842868,2347.99113206609
input_noise,reward5_gci,DQN reward5 GCI,Results_DQN_reward5/model,design,70,design_21,Design Rainfall 21,0.1,18,20270732,95,1368.815706781803,979.1754252842868,2347.99113206609
input_noise,reward5_gci,DQN reward5 GCI,Results_DQN_reward5/model,design,70,design_21,Design Rainfall 21,0.1,19,20270733,95,1368.8535523218277,979.533906215557,2348.3874585373846
input_noise,reward5_gci,DQN reward5 GCI,Results_DQN_reward5/model,design,70,design_21,Design Rainfall 21,0.1,20,20270734,95,1369.9619992771316,774.6136109892414,2144.5756102663727
input_noise,reward5_gci,DQN reward5 GCI,Results_DQN_reward5/model,design,70,design_21,Design Rainfall 21,0.1,21,20270735,95,1368.709799511356,979.1754252842868,2347.885224795643
input_noise,reward5_gci,DQN reward5 GCI,Results_DQN_reward5/model,design,70,design_21,Design Rainfall 21,0.1,22,20270736,95,1370.2610882553874,774.5070616919701,2144.7681499473574
input_noise,reward5_gci,DQN reward5 GCI,Results_DQN_reward5/model,design,70,design_21,Design Rainfall 21,0.1,23,20270737,95,892.4784348682249,1649.859179502003,2542.337614370228
input_noise,reward5_gci,DQN reward5 GCI,Results_DQN_reward5/model,design,70,design_21,Design Rainfall 21,0.1,24,20270738,95,1370.6596123540023,979.0401101338989,2349.6997224879015
input_noise,reward5_gci,DQN reward5 GCI,Results_DQN_reward5/model,design,70,design_21,Design Rainfall 21,0.1,25,20270739,95,1369.9619992771316,774.6136109892414,2144.5756102663727
input_noise,reward5_gci,DQN reward5 GCI,Results_DQN_reward5/model,design,70,design_21,Design Rainfall 21,0.1,26,20270740,95,894.2721837332974,1649.7589913852162,2544.0311751185136
input_noise,reward5_gci,DQN reward5 GCI,Results_DQN_reward5/model,design,70,design_21,Design Rainfall 21,0.1,27,20270741,95,1370.7339359838345,979.0401101338989,2349.7740461177336
input_noise,reward5_gci,DQN reward5 GCI,Results_DQN_reward5/model,design,70,design_21,Design Rainfall 21,0.1,28,20270742,95,1370.7339359838345,979.0401101338989,2349.7740461177336
input_noise,reward5_gci,DQN reward5 GCI,Results_DQN_reward5/model,design,70,design_21,Design Rainfall 21,0.1,29,20270743,95,1370.7339359838345,979.0401101338989,2349.7740461177336
input_noise,reward5_gci,DQN reward5 GCI,Results_DQN_reward5/model,design,70,design_21,Design Rainfall 21,0.1,30,20270744,95,1368.9299896395232,979.533906215557,2348.4638958550804
input_noise,reward5_gci,DQN reward5 GCI,Results_DQN_reward5/model,design,70,design_21,Design Rainfall 21,0.1,31,20270745,95,915.1695605165716,1627.6542669646283,2542.8238274811997
input_noise,reward5_gci,DQN reward5 GCI,Results_DQN_reward5/model,design,70,design_21,Design Rainfall 21,0.1,32,20270746,95,799.33693440648,1681.659087790529,2480.996022197009
input_noise,reward5_gci,DQN reward5 GCI,Results_DQN_reward5/model,design,70,design_21,Design Rainfall 21,0.1,33,20270747,95,894.2721837332974,1649.7589913852162,2544.0311751185136
input_noise,reward5_gci,DQN reward5 GCI,Results_DQN_reward5/model,design,70,design_21,Design Rainfall 21,0.1,34,20270748,95,1370.2719676516247,979.3985881577065,2349.6705558093313
input_noise,reward5_gci,DQN reward5 GCI,Results_DQN_reward5/model,design,70,design_21,Design Rainfall 21,0.1,35,20270749,95,1370.2610882553874,774.5070616919701,2144.7681499473574
input_noise,reward5_gci,DQN reward5 GCI,Results_DQN_reward5/model,design,70,design_21,Design Rainfall 21,0.1,36,20270750,95,1370.7339359838345,979.0401101338989,2349.7740461177336
input_noise,reward5_gci,DQN reward5 GCI,Results_DQN_reward5/model,design,70,design_21,Design Rainfall 21,0.1,37,20270751,95,1370.1110350788329,774.4782889104866,2144.5893239893194
input_noise,reward5_gci,DQN reward5 GCI,Results_DQN_reward5/model,design,70,design_21,Design Rainfall 21,0.1,38,20270752,95,1370.1110350788329,774.4782889104866,2144.5893239893194
input_noise,reward5_gci,DQN reward5 GCI,Results_DQN_reward5/model,design,70,design_21,Design Rainfall 21,0.1,39,20270753,95,1370.7339359838345,979.0401101338989,2349.7740461177336
input_noise,reward5_gci,DQN reward5 GCI,Results_DQN_reward5/model,design,70,design_21,Design Rainfall 21,0.1,40,20270754,95,894.2721837332974,1649.7589913852162,2544.0311751185136
input_noise,reward5_gci,DQN reward5 GCI,Results_DQN_reward5/model,design,70,design_21,Design Rainfall 21,0.1,41,20270755,95,1370.7339359838345,979.0401101338989,2349.7740461177336
input_noise,reward5_gci,DQN reward5 GCI,Results_DQN_reward5/model,design,70,design_21,Design Rainfall 21,0.1,42,20270756,95,1370.1110350788329,774.4782889104866,2144.5893239893194
input_noise,reward5_gci,DQN reward5 GCI,Results_DQN_reward5/model,design,70,design_21,Design Rainfall 21,0.1,43,20270757,95,1370.6596123540023,979.0401101338989,2349.6997224879015
input_noise,reward5_gci,DQN reward5 GCI,Results_DQN_reward5/model,design,70,design_21,Design Rainfall 21,0.1,44,20270758,95,1370.2719676516247,979.3985881577065,2349.6705558093313
input_noise,reward5_gci,DQN reward5 GCI,Results_DQN_reward5/model,design,70,design_21,Design Rainfall 21,0.1,45,20270759,95,1370.7339359838345,979.0401101338989,2349.7740461177336
input_noise,reward5_gci,DQN reward5 GCI,Results_DQN_reward5/model,design,70,design_21,Design Rainfall 21,0.1,46,20270760,95,1370.2610882553874,774.5070616919701,2144.7681499473574
input_noise,reward5_gci,DQN reward5 GCI,Results_DQN_reward5/model,design,70,design_21,Design Rainfall 21,0.1,47,20270761,95,1370.2610882553874,774.5070616919701,2144.7681499473574
input_noise,reward5_gci,DQN reward5 GCI,Results_DQN_reward5/model,design,70,design_21,Design Rainfall 21,0.1,48,20270762,95,1370.6312575917634,979.0401101338989,2349.671367725662
input_noise,reward5_gci,DQN reward5 GCI,Results_DQN_reward5/model,design,70,design_21,Design Rainfall 21,0.1,49,20270763,95,1368.9299896395232,979.533906215557,2348.4638958550804
input_noise,reward5_gci,DQN reward5 GCI,Results_DQN_reward5/model,design,64,design_15,Design Rainfall 15,0.05,0,20365714,95,3626.9137575518425,979.0401101338989,4605.953867685741
input_noise,reward5_gci,DQN reward5 GCI,Results_DQN_reward5/model,design,64,design_15,Design Rainfall 15,0.05,1,20365715,95,3628.796263057386,979.0401101338989,4607.836373191285
input_noise,reward5_gci,DQN reward5 GCI,Results_DQN_reward5/model,design,64,design_15,Design Rainfall 15,0.05,2,20365716,95,3626.9137575518425,979.0401101338989,4605.953867685741
input_noise,reward5_gci,DQN reward5 GCI,Results_DQN_reward5/model,design,64,design_15,Design Rainfall 15,0.05,3,20365717,95,3628.7191196591334,979.0401101338989,4607.759229793032
input_noise,reward5_gci,DQN reward5 GCI,Results_DQN_reward5/model,design,64,design_15,Design Rainfall 15,0.05,4,20365718,95,3629.2009079280106,774.5070616919701,4403.707969619981
input_noise,reward5_gci,DQN reward5 GCI,Results_DQN_reward5/model,design,64,design_15,Design Rainfall 15,0.05,5,20365719,95,3622.646369773522,979.0401101338989,4601.686479907421
input_noise,reward5_gci,DQN reward5 GCI,Results_DQN_reward5/model,design,64,design_15,Design Rainfall 15,0.05,6,20365720,95,3626.9137575518425,979.0401101338989,4605.953867685741
input_noise,reward5_gci,DQN reward5 GCI,Results_DQN_reward5/model,design,64,design_15,Design Rainfall 15,0.05,7,20365721,95,3626.9137575518425,979.0401101338989,4605.953867685741
input_noise,reward5_gci,DQN reward5 GCI,Results_DQN_reward5/model,design,64,design_15,Design Rainfall 15,0.05,8,20365722,95,3626.993484803189,979.0401101338989,4606.033594937087
input_noise,reward5_gci,DQN reward5 GCI,Results_DQN_reward5/model,design,64,design_15,Design Rainfall 15,0.05,9,20365723,95,3629.1223648447963,774.5070616919701,4403.629426536766
input_noise,reward5_gci,DQN reward5 GCI,Results_DQN_reward5/model,design,64,design_15,Design Rainfall 15,0.05,10,20365724,95,3626.993484803189,979.0401101338989,4606.033594937087
input_noise,reward5_gci,DQN reward5 GCI,Results_DQN_reward5/model,design,64,design_15,Design Rainfall 15,0.05,11,20365725,95,3627.4031041129324,774.4782889104866,4401.881393023419
input_noise,reward5_gci,DQN reward5 GCI,Results_DQN_reward5/model,design,64,design_15,Design Rainfall 15,0.05,12,20365726,95,3626.9137575518425,979.0401101338989,4605.953867685741
input_noise,reward5_gci,DQN reward5 GCI,Results_DQN_reward5/model,design,64,design_15,Design Rainfall 15,0.05,13,20365727,95,3628.7191196591334,979.0401101338989,4607.759229793032
input_noise,reward5_gci,DQN reward5 GCI,Results_DQN_reward5/model,design,64,design_15,Design Rainfall 15,0.05,14,20365728,95,3622.5658518270743,979.0401101338989,4601.605961960973
input_noise,reward5_gci,DQN reward5 GCI,Results_DQN_reward5/model,design,64,design_15,Design Rainfall 15,0.05,15,20365729,95,3626.119160266015,774.4782889104866,4400.597449176502
input_noise,reward5_gci,DQN reward5 GCI,Results_DQN_reward5/model,design,64,design_15,Design Rainfall 15,0.05,16,20365730,95,3626.993484803189,979.0401101338989,4606.033594937087
input_noise,reward5_gci,DQN reward5 GCI,Results_DQN_reward5/model,design,64,design_15,Design Rainfall 15,0.05,17,20365731,95,3626.9137575518425,979.0401101338989,4605.953867685741
input_noise,reward5_gci,DQN reward5 GCI,Results_DQN_reward5/model,design,64,design_15,Design Rainfall 15,0.05,18,20365732,95,3626.993484803189,979.0401101338989,4606.033594937087
input_noise,reward5_gci,DQN reward5 GCI,Results_DQN_reward5/model,design,64,design_15,Design Rainfall 15,0.05,19,20365733,95,3628.7191196591334,979.0401101338989,4607.759229793032
input_noise,reward5_gci,DQN reward5 GCI,Results_DQN_reward5/model,design,64,design_15,Design Rainfall 15,0.05,20,20365734,95,3628.7191196591334,979.0401101338989,4607.759229793032
input_noise,reward5_gci,DQN reward5 GCI,Results_DQN_reward5/model,design,64,design_15,Design Rainfall 15,0.05,21,20365735,95,3628.7191196591334,979.0401101338989,4607.759229793032
input_noise,reward5_gci,DQN reward5 GCI,Results_DQN_reward5/model,design,64,design_15,Design Rainfall 15,0.05,22,20365736,95,3626.9137575518425,979.0401101338989,4605.953867685741
input_noise,reward5_gci,DQN reward5 GCI,Results_DQN_reward5/model,design,64,design_15,Design Rainfall 15,0.05,23,20365737,95,3628.7191196591334,979.0401101338989,4607.759229793032
input_noise,reward5_gci,DQN reward5 GCI,Results_DQN_reward5/model,design,64,design_15,Design Rainfall 15,0.05,24,20365738,95,3628.796263057386,979.0401101338989,4607.836373191285
input_noise,reward5_gci,DQN reward5 GCI,Results_DQN_reward5/model,design,64,design_15,Design Rainfall 15,0.05,25,20365739,95,3628.7191196591334,979.0401101338989,4607.759229793032
input_noise,reward5_gci,DQN reward5 GCI,Results_DQN_reward5/model,design,64,design_15,Design Rainfall 15,0.05,26,20365740,95,3628.796263057386,979.0401101338989,4607.836373191285
input_noise,reward5_gci,DQN reward5 GCI,Results_DQN_reward5/model,design,64,design_15,Design Rainfall 15,0.05,27,20365741,95,3628.7191196591334,979.0401101338989,4607.759229793032
input_noise,reward5_gci,DQN reward5 GCI,Results_DQN_reward5/model,design,64,design_15,Design Rainfall 15,0.05,28,20365742,95,3628.7191196591334,979.0401101338989,4607.759229793032
input_noise,reward5_gci,DQN reward5 GCI,Results_DQN_reward5/model,design,64,design_15,Design Rainfall 15,0.05,29,20365743,95,3063.1106670945096,1549.2723463453167,4612.383013439827
input_noise,reward5_gci,DQN reward5 GCI,Results_DQN_reward5/model,design,64,design_15,Design Rainfall 15,0.05,30,20365744,95,3628.796263057386,979.0401101338989,4607.836373191285
input_noise,reward5_gci,DQN reward5 GCI,Results_DQN_reward5/model,design,64,design_15,Design Rainfall 15,0.05,31,20365745,95,3560.7559722220058,774.4782889104866,4335.234261132492
input_noise,reward5_gci,DQN reward5 GCI,Results_DQN_reward5/model,design,64,design_15,Design Rainfall 15,0.05,32,20365746,95,3628.7191196591334,979.0401101338989,4607.759229793032
input_noise,reward5_gci,DQN reward5 GCI,Results_DQN_reward5/model,design,64,design_15,Design Rainfall 15,0.05,33,20365747,95,3626.993484803189,979.0401101338989,4606.033594937087
input_noise,reward5_gci,DQN reward5 GCI,Results_DQN_reward5/model,design,64,design_15,Design Rainfall 15,0.05,34,20365748,95,3628.796263057386,979.0401101338989,4607.836373191285
input_noise,reward5_gci,DQN reward5 GCI,Results_DQN_reward5/model,design,64,design_15,Design Rainfall 15,0.05,35,20365749,95,3626.5182532288864,774.5070616919701,4401.0253149208565
input_noise,reward5_gci,DQN reward5 GCI,Results_DQN_reward5/model,design,64,design_15,Design Rainfall 15,0.05,36,20365750,95,3626.9137575518425,979.0401101338989,4605.953867685741
input_noise,reward5_gci,DQN reward5 GCI,Results_DQN_reward5/model,design,64,design_15,Design Rainfall 15,0.05,37,20365751,95,3626.9137575518425,979.0401101338989,4605.953867685741
input_noise,reward5_gci,DQN reward5 GCI,Results_DQN_reward5/model,design,64,design_15,Design Rainfall 15,0.05,38,20365752,95,3628.796263057386,979.0401101338989,4607.836373191285
input_noise,reward5_gci,DQN reward5 GCI,Results_DQN_reward5/model,design,64,design_15,Design Rainfall 15,0.05,39,20365753,95,3628.7191196591334,979.0401101338989,4607.759229793032
input_noise,reward5_gci,DQN reward5 GCI,Results_DQN_reward5/model,design,64,design_15,Design Rainfall 15,0.05,40,20365754,95,3629.2009079280106,774.5070616919701,4403.707969619981
input_noise,reward5_gci,DQN reward5 GCI,Results_DQN_reward5/model,design,64,design_15,Design Rainfall 15,0.05,41,20365755,95,3626.993484803189,979.0401101338989,4606.033594937087
input_noise,reward5_gci,DQN reward5 GCI,Results_DQN_reward5/model,design,64,design_15,Design Rainfall 15,0.05,42,20365756,95,3628.7191196591334,979.0401101338989,4607.759229793032
input_noise,reward5_gci,DQN reward5 GCI,Results_DQN_reward5/model,design,64,design_15,Design Rainfall 15,0.05,43,20365757,95,3628.796263057386,979.0401101338989,4607.836373191285
input_noise,reward5_gci,DQN reward5 GCI,Results_DQN_reward5/model,design,64,design_15,Design Rainfall 15,0.05,44,20365758,95,3626.5182532288864,774.5070616919701,4401.0253149208565
input_noise,reward5_gci,DQN reward5 GCI,Results_DQN_reward5/model,design,64,design_15,Design Rainfall 15,0.05,45,20365759,95,3628.7191196591334,979.0401101338989,4607.759229793032
input_noise,reward5_gci,DQN reward5 GCI,Results_DQN_reward5/model,design,64,design_15,Design Rainfall 15,0.05,46,20365760,95,3629.2009079280106,774.5070616919701,4403.707969619981
input_noise,reward5_gci,DQN reward5 GCI,Results_DQN_reward5/model,design,64,design_15,Design Rainfall 15,0.05,47,20365761,95,3626.993484803189,979.0401101338989,4606.033594937087
input_noise,reward5_gci,DQN reward5 GCI,Results_DQN_reward5/model,design,64,design_15,Design Rainfall 15,0.05,48,20365762,95,3624.646689961878,774.5070616919701,4399.153751653848
input_noise,reward5_gci,DQN reward5 GCI,Results_DQN_reward5/model,design,64,design_15,Design Rainfall 15,0.05,49,20365763,95,3628.796263057386,979.0401101338989,4607.836373191285
input_noise,reward5_gci,DQN reward5 GCI,Results_DQN_reward5/model,design,64,design_15,Design Rainfall 15,0.1,0,20370714,95,3623.969802876415,979.3985881577065,4603.3683910341215
input_noise,reward5_gci,DQN reward5 GCI,Results_DQN_reward5/model,design,64,design_15,Design Rainfall 15,0.1,1,20370715,95,3564.664403969507,774.5070616919701,4339.171465661477
input_noise,reward5_gci,DQN reward5 GCI,Results_DQN_reward5/model,design,64,design_15,Design Rainfall 15,0.1,2,20370716,95,3623.9340015955,979.3985881577065,4603.332589753207
input_noise,reward5_gci,DQN reward5 GCI,Results_DQN_reward5/model,design,64,design_15,Design Rainfall 15,0.1,3,20370717,95,3626.993484803189,979.0401101338989,4606.033594937087
input_noise,reward5_gci,DQN reward5 GCI,Results_DQN_reward5/model,design,64,design_15,Design Rainfall 15,0.1,4,20370718,95,3061.2555780941984,1753.7912500451314,4815.04682813933
input_noise,reward5_gci,DQN reward5 GCI,Results_DQN_reward5/model,design,64,design_15,Design Rainfall 15,0.1,5,20370719,95,3025.324591442926,1990.1354156874547,5015.46000713038
input_noise,reward5_gci,DQN reward5 GCI,Results_DQN_reward5/model,design,64,design_15,Design Rainfall 15,0.1,6,20370720,95,3155.3474825334247,1440.6352161011764,4595.982698634602
input_noise,reward5_gci,DQN reward5 GCI,Results_DQN_reward5/model,design,64,design_15,Design Rainfall 15,0.1,7,20370721,95,3154.3290164208747,1440.6498827947955,4594.97889921567
input_noise,reward5_gci,DQN reward5 GCI,Results_DQN_reward5/model,design,64,design_15,Design Rainfall 15,0.1,8,20370722,95,3626.9137575518425,979.0401101338989,4605.953867685741
input_noise,reward5_gci,DQN reward5 GCI,Results_DQN_reward5/model,design,64,design_15,Design Rainfall 15,0.1,9,20370723,95,3627.4031041129324,774.4782889104866,4401.881393023419
input_noise,reward5_gci,DQN reward5 GCI,Results_DQN_reward5/model,design,64,design_15,Design Rainfall 15,0.1,10,20370724,95,3626.993484803189,979.0401101338989,4606.033594937087
input_noise,reward5_gci,DQN reward5 GCI,Results_DQN_reward5/model,design,64,design_15,Design Rainfall 15,0.1,11,20370725,95,3183.0444998799153,1628.5984217140387,4811.642921593954
input_noise,reward5_gci,DQN reward5 GCI,Results_DQN_reward5/model,design,64,design_15,Design Rainfall 15,0.1,12,20370726,95,3628.796263057386,979.0401101338989,4607.836373191285
input_noise,reward5_gci,DQN reward5 GCI,Results_DQN_reward5/model,design,64,design_15,Design Rainfall 15,0.1,13,20370727,95,3627.4031041129324,774.4782889104866,4401.881393023419
input_noise,reward5_gci,DQN reward5 GCI,Results_DQN_reward5/model,design,64,design_15,Design Rainfall 15,0.1,14,20370728,95,3623.9340015955,979.3985881577065,4603.332589753207
input_noise,reward5_gci,DQN reward5 GCI,Results_DQN_reward5/model,design,64,design_15,Design Rainfall 15,0.1,15,20370729,95,3564.3273111294425,979.0401101338989,4543.367421263341
input_noise,reward5_gci,DQN reward5 GCI,Results_DQN_reward5/model,design,64,design_15,Design Rainfall 15,0.1,16,20370730,95,3626.993484803189,979.0401101338989,4606.033594937087
input_noise,reward5_gci,DQN reward5 GCI,Results_DQN_reward5/model,design,64,design_15,Design Rainfall 15,0.1,17,20370731,95,3626.9137575518425,979.0401101338989,4605.953867685741
input_noise,reward5_gci,DQN reward5 GCI,Results_DQN_reward5/model,design,64,design_15,Design Rainfall 15,0.1,18,20370732,95,3626.993484803189,979.0401101338989,4606.033594937087
input_noise,reward5_gci,DQN reward5 GCI,Results_DQN_reward5/model,design,64,design_15,Design Rainfall 15,0.1,19,20370733,95,3626.993484803189,979.0401101338989,4606.033594937087
input_noise,reward5_gci,DQN reward5 GCI,Results_DQN_reward5/model,design,64,design_15,Design Rainfall 15,0.1,20,20370734,95,3624.646689961878,774.5070616919701,4399.153751653848
input_noise,reward5_gci,DQN reward5 GCI,Results_DQN_reward5/model,design,64,design_15,Design Rainfall 15,0.1,21,20370735,95,3564.450266858166,979.0401101338989,4543.490376992065
input_noise,reward5_gci,DQN reward5 GCI,Results_DQN_reward5/model,design,64,design_15,Design Rainfall 15,0.1,22,20370736,95,3624.0706783788078,979.6114813653405,4603.6821597441485
input_noise,reward5_gci,DQN reward5 GCI,Results_DQN_reward5/model,design,64,design_15,Design Rainfall 15,0.1,23,20370737,95,3622.646369773522,979.0401101338989,4601.686479907421
input_noise,reward5_gci,DQN reward5 GCI,Results_DQN_reward5/model,design,64,design_15,Design Rainfall 15,0.1,24,20370738,95,3622.646369773522,979.0401101338989,4601.686479907421
input_noise,reward5_gci,DQN reward5 GCI,Results_DQN_reward5/model,design,64,design_15,Design Rainfall 15,0.1,25,20370739,95,3626.826426712,979.1754252842868,4606.001851996287
input_noise,reward5_gci,DQN reward5 GCI,Results_DQN_reward5/model,design,64,design_15,Design Rainfall 15,0.1,26,20370740,95,3626.993484803189,979.0401101338989,4606.033594937087
input_noise,reward5_gci,DQN reward5 GCI,Results_DQN_reward5/model,design,64,design_15,Design Rainfall 15,0.1,27,20370741,95,3327.6062157639867,1483.8799864343557,4811.486202198343
input_noise,reward5_gci,DQN reward5 GCI,Results_DQN_reward5/model,design,64,design_15,Design Rainfall 15,0.1,28,20370742,95,3626.993484803189,979.0401101338989,4606.033594937087
input_noise,reward5_gci,DQN reward5 GCI,Results_DQN_reward5/model,design,64,design_15,Design Rainfall 15,0.1,29,20370743,95,3624.6315111805125,979.3985881577065,4604.030099338219
input_noise,reward5_gci,DQN reward5 GCI,Results_DQN_reward5/model,design,64,design_15,Design Rainfall 15,0.1,30,20370744,95,3626.826426712,979.1754252842868,4606.001851996287
input_noise,reward5_gci,DQN reward5 GCI,Results_DQN_reward5/model,design,64,design_15,Design Rainfall 15,0.1,31,20370745,95,3323.3934212190056,1280.1126253698574,4603.506046588863
input_noise,reward5_gci,DQN reward5 GCI,Results_DQN_reward5/model,design,64,design_15,Design Rainfall 15,0.1,32,20370746,95,3626.5182532288864,774.5070616919701,4401.0253149208565
input_noise,reward5_gci,DQN reward5 GCI,Results_DQN_reward5/model,design,64,design_15,Design Rainfall 15,0.1,33,20370747,95,3624.6315111805125,979.3985881577065,4604.030099338219
input_noise,reward5_gci,DQN reward5 GCI,Results_DQN_reward5/model,design,64,design_15,Design Rainfall 15,0.1,34,20370748,95,3629.2009079280106,774.5070616919701,4403.707969619981
input_noise,reward5_gci,DQN reward5 GCI,Results_DQN_reward5/model,design,64,design_15,Design Rainfall 15,0.1,35,20370749,95,3628.3820625084204,979.533906215557,4607.915968723977
input_noise,reward5_gci,DQN reward5 GCI,Results_DQN_reward5/model,design,64,design_15,Design Rainfall 15,0.1,36,20370750,95,3623.65537999745,979.0401101338989,4602.695490131349
input_noise,reward5_gci,DQN reward5 GCI,Results_DQN_reward5/model,design,64,design_15,Design Rainfall 15,0.1,37,20370751,95,3623.846700955816,979.3985881577065,4603.245289113523
input_noise,reward5_gci,DQN reward5 GCI,Results_DQN_reward5/model,design,64,design_15,Design Rainfall 15,0.1,38,20370752,95,3626.993484803189,979.0401101338989,4606.033594937087
input_noise,reward5_gci,DQN reward5 GCI,Results_DQN_reward5/model,design,64,design_15,Design Rainfall 15,0.1,39,20370753,95,3623.9340015955,979.3985881577065,4603.332589753207
input_noise,reward5_gci,DQN reward5 GCI,Results_DQN_reward5/model,design,64,design_15,Design Rainfall 15,0.1,40,20370754,95,3626.993484803189,979.0401101338989,4606.033594937087
input_noise,reward5_gci,DQN reward5 GCI,Results_DQN_reward5/model,design,64,design_15,Design Rainfall 15,0.1,41,20370755,95,3063.0264805240136,1549.2723463453167,4612.29882686933
input_noise,reward5_gci,DQN reward5 GCI,Results_DQN_reward5/model,design,64,design_15,Design Rainfall 15,0.1,42,20370756,95,3250.206282818542,1280.8437925677981,4531.05007538634
input_noise,reward5_gci,DQN reward5 GCI,Results_DQN_reward5/model,design,64,design_15,Design Rainfall 15,0.1,43,20370757,95,3626.993484803189,979.0401101338989,4606.033594937087
input_noise,reward5_gci,DQN reward5 GCI,Results_DQN_reward5/model,design,64,design_15,Design Rainfall 15,0.1,44,20370758,95,2966.6768863265947,1905.9998272713933,4872.676713597988
input_noise,reward5_gci,DQN reward5 GCI,Results_DQN_reward5/model,design,64,design_15,Design Rainfall 15,0.1,45,20370759,95,3625.990192775771,774.8655429265878,4400.855735702358
input_noise,reward5_gci,DQN reward5 GCI,Results_DQN_reward5/model,design,64,design_15,Design Rainfall 15,0.1,46,20370760,95,3626.826426712,979.1754252842868,4606.001851996287
input_noise,reward5_gci,DQN reward5 GCI,Results_DQN_reward5/model,design,64,design_15,Design Rainfall 15,0.1,47,20370761,95,3622.646369773522,979.0401101338989,4601.686479907421
input_noise,reward5_gci,DQN reward5 GCI,Results_DQN_reward5/model,design,64,design_15,Design Rainfall 15,0.1,48,20370762,95,3626.993484803189,979.0401101338989,4606.033594937087
input_noise,reward5_gci,DQN reward5 GCI,Results_DQN_reward5/model,design,64,design_15,Design Rainfall 15,0.1,49,20370763,95,3624.6315111805125,979.3985881577065,4604.030099338219
input_noise,reward5_gci,DQN reward5 GCI,Results_DQN_reward5/model,design,67,design_18,Design Rainfall 18,0.05,0,20465714,95,4740.763112031659,979.0401101338989,5719.803222165558
input_noise,reward5_gci,DQN reward5 GCI,Results_DQN_reward5/model,design,67,design_18,Design Rainfall 18,0.05,1,20465715,95,4065.34174395052,1577.2297286392545,5642.571472589774
input_noise,reward5_gci,DQN reward5 GCI,Results_DQN_reward5/model,design,67,design_18,Design Rainfall 18,0.05,2,20465716,95,4731.5152827730335,774.4782889104866,5505.99357168352
input_noise,reward5_gci,DQN reward5 GCI,Results_DQN_reward5/model,design,67,design_18,Design Rainfall 18,0.05,3,20465717,95,4733.556974427838,979.0401101338989,5712.597084561738
input_noise,reward5_gci,DQN reward5 GCI,Results_DQN_reward5/model,design,67,design_18,Design Rainfall 18,0.05,4,20465718,95,4060.065874592951,1782.422121660527,5842.487996253478
input_noise,reward5_gci,DQN reward5 GCI,Results_DQN_reward5/model,design,67,design_18,Design Rainfall 18,0.05,5,20465719,95,4740.763112031659,979.0401101338989,5719.803222165558
input_noise,reward5_gci,DQN reward5 GCI,Results_DQN_reward5/model,design,67,design_18,Design Rainfall 18,0.05,6,20465720,95,4060.065874592951,1782.422121660527,5842.487996253478
input_noise,reward5_gci,DQN reward5 GCI,Results_DQN_reward5/model,design,67,design_18,Design Rainfall 18,0.05,7,20465721,95,4060.065874592951,1782.422121660527,5842.487996253478
input_noise,reward5_gci,DQN reward5 GCI,Results_DQN_reward5/model,design,67,design_18,Design Rainfall 18,0.05,8,20465722,95,4733.959909185479,979.0401101338989,5713.000019319377
input_noise,reward5_gci,DQN reward5 GCI,Results_DQN_reward5/model,design,67,design_18,Design Rainfall 18,0.05,9,20465723,95,4733.556974427838,979.0401101338989,5712.597084561738
input_noise,reward5_gci,DQN reward5 GCI,Results_DQN_reward5/model,design,67,design_18,Design Rainfall 18,0.05,10,20465724,95,4733.959909185479,979.0401101338989,5713.000019319377
input_noise,reward5_gci,DQN reward5 GCI,Results_DQN_reward5/model,design,67,design_18,Design Rainfall 18,0.05,11,20465725,95,4060.151394763314,1782.422121660527,5842.573516423841
input_noise,reward5_gci,DQN reward5 GCI,Results_DQN_reward5/model,design,67,design_18,Design Rainfall 18,0.05,12,20465726,95,4663.632567458177,774.5070616919701,5438.139629150147
input_noise,reward5_gci,DQN reward5 GCI,Results_DQN_reward5/model,design,67,design_18,Design Rainfall 18,0.05,13,20465727,95,4737.7655869349755,774.5070616919701,5512.272648626946
input_noise,reward5_gci,DQN reward5 GCI,Results_DQN_reward5/model,design,67,design_18,Design Rainfall 18,0.05,14,20465728,95,4731.626663996104,774.4782889104866,5506.10495290659
input_noise,reward5_gci,DQN reward5 GCI,Results_DQN_reward5/model,design,67,design_18,Design Rainfall 18,0.05,15,20465729,95,4734.00716242099,979.0401101338989,5713.04727255489
input_noise,reward5_gci,DQN reward5 GCI,Results_DQN_reward5/model,design,67,design_18,Design Rainfall 18,0.05,16,20465730,95,4065.34174395052,1577.2297286392545,5642.571472589774
input_noise,reward5_gci,DQN reward5 GCI,Results_DQN_reward5/model,design,67,design_18,Design Rainfall 18,0.05,17,20465731,95,4062.962770624219,1782.422121660527,5845.3848922847465
input_noise,reward5_gci,DQN reward5 GCI,Results_DQN_reward5/model,design,67,design_18,Design Rainfall 18,0.05,18,20465732,95,4734.00716242099,979.0401101338989,5713.04727255489
input_noise,reward5_gci,DQN reward5 GCI,Results_DQN_reward5/model,design,67,design_18,Design Rainfall 18,0.05,19,20465733,95,4734.05645491155,979.0401101338989,5713.096565045449
input_noise,reward5_gci,DQN reward5 GCI,Results_DQN_reward5/model,design,67,design_18,Design Rainfall 18,0.05,20,20465734,95,4673.475421367752,979.0401101338989,5652.515531501651
input_noise,reward5_gci,DQN reward5 GCI,Results_DQN_reward5/model,design,67,design_18,Design Rainfall 18,0.05,21,20465735,95,4060.151394763314,1782.422121660527,5842.573516423841
input_noise,reward5_gci,DQN reward5 GCI,Results_DQN_reward5/model,design,67,design_18,Design Rainfall 18,0.05,22,20465736,95,4733.959909185479,979.0401101338989,5713.000019319377
input_noise,reward5_gci,DQN reward5 GCI,Results_DQN_reward5/model,design,67,design_18,Design Rainfall 18,0.05,23,20465737,95,4733.959909185479,979.0401101338989,5713.000019319377
input_noise,reward5_gci,DQN reward5 GCI,Results_DQN_reward5/model,design,67,design_18,Design Rainfall 18,0.05,24,20465738,95,4060.065874592951,1782.422121660527,5842.487996253478
input_noise,reward5_gci,DQN reward5 GCI,Results_DQN_reward5/model,design,67,design_18,Design Rainfall 18,0.05,25,20465739,95,4740.859497566013,979.0401101338989,5719.899607699912
input_noise,reward5_gci,DQN reward5 GCI,Results_DQN_reward5/model,design,67,design_18,Design Rainfall 18,0.05,26,20465740,95,4733.039843483184,774.5070616919701,5507.546905175154
input_noise,reward5_gci,DQN reward5 GCI,Results_DQN_reward5/model,design,67,design_18,Design Rainfall 18,0.05,27,20465741,95,4733.556974427838,979.0401101338989,5712.597084561738
input_noise,reward5_gci,DQN reward5 GCI,Results_DQN_reward5/model,design,67,design_18,Design Rainfall 18,0.05,28,20465742,95,4740.859497566013,979.0401101338989,5719.899607699912
input_noise,reward5_gci,DQN reward5 GCI,Results_DQN_reward5/model,design,67,design_18,Design Rainfall 18,0.05,29,20465743,95,4733.959909185479,979.0401101338989,5713.000019319377
input_noise,reward5_gci,DQN reward5 GCI,Results_DQN_reward5/model,design,67,design_18,Design Rainfall 18,0.05,30,20465744,95,4060.065874592951,1782.422121660527,5842.487996253478
input_noise,reward5_gci,DQN reward5 GCI,Results_DQN_reward5/model,design,67,design_18,Design Rainfall 18,0.05,31,20465745,95,4734.00716242099,979.0401101338989,5713.04727255489
input_noise,reward5_gci,DQN reward5 GCI,Results_DQN_reward5/model,design,67,design_18,Design Rainfall 18,0.05,32,20465746,95,4060.065874592951,1782.422121660527,5842.487996253478
input_noise,reward5_gci,DQN reward5 GCI,Results_DQN_reward5/model,design,67,design_18,Design Rainfall 18,0.05,33,20465747,95,4060.065874592951,1782.422121660527,5842.487996253478
input_noise,reward5_gci,DQN reward5 GCI,Results_DQN_reward5/model,design,67,design_18,Design Rainfall 18,0.05,34,20465748,95,4060.151394763314,1782.422121660527,5842.573516423841
input_noise,reward5_gci,DQN reward5 GCI,Results_DQN_reward5/model,design,67,design_18,Design Rainfall 18,0.05,35,20465749,95,4734.96686420109,774.4782889104866,5509.4451531115765
input_noise,reward5_gci,DQN reward5 GCI,Results_DQN_reward5/model,design,67,design_18,Design Rainfall 18,0.05,36,20465750,95,4733.959909185479,979.0401101338989,5713.000019319377
input_noise,reward5_gci,DQN reward5 GCI,Results_DQN_reward5/model,design,67,design_18,Design Rainfall 18,0.05,37,20465751,95,4060.065874592951,1782.422121660527,5842.487996253478
input_noise,reward5_gci,DQN reward5 GCI,Results_DQN_reward5/model,design,67,design_18,Design Rainfall 18,0.05,38,20465752,95,4060.515742762446,1577.2297286392545,5637.7454714017
input_noise,reward5_gci,DQN reward5 GCI,Results_DQN_reward5/model,design,67,design_18,Design Rainfall 18,0.05,39,20465753,95,4734.00716242099,979.0401101338989,5713.04727255489
input_noise,reward5_gci,DQN reward5 GCI,Results_DQN_reward5/model,design,67,design_18,Design Rainfall 18,0.05,40,20465754,95,4733.959909185479,979.0401101338989,5713.000019319377
input_noise,reward5_gci,DQN reward5 GCI,Results_DQN_reward5/model,design,67,design_18,Design Rainfall 18,0.05,41,20465755,95,4436.183887075465,1484.5742974842535,5920.758184559718
input_noise,reward5_gci,DQN reward5 GCI,Results_DQN_reward5/model,design,67,design_18,Design Rainfall 18,0.05,42,20465756,95,4733.959909185479,979.0401101338989,5713.000019319377
input_noise,reward5_gci,DQN reward5 GCI,Results_DQN_reward5/model,design,67,design_18,Design Rainfall 18,0.05,43,20465757,95,4740.859497566013,979.0401101338989,5719.899607699912
input_noise,reward5_gci,DQN reward5 GCI,Results_DQN_reward5/model,design,67,design_18,Design Rainfall 18,0.05,44,20465758,95,4734.00716242099,979.0401101338989,5713.04727255489
input_noise,reward5_gci,DQN reward5 GCI,Results_DQN_reward5/model,design,67,design_18,Design Rainfall 18,0.05,45,20465759,95,4062.998792671679,1782.422121660527,5845.420914332206
input_noise,reward5_gci,DQN reward5 GCI,Results_DQN_reward5/model,design,67,design_18,Design Rainfall 18,0.05,46,20465760,95,4060.065874592951,1782.422121660527,5842.487996253478
input_noise,reward5_gci,DQN reward5 GCI,Results_DQN_reward5/model,design,67,design_18,Design Rainfall 18,0.05,47,20465761,95,4060.065874592951,1782.422121660527,5842.487996253478
input_noise,reward5_gci,DQN reward5 GCI,Results_DQN_reward5/model,design,67,design_18,Design Rainfall 18,0.05,48,20465762,95,4733.959909185479,979.0401101338989,5713.000019319377
input_noise,reward5_gci,DQN reward5 GCI,Results_DQN_reward5/model,design,67,design_18,Design Rainfall 18,0.05,49,20465763,95,4734.00716242099,979.0401101338989,5713.04727255489
input_noise,reward5_gci,DQN reward5 GCI,Results_DQN_reward5/model,design,67,design_18,Design Rainfall 18,0.1,0,20470714,95,4282.6092152952415,1427.3568305681206,5709.9660458633625
input_noise,reward5_gci,DQN reward5 GCI,Results_DQN_reward5/model,design,67,design_18,Design Rainfall 18,0.1,1,20470715,95,4674.724318284255,979.0401101338989,5653.764428418153
input_noise,reward5_gci,DQN reward5 GCI,Results_DQN_reward5/model,design,67,design_18,Design Rainfall 18,0.1,2,20470716,95,4732.775933414939,979.533906215557,5712.309839630496
input_noise,reward5_gci,DQN reward5 GCI,Results_DQN_reward5/model,design,67,design_18,Design Rainfall 18,0.1,3,20470717,95,4733.26931049444,979.1754252842868,5712.444735778727
input_noise,reward5_gci,DQN reward5 GCI,Results_DQN_reward5/model,design,67,design_18,Design Rainfall 18,0.1,4,20470718,95,4063.8593152761478,1781.893323959977,5845.752639236125
input_noise,reward5_gci,DQN reward5 GCI,Results_DQN_reward5/model,design,67,design_18,Design Rainfall 18,0.1,5,20470719,95,4433.314713393665,1279.992436871546,5713.307150265211
input_noise,reward5_gci,DQN reward5 GCI,Results_DQN_reward5/model,design,67,design_18,Design Rainfall 18,0.1,6,20470720,95,4737.4150364574525,979.3985881577065,5716.813624615159
input_noise,reward5_gci,DQN reward5 GCI,Results_DQN_reward5/model,design,67,design_18,Design Rainfall 18,0.1,7,20470721,95,4257.422438315861,1651.106531212343,5908.528969528204
input_noise,reward5_gci,DQN reward5 GCI,Results_DQN_reward5/model,design,67,design_18,Design Rainfall 18,0.1,8,20470722,95,4731.658947892901,774.4782889104866,5506.137236803387
input_noise,reward5_gci,DQN reward5 GCI,Results_DQN_reward5/model,design,67,design_18,Design Rainfall 18,0.1,9,20470723,95,4673.445784758794,979.1754252842868,5652.62121004308
input_noise,reward5_gci,DQN reward5 GCI,Results_DQN_reward5/model,design,67,design_18,Design Rainfall 18,0.1,10,20470724,95,4740.763112031659,979.0401101338989,5719.803222165558
input_noise,reward5_gci,DQN reward5 GCI,Results_DQN_reward5/model,design,67,design_18,Design Rainfall 18,0.1,11,20470725,95,4214.275285801712,1631.6762722857789,5845.95155808749
input_noise,reward5_gci,DQN reward5 GCI,Results_DQN_reward5/model,design,67,design_18,Design Rainfall 18,0.1,12,20470726,95,4740.859497566013,979.0401101338989,5719.899607699912
input_noise,reward5_gci,DQN reward5 GCI,Results_DQN_reward5/model,design,67,design_18,Design Rainfall 18,0.1,13,20470727,95,3995.8705084742764,1577.7723503538878,5573.642858828164
input_noise,reward5_gci,DQN reward5 GCI,Results_DQN_reward5/model,design,67,design_18,Design Rainfall 18,0.1,14,20470728,95,3583.5795113942945,2454.3400718090033,6037.919583203298
input_noise,reward5_gci,DQN reward5 GCI,Results_DQN_reward5/model,design,67,design_18,Design Rainfall 18,0.1,15,20470729,95,4664.178929955363,774.5070616919701,5438.685991647333
input_noise,reward5_gci,DQN reward5 GCI,Results_DQN_reward5/model,design,67,design_18,Design Rainfall 18,0.1,16,20470730,95,4738.31944652881,979.1754252842868,5717.494871813096
input_noise,reward5_gci,DQN reward5 GCI,Results_DQN_reward5/model,design,67,design_18,Design Rainfall 18,0.1,17,20470731,95,4740.859497566013,979.0401101338989,5719.899607699912
input_noise,reward5_gci,DQN reward5 GCI,Results_DQN_reward5/model,design,67,design_18,Design Rainfall 18,0.1,18,20470732,95,4436.183887075465,1484.5742974842535,5920.758184559718
input_noise,reward5_gci,DQN reward5 GCI,Results_DQN_reward5/model,design,67,design_18,Design Rainfall 18,0.1,19,20470733,95,4214.965131411027,1222.4955515529948,5437.4606829640215
input_noise,reward5_gci,DQN reward5 GCI,Results_DQN_reward5/model,design,67,design_18,Design Rainfall 18,0.1,20,20470734,95,4261.735003705001,1650.6933247717766,5912.428328476777
input_noise,reward5_gci,DQN reward5 GCI,Results_DQN_reward5/model,design,67,design_18,Design Rainfall 18,0.1,21,20470735,95,4062.3511302932993,1782.422121660527,5844.773251953826
input_noise,reward5_gci,DQN reward5 GCI,Results_DQN_reward5/model,design,67,design_18,Design Rainfall 18,0.1,22,20470736,95,4057.679084071556,2231.9787030501043,6289.6577871216605
input_noise,reward5_gci,DQN reward5 GCI,Results_DQN_reward5/model,design,67,design_18,Design Rainfall 18,0.1,23,20470737,95,4060.6687987869973,1577.7723503538878,5638.441149140885
input_noise,reward5_gci,DQN reward5 GCI,Results_DQN_reward5/model,design,67,design_18,Design Rainfall 18,0.1,24,20470738,95,4380.1385804625725,1484.0203511196505,5864.158931582223
input_noise,reward5_gci,DQN reward5 GCI,Results_DQN_reward5/model,design,67,design_18,Design Rainfall 18,0.1,25,20470739,95,4733.959909185479,979.0401101338989,5713.000019319377
input_noise,reward5_gci,DQN reward5 GCI,Results_DQN_reward5/model,design,67,design_18,Design Rainfall 18,0.1,26,20470740,95,4729.585298413866,774.5070616919701,5504.092360105837
input_noise,reward5_gci,DQN reward5 GCI,Results_DQN_reward5/model,design,67,design_18,Design Rainfall 18,0.1,27,20470741,95,4257.422438315861,1651.106531212343,5908.528969528204
input_noise,reward5_gci,DQN reward5 GCI,Results_DQN_reward5/model,design,67,design_18,Design Rainfall 18,0.1,28,20470742,95,4734.00716242099,979.0401101338989,5713.04727255489
input_noise,reward5_gci,DQN reward5 GCI,Results_DQN_reward5/model,design,67,design_18,Design Rainfall 18,0.1,29,20470743,95,4661.673094225584,774.8655429265878,5436.538637152171
input_noise,reward5_gci,DQN reward5 GCI,Results_DQN_reward5/model,design,67,design_18,Design Rainfall 18,0.1,30,20470744,95,4062.3511302932993,1782.422121660527,5844.773251953826
input_noise,reward5_gci,DQN reward5 GCI,Results_DQN_reward5/model,design,67,design_18,Design Rainfall 18,0.1,31,20470745,95,4257.422438315861,1651.106531212343,5908.528969528204
input_noise,reward5_gci,DQN reward5 GCI,Results_DQN_reward5/model,design,67,design_18,Design Rainfall 18,0.1,32,20470746,95,4733.039843483184,774.5070616919701,5507.546905175154
input_noise,reward5_gci,DQN reward5 GCI,Results_DQN_reward5/model,design,67,design_18,Design Rainfall 18,0.1,33,20470747,95,4730.641674394906,774.4782889104866,5505.119963305392
input_noise,reward5_gci,DQN reward5 GCI,Results_DQN_reward5/model,design,67,design_18,Design Rainfall 18,0.1,34,20470748,95,3754.5224142301795,2286.846814795851,6041.369229026031
input_noise,reward5_gci,DQN reward5 GCI,Results_DQN_reward5/model,design,67,design_18,Design Rainfall 18,0.1,35,20470749,95,4671.061944371438,570.1773029659062,5241.239247337344
input_noise,reward5_gci,DQN reward5 GCI,Results_DQN_reward5/model,design,67,design_18,Design Rainfall 18,0.1,36,20470750,95,4062.9724852894374,1782.2987623655547,5845.271247654992
input_noise,reward5_gci,DQN reward5 GCI,Results_DQN_reward5/model,design,67,design_18,Design Rainfall 18,0.1,37,20470751,95,4672.9844199663075,774.5070616919701,5447.491481658278
input_noise,reward5_gci,DQN reward5 GCI,Results_DQN_reward5/model,design,67,design_18,Design Rainfall 18,0.1,38,20470752,95,4064.583584288875,1577.7723503538878,5642.355934642763
input_noise,reward5_gci,DQN reward5 GCI,Results_DQN_reward5/model,design,67,design_18,Design Rainfall 18,0.1,39,20470753,95,4731.626663996104,774.4782889104866,5506.10495290659
input_noise,reward5_gci,DQN reward5 GCI,Results_DQN_reward5/model,design,67,design_18,Design Rainfall 18,0.1,40,20470754,95,4256.754162865843,1446.3991334153718,5703.153296281214
input_noise,reward5_gci,DQN reward5 GCI,Results_DQN_reward5/model,design,67,design_18,Design Rainfall 18,0.1,41,20470755,95,3612.068021912232,2435.2318352952034,6047.299857207436
input_noise,reward5_gci,DQN reward5 GCI,Results_DQN_reward5/model,design,67,design_18,Design Rainfall 18,0.1,42,20470756,95,4200.530002843397,1651.1450947228652,5851.675097566262
input_noise,reward5_gci,DQN reward5 GCI,Results_DQN_reward5/model,design,67,design_18,Design Rainfall 18,0.1,43,20470757,95,4062.707522589681,1782.1258783282588,5844.83340091794
input_noise,reward5_gci,DQN reward5 GCI,Results_DQN_reward5/model,design,67,design_18,Design Rainfall 18,0.1,44,20470758,95,4673.687044044181,979.0401101338989,5652.727154178079
input_noise,reward5_gci,DQN reward5 GCI,Results_DQN_reward5/model,design,67,design_18,Design Rainfall 18,0.1,45,20470759,95,4740.859497566013,979.0401101338989,5719.899607699912
input_noise,reward5_gci,DQN reward5 GCI,Results_DQN_reward5/model,design,67,design_18,Design Rainfall 18,0.1,46,20470760,95,4738.354456353487,979.0401101338989,5717.394566487386
input_noise,reward5_gci,DQN reward5 GCI,Results_DQN_reward5/model,design,67,design_18,Design Rainfall 18,0.1,47,20470761,95,3985.216442865104,2436.020106306487,6421.236549171591
input_noise,reward5_gci,DQN reward5 GCI,Results_DQN_reward5/model,design,67,design_18,Design Rainfall 18,0.1,48,20470762,95,4734.00716242099,979.0401101338989,5713.04727255489
input_noise,reward5_gci,DQN reward5 GCI,Results_DQN_reward5/model,design,67,design_18,Design Rainfall 18,0.1,49,20470763,95,4734.2340580517375,979.0401101338989,5713.274168185637
input_noise,reward5_gci,DQN reward5 GCI,Results_DQN_reward5/model,design,51,design_2,Design Rainfall 2,0.05,0,20565714,95,8673.22371304868,979.0401101338989,9652.263823182579
input_noise,reward5_gci,DQN reward5 GCI,Results_DQN_reward5/model,design,51,design_2,Design Rainfall 2,0.05,1,20565715,95,8718.484723011841,979.0401101338989,9697.52483314574
input_noise,reward5_gci,DQN reward5 GCI,Results_DQN_reward5/model,design,51,design_2,Design Rainfall 2,0.05,2,20565716,95,8673.22371304868,979.0401101338989,9652.263823182579
input_noise,reward5_gci,DQN reward5 GCI,Results_DQN_reward5/model,design,51,design_2,Design Rainfall 2,0.05,3,20565717,95,8673.22371304868,979.0401101338989,9652.263823182579
input_noise,reward5_gci,DQN reward5 GCI,Results_DQN_reward5/model,design,51,design_2,Design Rainfall 2,0.05,4,20565718,95,8673.22371304868,979.0401101338989,9652.263823182579
input_noise,reward5_gci,DQN reward5 GCI,Results_DQN_reward5/model,design,51,design_2,Design Rainfall 2,0.05,5,20565719,95,8673.22371304868,979.0401101338989,9652.263823182579
input_noise,reward5_gci,DQN reward5 GCI,Results_DQN_reward5/model,design,51,design_2,Design Rainfall 2,0.05,6,20565720,95,8718.484723011841,979.0401101338989,9697.52483314574
input_noise,reward5_gci,DQN reward5 GCI,Results_DQN_reward5/model,design,51,design_2,Design Rainfall 2,0.05,7,20565721,95,7959.667251001183,1781.666777145218,9741.3340281464
input_noise,reward5_gci,DQN reward5 GCI,Results_DQN_reward5/model,design,51,design_2,Design Rainfall 2,0.05,8,20565722,95,8673.236067994258,774.5070616919701,9447.743129686227
input_noise,reward5_gci,DQN reward5 GCI,Results_DQN_reward5/model,design,51,design_2,Design Rainfall 2,0.05,9,20565723,95,8673.22371304868,979.0401101338989,9652.263823182579
input_noise,reward5_gci,DQN reward5 GCI,Results_DQN_reward5/model,design,51,design_2,Design Rainfall 2,0.05,10,20565724,95,8673.22371304868,979.0401101338989,9652.263823182579
input_noise,reward5_gci,DQN reward5 GCI,Results_DQN_reward5/model,design,51,design_2,Design Rainfall 2,0.05,11,20565725,95,8673.22371304868,979.0401101338989,9652.263823182579
input_noise,reward5_gci,DQN reward5 GCI,Results_DQN_reward5/model,design,51,design_2,Design Rainfall 2,0.05,12,20565726,95,8673.22371304868,979.0401101338989,9652.263823182579
input_noise,reward5_gci,DQN reward5 GCI,Results_DQN_reward5/model,design,51,design_2,Design Rainfall 2,0.05,13,20565727,95,8673.22371304868,979.0401101338989,9652.263823182579
input_noise,reward5_gci,DQN reward5 GCI,Results_DQN_reward5/model,design,51,design_2,Design Rainfall 2,0.05,14,20565728,95,8673.22371304868,979.0401101338989,9652.263823182579
input_noise,reward5_gci,DQN reward5 GCI,Results_DQN_reward5/model,design,51,design_2,Design Rainfall 2,0.05,15,20565729,95,8728.86135505205,979.0401101338989,9707.901465185949
input_noise,reward5_gci,DQN reward5 GCI,Results_DQN_reward5/model,design,51,design_2,Design Rainfall 2,0.05,16,20565730,95,8728.308213182712,774.5070616919701,9502.815274874682
input_noise,reward5_gci,DQN reward5 GCI,Results_DQN_reward5/model,design,51,design_2,Design Rainfall 2,0.05,17,20565731,95,7988.22855996526,1855.413017361937,9843.641577327197
input_noise,reward5_gci,DQN reward5 GCI,Results_DQN_reward5/model,design,51,design_2,Design Rainfall 2,0.05,18,20565732,95,8673.22371304868,979.0401101338989,9652.263823182579
input_noise,reward5_gci,DQN reward5 GCI,Results_DQN_reward5/model,design,51,design_2,Design Rainfall 2,0.05,19,20565733,95,8673.22371304868,979.0401101338989,9652.263823182579
input_noise,reward5_gci,DQN reward5 GCI,Results_DQN_reward5/model,design,51,design_2,Design Rainfall 2,0.05,20,20565734,95,8673.22371304868,979.0401101338989,9652.263823182579
input_noise,reward5_gci,DQN reward5 GCI,Results_DQN_reward5/model,design,51,design_2,Design Rainfall 2,0.05,21,20565735,95,8673.22371304868,979.0401101338989,9652.263823182579
input_noise,reward5_gci,DQN reward5 GCI,Results_DQN_reward5/model,design,51,design_2,Design Rainfall 2,0.05,22,20565736,95,8673.22371304868,979.0401101338989,9652.263823182579
input_noise,reward5_gci,DQN reward5 GCI,Results_DQN_reward5/model,design,51,design_2,Design Rainfall 2,0.05,23,20565737,95,8673.22371304868,979.0401101338989,9652.263823182579
input_noise,reward5_gci,DQN reward5 GCI,Results_DQN_reward5/model,design,51,design_2,Design Rainfall 2,0.05,24,20565738,95,8673.22371304868,979.0401101338989,9652.263823182579
input_noise,reward5_gci,DQN reward5 GCI,Results_DQN_reward5/model,design,51,design_2,Design Rainfall 2,0.05,25,20565739,95,8728.86135505205,979.0401101338989,9707.901465185949
input_noise,reward5_gci,DQN reward5 GCI,Results_DQN_reward5/model,design,51,design_2,Design Rainfall 2,0.05,26,20565740,95,8733.953928018358,979.0401101338989,9712.994038152257
input_noise,reward5_gci,DQN reward5 GCI,Results_DQN_reward5/model,design,51,design_2,Design Rainfall 2,0.05,27,20565741,95,8673.22371304868,979.0401101338989,9652.263823182579
input_noise,reward5_gci,DQN reward5 GCI,Results_DQN_reward5/model,design,51,design_2,Design Rainfall 2,0.05,28,20565742,95,8673.22371304868,979.0401101338989,9652.263823182579
input_noise,reward5_gci,DQN reward5 GCI,Results_DQN_reward5/model,design,51,design_2,Design Rainfall 2,0.05,29,20565743,95,7158.83271733218,2657.6924407945926,9816.525158126773
input_noise,reward5_gci,DQN reward5 GCI,Results_DQN_reward5/model,design,51,design_2,Design Rainfall 2,0.05,30,20565744,95,8673.22371304868,979.0401101338989,9652.263823182579
input_noise,reward5_gci,DQN reward5 GCI,Results_DQN_reward5/model,design,51,design_2,Design Rainfall 2,0.05,31,20565745,95,8673.22371304868,979.0401101338989,9652.263823182579
input_noise,reward5_gci,DQN reward5 GCI,Results_DQN_reward5/model,design,51,design_2,Design Rainfall 2,0.05,32,20565746,95,8673.22371304868,979.0401101338989,9652.263823182579
input_noise,reward5_gci,DQN reward5 GCI,Results_DQN_reward5/model,design,51,design_2,Design Rainfall 2,0.05,33,20565747,95,8673.22371304868,979.0401101338989,9652.263823182579
input_noise,reward5_gci,DQN reward5 GCI,Results_DQN_reward5/model,design,51,design_2,Design Rainfall 2,0.05,34,20565748,95,8679.394697797257,774.4782889104866,9453.872986707744
input_noise,reward5_gci,DQN reward5 GCI,Results_DQN_reward5/model,design,51,design_2,Design Rainfall 2,0.05,35,20565749,95,8673.22371304868,979.0401101338989,9652.263823182579
input_noise,reward5_gci,DQN reward5 GCI,Results_DQN_reward5/model,design,51,design_2,Design Rainfall 2,0.05,36,20565750,95,8673.22371304868,979.0401101338989,9652.263823182579
input_noise,reward5_gci,DQN reward5 GCI,Results_DQN_reward5/model,design,51,design_2,Design Rainfall 2,0.05,37,20565751,95,8718.484723011841,979.0401101338989,9697.52483314574
input_noise,reward5_gci,DQN reward5 GCI,Results_DQN_reward5/model,design,51,design_2,Design Rainfall 2,0.05,38,20565752,95,8039.802849978505,1650.799148952603,9690.601998931108
input_noise,reward5_gci,DQN reward5 GCI,Results_DQN_reward5/model,design,51,design_2,Design Rainfall 2,0.05,39,20565753,95,8673.22371304868,979.0401101338989,9652.263823182579
input_noise,reward5_gci,DQN reward5 GCI,Results_DQN_reward5/model,design,51,design_2,Design Rainfall 2,0.05,40,20565754,95,8004.975642142923,1781.666777145218,9786.64241928814
input_noise,reward5_gci,DQN reward5 GCI,Results_DQN_reward5/model,design,51,design_2,Design Rainfall 2,0.05,41,20565755,95,8778.019371277273,979.0401101338989,9757.059481411172
input_noise,reward5_gci,DQN reward5 GCI,Results_DQN_reward5/model,design,51,design_2,Design Rainfall 2,0.05,42,20565756,95,8673.22371304868,979.0401101338989,9652.263823182579
input_noise,reward5_gci,DQN reward5 GCI,Results_DQN_reward5/model,design,51,design_2,Design Rainfall 2,0.05,43,20565757,95,8673.22371304868,979.0401101338989,9652.263823182579
input_noise,reward5_gci,DQN reward5 GCI,Results_DQN_reward5/model,design,51,design_2,Design Rainfall 2,0.05,44,20565758,95,8673.22371304868,979.0401101338989,9652.263823182579
input_noise,reward5_gci,DQN reward5 GCI,Results_DQN_reward5/model,design,51,design_2,Design Rainfall 2,0.05,45,20565759,95,8728.86135505205,979.0401101338989,9707.901465185949
input_noise,reward5_gci,DQN reward5 GCI,Results_DQN_reward5/model,design,51,design_2,Design Rainfall 2,0.05,46,20565760,95,8673.22371304868,979.0401101338989,9652.263823182579
input_noise,reward5_gci,DQN reward5 GCI,Results_DQN_reward5/model,design,51,design_2,Design Rainfall 2,0.05,47,20565761,95,8673.22371304868,979.0401101338989,9652.263823182579
input_noise,reward5_gci,DQN reward5 GCI,Results_DQN_reward5/model,design,51,design_2,Design Rainfall 2,0.05,48,20565762,95,8720.889917170267,774.5070616919701,9495.396978862236
input_noise,reward5_gci,DQN reward5 GCI,Results_DQN_reward5/model,design,51,design_2,Design Rainfall 2,0.05,49,20565763,95,8524.540212083864,1184.5284264640186,9709.068638547884
input_noise,reward5_gci,DQN reward5 GCI,Results_DQN_reward5/model,design,51,design_2,Design Rainfall 2,0.1,0,20570714,95,7626.523365002543,2444.920807389285,10071.444172391828
input_noise,reward5_gci,DQN reward5 GCI,Results_DQN_reward5/model,design,51,design_2,Design Rainfall 2,0.1,1,20570715,95,8720.783821584295,979.3985881577065,9700.182409742001
input_noise,reward5_gci,DQN reward5 GCI,Results_DQN_reward5/model,design,51,design_2,Design Rainfall 2,0.1,2,20570716,95,7203.453847162412,2486.291647576791,9689.745494739203
input_noise,reward5_gci,DQN reward5 GCI,Results_DQN_reward5/model,design,51,design_2,Design Rainfall 2,0.1,3,20570717,95,8673.22371304868,979.0401101338989,9652.263823182579
input_noise,reward5_gci,DQN reward5 GCI,Results_DQN_reward5/model,design,51,design_2,Design Rainfall 2,0.1,4,20570718,95,7923.638922362366,1781.7019194173565,9705.340841779724
input_noise,reward5_gci,DQN reward5 GCI,Results_DQN_reward5/model,design,51,design_2,Design Rainfall 2,0.1,5,20570719,95,8195.594967994077,1689.4256223859109,9885.020590379987
input_noise,reward5_gci,DQN reward5 GCI,Results_DQN_reward5/model,design,51,design_2,Design Rainfall 2,0.1,6,20570720,95,7897.418863169913,1781.666777145218,9679.08564031513
input_noise,reward5_gci,DQN reward5 GCI,Results_DQN_reward5/model,design,51,design_2,Design Rainfall 2,0.1,7,20570721,95,7674.114782336347,2362.157824370302,10036.272606706649
input_noise,reward5_gci,DQN reward5 GCI,Results_DQN_reward5/model,design,51,design_2,Design Rainfall 2,0.1,8,20570722,95,8672.494866264826,570.1773029659062,9242.672169230733
input_noise,reward5_gci,DQN reward5 GCI,Results_DQN_reward5/model,design,51,design_2,Design Rainfall 2,0.1,9,20570723,95,8044.054730133803,1665.5430425335392,9709.597772667343
input_noise,reward5_gci,DQN reward5 GCI,Results_DQN_reward5/model,design,51,design_2,Design Rainfall 2,0.1,10,20570724,95,7886.205936625682,2030.2210024628093,9916.426939088491
input_noise,reward5_gci,DQN reward5 GCI,Results_DQN_reward5/model,design,51,design_2,Design Rainfall 2,0.1,11,20570725,95,8123.091821120301,1435.1201461583585,9558.21196727866
input_noise,reward5_gci,DQN reward5 GCI,Results_DQN_reward5/model,design,51,design_2,Design Rainfall 2,0.1,12,20570726,95,8733.953928018358,979.0401101338989,9712.994038152257
input_noise,reward5_gci,DQN reward5 GCI,Results_DQN_reward5/model,design,51,design_2,Design Rainfall 2,0.1,13,20570727,95,7816.072529651244,2060.5621025256814,9876.634632176925
input_noise,reward5_gci,DQN reward5 GCI,Results_DQN_reward5/model,design,51,design_2,Design Rainfall 2,0.1,14,20570728,95,6955.678533811169,2914.16772416411,9869.846257975278
input_noise,reward5_gci,DQN reward5 GCI,Results_DQN_reward5/model,design,51,design_2,Design Rainfall 2,0.1,15,20570729,95,8407.566523402653,1484.149256008115,9891.715779410768
input_noise,reward5_gci,DQN reward5 GCI,Results_DQN_reward5/model,design,51,design_2,Design Rainfall 2,0.1,16,20570730,95,8790.70725767168,979.0401101338989,9769.74736780558
input_noise,reward5_gci,DQN reward5 GCI,Results_DQN_reward5/model,design,51,design_2,Design Rainfall 2,0.1,17,20570731,95,8718.484723011841,979.0401101338989,9697.52483314574
input_noise,reward5_gci,DQN reward5 GCI,Results_DQN_reward5/model,design,51,design_2,Design Rainfall 2,0.1,18,20570732,95,8718.587540063749,774.4782889104866,9493.065828974235
input_noise,reward5_gci,DQN reward5 GCI,Results_DQN_reward5/model,design,51,design_2,Design Rainfall 2,0.1,19,20570733,95,8242.891295991816,1485.191001629239,9728.082297621055
input_noise,reward5_gci,DQN reward5 GCI,Results_DQN_reward5/model,design,51,design_2,Design Rainfall 2,0.1,20,20570734,95,8085.410687439534,1855.27925895093,9940.689946390463
input_noise,reward5_gci,DQN reward5 GCI,Results_DQN_reward5/model,design,51,design_2,Design Rainfall 2,0.1,21,20570735,95,8673.22371304868,979.0401101338989,9652.263823182579
input_noise,reward5_gci,DQN reward5 GCI,Results_DQN_reward5/model,design,51,design_2,Design Rainfall 2,0.1,22,20570736,95,7898.646480956247,1781.666777145218,9680.313258101465
input_noise,reward5_gci,DQN reward5 GCI,Results_DQN_reward5/model,design,51,design_2,Design Rainfall 2,0.1,23,20570737,95,7256.326729870843,2633.1669696749395,9889.493699545783
input_noise,reward5_gci,DQN reward5 GCI,Results_DQN_reward5/model,design,51,design_2,Design Rainfall 2,0.1,24,20570738,95,8790.70725767168,979.0401101338989,9769.74736780558
input_noise,reward5_gci,DQN reward5 GCI,Results_DQN_reward5/model,design,51,design_2,Design Rainfall 2,0.1,25,20570739,95,8833.465685071986,979.0401101338989,9812.505795205885
input_noise,reward5_gci,DQN reward5 GCI,Results_DQN_reward5/model,design,51,design_2,Design Rainfall 2,0.1,26,20570740,95,7167.35596473556,2658.9411132254572,9826.297077961017
input_noise,reward5_gci,DQN reward5 GCI,Results_DQN_reward5/model,design,51,design_2,Design Rainfall 2,0.1,27,20570741,95,8673.22371304868,979.0401101338989,9652.263823182579
input_noise,reward5_gci,DQN reward5 GCI,Results_DQN_reward5/model,design,51,design_2,Design Rainfall 2,0.1,28,20570742,95,8058.047391627192,1650.713480498561,9708.760872125753
input_noise,reward5_gci,DQN reward5 GCI,Results_DQN_reward5/model,design,51,design_2,Design Rainfall 2,0.1,29,20570743,95,7344.130362896879,2248.582265566108,9592.712628462987
input_noise,reward5_gci,DQN reward5 GCI,Results_DQN_reward5/model,design,51,design_2,Design Rainfall 2,0.1,30,20570744,95,8344.855444552215,1485.3031136893608,9830.158558241576
input_noise,reward5_gci,DQN reward5 GCI,Results_DQN_reward5/model,design,51,design_2,Design Rainfall 2,0.1,31,20570745,95,8532.443608515117,1183.9672825208036,9716.410891035921
input_noise,reward5_gci,DQN reward5 GCI,Results_DQN_reward5/model,design,51,design_2,Design Rainfall 2,0.1,32,20570746,95,8107.301690344688,1639.5686934573894,9746.870383802077
input_noise,reward5_gci,DQN reward5 GCI,Results_DQN_reward5/model,design,51,design_2,Design Rainfall 2,0.1,33,20570747,95,8673.22371304868,979.0401101338989,9652.263823182579
input_noise,reward5_gci,DQN reward5 GCI,Results_DQN_reward5/model,design,51,design_2,Design Rainfall 2,0.1,34,20570748,95,7735.82328879445,2135.349077446864,9871.172366241313
input_noise,reward5_gci,DQN reward5 GCI,Results_DQN_reward5/model,design,51,design_2,Design Rainfall 2,0.1,35,20570749,95,8786.93941604097,979.1754252842868,9766.114841325258
input_noise,reward5_gci,DQN reward5 GCI,Results_DQN_reward5/model,design,51,design_2,Design Rainfall 2,0.1,36,20570750,95,8344.855444552215,1485.3031136893608,9830.158558241576
input_noise,reward5_gci,DQN reward5 GCI,Results_DQN_reward5/model,design,51,design_2,Design Rainfall 2,0.1,37,20570751,95,8676.478975192651,979.0401101338989,9655.51908532655
input_noise,reward5_gci,DQN reward5 GCI,Results_DQN_reward5/model,design,51,design_2,Design Rainfall 2,0.1,38,20570752,95,8094.591147153522,1664.789453622489,9759.38060077601
input_noise,reward5_gci,DQN reward5 GCI,Results_DQN_reward5/model,design,51,design_2,Design Rainfall 2,0.1,39,20570753,95,8078.169296861324,1683.4054322236589,9761.574729084983
input_noise,reward5_gci,DQN reward5 GCI,Results_DQN_reward5/model,design,51,design_2,Design Rainfall 2,0.1,40,20570754,95,8673.22371304868,979.0401101338989,9652.263823182579
input_noise,reward5_gci,DQN reward5 GCI,Results_DQN_reward5/model,design,51,design_2,Design Rainfall 2,0.1,41,20570755,95,8783.575523674413,979.3985881577065,9762.97411183212
input_noise,reward5_gci,DQN reward5 GCI,Results_DQN_reward5/model,design,51,design_2,Design Rainfall 2,0.1,42,20570756,95,7901.003105712445,1781.666777145218,9682.669882857663
input_noise,reward5_gci,DQN reward5 GCI,Results_DQN_reward5/model,design,51,design_2,Design Rainfall 2,0.1,43,20570757,95,8720.783821584295,979.3985881577065,9700.182409742001
input_noise,reward5_gci,DQN reward5 GCI,Results_DQN_reward5/model,design,51,design_2,Design Rainfall 2,0.1,44,20570758,95,7193.203791338557,2581.7897609368656,9774.993552275422
input_noise,reward5_gci,DQN reward5 GCI,Results_DQN_reward5/model,design,51,design_2,Design Rainfall 2,0.1,45,20570759,95,8090.402741530497,1665.36620655179,9755.768948082286
input_noise,reward5_gci,DQN reward5 GCI,Results_DQN_reward5/model,design,51,design_2,Design Rainfall 2,0.1,46,20570760,95,8043.27369036737,1664.817041208488,9708.090731575858
input_noise,reward5_gci,DQN reward5 GCI,Results_DQN_reward5/model,design,51,design_2,Design Rainfall 2,0.1,47,20570761,95,7990.879151199138,1855.1337762481473,9846.012927447286
input_noise,reward5_gci,DQN reward5 GCI,Results_DQN_reward5/model,design,51,design_2,Design Rainfall 2,0.1,48,20570762,95,8724.502690975989,979.0401101338989,9703.542801109888
input_noise,reward5_gci,DQN reward5 GCI,Results_DQN_reward5/model,design,51,design_2,Design Rainfall 2,0.1,49,20570763,95,8121.64554066194,1640.094460751019,9761.740001412958
input_noise,reward5_gci,DQN reward5 GCI,Results_DQN_reward5/model,real,0,real_01,Real Rainfall 1,0.05,0,20665714,95,3159.1539912059993,979.0401101338989,4138.194101339898
input_noise,reward5_gci,DQN reward5 GCI,Results_DQN_reward5/model,real,0,real_01,Real Rainfall 1,0.05,1,20665715,95,2653.3939522244677,1686.520884993964,4339.914837218432
input_noise,reward5_gci,DQN reward5 GCI,Results_DQN_reward5/model,real,0,real_01,Real Rainfall 1,0.05,2,20665716,95,2673.0698907401775,1666.7498600117326,4339.81975075191
input_noise,reward5_gci,DQN reward5 GCI,Results_DQN_reward5/model,real,0,real_01,Real Rainfall 1,0.05,3,20665717,95,2673.0698907401775,1666.7498600117326,4339.81975075191
input_noise,reward5_gci,DQN reward5 GCI,Results_DQN_reward5/model,real,0,real_01,Real Rainfall 1,0.05,4,20665718,95,3159.1539912059993,979.0401101338989,4138.194101339898
input_noise,reward5_gci,DQN reward5 GCI,Results_DQN_reward5/model,real,0,real_01,Real Rainfall 1,0.05,5,20665719,95,3158.3772171821106,774.4782889104866,3932.8555060925974
input_noise,reward5_gci,DQN reward5 GCI,Results_DQN_reward5/model,real,0,real_01,Real Rainfall 1,0.05,6,20665720,95,3159.1539912059993,979.0401101338989,4138.194101339898
input_noise,reward5_gci,DQN reward5 GCI,Results_DQN_reward5/model,real,0,real_01,Real Rainfall 1,0.05,7,20665721,95,3159.1539912059993,979.0401101338989,4138.194101339898
input_noise,reward5_gci,DQN reward5 GCI,Results_DQN_reward5/model,real,0,real_01,Real Rainfall 1,0.05,8,20665722,95,3159.1539912059993,979.0401101338989,4138.194101339898
input_noise,reward5_gci,DQN reward5 GCI,Results_DQN_reward5/model,real,0,real_01,Real Rainfall 1,0.05,9,20665723,95,2653.3939522244677,1686.520884993964,4339.914837218432
input_noise,reward5_gci,DQN reward5 GCI,Results_DQN_reward5/model,real,0,real_01,Real Rainfall 1,0.05,10,20665724,95,3159.1539912059993,979.0401101338989,4138.194101339898
input_noise,reward5_gci,DQN reward5 GCI,Results_DQN_reward5/model,real,0,real_01,Real Rainfall 1,0.05,11,20665725,95,2573.6752245934636,2106.9521520313883,4680.627376624852
input_noise,reward5_gci,DQN reward5 GCI,Results_DQN_reward5/model,real,0,real_01,Real Rainfall 1,0.05,12,20665726,95,3159.1539912059993,979.0401101338989,4138.194101339898
input_noise,reward5_gci,DQN reward5 GCI,Results_DQN_reward5/model,real,0,real_01,Real Rainfall 1,0.05,13,20665727,95,2483.006632781669,2152.876569955754,4635.883202737423
input_noise,reward5_gci,DQN reward5 GCI,Results_DQN_reward5/model,real,0,real_01,Real Rainfall 1,0.05,14,20665728,95,3159.1539912059993,979.0401101338989,4138.194101339898
input_noise,reward5_gci,DQN reward5 GCI,Results_DQN_reward5/model,real,0,real_01,Real Rainfall 1,0.05,15,20665729,95,3159.1539912059993,979.0401101338989,4138.194101339898
input_noise,reward5_gci,DQN reward5 GCI,Results_DQN_reward5/model,real,0,real_01,Real Rainfall 1,0.05,16,20665730,95,3159.1539912059993,979.0401101338989,4138.194101339898
input_noise,reward5_gci,DQN reward5 GCI,Results_DQN_reward5/model,real,0,real_01,Real Rainfall 1,0.05,17,20665731,95,3159.1539912059993,979.0401101338989,4138.194101339898
input_noise,reward5_gci,DQN reward5 GCI,Results_DQN_reward5/model,real,0,real_01,Real Rainfall 1,0.05,18,20665732,95,3159.1539912059993,979.0401101338989,4138.194101339898
input_noise,reward5_gci,DQN reward5 GCI,Results_DQN_reward5/model,real,0,real_01,Real Rainfall 1,0.05,19,20665733,95,3159.1539912059993,979.0401101338989,4138.194101339898
input_noise,reward5_gci,DQN reward5 GCI,Results_DQN_reward5/model,real,0,real_01,Real Rainfall 1,0.05,20,20665734,95,3157.775883476026,774.5070616919701,3932.2829451679963
input_noise,reward5_gci,DQN reward5 GCI,Results_DQN_reward5/model,real,0,real_01,Real Rainfall 1,0.05,21,20665735,95,3157.775883476026,774.5070616919701,3932.2829451679963
input_noise,reward5_gci,DQN reward5 GCI,Results_DQN_reward5/model,real,0,real_01,Real Rainfall 1,0.05,22,20665736,95,3159.1539912059993,979.0401101338989,4138.194101339898
input_noise,reward5_gci,DQN reward5 GCI,Results_DQN_reward5/model,real,0,real_01,Real Rainfall 1,0.05,23,20665737,95,2671.0316579323526,1462.1970664256446,4133.228724357998
input_noise,reward5_gci,DQN reward5 GCI,Results_DQN_reward5/model,real,0,real_01,Real Rainfall 1,0.05,24,20665738,95,2665.8905791344864,1675.355166968187,4341.245746102673
input_noise,reward5_gci,DQN reward5 GCI,Results_DQN_reward5/model,real,0,real_01,Real Rainfall 1,0.05,25,20665739,95,3159.1539912059993,979.0401101338989,4138.194101339898
input_noise,reward5_gci,DQN reward5 GCI,Results_DQN_reward5/model,real,0,real_01,Real Rainfall 1,0.05,26,20665740,95,3159.1539912059993,979.0401101338989,4138.194101339898
input_noise,reward5_gci,DQN reward5 GCI,Results_DQN_reward5/model,real,0,real_01,Real Rainfall 1,0.05,27,20665741,95,2653.3939522244677,1686.520884993964,4339.914837218432
input_noise,reward5_gci,DQN reward5 GCI,Results_DQN_reward5/model,real,0,real_01,Real Rainfall 1,0.05,28,20665742,95,3159.2898388957988,979.1754252842868,4138.465264180086
input_noise,reward5_gci,DQN reward5 GCI,Results_DQN_reward5/model,real,0,real_01,Real Rainfall 1,0.05,29,20665743,95,3158.3772171821106,774.4782889104866,3932.8555060925974
input_noise,reward5_gci,DQN reward5 GCI,Results_DQN_reward5/model,real,0,real_01,Real Rainfall 1,0.05,30,20665744,95,3159.1539912059993,979.0401101338989,4138.194101339898
input_noise,reward5_gci,DQN reward5 GCI,Results_DQN_reward5/model,real,0,real_01,Real Rainfall 1,0.05,31,20665745,95,2443.4492917127304,2194.875772869594,4638.325064582325
input_noise,reward5_gci,DQN reward5 GCI,Results_DQN_reward5/model,real,0,real_01,Real Rainfall 1,0.05,32,20665746,95,2598.494608359967,1535.3951037144623,4133.88971207443
input_noise,reward5_gci,DQN reward5 GCI,Results_DQN_reward5/model,real,0,real_01,Real Rainfall 1,0.05,33,20665747,95,3159.1539912059993,979.0401101338989,4138.194101339898
input_noise,reward5_gci,DQN reward5 GCI,Results_DQN_reward5/model,real,0,real_01,Real Rainfall 1,0.05,34,20665748,95,3159.1539912059993,979.0401101338989,4138.194101339898
input_noise,reward5_gci,DQN reward5 GCI,Results_DQN_reward5/model,real,0,real_01,Real Rainfall 1,0.05,35,20665749,95,3159.1539912059993,979.0401101338989,4138.194101339898
input_noise,reward5_gci,DQN reward5 GCI,Results_DQN_reward5/model,real,0,real_01,Real Rainfall 1,0.05,36,20665750,95,3159.1539912059993,979.0401101338989,4138.194101339898
input_noise,reward5_gci,DQN reward5 GCI,Results_DQN_reward5/model,real,0,real_01,Real Rainfall 1,0.05,37,20665751,95,2592.522142313333,2078.3260120003506,4670.848154313684
input_noise,reward5_gci,DQN reward5 GCI,Results_DQN_reward5/model,real,0,real_01,Real Rainfall 1,0.05,38,20665752,95,3159.1539912059993,979.0401101338989,4138.194101339898
input_noise,reward5_gci,DQN reward5 GCI,Results_DQN_reward5/model,real,0,real_01,Real Rainfall 1,0.05,39,20665753,95,2675.592981528755,1662.5260954280402,4338.119076956795
input_noise,reward5_gci,DQN reward5 GCI,Results_DQN_reward5/model,real,0,real_01,Real Rainfall 1,0.05,40,20665754,95,3159.1539912059993,979.0401101338989,4138.194101339898
input_noise,reward5_gci,DQN reward5 GCI,Results_DQN_reward5/model,real,0,real_01,Real Rainfall 1,0.05,41,20665755,95,2678.03151589935,1660.0322176519367,4338.0637335512865
input_noise,reward5_gci,DQN reward5 GCI,Results_DQN_reward5/model,real,0,real_01,Real Rainfall 1,0.05,42,20665756,95,2253.0640957475803,2477.194804445916,4730.258900193496
input_noise,reward5_gci,DQN reward5 GCI,Results_DQN_reward5/model,real,0,real_01,Real Rainfall 1,0.05,43,20665757,95,3159.1539912059993,979.0401101338989,4138.194101339898
input_noise,reward5_gci,DQN reward5 GCI,Results_DQN_reward5/model,real,0,real_01,Real Rainfall 1,0.05,44,20665758,95,3159.1539912059993,979.0401101338989,4138.194101339898
input_noise,reward5_gci,DQN reward5 GCI,Results_DQN_reward5/model,real,0,real_01,Real Rainfall 1,0.05,45,20665759,95,3159.1539912059993,979.0401101338989,4138.194101339898
input_noise,reward5_gci,DQN reward5 GCI,Results_DQN_reward5/model,real,0,real_01,Real Rainfall 1,0.05,46,20665760,95,3159.1539912059993,979.0401101338989,4138.194101339898
input_noise,reward5_gci,DQN reward5 GCI,Results_DQN_reward5/model,real,0,real_01,Real Rainfall 1,0.05,47,20665761,95,3159.1539912059993,979.0401101338989,4138.194101339898
input_noise,reward5_gci,DQN reward5 GCI,Results_DQN_reward5/model,real,0,real_01,Real Rainfall 1,0.05,48,20665762,95,3159.1539912059993,979.0401101338989,4138.194101339898
input_noise,reward5_gci,DQN reward5 GCI,Results_DQN_reward5/model,real,0,real_01,Real Rainfall 1,0.05,49,20665763,95,2653.3939522244677,1686.520884993964,4339.914837218432
input_noise,reward5_gci,DQN reward5 GCI,Results_DQN_reward5/model,real,0,real_01,Real Rainfall 1,0.1,0,20670714,95,2637.9876373256648,1703.4081708353324,4341.395808160997
input_noise,reward5_gci,DQN reward5 GCI,Results_DQN_reward5/model,real,0,real_01,Real Rainfall 1,0.1,1,20670715,95,2598.569806169233,1741.0563556889674,4339.6261618582
input_noise,reward5_gci,DQN reward5 GCI,Results_DQN_reward5/model,real,0,real_01,Real Rainfall 1,0.1,2,20670716,95,2672.062148864482,1462.162027530262,4134.224176394744
input_noise,reward5_gci,DQN reward5 GCI,Results_DQN_reward5/model,real,0,real_01,Real Rainfall 1,0.1,3,20670717,95,1950.7181727589432,2878.7995296639683,4829.5177024229115
input_noise,reward5_gci,DQN reward5 GCI,Results_DQN_reward5/model,real,0,real_01,Real Rainfall 1,0.1,4,20670718,95,2673.0698907401775,1666.7498600117326,4339.81975075191
input_noise,reward5_gci,DQN reward5 GCI,Results_DQN_reward5/model,real,0,real_01,Real Rainfall 1,0.1,5,20670719,95,1123.3829438836506,4649.124538387763,5772.507482271414
input_noise,reward5_gci,DQN reward5 GCI,Results_DQN_reward5/model,real,0,real_01,Real Rainfall 1,0.1,6,20670720,95,2151.7395790515698,2537.9634609835807,4689.7030400351505
input_noise,reward5_gci,DQN reward5 GCI,Results_DQN_reward5/model,real,0,real_01,Real Rainfall 1,0.1,7,20670721,95,2625.916750594302,1510.3453862385215,4136.262136832824
input_noise,reward5_gci,DQN reward5 GCI,Results_DQN_reward5/model,real,0,real_01,Real Rainfall 1,0.1,8,20670722,95,2285.1095462147787,2646.047708719688,4931.157254934467
input_noise,reward5_gci,DQN reward5 GCI,Results_DQN_reward5/model,real,0,real_01,Real Rainfall 1,0.1,9,20670723,95,2381.1905697874176,2215.691551192004,4596.882120979422
input_noise,reward5_gci,DQN reward5 GCI,Results_DQN_reward5/model,real,0,real_01,Real Rainfall 1,0.1,10,20670724,95,2483.1798795590107,1949.2792502566117,4432.459129815623
input_noise,reward5_gci,DQN reward5 GCI,Results_DQN_reward5/model,real,0,real_01,Real Rainfall 1,0.1,11,20670725,95,2759.596283821348,1662.4991552239712,4422.095439045319
input_noise,reward5_gci,DQN reward5 GCI,Results_DQN_reward5/model,real,0,real_01,Real Rainfall 1,0.1,12,20670726,95,3157.775883476026,774.5070616919701,3932.2829451679963
input_noise,reward5_gci,DQN reward5 GCI,Results_DQN_reward5/model,real,0,real_01,Real Rainfall 1,0.1,13,20670727,95,2403.1671012371507,2170.4934102451207,4573.660511482271
input_noise,reward5_gci,DQN reward5 GCI,Results_DQN_reward5/model,real,0,real_01,Real Rainfall 1,0.1,14,20670728,95,2673.0698907401775,1666.7498600117326,4339.81975075191
input_noise,reward5_gci,DQN reward5 GCI,Results_DQN_reward5/model,real,0,real_01,Real Rainfall 1,0.1,15,20670729,95,2653.3939522244677,1686.520884993964,4339.914837218432
input_noise,reward5_gci,DQN reward5 GCI,Results_DQN_reward5/model,real,0,real_01,Real Rainfall 1,0.1,16,20670730,95,2675.592981528755,1662.5260954280402,4338.119076956795
input_noise,reward5_gci,DQN reward5 GCI,Results_DQN_reward5/model,real,0,real_01,Real Rainfall 1,0.1,17,20670731,95,2606.711812852755,1733.5450745302855,4340.2568873830405
input_noise,reward5_gci,DQN reward5 GCI,Results_DQN_reward5/model,real,0,real_01,Real Rainfall 1,0.1,18,20670732,95,1742.681924531153,3055.8431117172795,4798.525036248433
input_noise,reward5_gci,DQN reward5 GCI,Results_DQN_reward5/model,real,0,real_01,Real Rainfall 1,0.1,19,20670733,95,1935.8524637635398,2950.709829781867,4886.562293545407
input_noise,reward5_gci,DQN reward5 GCI,Results_DQN_reward5/model,real,0,real_01,Real Rainfall 1,0.1,20,20670734,95,2357.4690042688385,2630.624021015821,4988.093025284659
input_noise,reward5_gci,DQN reward5 GCI,Results_DQN_reward5/model,real,0,real_01,Real Rainfall 1,0.1,21,20670735,95,3159.2898388957988,979.1754252842868,4138.465264180086
input_noise,reward5_gci,DQN reward5 GCI,Results_DQN_reward5/model,real,0,real_01,Real Rainfall 1,0.1,22,20670736,95,2622.253476138898,1721.9999188830973,4344.253395021995
input_noise,reward5_gci,DQN reward5 GCI,Results_DQN_reward5/model,real,0,real_01,Real Rainfall 1,0.1,23,20670737,95,1826.2459599440276,2820.0001054402283,4646.246065384255
input_noise,reward5_gci,DQN reward5 GCI,Results_DQN_reward5/model,real,0,real_01,Real Rainfall 1,0.1,24,20670738,95,3158.3772171821106,774.4782889104866,3932.8555060925974
input_noise,reward5_gci,DQN reward5 GCI,Results_DQN_reward5/model,real,0,real_01,Real Rainfall 1,0.1,25,20670739,95,2210.4503957797783,2348.9828149861964,4559.433210765975
input_noise,reward5_gci,DQN reward5 GCI,Results_DQN_reward5/model,real,0,real_01,Real Rainfall 1,0.1,26,20670740,95,2137.83304265629,3142.424427021026,5280.257469677316
input_noise,reward5_gci,DQN reward5 GCI,Results_DQN_reward5/model,real,0,real_01,Real Rainfall 1,0.1,27,20670741,95,1784.0045997201646,3244.5476726362767,5028.552272356441
input_noise,reward5_gci,DQN reward5 GCI,Results_DQN_reward5/model,real,0,real_01,Real Rainfall 1,0.1,28,20670742,95,2357.3947121499427,2615.6780863659005,4973.072798515843
input_noise,reward5_gci,DQN reward5 GCI,Results_DQN_reward5/model,real,0,real_01,Real Rainfall 1,0.1,29,20670743,95,2111.7819196541836,2223.08905345755,4334.870973111734
input_noise,reward5_gci,DQN reward5 GCI,Results_DQN_reward5/model,real,0,real_01,Real Rainfall 1,0.1,30,20670744,95,3159.1539912059993,979.0401101338989,4138.194101339898
input_noise,reward5_gci,DQN reward5 GCI,Results_DQN_reward5/model,real,0,real_01,Real Rainfall 1,0.1,31,20670745,95,2403.447966324265,2354.6065570122555,4758.054523336521
input_noise,reward5_gci,DQN reward5 GCI,Results_DQN_reward5/model,real,0,real_01,Real Rainfall 1,0.1,32,20670746,95,1665.3483865022415,3596.912732382235,5262.261118884477
input_noise,reward5_gci,DQN reward5 GCI,Results_DQN_reward5/model,real,0,real_01,Real Rainfall 1,0.1,33,20670747,95,1940.2239884046323,2893.096083354595,4833.320071759227
input_noise,reward5_gci,DQN reward5 GCI,Results_DQN_reward5/model,real,0,real_01,Real Rainfall 1,0.1,34,20670748,95,3159.1539912059993,979.0401101338989,4138.194101339898
input_noise,reward5_gci,DQN reward5 GCI,Results_DQN_reward5/model,real,0,real_01,Real Rainfall 1,0.1,35,20670749,95,1892.8411571356346,2874.8122851478715,4767.653442283507
input_noise,reward5_gci,DQN reward5 GCI,Results_DQN_reward5/model,real,0,real_01,Real Rainfall 1,0.1,36,20670750,95,1616.633183988284,3547.9712159543674,5164.604399942651
input_noise,reward5_gci,DQN reward5 GCI,Results_DQN_reward5/model,real,0,real_01,Real Rainfall 1,0.1,37,20670751,95,1861.2064588567166,2709.957161436345,4571.163620293061
input_noise,reward5_gci,DQN reward5 GCI,Results_DQN_reward5/model,real,0,real_01,Real Rainfall 1,0.1,38,20670752,95,2665.3041485581393,1675.6632939374915,4340.967442495631
input_noise,reward5_gci,DQN reward5 GCI,Results_DQN_reward5/model,real,0,real_01,Real Rainfall 1,0.1,39,20670753,95,2762.921511357067,1661.3494996216948,4424.271010978762
input_noise,reward5_gci,DQN reward5 GCI,Results_DQN_reward5/model,real,0,real_01,Real Rainfall 1,0.1,40,20670754,95,2758.9136226381793,1460.594955512444,4219.508578150623
input_noise,reward5_gci,DQN reward5 GCI,Results_DQN_reward5/model,real,0,real_01,Real Rainfall 1,0.1,41,20670755,95,3157.775883476026,774.5070616919701,3932.2829451679963
input_noise,reward5_gci,DQN reward5 GCI,Results_DQN_reward5/model,real,0,real_01,Real Rainfall 1,0.1,42,20670756,95,2111.7819196541836,2223.08905345755,4334.870973111734
input_noise,reward5_gci,DQN reward5 GCI,Results_DQN_reward5/model,real,0,real_01,Real Rainfall 1,0.1,43,20670757,95,2334.6577419529076,2261.599398545837,4596.257140498745
input_noise,reward5_gci,DQN reward5 GCI,Results_DQN_reward5/model,real,0,real_01,Real Rainfall 1,0.1,44,20670758,95,2378.346133184515,2601.93618161817,4980.2823148026855
input_noise,reward5_gci,DQN reward5 GCI,Results_DQN_reward5/model,real,0,real_01,Real Rainfall 1,0.1,45,20670759,95,1380.8911583591487,4013.7575335861834,5394.648691945332
input_noise,reward5_gci,DQN reward5 GCI,Results_DQN_reward5/model,real,0,real_01,Real Rainfall 1,0.1,46,20670760,95,3159.1539912059993,979.0401101338989,4138.194101339898
input_noise,reward5_gci,DQN reward5 GCI,Results_DQN_reward5/model,real,0,real_01,Real Rainfall 1,0.1,47,20670761,95,3159.1539912059993,979.0401101338989,4138.194101339898
input_noise,reward5_gci,DQN reward5 GCI,Results_DQN_reward5/model,real,0,real_01,Real Rainfall 1,0.1,48,20670762,95,2443.4492917127304,2194.875772869594,4638.325064582325
input_noise,reward5_gci,DQN reward5 GCI,Results_DQN_reward5/model,real,0,real_01,Real Rainfall 1,0.1,49,20670763,95,2344.983892535362,3047.312442392208,5392.296334927571
input_noise,reward5_gci,DQN reward5 GCI,Results_DQN_reward5/model,real,1,real_02,Real Rainfall 2,0.05,0,20765714,95,1750.3558266107727,1669.9962599182245,3420.3520865289975
input_noise,reward5_gci,DQN reward5 GCI,Results_DQN_reward5/model,real,1,real_02,Real Rainfall 2,0.05,1,20765715,95,602.4754548874064,3903.875180039603,4506.350634927009
input_noise,reward5_gci,DQN reward5 GCI,Results_DQN_reward5/model,real,1,real_02,Real Rainfall 2,0.05,2,20765716,95,1663.551278663674,2095.886137053215,3759.437415716889
input_noise,reward5_gci,DQN reward5 GCI,Results_DQN_reward5/model,real,1,real_02,Real Rainfall 2,0.05,3,20765717,95,955.2916992294166,3304.661614875317,4259.953314104733
input_noise,reward5_gci,DQN reward5 GCI,Results_DQN_reward5/model,real,1,real_02,Real Rainfall 2,0.05,4,20765718,95,1663.551278663674,2095.886137053215,3759.437415716889
input_noise,reward5_gci,DQN reward5 GCI,Results_DQN_reward5/model,real,1,real_02,Real Rainfall 2,0.05,5,20765719,95,768.5552337776011,3212.7975000972283,3981.3527338748295
input_noise,reward5_gci,DQN reward5 GCI,Results_DQN_reward5/model,real,1,real_02,Real Rainfall 2,0.05,6,20765720,95,832.4036150405086,3391.817064387189,4224.220679427697
input_noise,reward5_gci,DQN reward5 GCI,Results_DQN_reward5/model,real,1,real_02,Real Rainfall 2,0.05,7,20765721,95,646.3277847649632,3869.757322172903,4516.085106937866
input_noise,reward5_gci,DQN reward5 GCI,Results_DQN_reward5/model,real,1,real_02,Real Rainfall 2,0.05,8,20765722,95,685.8504508635586,4224.60400382311,4910.454454686669
input_noise,reward5_gci,DQN reward5 GCI,Results_DQN_reward5/model,real,1,real_02,Real Rainfall 2,0.05,9,20765723,95,1079.3361994018155,2638.692012905125,3718.0282123069405
input_noise,reward5_gci,DQN reward5 GCI,Results_DQN_reward5/model,real,1,real_02,Real Rainfall 2,0.05,10,20765724,95,1110.6697927041862,2832.576911443476,3943.246704147662
input_noise,reward5_gci,DQN reward5 GCI,Results_DQN_reward5/model,real,1,real_02,Real Rainfall 2,0.05,11,20765725,95,958.1342764060926,3297.64398235552,4255.778258761613
input_noise,reward5_gci,DQN reward5 GCI,Results_DQN_reward5/model,real,1,real_02,Real Rainfall 2,0.05,12,20765726,95,1047.4581148546251,2874.238526110607,3921.6966409652323
input_noise,reward5_gci,DQN reward5 GCI,Results_DQN_reward5/model,real,1,real_02,Real Rainfall 2,0.05,13,20765727,95,832.4681687812928,3391.817064387189,4224.285233168482
input_noise,reward5_gci,DQN reward5 GCI,Results_DQN_reward5/model,real,1,real_02,Real Rainfall 2,0.05,14,20765728,95,1750.3558266107727,1669.9962599182245,3420.3520865289975
input_noise,reward5_gci,DQN reward5 GCI,Results_DQN_reward5/model,real,1,real_02,Real Rainfall 2,0.05,15,20765729,95,1468.8073926239733,2211.723016003438,3680.530408627411
input_noise,reward5_gci,DQN reward5 GCI,Results_DQN_reward5/model,real,1,real_02,Real Rainfall 2,0.05,16,20765730,95,1663.3541876086567,2096.0346493770176,3759.388836985674
input_noise,reward5_gci,DQN reward5 GCI,Results_DQN_reward5/model,real,1,real_02,Real Rainfall 2,0.05,17,20765731,95,1663.7272103634969,1891.377046986474,3555.104257349971
input_noise,reward5_gci,DQN reward5 GCI,Results_DQN_reward5/model,real,1,real_02,Real Rainfall 2,0.05,18,20765732,95,1178.7361457063062,2782.660770589577,3961.3969162958833
input_noise,reward5_gci,DQN reward5 GCI,Results_DQN_reward5/model,real,1,real_02,Real Rainfall 2,0.05,19,20765733,95,682.9170568424371,3477.3046552668743,4160.221712109312
input_noise,reward5_gci,DQN reward5 GCI,Results_DQN_reward5/model,real,1,real_02,Real Rainfall 2,0.05,20,20765734,95,955.2916992294166,3304.661614875317,4259.953314104733
input_noise,reward5_gci,DQN reward5 GCI,Results_DQN_reward5/model,real,1,real_02,Real Rainfall 2,0.05,21,20765735,95,475.09511676671406,3837.846496168277,4312.941612934991
input_noise,reward5_gci,DQN reward5 GCI,Results_DQN_reward5/model,real,1,real_02,Real Rainfall 2,0.05,22,20765736,95,475.09511676671406,3837.846496168277,4312.941612934991
input_noise,reward5_gci,DQN reward5 GCI,Results_DQN_reward5/model,real,1,real_02,Real Rainfall 2,0.05,23,20765737,95,629.4510213187394,4263.22570476164,4892.67672608038
input_noise,reward5_gci,DQN reward5 GCI,Results_DQN_reward5/model,real,1,real_02,Real Rainfall 2,0.05,24,20765738,95,1093.7660858555803,3202.1453956332825,4295.911481488863
input_noise,reward5_gci,DQN reward5 GCI,Results_DQN_reward5/model,real,1,real_02,Real Rainfall 2,0.05,25,20765739,95,1267.9792923661896,2353.3692683825952,3621.3485607487846
input_noise,reward5_gci,DQN reward5 GCI,Results_DQN_reward5/model,real,1,real_02,Real Rainfall 2,0.05,26,20765740,95,1756.208115289575,1460.4160983539991,3216.624213643574
input_noise,reward5_gci,DQN reward5 GCI,Results_DQN_reward5/model,real,1,real_02,Real Rainfall 2,0.05,27,20765741,95,958.0696686295726,3297.64398235552,4255.7136509850925
input_noise,reward5_gci,DQN reward5 GCI,Results_DQN_reward5/model,real,1,real_02,Real Rainfall 2,0.05,28,20765742,95,1183.6744759526578,2776.167476745341,3959.8419526979987
input_noise,reward5_gci,DQN reward5 GCI,Results_DQN_reward5/model,real,1,real_02,Real Rainfall 2,0.05,29,20765743,95,1251.3781669376067,2169.766668568013,3421.1448355056195
input_noise,reward5_gci,DQN reward5 GCI,Results_DQN_reward5/model,real,1,real_02,Real Rainfall 2,0.05,30,20765744,95,584.7254716505142,4267.4624732591255,4852.18794490964
input_noise,reward5_gci,DQN reward5 GCI,Results_DQN_reward5/model,real,1,real_02,Real Rainfall 2,0.05,31,20765745,95,894.998176113146,3357.4099192865797,4252.408095399725
input_noise,reward5_gci,DQN reward5 GCI,Results_DQN_reward5/model,real,1,real_02,Real Rainfall 2,0.05,32,20765746,95,1552.1304906137325,1961.213170628048,3513.3436612417804
input_noise,reward5_gci,DQN reward5 GCI,Results_DQN_reward5/model,real,1,real_02,Real Rainfall 2,0.05,33,20765747,95,1758.2414726429072,1662.4249188984786,3420.6663915413856
input_noise,reward5_gci,DQN reward5 GCI,Results_DQN_reward5/model,real,1,real_02,Real Rainfall 2,0.05,34,20765748,95,809.533526722773,2827.1843683927045,3636.7178951154774
input_noise,reward5_gci,DQN reward5 GCI,Results_DQN_reward5/model,real,1,real_02,Real Rainfall 2,0.05,35,20765749,95,513.0528611810723,4130.224258470175,4643.277119651248
input_noise,reward5_gci,DQN reward5 GCI,Results_DQN_reward5/model,real,1,real_02,Real Rainfall 2,0.05,36,20765750,95,957.6834410240668,3093.423344132752,4051.1067851568187
input_noise,reward5_gci,DQN reward5 GCI,Results_DQN_reward5/model,real,1,real_02,Real Rainfall 2,0.05,37,20765751,95,665.518684757521,3857.165728707334,4522.6844134648545
input_noise,reward5_gci,DQN reward5 GCI,Results_DQN_reward5/model,real,1,real_02,Real Rainfall 2,0.05,38,20765752,95,937.2630776044514,3327.7837917858405,4265.046869390292
input_noise,reward5_gci,DQN reward5 GCI,Results_DQN_reward5/model,real,1,real_02,Real Rainfall 2,0.05,39,20765753,95,1750.3558266107727,1669.9962599182245,3420.3520865289975
input_noise,reward5_gci,DQN reward5 GCI,Results_DQN_reward5/model,real,1,real_02,Real Rainfall 2,0.05,40,20765754,95,1101.099053422031,3191.8703178676205,4292.9693712896515
input_noise,reward5_gci,DQN reward5 GCI,Results_DQN_reward5/model,real,1,real_02,Real Rainfall 2,0.05,41,20765755,95,1663.551278663674,2095.886137053215,3759.437415716889
input_noise,reward5_gci,DQN reward5 GCI,Results_DQN_reward5/model,real,1,real_02,Real Rainfall 2,0.05,42,20765756,95,513.3552092529131,4738.5521494401455,5251.907358693059
input_noise,reward5_gci,DQN reward5 GCI,Results_DQN_reward5/model,real,1,real_02,Real Rainfall 2,0.05,43,20765757,95,1181.5177602022868,2779.2866557865013,3960.804415988788
input_noise,reward5_gci,DQN reward5 GCI,Results_DQN_reward5/model,real,1,real_02,Real Rainfall 2,0.05,44,20765758,95,976.6370536996887,3672.6797326182027,4649.3167863178915
input_noise,reward5_gci,DQN reward5 GCI,Results_DQN_reward5/model,real,1,real_02,Real Rainfall 2,0.05,45,20765759,95,830.451801665113,3012.140977605965,3842.592779271078
input_noise,reward5_gci,DQN reward5 GCI,Results_DQN_reward5/model,real,1,real_02,Real Rainfall 2,0.05,46,20765760,95,805.715379553493,3792.5711943814276,4598.286573934921
input_noise,reward5_gci,DQN reward5 GCI,Results_DQN_reward5/model,real,1,real_02,Real Rainfall 2,0.05,47,20765761,95,342.21772472029477,4456.049104576082,4798.266829296376
input_noise,reward5_gci,DQN reward5 GCI,Results_DQN_reward5/model,real,1,real_02,Real Rainfall 2,0.05,48,20765762,95,893.0778396406866,3343.513617269788,4236.591456910474
input_noise,reward5_gci,DQN reward5 GCI,Results_DQN_reward5/model,real,1,real_02,Real Rainfall 2,0.05,49,20765763,95,976.6370536996887,3672.6797326182027,4649.3167863178915
input_noise,reward5_gci,DQN reward5 GCI,Results_DQN_reward5/model,real,1,real_02,Real Rainfall 2,0.1,0,20770714,95,890.9306617263895,3021.1616151816393,3912.092276908029
input_noise,reward5_gci,DQN reward5 GCI,Results_DQN_reward5/model,real,1,real_02,Real Rainfall 2,0.1,1,20770715,95,1759.194748175699,1657.2977104122062,3416.4924585879053
input_noise,reward5_gci,DQN reward5 GCI,Results_DQN_reward5/model,real,1,real_02,Real Rainfall 2,0.1,2,20770716,95,1084.2354567034022,2834.6301140059504,3918.8655707093526
input_noise,reward5_gci,DQN reward5 GCI,Results_DQN_reward5/model,real,1,real_02,Real Rainfall 2,0.1,3,20770717,95,2239.317308826085,979.0401101338989,3218.357418959984
input_noise,reward5_gci,DQN reward5 GCI,Results_DQN_reward5/model,real,1,real_02,Real Rainfall 2,0.1,4,20770718,95,1321.1397743149596,2701.5710493973247,4022.7108237122843
input_noise,reward5_gci,DQN reward5 GCI,Results_DQN_reward5/model,real,1,real_02,Real Rainfall 2,0.1,5,20770719,95,1404.7948641792607,2067.654335196585,3472.4491993758456
input_noise,reward5_gci,DQN reward5 GCI,Results_DQN_reward5/model,real,1,real_02,Real Rainfall 2,0.1,6,20770720,95,1789.888662019083,1651.6740604042163,3441.5627224232994
input_noise,reward5_gci,DQN reward5 GCI,Results_DQN_reward5/model,real,1,real_02,Real Rainfall 2,0.1,7,20770721,95,1745.661835735126,1474.0014926382391,3219.6633283733654
input_noise,reward5_gci,DQN reward5 GCI,Results_DQN_reward5/model,real,1,real_02,Real Rainfall 2,0.1,8,20770722,95,1663.551278663674,2095.886137053215,3759.437415716889
input_noise,reward5_gci,DQN reward5 GCI,Results_DQN_reward5/model,real,1,real_02,Real Rainfall 2,0.1,9,20770723,95,1304.0710889385953,2724.457617540419,4028.5287064790145
input_noise,reward5_gci,DQN reward5 GCI,Results_DQN_reward5/model,real,1,real_02,Real Rainfall 2,0.1,10,20770724,95,1066.3434684878016,2881.9724211368866,3948.315889624688
input_noise,reward5_gci,DQN reward5 GCI,Results_DQN_reward5/model,real,1,real_02,Real Rainfall 2,0.1,11,20770725,95,705.4448848046137,3506.7024930356165,4212.147377840231
input_noise,reward5_gci,DQN reward5 GCI,Results_DQN_reward5/model,real,1,real_02,Real Rainfall 2,0.1,12,20770726,95,1001.0552326610187,3255.9101553650344,4256.965388026053
input_noise,reward5_gci,DQN reward5 GCI,Results_DQN_reward5/model,real,1,real_02,Real Rainfall 2,0.1,13,20770727,95,1077.6129726786598,2843.246889794381,3920.8598624730407
input_noise,reward5_gci,DQN reward5 GCI,Results_DQN_reward5/model,real,1,real_02,Real Rainfall 2,0.1,14,20770728,95,1750.3558266107727,1669.9962599182245,3420.3520865289975
input_noise,reward5_gci,DQN reward5 GCI,Results_DQN_reward5/model,real,1,real_02,Real Rainfall 2,0.1,15,20770729,95,1755.8760813541546,1664.9591882141976,3420.8352695683525
input_noise,reward5_gci,DQN reward5 GCI,Results_DQN_reward5/model,real,1,real_02,Real Rainfall 2,0.1,16,20770730,95,1254.2365675422097,3914.054778160986,5168.2913457031955
input_noise,reward5_gci,DQN reward5 GCI,Results_DQN_reward5/model,real,1,real_02,Real Rainfall 2,0.1,17,20770731,95,1267.9792923661896,2353.3692683825952,3621.3485607487846
input_noise,reward5_gci,DQN reward5 GCI,Results_DQN_reward5/model,real,1,real_02,Real Rainfall 2,0.1,18,20770732,95,1425.416381172988,2253.9748879758117,3679.3912691487994
input_noise,reward5_gci,DQN reward5 GCI,Results_DQN_reward5/model,real,1,real_02,Real Rainfall 2,0.1,19,20770733,95,2239.9123883254874,774.5070616919701,3014.4194500174576
input_noise,reward5_gci,DQN reward5 GCI,Results_DQN_reward5/model,real,1,real_02,Real Rainfall 2,0.1,20,20770734,95,1568.2043052294546,1947.1927266253335,3515.397031854788
input_noise,reward5_gci,DQN reward5 GCI,Results_DQN_reward5/model,real,1,real_02,Real Rainfall 2,0.1,21,20770735,95,779.6376204838001,3775.4431918005785,4555.080812284378
input_noise,reward5_gci,DQN reward5 GCI,Results_DQN_reward5/model,real,1,real_02,Real Rainfall 2,0.1,22,20770736,95,1184.197416070998,2768.632558561181,3952.829974632179
input_noise,reward5_gci,DQN reward5 GCI,Results_DQN_reward5/model,real,1,real_02,Real Rainfall 2,0.1,23,20770737,95,1219.3274487461813,3144.7934798574233,4364.120928603605
input_noise,reward5_gci,DQN reward5 GCI,Results_DQN_reward5/model,real,1,real_02,Real Rainfall 2,0.1,24,20770738,95,2239.4971861505137,979.3985881577065,3218.89577430822
input_noise,reward5_gci,DQN reward5 GCI,Results_DQN_reward5/model,real,1,real_02,Real Rainfall 2,0.1,25,20770739,95,757.9523302885059,3426.457369747014,4184.40970003552
input_noise,reward5_gci,DQN reward5 GCI,Results_DQN_reward5/model,real,1,real_02,Real Rainfall 2,0.1,26,20770740,95,898.025234160941,3510.5066895940663,4408.5319237550075
input_noise,reward5_gci,DQN reward5 GCI,Results_DQN_reward5/model,real,1,real_02,Real Rainfall 2,0.1,27,20770741,95,1532.7251950217515,2188.392480472467,3721.1176754942185
input_noise,reward5_gci,DQN reward5 GCI,Results_DQN_reward5/model,real,1,real_02,Real Rainfall 2,0.1,28,20770742,95,1047.5278352351836,2874.238526110607,3921.7663613457908
input_noise,reward5_gci,DQN reward5 GCI,Results_DQN_reward5/model,real,1,real_02,Real Rainfall 2,0.1,29,20770743,95,897.4377062038012,3338.143065535893,4235.580771739695
input_noise,reward5_gci,DQN reward5 GCI,Results_DQN_reward5/model,real,1,real_02,Real Rainfall 2,0.1,30,20770744,95,789.6594220147086,3188.5527054135237,3978.212127428232
input_noise,reward5_gci,DQN reward5 GCI,Results_DQN_reward5/model,real,1,real_02,Real Rainfall 2,0.1,31,20770745,95,1511.5437299998503,2694.093368558811,4205.637098558662
input_noise,reward5_gci,DQN reward5 GCI,Results_DQN_reward5/model,real,1,real_02,Real Rainfall 2,0.1,32,20770746,95,1753.5899013050025,1464.1806506949197,3217.770551999922
input_noise,reward5_gci,DQN reward5 GCI,Results_DQN_reward5/model,real,1,real_02,Real Rainfall 2,0.1,33,20770747,95,872.0092357351621,3348.940742504164,4220.949978239326
input_noise,reward5_gci,DQN reward5 GCI,Results_DQN_reward5/model,real,1,real_02,Real Rainfall 2,0.1,34,20770748,95,1267.9792923661896,2353.3692683825952,3621.3485607487846
input_noise,reward5_gci,DQN reward5 GCI,Results_DQN_reward5/model,real,1,real_02,Real Rainfall 2,0.1,35,20770749,95,1306.0572205192207,2520.4836241696603,3826.540844688881
input_noise,reward5_gci,DQN reward5 GCI,Results_DQN_reward5/model,real,1,real_02,Real Rainfall 2,0.1,36,20770750,95,1183.6501591723807,2775.3557304641363,3959.005889636517
input_noise,reward5_gci,DQN reward5 GCI,Results_DQN_reward5/model,real,1,real_02,Real Rainfall 2,0.1,37,20770751,95,1739.0266332495055,1477.2698145702243,3216.29644781973
input_noise,reward5_gci,DQN reward5 GCI,Results_DQN_reward5/model,real,1,real_02,Real Rainfall 2,0.1,38,20770752,95,1560.0986535359154,2159.8717459853597,3719.970399521275
input_noise,reward5_gci,DQN reward5 GCI,Results_DQN_reward5/model,real,1,real_02,Real Rainfall 2,0.1,39,20770753,95,1249.0522521230403,2372.7769691999683,3621.829221323009
input_noise,reward5_gci,DQN reward5 GCI,Results_DQN_reward5/model,real,1,real_02,Real Rainfall 2,0.1,40,20770754,95,1755.8760813541546,1664.9591882141976,3420.8352695683525
input_noise,reward5_gci,DQN reward5 GCI,Results_DQN_reward5/model,real,1,real_02,Real Rainfall 2,0.1,41,20770755,95,1531.2804830679888,2188.111169150119,3719.391652218108
input_noise,reward5_gci,DQN reward5 GCI,Results_DQN_reward5/model,real,1,real_02,Real Rainfall 2,0.1,42,20770756,95,1750.3558266107727,1669.9962599182245,3420.3520865289975
input_noise,reward5_gci,DQN reward5 GCI,Results_DQN_reward5/model,real,1,real_02,Real Rainfall 2,0.1,43,20770757,95,1560.0986535359154,2159.8717459853597,3719.970399521275
input_noise,reward5_gci,DQN reward5 GCI,Results_DQN_reward5/model,real,1,real_02,Real Rainfall 2,0.1,44,20770758,95,2239.317308826085,979.0401101338989,3218.357418959984
input_noise,reward5_gci,DQN reward5 GCI,Results_DQN_reward5/model,real,1,real_02,Real Rainfall 2,0.1,45,20770759,95,1123.4426013228604,2820.4771191426807,3943.919720465541
input_noise,reward5_gci,DQN reward5 GCI,Results_DQN_reward5/model,real,1,real_02,Real Rainfall 2,0.1,46,20770760,95,1744.4177177383326,1474.1782391366091,3218.5959568749417
input_noise,reward5_gci,DQN reward5 GCI,Results_DQN_reward5/model,real,1,real_02,Real Rainfall 2,0.1,47,20770761,95,2239.9123883254874,774.5070616919701,3014.4194500174576
input_noise,reward5_gci,DQN reward5 GCI,Results_DQN_reward5/model,real,1,real_02,Real Rainfall 2,0.1,48,20770762,95,1668.9136015985312,2086.197065211144,3755.1106668096754
input_noise,reward5_gci,DQN reward5 GCI,Results_DQN_reward5/model,real,1,real_02,Real Rainfall 2,0.1,49,20770763,95,788.7057294753458,3953.319670282367,4742.025399757713
input_noise,reward5_gci,DQN reward5 GCI,Results_DQN_reward5/model,real,2,real_03,Real Rainfall 3,0.05,0,20865714,95,3708.6073282199463,979.3985881577065,4688.005916377653
input_noise,reward5_gci,DQN reward5 GCI,Results_DQN_reward5/model,real,2,real_03,Real Rainfall 3,0.05,1,20865715,95,3138.87416543477,1657.8890674082581,4796.763232843028
input_noise,reward5_gci,DQN reward5 GCI,Results_DQN_reward5/model,real,2,real_03,Real Rainfall 3,0.05,2,20865716,95,3707.321630036455,979.0401101338989,4686.361740170354
input_noise,reward5_gci,DQN reward5 GCI,Results_DQN_reward5/model,real,2,real_03,Real Rainfall 3,0.05,3,20865717,95,3707.321630036455,979.0401101338989,4686.361740170354
input_noise,reward5_gci,DQN reward5 GCI,Results_DQN_reward5/model,real,2,real_03,Real Rainfall 3,0.05,4,20865718,95,3707.321630036455,979.0401101338989,4686.361740170354
input_noise,reward5_gci,DQN reward5 GCI,Results_DQN_reward5/model,real,2,real_03,Real Rainfall 3,0.05,5,20865719,95,3800.5946879179933,774.5070616919701,4575.101749609963
input_noise,reward5_gci,DQN reward5 GCI,Results_DQN_reward5/model,real,2,real_03,Real Rainfall 3,0.05,6,20865720,95,3707.321630036455,979.0401101338989,4686.361740170354
input_noise,reward5_gci,DQN reward5 GCI,Results_DQN_reward5/model,real,2,real_03,Real Rainfall 3,0.05,7,20865721,95,3707.321630036455,979.0401101338989,4686.361740170354
input_noise,reward5_gci,DQN reward5 GCI,Results_DQN_reward5/model,real,2,real_03,Real Rainfall 3,0.05,8,20865722,95,3707.321630036455,979.0401101338989,4686.361740170354
input_noise,reward5_gci,DQN reward5 GCI,Results_DQN_reward5/model,real,2,real_03,Real Rainfall 3,0.05,9,20865723,95,3707.321630036455,979.0401101338989,4686.361740170354
input_noise,reward5_gci,DQN reward5 GCI,Results_DQN_reward5/model,real,2,real_03,Real Rainfall 3,0.05,10,20865724,95,3707.321630036455,979.0401101338989,4686.361740170354
input_noise,reward5_gci,DQN reward5 GCI,Results_DQN_reward5/model,real,2,real_03,Real Rainfall 3,0.05,11,20865725,95,3707.321630036455,979.0401101338989,4686.361740170354
input_noise,reward5_gci,DQN reward5 GCI,Results_DQN_reward5/model,real,2,real_03,Real Rainfall 3,0.05,12,20865726,95,3707.321630036455,979.0401101338989,4686.361740170354
input_noise,reward5_gci,DQN reward5 GCI,Results_DQN_reward5/model,real,2,real_03,Real Rainfall 3,0.05,13,20865727,95,3707.321630036455,979.0401101338989,4686.361740170354
input_noise,reward5_gci,DQN reward5 GCI,Results_DQN_reward5/model,real,2,real_03,Real Rainfall 3,0.05,14,20865728,95,3707.321630036455,979.0401101338989,4686.361740170354
input_noise,reward5_gci,DQN reward5 GCI,Results_DQN_reward5/model,real,2,real_03,Real Rainfall 3,0.05,15,20865729,95,3132.3362941810647,1665.0565348717694,4797.392829052834
input_noise,reward5_gci,DQN reward5 GCI,Results_DQN_reward5/model,real,2,real_03,Real Rainfall 3,0.05,16,20865730,95,3138.87416543477,1657.8890674082581,4796.763232843028
input_noise,reward5_gci,DQN reward5 GCI,Results_DQN_reward5/model,real,2,real_03,Real Rainfall 3,0.05,17,20865731,95,3796.8989659684203,774.4782889104866,4571.377254878907
input_noise,reward5_gci,DQN reward5 GCI,Results_DQN_reward5/model,real,2,real_03,Real Rainfall 3,0.05,18,20865732,95,3707.321630036455,979.0401101338989,4686.361740170354
input_noise,reward5_gci,DQN reward5 GCI,Results_DQN_reward5/model,real,2,real_03,Real Rainfall 3,0.05,19,20865733,95,3707.321630036455,979.0401101338989,4686.361740170354
input_noise,reward5_gci,DQN reward5 GCI,Results_DQN_reward5/model,real,2,real_03,Real Rainfall 3,0.05,20,20865734,95,3707.321630036455,979.0401101338989,4686.361740170354
input_noise,reward5_gci,DQN reward5 GCI,Results_DQN_reward5/model,real,2,real_03,Real Rainfall 3,0.05,21,20865735,95,3707.321630036455,979.0401101338989,4686.361740170354
input_noise,reward5_gci,DQN reward5 GCI,Results_DQN_reward5/model,real,2,real_03,Real Rainfall 3,0.05,22,20865736,95,3707.321630036455,979.0401101338989,4686.361740170354
input_noise,reward5_gci,DQN reward5 GCI,Results_DQN_reward5/model,real,2,real_03,Real Rainfall 3,0.05,23,20865737,95,3707.321630036455,979.0401101338989,4686.361740170354
input_noise,reward5_gci,DQN reward5 GCI,Results_DQN_reward5/model,real,2,real_03,Real Rainfall 3,0.05,24,20865738,95,3707.321630036455,979.0401101338989,4686.361740170354
input_noise,reward5_gci,DQN reward5 GCI,Results_DQN_reward5/model,real,2,real_03,Real Rainfall 3,0.05,25,20865739,95,3707.321630036455,979.0401101338989,4686.361740170354
input_noise,reward5_gci,DQN reward5 GCI,Results_DQN_reward5/model,real,2,real_03,Real Rainfall 3,0.05,26,20865740,95,3132.3362941810647,1665.0565348717694,4797.392829052834
input_noise,reward5_gci,DQN reward5 GCI,Results_DQN_reward5/model,real,2,real_03,Real Rainfall 3,0.05,27,20865741,95,3707.321630036455,979.0401101338989,4686.361740170354
input_noise,reward5_gci,DQN reward5 GCI,Results_DQN_reward5/model,real,2,real_03,Real Rainfall 3,0.05,28,20865742,95,3707.321630036455,979.0401101338989,4686.361740170354
input_noise,reward5_gci,DQN reward5 GCI,Results_DQN_reward5/model,real,2,real_03,Real Rainfall 3,0.05,29,20865743,95,3800.5946879179933,774.5070616919701,4575.101749609963
input_noise,reward5_gci,DQN reward5 GCI,Results_DQN_reward5/model,real,2,real_03,Real Rainfall 3,0.05,30,20865744,95,3132.3362941810647,1665.0565348717694,4797.392829052834
input_noise,reward5_gci,DQN reward5 GCI,Results_DQN_reward5/model,real,2,real_03,Real Rainfall 3,0.05,31,20865745,95,3707.321630036455,979.0401101338989,4686.361740170354
input_noise,reward5_gci,DQN reward5 GCI,Results_DQN_reward5/model,real,2,real_03,Real Rainfall 3,0.05,32,20865746,95,3707.321630036455,979.0401101338989,4686.361740170354
input_noise,reward5_gci,DQN reward5 GCI,Results_DQN_reward5/model,real,2,real_03,Real Rainfall 3,0.05,33,20865747,95,3132.3362941810647,1665.0565348717694,4797.392829052834
input_noise,reward5_gci,DQN reward5 GCI,Results_DQN_reward5/model,real,2,real_03,Real Rainfall 3,0.05,34,20865748,95,3707.321630036455,979.0401101338989,4686.361740170354
input_noise,reward5_gci,DQN reward5 GCI,Results_DQN_reward5/model,real,2,real_03,Real Rainfall 3,0.05,35,20865749,95,3707.321630036455,979.0401101338989,4686.361740170354
input_noise,reward5_gci,DQN reward5 GCI,Results_DQN_reward5/model,real,2,real_03,Real Rainfall 3,0.05,36,20865750,95,3138.87416543477,1657.8890674082581,4796.763232843028
input_noise,reward5_gci,DQN reward5 GCI,Results_DQN_reward5/model,real,2,real_03,Real Rainfall 3,0.05,37,20865751,95,3707.321630036455,979.0401101338989,4686.361740170354
input_noise,reward5_gci,DQN reward5 GCI,Results_DQN_reward5/model,real,2,real_03,Real Rainfall 3,0.05,38,20865752,95,3800.5946879179933,774.5070616919701,4575.101749609963
input_noise,reward5_gci,DQN reward5 GCI,Results_DQN_reward5/model,real,2,real_03,Real Rainfall 3,0.05,39,20865753,95,3707.321630036455,979.0401101338989,4686.361740170354
input_noise,reward5_gci,DQN reward5 GCI,Results_DQN_reward5/model,real,2,real_03,Real Rainfall 3,0.05,40,20865754,95,3132.3362941810647,1665.0565348717694,4797.392829052834
input_noise,reward5_gci,DQN reward5 GCI,Results_DQN_reward5/model,real,2,real_03,Real Rainfall 3,0.05,41,20865755,95,3707.321630036455,979.0401101338989,4686.361740170354
input_noise,reward5_gci,DQN reward5 GCI,Results_DQN_reward5/model,real,2,real_03,Real Rainfall 3,0.05,42,20865756,95,3707.321630036455,979.0401101338989,4686.361740170354
input_noise,reward5_gci,DQN reward5 GCI,Results_DQN_reward5/model,real,2,real_03,Real Rainfall 3,0.05,43,20865757,95,3149.9854229029565,1645.6257666785982,4795.611189581555
input_noise,reward5_gci,DQN reward5 GCI,Results_DQN_reward5/model,real,2,real_03,Real Rainfall 3,0.05,44,20865758,95,3707.321630036455,979.0401101338989,4686.361740170354
input_noise,reward5_gci,DQN reward5 GCI,Results_DQN_reward5/model,real,2,real_03,Real Rainfall 3,0.05,45,20865759,95,3707.321630036455,979.0401101338989,4686.361740170354
input_noise,reward5_gci,DQN reward5 GCI,Results_DQN_reward5/model,real,2,real_03,Real Rainfall 3,0.05,46,20865760,95,3707.321630036455,979.0401101338989,4686.361740170354
input_noise,reward5_gci,DQN reward5 GCI,Results_DQN_reward5/model,real,2,real_03,Real Rainfall 3,0.05,47,20865761,95,3707.321630036455,979.0401101338989,4686.361740170354
input_noise,reward5_gci,DQN reward5 GCI,Results_DQN_reward5/model,real,2,real_03,Real Rainfall 3,0.05,48,20865762,95,3138.87416543477,1657.8890674082581,4796.763232843028
input_noise,reward5_gci,DQN reward5 GCI,Results_DQN_reward5/model,real,2,real_03,Real Rainfall 3,0.05,49,20865763,95,3138.87416543477,1657.8890674082581,4796.763232843028
input_noise,reward5_gci,DQN reward5 GCI,Results_DQN_reward5/model,real,2,real_03,Real Rainfall 3,0.1,0,20870714,95,2656.1058985605337,2355.29975915189,5011.405657712424
input_noise,reward5_gci,DQN reward5 GCI,Results_DQN_reward5/model,real,2,real_03,Real Rainfall 3,0.1,1,20870715,95,3707.321630036455,979.0401101338989,4686.361740170354
input_noise,reward5_gci,DQN reward5 GCI,Results_DQN_reward5/model,real,2,real_03,Real Rainfall 3,0.1,2,20870716,95,3707.321630036455,979.0401101338989,4686.361740170354
input_noise,reward5_gci,DQN reward5 GCI,Results_DQN_reward5/model,real,2,real_03,Real Rainfall 3,0.1,3,20870717,95,3153.1671573688845,1636.5424190047934,4789.709576373678
input_noise,reward5_gci,DQN reward5 GCI,Results_DQN_reward5/model,real,2,real_03,Real Rainfall 3,0.1,4,20870718,95,2907.295074292654,2190.399440048741,5097.694514341395
input_noise,reward5_gci,DQN reward5 GCI,Results_DQN_reward5/model,real,2,real_03,Real Rainfall 3,0.1,5,20870719,95,2935.90855373348,1954.3428325342404,4890.251386267721
input_noise,reward5_gci,DQN reward5 GCI,Results_DQN_reward5/model,real,2,real_03,Real Rainfall 3,0.1,6,20870720,95,3022.171335204677,1765.7934663102026,4787.96480151488
input_noise,reward5_gci,DQN reward5 GCI,Results_DQN_reward5/model,real,2,real_03,Real Rainfall 3,0.1,7,20870721,95,3132.3362941810647,1665.0565348717694,4797.392829052834
input_noise,reward5_gci,DQN reward5 GCI,Results_DQN_reward5/model,real,2,real_03,Real Rainfall 3,0.1,8,20870722,95,3800.5946879179933,774.5070616919701,4575.101749609963
input_noise,reward5_gci,DQN reward5 GCI,Results_DQN_reward5/model,real,2,real_03,Real Rainfall 3,0.1,9,20870723,95,3022.5812618953964,1765.6152928709873,4788.196554766384
input_noise,reward5_gci,DQN reward5 GCI,Results_DQN_reward5/model,real,2,real_03,Real Rainfall 3,0.1,10,20870724,95,3796.8989659684203,774.4782889104866,4571.377254878907
input_noise,reward5_gci,DQN reward5 GCI,Results_DQN_reward5/model,real,2,real_03,Real Rainfall 3,0.1,11,20870725,95,2614.7697243809266,2896.900692766283,5511.67041714721
input_noise,reward5_gci,DQN reward5 GCI,Results_DQN_reward5/model,real,2,real_03,Real Rainfall 3,0.1,12,20870726,95,3707.321630036455,979.0401101338989,4686.361740170354
input_noise,reward5_gci,DQN reward5 GCI,Results_DQN_reward5/model,real,2,real_03,Real Rainfall 3,0.1,13,20870727,95,3069.1707450829113,2048.667200489648,5117.837945572559
input_noise,reward5_gci,DQN reward5 GCI,Results_DQN_reward5/model,real,2,real_03,Real Rainfall 3,0.1,14,20870728,95,3708.6073282199463,979.3985881577065,4688.005916377653
input_noise,reward5_gci,DQN reward5 GCI,Results_DQN_reward5/model,real,2,real_03,Real Rainfall 3,0.1,15,20870729,95,3176.417369140377,1453.0403217132057,4629.457690853583
input_noise,reward5_gci,DQN reward5 GCI,Results_DQN_reward5/model,real,2,real_03,Real Rainfall 3,0.1,16,20870730,95,3138.87416543477,1657.8890674082581,4796.763232843028
input_noise,reward5_gci,DQN reward5 GCI,Results_DQN_reward5/model,real,2,real_03,Real Rainfall 3,0.1,17,20870731,95,3714.7493473676336,979.1754252842868,4693.924772651921
input_noise,reward5_gci,DQN reward5 GCI,Results_DQN_reward5/model,real,2,real_03,Real Rainfall 3,0.1,18,20870732,95,3714.370168993267,979.533906215557,4693.904075208824
input_noise,reward5_gci,DQN reward5 GCI,Results_DQN_reward5/model,real,2,real_03,Real Rainfall 3,0.1,19,20870733,95,3707.321630036455,979.0401101338989,4686.361740170354
input_noise,reward5_gci,DQN reward5 GCI,Results_DQN_reward5/model,real,2,real_03,Real Rainfall 3,0.1,20,20870734,95,3139.5076657393865,1658.1043534781218,4797.6120192175085
input_noise,reward5_gci,DQN reward5 GCI,Results_DQN_reward5/model,real,2,real_03,Real Rainfall 3,0.1,21,20870735,95,3167.7050214919573,1462.621005566171,4630.326027058129
input_noise,reward5_gci,DQN reward5 GCI,Results_DQN_reward5/model,real,2,real_03,Real Rainfall 3,0.1,22,20870736,95,3132.411162232519,1665.4903285932023,4797.901490825721
input_noise,reward5_gci,DQN reward5 GCI,Results_DQN_reward5/model,real,2,real_03,Real Rainfall 3,0.1,23,20870737,95,3707.321630036455,979.0401101338989,4686.361740170354
input_noise,reward5_gci,DQN reward5 GCI,Results_DQN_reward5/model,real,2,real_03,Real Rainfall 3,0.1,24,20870738,95,3126.026555711634,1673.5876066849314,4799.614162396565
input_noise,reward5_gci,DQN reward5 GCI,Results_DQN_reward5/model,real,2,real_03,Real Rainfall 3,0.1,25,20870739,95,2842.9818729916137,2210.8454133141754,5053.827286305789
input_noise,reward5_gci,DQN reward5 GCI,Results_DQN_reward5/model,real,2,real_03,Real Rainfall 3,0.1,26,20870740,95,3292.002021313591,1276.1633787599776,4568.165400073569
input_noise,reward5_gci,DQN reward5 GCI,Results_DQN_reward5/model,real,2,real_03,Real Rainfall 3,0.1,27,20870741,95,2885.416547952988,2904.8740162360946,5790.290564189083
input_noise,reward5_gci,DQN reward5 GCI,Results_DQN_reward5/model,real,2,real_03,Real Rainfall 3,0.1,28,20870742,95,2805.5465635223377,2047.4294533261864,4852.9760168485245
input_noise,reward5_gci,DQN reward5 GCI,Results_DQN_reward5/model,real,2,real_03,Real Rainfall 3,0.1,29,20870743,95,3708.6073282199463,979.3985881577065,4688.005916377653
input_noise,reward5_gci,DQN reward5 GCI,Results_DQN_reward5/model,real,2,real_03,Real Rainfall 3,0.1,30,20870744,95,3138.87416543477,1657.8890674082581,4796.763232843028
input_noise,reward5_gci,DQN reward5 GCI,Results_DQN_reward5/model,real,2,real_03,Real Rainfall 3,0.1,31,20870745,95,2498.433233998986,2423.1153626302003,4921.548596629186
input_noise,reward5_gci,DQN reward5 GCI,Results_DQN_reward5/model,real,2,real_03,Real Rainfall 3,0.1,32,20870746,95,3714.7493473676336,979.1754252842868,4693.924772651921
input_noise,reward5_gci,DQN reward5 GCI,Results_DQN_reward5/model,real,2,real_03,Real Rainfall 3,0.1,33,20870747,95,3707.321630036455,979.0401101338989,4686.361740170354
input_noise,reward5_gci,DQN reward5 GCI,Results_DQN_reward5/model,real,2,real_03,Real Rainfall 3,0.1,34,20870748,95,3714.370168993267,979.533906215557,4693.904075208824
input_noise,reward5_gci,DQN reward5 GCI,Results_DQN_reward5/model,real,2,real_03,Real Rainfall 3,0.1,35,20870749,95,3714.7493473676336,979.1754252842868,4693.924772651921
input_noise,reward5_gci,DQN reward5 GCI,Results_DQN_reward5/model,real,2,real_03,Real Rainfall 3,0.1,36,20870750,95,2906.362193532343,2191.176068666616,5097.538262198959
input_noise,reward5_gci,DQN reward5 GCI,Results_DQN_reward5/model,real,2,real_03,Real Rainfall 3,0.1,37,20870751,95,2700.7702787786743,3101.715544899107,5802.485823677782
input_noise,reward5_gci,DQN reward5 GCI,Results_DQN_reward5/model,real,2,real_03,Real Rainfall 3,0.1,38,20870752,95,3714.7493473676336,979.1754252842868,4693.924772651921
input_noise,reward5_gci,DQN reward5 GCI,Results_DQN_reward5/model,real,2,real_03,Real Rainfall 3,0.1,39,20870753,95,3113.858942728109,1684.8524265266783,4798.711369254787
input_noise,reward5_gci,DQN reward5 GCI,Results_DQN_reward5/model,real,2,real_03,Real Rainfall 3,0.1,40,20870754,95,2934.725723180497,2160.201985902543,5094.92770908304
input_noise,reward5_gci,DQN reward5 GCI,Results_DQN_reward5/model,real,2,real_03,Real Rainfall 3,0.1,41,20870755,95,2865.342287540196,2550.11707993284,5415.459367473037
input_noise,reward5_gci,DQN reward5 GCI,Results_DQN_reward5/model,real,2,real_03,Real Rainfall 3,0.1,42,20870756,95,3132.3362941810647,1665.0565348717694,4797.392829052834
input_noise,reward5_gci,DQN reward5 GCI,Results_DQN_reward5/model,real,2,real_03,Real Rainfall 3,0.1,43,20870757,95,3100.1900116673146,1699.4548132218342,4799.644824889148
input_noise,reward5_gci,DQN reward5 GCI,Results_DQN_reward5/model,real,2,real_03,Real Rainfall 3,0.1,44,20870758,95,3132.3362941810647,1665.0565348717694,4797.392829052834
input_noise,reward5_gci,DQN reward5 GCI,Results_DQN_reward5/model,real,2,real_03,Real Rainfall 3,0.1,45,20870759,95,3708.6073282199463,979.3985881577065,4688.005916377653
input_noise,reward5_gci,DQN reward5 GCI,Results_DQN_reward5/model,real,2,real_03,Real Rainfall 3,0.1,46,20870760,95,2365.67419303675,2914.537229693257,5280.211422730006
input_noise,reward5_gci,DQN reward5 GCI,Results_DQN_reward5/model,real,2,real_03,Real Rainfall 3,0.1,47,20870761,95,3793.1784446298443,774.8655429265878,4568.043987556432
input_noise,reward5_gci,DQN reward5 GCI,Results_DQN_reward5/model,real,2,real_03,Real Rainfall 3,0.1,48,20870762,95,3052.8446161020815,2078.9846854766847,5131.829301578766
input_noise,reward5_gci,DQN reward5 GCI,Results_DQN_reward5/model,real,2,real_03,Real Rainfall 3,0.1,49,20870763,95,2782.274692831485,2655.1471887803664,5437.421881611852
input_noise,reward5_gci,DQN reward5 GCI,Results_DQN_reward5/model,real,3,real_04,Real Rainfall 4,0.05,0,20965714,95,2945.60891445522,979.0401101338989,3924.649024589119
input_noise,reward5_gci,DQN reward5 GCI,Results_DQN_reward5/model,real,3,real_04,Real Rainfall 4,0.05,1,20965715,95,2945.60891445522,979.0401101338989,3924.649024589119
input_noise,reward5_gci,DQN reward5 GCI,Results_DQN_reward5/model,real,3,real_04,Real Rainfall 4,0.05,2,20965716,95,2945.60891445522,979.0401101338989,3924.649024589119
input_noise,reward5_gci,DQN reward5 GCI,Results_DQN_reward5/model,real,3,real_04,Real Rainfall 4,0.05,3,20965717,95,2945.60891445522,979.0401101338989,3924.649024589119
input_noise,reward5_gci,DQN reward5 GCI,Results_DQN_reward5/model,real,3,real_04,Real Rainfall 4,0.05,4,20965718,95,2545.1884546046317,1461.1002530467283,4006.28870765136
input_noise,reward5_gci,DQN reward5 GCI,Results_DQN_reward5/model,real,3,real_04,Real Rainfall 4,0.05,5,20965719,95,2945.60891445522,979.0401101338989,3924.649024589119
input_noise,reward5_gci,DQN reward5 GCI,Results_DQN_reward5/model,real,3,real_04,Real Rainfall 4,0.05,6,20965720,95,2945.0991541114245,774.4782889104866,3719.577443021911
input_noise,reward5_gci,DQN reward5 GCI,Results_DQN_reward5/model,real,3,real_04,Real Rainfall 4,0.05,7,20965721,95,2945.60891445522,979.0401101338989,3924.649024589119
input_noise,reward5_gci,DQN reward5 GCI,Results_DQN_reward5/model,real,3,real_04,Real Rainfall 4,0.05,8,20965722,95,2945.60891445522,979.0401101338989,3924.649024589119
input_noise,reward5_gci,DQN reward5 GCI,Results_DQN_reward5/model,real,3,real_04,Real Rainfall 4,0.05,9,20965723,95,2945.60891445522,979.0401101338989,3924.649024589119
input_noise,reward5_gci,DQN reward5 GCI,Results_DQN_reward5/model,real,3,real_04,Real Rainfall 4,0.05,10,20965724,95,2944.757797624157,774.5070616919701,3719.264859316127
input_noise,reward5_gci,DQN reward5 GCI,Results_DQN_reward5/model,real,3,real_04,Real Rainfall 4,0.05,11,20965725,95,2945.148274308889,979.1754252842868,3924.3236995931757
input_noise,reward5_gci,DQN reward5 GCI,Results_DQN_reward5/model,real,3,real_04,Real Rainfall 4,0.05,12,20965726,95,2479.272750875091,1667.4152178773923,4146.687968752483
input_noise,reward5_gci,DQN reward5 GCI,Results_DQN_reward5/model,real,3,real_04,Real Rainfall 4,0.05,13,20965727,95,2945.60891445522,979.0401101338989,3924.649024589119
input_noise,reward5_gci,DQN reward5 GCI,Results_DQN_reward5/model,real,3,real_04,Real Rainfall 4,0.05,14,20965728,95,2945.0648588251643,570.1773029659062,3515.2421617910704
input_noise,reward5_gci,DQN reward5 GCI,Results_DQN_reward5/model,real,3,real_04,Real Rainfall 4,0.05,15,20965729,95,2945.60891445522,979.0401101338989,3924.649024589119
input_noise,reward5_gci,DQN reward5 GCI,Results_DQN_reward5/model,real,3,real_04,Real Rainfall 4,0.05,16,20965730,95,2945.60891445522,979.0401101338989,3924.649024589119
input_noise,reward5_gci,DQN reward5 GCI,Results_DQN_reward5/model,real,3,real_04,Real Rainfall 4,0.05,17,20965731,95,2945.60891445522,979.0401101338989,3924.649024589119
input_noise,reward5_gci,DQN reward5 GCI,Results_DQN_reward5/model,real,3,real_04,Real Rainfall 4,0.05,18,20965732,95,2945.60891445522,979.0401101338989,3924.649024589119
input_noise,reward5_gci,DQN reward5 GCI,Results_DQN_reward5/model,real,3,real_04,Real Rainfall 4,0.05,19,20965733,95,2945.60891445522,979.0401101338989,3924.649024589119
input_noise,reward5_gci,DQN reward5 GCI,Results_DQN_reward5/model,real,3,real_04,Real Rainfall 4,0.05,20,20965734,95,2945.60891445522,979.0401101338989,3924.649024589119
input_noise,reward5_gci,DQN reward5 GCI,Results_DQN_reward5/model,real,3,real_04,Real Rainfall 4,0.05,21,20965735,95,2945.60891445522,979.0401101338989,3924.649024589119
input_noise,reward5_gci,DQN reward5 GCI,Results_DQN_reward5/model,real,3,real_04,Real Rainfall 4,0.05,22,20965736,95,2945.60891445522,979.0401101338989,3924.649024589119
input_noise,reward5_gci,DQN reward5 GCI,Results_DQN_reward5/model,real,3,real_04,Real Rainfall 4,0.05,23,20965737,95,2945.60891445522,979.0401101338989,3924.649024589119
input_noise,reward5_gci,DQN reward5 GCI,Results_DQN_reward5/model,real,3,real_04,Real Rainfall 4,0.05,24,20965738,95,2944.757797624157,774.5070616919701,3719.264859316127
input_noise,reward5_gci,DQN reward5 GCI,Results_DQN_reward5/model,real,3,real_04,Real Rainfall 4,0.05,25,20965739,95,2945.60891445522,979.0401101338989,3924.649024589119
input_noise,reward5_gci,DQN reward5 GCI,Results_DQN_reward5/model,real,3,real_04,Real Rainfall 4,0.05,26,20965740,95,2945.60891445522,979.0401101338989,3924.649024589119
input_noise,reward5_gci,DQN reward5 GCI,Results_DQN_reward5/model,real,3,real_04,Real Rainfall 4,0.05,27,20965741,95,2945.60891445522,979.0401101338989,3924.649024589119
input_noise,reward5_gci,DQN reward5 GCI,Results_DQN_reward5/model,real,3,real_04,Real Rainfall 4,0.05,28,20965742,95,2945.60891445522,979.0401101338989,3924.649024589119
input_noise,reward5_gci,DQN reward5 GCI,Results_DQN_reward5/model,real,3,real_04,Real Rainfall 4,0.05,29,20965743,95,2945.60891445522,979.0401101338989,3924.649024589119
input_noise,reward5_gci,DQN reward5 GCI,Results_DQN_reward5/model,real,3,real_04,Real Rainfall 4,0.05,30,20965744,95,2945.60891445522,979.0401101338989,3924.649024589119
input_noise,reward5_gci,DQN reward5 GCI,Results_DQN_reward5/model,real,3,real_04,Real Rainfall 4,0.05,31,20965745,95,2945.60891445522,979.0401101338989,3924.649024589119
input_noise,reward5_gci,DQN reward5 GCI,Results_DQN_reward5/model,real,3,real_04,Real Rainfall 4,0.05,32,20965746,95,2945.60891445522,979.0401101338989,3924.649024589119
input_noise,reward5_gci,DQN reward5 GCI,Results_DQN_reward5/model,real,3,real_04,Real Rainfall 4,0.05,33,20965747,95,2945.0991541114245,774.4782889104866,3719.577443021911
input_noise,reward5_gci,DQN reward5 GCI,Results_DQN_reward5/model,real,3,real_04,Real Rainfall 4,0.05,34,20965748,95,2945.0991541114245,774.4782889104866,3719.577443021911
input_noise,reward5_gci,DQN reward5 GCI,Results_DQN_reward5/model,real,3,real_04,Real Rainfall 4,0.05,35,20965749,95,2945.60891445522,979.0401101338989,3924.649024589119
input_noise,reward5_gci,DQN reward5 GCI,Results_DQN_reward5/model,real,3,real_04,Real Rainfall 4,0.05,36,20965750,95,2945.60891445522,979.0401101338989,3924.649024589119
input_noise,reward5_gci,DQN reward5 GCI,Results_DQN_reward5/model,real,3,real_04,Real Rainfall 4,0.05,37,20965751,95,2945.60891445522,979.0401101338989,3924.649024589119
input_noise,reward5_gci,DQN reward5 GCI,Results_DQN_reward5/model,real,3,real_04,Real Rainfall 4,0.05,38,20965752,95,2945.60891445522,979.0401101338989,3924.649024589119
input_noise,reward5_gci,DQN reward5 GCI,Results_DQN_reward5/model,real,3,real_04,Real Rainfall 4,0.05,39,20965753,95,2945.60891445522,979.0401101338989,3924.649024589119
input_noise,reward5_gci,DQN reward5 GCI,Results_DQN_reward5/model,real,3,real_04,Real Rainfall 4,0.05,40,20965754,95,2945.60891445522,979.0401101338989,3924.649024589119
input_noise,reward5_gci,DQN reward5 GCI,Results_DQN_reward5/model,real,3,real_04,Real Rainfall 4,0.05,41,20965755,95,2945.60891445522,979.0401101338989,3924.649024589119
input_noise,reward5_gci,DQN reward5 GCI,Results_DQN_reward5/model,real,3,real_04,Real Rainfall 4,0.05,42,20965756,95,2945.60891445522,979.0401101338989,3924.649024589119
input_noise,reward5_gci,DQN reward5 GCI,Results_DQN_reward5/model,real,3,real_04,Real Rainfall 4,0.05,43,20965757,95,2945.60891445522,979.0401101338989,3924.649024589119
input_noise,reward5_gci,DQN reward5 GCI,Results_DQN_reward5/model,real,3,real_04,Real Rainfall 4,0.05,44,20965758,95,2205.3544569573255,2316.7364359987378,4522.090892956063
input_noise,reward5_gci,DQN reward5 GCI,Results_DQN_reward5/model,real,3,real_04,Real Rainfall 4,0.05,45,20965759,95,2945.60891445522,979.0401101338989,3924.649024589119
input_noise,reward5_gci,DQN reward5 GCI,Results_DQN_reward5/model,real,3,real_04,Real Rainfall 4,0.05,46,20965760,95,2945.60891445522,979.0401101338989,3924.649024589119
input_noise,reward5_gci,DQN reward5 GCI,Results_DQN_reward5/model,real,3,real_04,Real Rainfall 4,0.05,47,20965761,95,2945.60891445522,979.0401101338989,3924.649024589119
input_noise,reward5_gci,DQN reward5 GCI,Results_DQN_reward5/model,real,3,real_04,Real Rainfall 4,0.05,48,20965762,95,2545.1884546046317,1461.1002530467283,4006.28870765136
input_noise,reward5_gci,DQN reward5 GCI,Results_DQN_reward5/model,real,3,real_04,Real Rainfall 4,0.05,49,20965763,95,2205.3544569573255,2316.7364359987378,4522.090892956063
input_noise,reward5_gci,DQN reward5 GCI,Results_DQN_reward5/model,real,3,real_04,Real Rainfall 4,0.1,0,20970714,95,2405.707428038157,1516.491536273587,3922.198964311744
input_noise,reward5_gci,DQN reward5 GCI,Results_DQN_reward5/model,real,3,real_04,Real Rainfall 4,0.1,1,20970715,95,2391.9750227609416,1731.9309004513502,4123.905923212292
input_noise,reward5_gci,DQN reward5 GCI,Results_DQN_reward5/model,real,3,real_04,Real Rainfall 4,0.1,2,20970716,95,2945.148274308889,979.1754252842868,3924.3236995931757
input_noise,reward5_gci,DQN reward5 GCI,Results_DQN_reward5/model,real,3,real_04,Real Rainfall 4,0.1,3,20970717,95,2945.60891445522,979.0401101338989,3924.649024589119
input_noise,reward5_gci,DQN reward5 GCI,Results_DQN_reward5/model,real,3,real_04,Real Rainfall 4,0.1,4,20970718,95,1413.0996447806438,3223.3217261557256,4636.421370936369
input_noise,reward5_gci,DQN reward5 GCI,Results_DQN_reward5/model,real,3,real_04,Real Rainfall 4,0.1,5,20970719,95,2945.148274308889,979.1754252842868,3924.3236995931757
input_noise,reward5_gci,DQN reward5 GCI,Results_DQN_reward5/model,real,3,real_04,Real Rainfall 4,0.1,6,20970720,95,1962.848820897224,2774.2414094144115,4737.090230311635
input_noise,reward5_gci,DQN reward5 GCI,Results_DQN_reward5/model,real,3,real_04,Real Rainfall 4,0.1,7,20970721,95,2945.148274308889,979.1754252842868,3924.3236995931757
input_noise,reward5_gci,DQN reward5 GCI,Results_DQN_reward5/model,real,3,real_04,Real Rainfall 4,0.1,8,20970722,95,1731.7302584840932,4465.094429700232,6196.824688184324
input_noise,reward5_gci,DQN reward5 GCI,Results_DQN_reward5/model,real,3,real_04,Real Rainfall 4,0.1,9,20970723,95,2945.60891445522,979.0401101338989,3924.649024589119
input_noise,reward5_gci,DQN reward5 GCI,Results_DQN_reward5/model,real,3,real_04,Real Rainfall 4,0.1,10,20970724,95,1844.8317607112074,3261.655240136251,5106.487000847458
input_noise,reward5_gci,DQN reward5 GCI,Results_DQN_reward5/model,real,3,real_04,Real Rainfall 4,0.1,11,20970725,95,2179.7371582185533,2052.8884705463433,4232.625628764897
input_noise,reward5_gci,DQN reward5 GCI,Results_DQN_reward5/model,real,3,real_04,Real Rainfall 4,0.1,12,20970726,95,2945.60891445522,979.0401101338989,3924.649024589119
input_noise,reward5_gci,DQN reward5 GCI,Results_DQN_reward5/model,real,3,real_04,Real Rainfall 4,0.1,13,20970727,95,2454.205364620116,1671.889929442146,4126.095294062262
input_noise,reward5_gci,DQN reward5 GCI,Results_DQN_reward5/model,real,3,real_04,Real Rainfall 4,0.1,14,20970728,95,2021.5017639959035,2499.2842916848467,4520.78605568075
input_noise,reward5_gci,DQN reward5 GCI,Results_DQN_reward5/model,real,3,real_04,Real Rainfall 4,0.1,15,20970729,95,2945.60891445522,979.0401101338989,3924.649024589119
input_noise,reward5_gci,DQN reward5 GCI,Results_DQN_reward5/model,real,3,real_04,Real Rainfall 4,0.1,16,20970730,95,2157.808985993774,2229.418729014744,4387.227715008517
input_noise,reward5_gci,DQN reward5 GCI,Results_DQN_reward5/model,real,3,real_04,Real Rainfall 4,0.1,17,20970731,95,722.3662535541708,5185.950985623967,5908.317239178138
input_noise,reward5_gci,DQN reward5 GCI,Results_DQN_reward5/model,real,3,real_04,Real Rainfall 4,0.1,18,20970732,95,1886.1805491752227,2807.6248287394205,4693.805377914643
input_noise,reward5_gci,DQN reward5 GCI,Results_DQN_reward5/model,real,3,real_04,Real Rainfall 4,0.1,19,20970733,95,2441.425989929054,1478.899550243806,3920.32554017286
input_noise,reward5_gci,DQN reward5 GCI,Results_DQN_reward5/model,real,3,real_04,Real Rainfall 4,0.1,20,20970734,95,1939.654829611032,3124.852587916875,5064.507417527907
input_noise,reward5_gci,DQN reward5 GCI,Results_DQN_reward5/model,real,3,real_04,Real Rainfall 4,0.1,21,20970735,95,2066.5979803050773,2164.649470907821,4231.247451212898
input_noise,reward5_gci,DQN reward5 GCI,Results_DQN_reward5/model,real,3,real_04,Real Rainfall 4,0.1,22,20970736,95,1501.1142515201705,3222.6741067621247,4723.788358282295
input_noise,reward5_gci,DQN reward5 GCI,Results_DQN_reward5/model,real,3,real_04,Real Rainfall 4,0.1,23,20970737,95,1259.8022740599183,4428.970745264654,5688.7730193245725
input_noise,reward5_gci,DQN reward5 GCI,Results_DQN_reward5/model,real,3,real_04,Real Rainfall 4,0.1,24,20970738,95,2945.0991541114245,774.4782889104866,3719.577443021911
input_noise,reward5_gci,DQN reward5 GCI,Results_DQN_reward5/model,real,3,real_04,Real Rainfall 4,0.1,25,20970739,95,1832.8850477029507,2221.9202799387067,4054.8053276416576
input_noise,reward5_gci,DQN reward5 GCI,Results_DQN_reward5/model,real,3,real_04,Real Rainfall 4,0.1,26,20970740,95,2456.0930392195855,1672.2527223924087,4128.345761611994
input_noise,reward5_gci,DQN reward5 GCI,Results_DQN_reward5/model,real,3,real_04,Real Rainfall 4,0.1,27,20970741,95,2947.4924294445873,979.3985881577065,3926.8910176022937
input_noise,reward5_gci,DQN reward5 GCI,Results_DQN_reward5/model,real,3,real_04,Real Rainfall 4,0.1,28,20970742,95,1007.7732581425499,4911.809760293441,5919.583018435991
input_noise,reward5_gci,DQN reward5 GCI,Results_DQN_reward5/model,real,3,real_04,Real Rainfall 4,0.1,29,20970743,95,2945.60891445522,979.0401101338989,3924.649024589119
input_noise,reward5_gci,DQN reward5 GCI,Results_DQN_reward5/model,real,3,real_04,Real Rainfall 4,0.1,30,20970744,95,1846.4072410868762,2209.315168657704,4055.72240974458
input_noise,reward5_gci,DQN reward5 GCI,Results_DQN_reward5/model,real,3,real_04,Real Rainfall 4,0.1,31,20970745,95,1724.2094267489806,3651.9264522410376,5376.135878990019
input_noise,reward5_gci,DQN reward5 GCI,Results_DQN_reward5/model,real,3,real_04,Real Rainfall 4,0.1,32,20970746,95,2947.4924294445873,979.3985881577065,3926.8910176022937
input_noise,reward5_gci,DQN reward5 GCI,Results_DQN_reward5/model,real,3,real_04,Real Rainfall 4,0.1,33,20970747,95,2436.9651865302094,1486.6595687455913,3923.6247552758005
input_noise,reward5_gci,DQN reward5 GCI,Results_DQN_reward5/model,real,3,real_04,Real Rainfall 4,0.1,34,20970748,95,2945.0648588251643,570.1773029659062,3515.2421617910704
input_noise,reward5_gci,DQN reward5 GCI,Results_DQN_reward5/model,real,3,real_04,Real Rainfall 4,0.1,35,20970749,95,2257.8491060172983,2347.75537763828,4605.604483655578
input_noise,reward5_gci,DQN reward5 GCI,Results_DQN_reward5/model,real,3,real_04,Real Rainfall 4,0.1,36,20970750,95,2479.272750875091,1667.4152178773923,4146.687968752483
input_noise,reward5_gci,DQN reward5 GCI,Results_DQN_reward5/model,real,3,real_04,Real Rainfall 4,0.1,37,20970751,95,2945.148274308889,979.1754252842868,3924.3236995931757
input_noise,reward5_gci,DQN reward5 GCI,Results_DQN_reward5/model,real,3,real_04,Real Rainfall 4,0.1,38,20970752,95,1897.1249986378189,2848.5740872921047,4745.699085929924
input_noise,reward5_gci,DQN reward5 GCI,Results_DQN_reward5/model,real,3,real_04,Real Rainfall 4,0.1,39,20970753,95,1926.9872908406346,1992.1443460549524,3919.131636895587
input_noise,reward5_gci,DQN reward5 GCI,Results_DQN_reward5/model,real,3,real_04,Real Rainfall 4,0.1,40,20970754,95,1564.6646260686823,3036.473179301233,4601.137805369915
input_noise,reward5_gci,DQN reward5 GCI,Results_DQN_reward5/model,real,3,real_04,Real Rainfall 4,0.1,41,20970755,95,1317.6810233051906,3629.9584547908025,4947.639478095993
input_noise,reward5_gci,DQN reward5 GCI,Results_DQN_reward5/model,real,3,real_04,Real Rainfall 4,0.1,42,20970756,95,2437.1215787646006,1692.5372705993118,4129.658849363912
input_noise,reward5_gci,DQN reward5 GCI,Results_DQN_reward5/model,real,3,real_04,Real Rainfall 4,0.1,43,20970757,95,2415.2340957162864,1711.6515298883005,4126.885625604587
input_noise,reward5_gci,DQN reward5 GCI,Results_DQN_reward5/model,real,3,real_04,Real Rainfall 4,0.1,44,20970758,95,2945.148274308889,979.1754252842868,3924.3236995931757
input_noise,reward5_gci,DQN reward5 GCI,Results_DQN_reward5/model,real,3,real_04,Real Rainfall 4,0.1,45,20970759,95,2945.60891445522,979.0401101338989,3924.649024589119
input_noise,reward5_gci,DQN reward5 GCI,Results_DQN_reward5/model,real,3,real_04,Real Rainfall 4,0.1,46,20970760,95,2262.162818062616,2162.9321365224523,4425.094954585069
input_noise,reward5_gci,DQN reward5 GCI,Results_DQN_reward5/model,real,3,real_04,Real Rainfall 4,0.1,47,20970761,95,2391.5595637505926,1528.9652652936288,3920.5248290442214
input_noise,reward5_gci,DQN reward5 GCI,Results_DQN_reward5/model,real,3,real_04,Real Rainfall 4,0.1,48,20970762,95,2436.4222729063376,1692.6082875729785,4129.030560479316
input_noise,reward5_gci,DQN reward5 GCI,Results_DQN_reward5/model,real,3,real_04,Real Rainfall 4,0.1,49,20970763,95,2467.4088356568514,1658.2558467348174,4125.664682391669
