script_type,model_key,model_label,model_dir,source,rain_id,event_label,event_title,delta,repeat_index,seed,num_steps,final_flooding,final_cso,total_overflow
input_noise,reward3_gienv,DQN reward3 GIenv,Results_DQN_reward3_train_GI_o/model,design,70,design_21,Design Rainfall 21,0.05,0,20265714,95,1221.529764212985,577.6074126266482,1799.137176839633
input_noise,reward3_gienv,DQN reward3 GIenv,Results_DQN_reward3_train_GI_o/model,design,70,design_21,Design Rainfall 21,0.05,1,20265715,95,1294.6393055187993,577.6074126266482,1872.2467181454476
input_noise,reward3_gienv,DQN reward3 GIenv,Results_DQN_reward3_train_GI_o/model,design,70,design_21,Design Rainfall 21,0.05,2,20265716,95,1220.4781733584557,782.5516618225375,2003.0298351809934
input_noise,reward3_gienv,DQN reward3 GIenv,Results_DQN_reward3_train_GI_o/model,design,70,design_21,Design Rainfall 21,0.05,3,20265717,95,1221.5411843480106,577.6074126266482,1799.1485969746586
input_noise,reward3_gienv,DQN reward3 GIenv,Results_DQN_reward3_train_GI_o/model,design,70,design_21,Design Rainfall 21,0.05,4,20265718,95,1295.8408036481453,576.8083490565313,1872.6491527046765
input_noise,reward3_gienv,DQN reward3 GIenv,Results_DQN_reward3_train_GI_o/model,design,70,design_21,Design Rainfall 21,0.05,5,20265719,95,1027.06612213573,875.4339831279367,1902.5001052636667
input_noise,reward3_gienv,DQN reward3 GIenv,Results_DQN_reward3_train_GI_o/model,design,70,design_21,Design Rainfall 21,0.05,6,20265720,95,1294.6393055187993,577.6074126266482,1872.2467181454476
input_noise,reward3_gienv,DQN reward3 GIenv,Results_DQN_reward3_train_GI_o/model,design,70,design_21,Design Rainfall 21,0.05,7,20265721,95,1227.5532005934967,577.6074126266482,1805.160613220145
input_noise,reward3_gienv,DQN reward3 GIenv,Results_DQN_reward3_train_GI_o/model,design,70,design_21,Design Rainfall 21,0.05,8,20265722,95,1049.456762103634,1489.1661670539909,2538.6229291576246
input_noise,reward3_gienv,DQN reward3 GIenv,Results_DQN_reward3_train_GI_o/model,design,70,design_21,Design Rainfall 21,0.05,9,20265723,95,1290.3500016419403,577.6074126266482,1867.9574142685883
input_noise,reward3_gienv,DQN reward3 GIenv,Results_DQN_reward3_train_GI_o/model,design,70,design_21,Design Rainfall 21,0.05,10,20265724,95,1294.6393055187993,577.6074126266482,1872.2467181454476
input_noise,reward3_gienv,DQN reward3 GIenv,Results_DQN_reward3_train_GI_o/model,design,70,design_21,Design Rainfall 21,0.05,11,20265725,95,1294.6393055187993,577.6074126266482,1872.2467181454476
input_noise,reward3_gienv,DQN reward3 GIenv,Results_DQN_reward3_train_GI_o/model,design,70,design_21,Design Rainfall 21,0.05,12,20265726,95,1294.6393055187993,577.6074126266482,1872.2467181454476
input_noise,reward3_gienv,DQN reward3 GIenv,Results_DQN_reward3_train_GI_o/model,design,70,design_21,Design Rainfall 21,0.05,13,20265727,95,1065.4581701841923,1285.8475320629964,2351.3057022471885
input_noise,reward3_gienv,DQN reward3 GIenv,Results_DQN_reward3_train_GI_o/model,design,70,design_21,Design Rainfall 21,0.05,14,20265728,95,1294.6393055187993,577.6074126266482,1872.2467181454476
input_noise,reward3_gienv,DQN reward3 GIenv,Results_DQN_reward3_train_GI_o/model,design,70,design_21,Design Rainfall 21,0.05,15,20265729,95,1295.8408036481453,576.8083490565313,1872.6491527046765
input_noise,reward3_gienv,DQN reward3 GIenv,Results_DQN_reward3_train_GI_o/model,design,70,design_21,Design Rainfall 21,0.05,16,20265730,95,1294.6393055187993,577.6074126266482,1872.2467181454476
input_noise,reward3_gienv,DQN reward3 GIenv,Results_DQN_reward3_train_GI_o/model,design,70,design_21,Design Rainfall 21,0.05,17,20265731,95,1294.6393055187993,577.6074126266482,1872.2467181454476
input_noise,reward3_gienv,DQN reward3 GIenv,Results_DQN_reward3_train_GI_o/model,design,70,design_21,Design Rainfall 21,0.05,18,20265732,95,1227.5532005934967,577.6074126266482,1805.160613220145
input_noise,reward3_gienv,DQN reward3 GIenv,Results_DQN_reward3_train_GI_o/model,design,70,design_21,Design Rainfall 21,0.05,19,20265733,95,888.1967259061736,1076.203138342734,1964.3998642489078
input_noise,reward3_gienv,DQN reward3 GIenv,Results_DQN_reward3_train_GI_o/model,design,70,design_21,Design Rainfall 21,0.05,20,20265734,95,1294.6393055187993,577.6074126266482,1872.2467181454476
input_noise,reward3_gienv,DQN reward3 GIenv,Results_DQN_reward3_train_GI_o/model,design,70,design_21,Design Rainfall 21,0.05,21,20265735,95,1049.456762103634,1489.1661670539909,2538.6229291576246
input_noise,reward3_gienv,DQN reward3 GIenv,Results_DQN_reward3_train_GI_o/model,design,70,design_21,Design Rainfall 21,0.05,22,20265736,95,1294.6393055187993,577.6074126266482,1872.2467181454476
input_noise,reward3_gienv,DQN reward3 GIenv,Results_DQN_reward3_train_GI_o/model,design,70,design_21,Design Rainfall 21,0.05,23,20265737,95,1049.456762103634,1489.1661670539909,2538.6229291576246
input_noise,reward3_gienv,DQN reward3 GIenv,Results_DQN_reward3_train_GI_o/model,design,70,design_21,Design Rainfall 21,0.05,24,20265738,95,1154.306648352905,782.2210548005911,1936.527703153496
input_noise,reward3_gienv,DQN reward3 GIenv,Results_DQN_reward3_train_GI_o/model,design,70,design_21,Design Rainfall 21,0.05,25,20265739,95,1290.0916482253083,577.6074126266482,1867.6990608519563
input_noise,reward3_gienv,DQN reward3 GIenv,Results_DQN_reward3_train_GI_o/model,design,70,design_21,Design Rainfall 21,0.05,26,20265740,95,1220.4781733584557,782.5516618225375,2003.0298351809934
input_noise,reward3_gienv,DQN reward3 GIenv,Results_DQN_reward3_train_GI_o/model,design,70,design_21,Design Rainfall 21,0.05,27,20265741,95,1294.6393055187993,577.6074126266482,1872.2467181454476
input_noise,reward3_gienv,DQN reward3 GIenv,Results_DQN_reward3_train_GI_o/model,design,70,design_21,Design Rainfall 21,0.05,28,20265742,95,1221.9215524557496,781.568720697402,2003.4902731531515
input_noise,reward3_gienv,DQN reward3 GIenv,Results_DQN_reward3_train_GI_o/model,design,70,design_21,Design Rainfall 21,0.05,29,20265743,95,1295.8408036481453,576.8083490565313,1872.6491527046765
input_noise,reward3_gienv,DQN reward3 GIenv,Results_DQN_reward3_train_GI_o/model,design,70,design_21,Design Rainfall 21,0.05,30,20265744,95,1220.9533172118581,986.8736320990339,2207.826949310892
input_noise,reward3_gienv,DQN reward3 GIenv,Results_DQN_reward3_train_GI_o/model,design,70,design_21,Design Rainfall 21,0.05,31,20265745,95,1294.7167164559403,577.6074126266482,1872.3241290825886
input_noise,reward3_gienv,DQN reward3 GIenv,Results_DQN_reward3_train_GI_o/model,design,70,design_21,Design Rainfall 21,0.05,32,20265746,95,1148.0577562653211,781.568720697402,1929.6264769627232
input_noise,reward3_gienv,DQN reward3 GIenv,Results_DQN_reward3_train_GI_o/model,design,70,design_21,Design Rainfall 21,0.05,33,20265747,95,1294.6393055187993,577.6074126266482,1872.2467181454476
input_noise,reward3_gienv,DQN reward3 GIenv,Results_DQN_reward3_train_GI_o/model,design,70,design_21,Design Rainfall 21,0.05,34,20265748,95,1151.7316220473763,577.6074126266482,1729.3390346740243
input_noise,reward3_gienv,DQN reward3 GIenv,Results_DQN_reward3_train_GI_o/model,design,70,design_21,Design Rainfall 21,0.05,35,20265749,95,1294.6393055187993,577.6074126266482,1872.2467181454476
input_noise,reward3_gienv,DQN reward3 GIenv,Results_DQN_reward3_train_GI_o/model,design,70,design_21,Design Rainfall 21,0.05,36,20265750,95,1294.6393055187993,577.6074126266482,1872.2467181454476
input_noise,reward3_gienv,DQN reward3 GIenv,Results_DQN_reward3_train_GI_o/model,design,70,design_21,Design Rainfall 21,0.05,37,20265751,95,1294.6393055187993,577.6074126266482,1872.2467181454476
input_noise,reward3_gienv,DQN reward3 GIenv,Results_DQN_reward3_train_GI_o/model,design,70,design_21,Design Rainfall 21,0.05,38,20265752,95,1221.9107915880788,577.6074126266482,1799.5182042147271
input_noise,reward3_gienv,DQN reward3 GIenv,Results_DQN_reward3_train_GI_o/model,design,70,design_21,Design Rainfall 21,0.05,39,20265753,95,1294.6393055187993,577.6074126266482,1872.2467181454476
input_noise,reward3_gienv,DQN reward3 GIenv,Results_DQN_reward3_train_GI_o/model,design,70,design_21,Design Rainfall 21,0.05,40,20265754,95,1294.6393055187993,577.6074126266482,1872.2467181454476
input_noise,reward3_gienv,DQN reward3 GIenv,Results_DQN_reward3_train_GI_o/model,design,70,design_21,Design Rainfall 21,0.05,41,20265755,95,1048.72572796753,1490.6865231850952,2539.4122511526252
input_noise,reward3_gienv,DQN reward3 GIenv,Results_DQN_reward3_train_GI_o/model,design,70,design_21,Design Rainfall 21,0.05,42,20265756,95,1294.7167164559403,577.6074126266482,1872.3241290825886
input_noise,reward3_gienv,DQN reward3 GIenv,Results_DQN_reward3_train_GI_o/model,design,70,design_21,Design Rainfall 21,0.05,43,20265757,95,1294.6393055187993,577.6074126266482,1872.2467181454476
input_noise,reward3_gienv,DQN reward3 GIenv,Results_DQN_reward3_train_GI_o/model,design,70,design_21,Design Rainfall 21,0.05,44,20265758,95,1295.8408036481453,576.8083490565313,1872.6491527046765
input_noise,reward3_gienv,DQN reward3 GIenv,Results_DQN_reward3_train_GI_o/model,design,70,design_21,Design Rainfall 21,0.05,45,20265759,95,1295.8408036481453,576.8083490565313,1872.6491527046765
input_noise,reward3_gienv,DQN reward3 GIenv,Results_DQN_reward3_train_GI_o/model,design,70,design_21,Design Rainfall 21,0.05,46,20265760,95,1295.8408036481453,576.8083490565313,1872.6491527046765
input_noise,reward3_gienv,DQN reward3 GIenv,Results_DQN_reward3_train_GI_o/model,design,70,design_21,Design Rainfall 21,0.05,47,20265761,95,1295.8408036481453,576.8083490565313,1872.6491527046765
input_noise,reward3_gienv,DQN reward3 GIenv,Results_DQN_reward3_train_GI_o/model,design,70,design_21,Design Rainfall 21,0.05,48,20265762,95,1294.6393055187993,577.6074126266482,1872.2467181454476
input_noise,reward3_gienv,DQN reward3 GIenv,Results_DQN_reward3_train_GI_o/model,design,70,design_21,Design Rainfall 21,0.05,49,20265763,95,1019.9236544246805,876.8401320843938,1896.7637865090742
input_noise,reward3_gienv,DQN reward3 GIenv,Results_DQN_reward3_train_GI_o/model,design,70,design_21,Design Rainfall 21,0.1,0,20270714,95,1294.6393055187993,577.6074126266482,1872.2467181454476
input_noise,reward3_gienv,DQN reward3 GIenv,Results_DQN_reward3_train_GI_o/model,design,70,design_21,Design Rainfall 21,0.1,1,20270715,95,1295.6129361950773,781.9266506137068,2077.539586808784
input_noise,reward3_gienv,DQN reward3 GIenv,Results_DQN_reward3_train_GI_o/model,design,70,design_21,Design Rainfall 21,0.1,2,20270716,95,762.4844753210573,1525.7152417906923,2288.1997171117496
input_noise,reward3_gienv,DQN reward3 GIenv,Results_DQN_reward3_train_GI_o/model,design,70,design_21,Design Rainfall 21,0.1,3,20270717,95,1105.5973353967424,986.8583940612834,2092.455729458026
input_noise,reward3_gienv,DQN reward3 GIenv,Results_DQN_reward3_train_GI_o/model,design,70,design_21,Design Rainfall 21,0.1,4,20270718,95,1294.6393055187993,577.6074126266482,1872.2467181454476
input_noise,reward3_gienv,DQN reward3 GIenv,Results_DQN_reward3_train_GI_o/model,design,70,design_21,Design Rainfall 21,0.1,5,20270719,95,1218.6566325966069,782.5537110396157,2001.2103436362227
input_noise,reward3_gienv,DQN reward3 GIenv,Results_DQN_reward3_train_GI_o/model,design,70,design_21,Design Rainfall 21,0.1,6,20270720,95,1229.7927772081187,781.9266506137068,2011.7194278218253
input_noise,reward3_gienv,DQN reward3 GIenv,Results_DQN_reward3_train_GI_o/model,design,70,design_21,Design Rainfall 21,0.1,7,20270721,95,1004.1493669273958,1283.8695976782233,2288.018964605619
input_noise,reward3_gienv,DQN reward3 GIenv,Results_DQN_reward3_train_GI_o/model,design,70,design_21,Design Rainfall 21,0.1,8,20270722,95,1294.6393055187993,577.6074126266482,1872.2467181454476
input_noise,reward3_gienv,DQN reward3 GIenv,Results_DQN_reward3_train_GI_o/model,design,70,design_21,Design Rainfall 21,0.1,9,20270723,95,1180.9536416549406,783.0257140399332,1963.979355694874
input_noise,reward3_gienv,DQN reward3 GIenv,Results_DQN_reward3_train_GI_o/model,design,70,design_21,Design Rainfall 21,0.1,10,20270724,95,888.1967259061736,1076.203138342734,1964.3998642489078
input_noise,reward3_gienv,DQN reward3 GIenv,Results_DQN_reward3_train_GI_o/model,design,70,design_21,Design Rainfall 21,0.1,11,20270725,95,1294.6393055187993,577.6074126266482,1872.2467181454476
input_noise,reward3_gienv,DQN reward3 GIenv,Results_DQN_reward3_train_GI_o/model,design,70,design_21,Design Rainfall 21,0.1,12,20270726,95,983.2240092158258,1060.316391918493,2043.540401134319
input_noise,reward3_gienv,DQN reward3 GIenv,Results_DQN_reward3_train_GI_o/model,design,70,design_21,Design Rainfall 21,0.1,13,20270727,95,1360.7120500842996,577.6074126266482,1938.3194627109478
input_noise,reward3_gienv,DQN reward3 GIenv,Results_DQN_reward3_train_GI_o/model,design,70,design_21,Design Rainfall 21,0.1,14,20270728,95,1294.8581577895263,577.6074126266482,1872.4655704161746
input_noise,reward3_gienv,DQN reward3 GIenv,Results_DQN_reward3_train_GI_o/model,design,70,design_21,Design Rainfall 21,0.1,15,20270729,95,910.0443667136545,1076.203138342734,1986.2475050563885
input_noise,reward3_gienv,DQN reward3 GIenv,Results_DQN_reward3_train_GI_o/model,design,70,design_21,Design Rainfall 21,0.1,16,20270730,95,891.6851839647895,1265.4493384877624,2157.134522452552
input_noise,reward3_gienv,DQN reward3 GIenv,Results_DQN_reward3_train_GI_o/model,design,70,design_21,Design Rainfall 21,0.1,17,20270731,95,1159.2261957689973,781.420283549576,1940.6464793185733
input_noise,reward3_gienv,DQN reward3 GIenv,Results_DQN_reward3_train_GI_o/model,design,70,design_21,Design Rainfall 21,0.1,18,20270732,95,814.0068014545928,1095.5206582149626,1909.5274596695554
input_noise,reward3_gienv,DQN reward3 GIenv,Results_DQN_reward3_train_GI_o/model,design,70,design_21,Design Rainfall 21,0.1,19,20270733,95,762.3532405497845,1329.2044784134325,2091.5577189632168
input_noise,reward3_gienv,DQN reward3 GIenv,Results_DQN_reward3_train_GI_o/model,design,70,design_21,Design Rainfall 21,0.1,20,20270734,95,911.6220327096579,1443.44226734787,2355.064300057528
input_noise,reward3_gienv,DQN reward3 GIenv,Results_DQN_reward3_train_GI_o/model,design,70,design_21,Design Rainfall 21,0.1,21,20270735,95,1215.6550780410403,781.695089083884,1997.3501671249242
input_noise,reward3_gienv,DQN reward3 GIenv,Results_DQN_reward3_train_GI_o/model,design,70,design_21,Design Rainfall 21,0.1,22,20270736,95,928.1955083842905,1540.6600492420907,2468.855557626381
input_noise,reward3_gienv,DQN reward3 GIenv,Results_DQN_reward3_train_GI_o/model,design,70,design_21,Design Rainfall 21,0.1,23,20270737,95,1085.3643158899215,986.441590474071,2071.8059063639926
input_noise,reward3_gienv,DQN reward3 GIenv,Results_DQN_reward3_train_GI_o/model,design,70,design_21,Design Rainfall 21,0.1,24,20270738,95,1294.6393055187993,577.6074126266482,1872.2467181454476
input_noise,reward3_gienv,DQN reward3 GIenv,Results_DQN_reward3_train_GI_o/model,design,70,design_21,Design Rainfall 21,0.1,25,20270739,95,1295.8408036481453,576.8083490565313,1872.6491527046765
input_noise,reward3_gienv,DQN reward3 GIenv,Results_DQN_reward3_train_GI_o/model,design,70,design_21,Design Rainfall 21,0.1,26,20270740,95,1151.7316220473763,577.6074126266482,1729.3390346740243
input_noise,reward3_gienv,DQN reward3 GIenv,Results_DQN_reward3_train_GI_o/model,design,70,design_21,Design Rainfall 21,0.1,27,20270741,95,1154.717347623695,577.6074126266482,1732.3247602503434
input_noise,reward3_gienv,DQN reward3 GIenv,Results_DQN_reward3_train_GI_o/model,design,70,design_21,Design Rainfall 21,0.1,28,20270742,95,1227.6293553252822,781.6100465751437,2009.239401900426
input_noise,reward3_gienv,DQN reward3 GIenv,Results_DQN_reward3_train_GI_o/model,design,70,design_21,Design Rainfall 21,0.1,29,20270743,95,1152.745191926857,781.1224640008948,1933.8676559277517
input_noise,reward3_gienv,DQN reward3 GIenv,Results_DQN_reward3_train_GI_o/model,design,70,design_21,Design Rainfall 21,0.1,30,20270744,95,1174.8515383058045,782.2256258612779,1957.0771641670824
input_noise,reward3_gienv,DQN reward3 GIenv,Results_DQN_reward3_train_GI_o/model,design,70,design_21,Design Rainfall 21,0.1,31,20270745,95,1295.0064569804263,576.8083490565313,1871.8148060369576
input_noise,reward3_gienv,DQN reward3 GIenv,Results_DQN_reward3_train_GI_o/model,design,70,design_21,Design Rainfall 21,0.1,32,20270746,95,911.3532418975873,1389.5034555866082,2300.8566974841956
input_noise,reward3_gienv,DQN reward3 GIenv,Results_DQN_reward3_train_GI_o/model,design,70,design_21,Design Rainfall 21,0.1,33,20270747,95,908.0871319422489,1044.040352802471,1952.1274847447198
input_noise,reward3_gienv,DQN reward3 GIenv,Results_DQN_reward3_train_GI_o/model,design,70,design_21,Design Rainfall 21,0.1,34,20270748,95,1295.6129361950773,781.9266506137068,2077.539586808784
input_noise,reward3_gienv,DQN reward3 GIenv,Results_DQN_reward3_train_GI_o/model,design,70,design_21,Design Rainfall 21,0.1,35,20270749,95,1360.143441121151,577.6074126266482,1937.7508537477993
input_noise,reward3_gienv,DQN reward3 GIenv,Results_DQN_reward3_train_GI_o/model,design,70,design_21,Design Rainfall 21,0.1,36,20270750,95,1077.5381276960452,1347.0955897110025,2424.6337174070477
input_noise,reward3_gienv,DQN reward3 GIenv,Results_DQN_reward3_train_GI_o/model,design,70,design_21,Design Rainfall 21,0.1,37,20270751,95,916.1583790291797,1223.7099178225894,2139.868296851769
input_noise,reward3_gienv,DQN reward3 GIenv,Results_DQN_reward3_train_GI_o/model,design,70,design_21,Design Rainfall 21,0.1,38,20270752,95,1230.4681297887416,985.7887027465076,2216.2568325352495
input_noise,reward3_gienv,DQN reward3 GIenv,Results_DQN_reward3_train_GI_o/model,design,70,design_21,Design Rainfall 21,0.1,39,20270753,95,1294.7546430822752,577.6074126266482,1872.3620557089234
input_noise,reward3_gienv,DQN reward3 GIenv,Results_DQN_reward3_train_GI_o/model,design,70,design_21,Design Rainfall 21,0.1,40,20270754,95,959.7172116462627,1060.3769891439479,2020.0942007902106
input_noise,reward3_gienv,DQN reward3 GIenv,Results_DQN_reward3_train_GI_o/model,design,70,design_21,Design Rainfall 21,0.1,41,20270755,95,1018.8612955124028,1024.4175852173857,2043.2788807297884
input_noise,reward3_gienv,DQN reward3 GIenv,Results_DQN_reward3_train_GI_o/model,design,70,design_21,Design Rainfall 21,0.1,42,20270756,95,1155.0780984731366,782.2470115502475,1937.3251100233842
input_noise,reward3_gienv,DQN reward3 GIenv,Results_DQN_reward3_train_GI_o/model,design,70,design_21,Design Rainfall 21,0.1,43,20270757,95,1221.732040461132,781.446923371592,2003.178963832724
input_noise,reward3_gienv,DQN reward3 GIenv,Results_DQN_reward3_train_GI_o/model,design,70,design_21,Design Rainfall 21,0.1,44,20270758,95,1295.8408036481453,576.8083490565313,1872.6491527046765
input_noise,reward3_gienv,DQN reward3 GIenv,Results_DQN_reward3_train_GI_o/model,design,70,design_21,Design Rainfall 21,0.1,45,20270759,95,254.6697138279085,2290.304708581341,2544.9744224092497
input_noise,reward3_gienv,DQN reward3 GIenv,Results_DQN_reward3_train_GI_o/model,design,70,design_21,Design Rainfall 21,0.1,46,20270760,95,1294.8581577895263,577.6074126266482,1872.4655704161746
input_noise,reward3_gienv,DQN reward3 GIenv,Results_DQN_reward3_train_GI_o/model,design,70,design_21,Design Rainfall 21,0.1,47,20270761,95,888.1967259061736,1076.203138342734,1964.3998642489078
input_noise,reward3_gienv,DQN reward3 GIenv,Results_DQN_reward3_train_GI_o/model,design,70,design_21,Design Rainfall 21,0.1,48,20270762,95,1295.0064569804263,576.8083490565313,1871.8148060369576
input_noise,reward3_gienv,DQN reward3 GIenv,Results_DQN_reward3_train_GI_o/model,design,70,design_21,Design Rainfall 21,0.1,49,20270763,95,1231.0510166660697,986.0378930673402,2217.0889097334098
input_noise,reward3_gienv,DQN reward3 GIenv,Results_DQN_reward3_train_GI_o/model,design,64,design_15,Design Rainfall 15,0.05,0,20365714,95,1948.4104548145335,3036.0490091266047,4984.459463941138
input_noise,reward3_gienv,DQN reward3 GIenv,Results_DQN_reward3_train_GI_o/model,design,64,design_15,Design Rainfall 15,0.05,1,20365715,95,1312.5148419417285,3824.0687449970815,5136.58358693881
input_noise,reward3_gienv,DQN reward3 GIenv,Results_DQN_reward3_train_GI_o/model,design,64,design_15,Design Rainfall 15,0.05,2,20365716,95,2517.3970371236346,2661.9668264858888,5179.363863609524
input_noise,reward3_gienv,DQN reward3 GIenv,Results_DQN_reward3_train_GI_o/model,design,64,design_15,Design Rainfall 15,0.05,3,20365717,95,2550.694163008265,2620.2462970646707,5170.940460072936
input_noise,reward3_gienv,DQN reward3 GIenv,Results_DQN_reward3_train_GI_o/model,design,64,design_15,Design Rainfall 15,0.05,4,20365718,95,2069.0246513983598,2835.128833488878,4904.153484887238
input_noise,reward3_gienv,DQN reward3 GIenv,Results_DQN_reward3_train_GI_o/model,design,64,design_15,Design Rainfall 15,0.05,5,20365719,95,1313.850600520899,3949.611486156318,5263.462086677217
input_noise,reward3_gienv,DQN reward3 GIenv,Results_DQN_reward3_train_GI_o/model,design,64,design_15,Design Rainfall 15,0.05,6,20365720,95,2053.8582581560154,2974.481406316542,5028.339664472557
input_noise,reward3_gienv,DQN reward3 GIenv,Results_DQN_reward3_train_GI_o/model,design,64,design_15,Design Rainfall 15,0.05,7,20365721,95,1357.0843659377424,3944.243149867876,5301.3275158056185
input_noise,reward3_gienv,DQN reward3 GIenv,Results_DQN_reward3_train_GI_o/model,design,64,design_15,Design Rainfall 15,0.05,8,20365722,95,1931.9631136302894,3215.7322006193576,5147.695314249647
input_noise,reward3_gienv,DQN reward3 GIenv,Results_DQN_reward3_train_GI_o/model,design,64,design_15,Design Rainfall 15,0.05,9,20365723,95,2550.694163008265,2620.2462970646707,5170.940460072936
input_noise,reward3_gienv,DQN reward3 GIenv,Results_DQN_reward3_train_GI_o/model,design,64,design_15,Design Rainfall 15,0.05,10,20365724,95,2053.8582581560154,2974.481406316542,5028.339664472557
input_noise,reward3_gienv,DQN reward3 GIenv,Results_DQN_reward3_train_GI_o/model,design,64,design_15,Design Rainfall 15,0.05,11,20365725,95,1915.8844616359397,2990.057935710659,4905.942397346598
input_noise,reward3_gienv,DQN reward3 GIenv,Results_DQN_reward3_train_GI_o/model,design,64,design_15,Design Rainfall 15,0.05,12,20365726,95,1976.043318716139,2900.125668109636,4876.168986825775
input_noise,reward3_gienv,DQN reward3 GIenv,Results_DQN_reward3_train_GI_o/model,design,64,design_15,Design Rainfall 15,0.05,13,20365727,95,1962.4790181793774,3270.8160572455545,5233.295075424932
input_noise,reward3_gienv,DQN reward3 GIenv,Results_DQN_reward3_train_GI_o/model,design,64,design_15,Design Rainfall 15,0.05,14,20365728,95,2709.680135317672,1742.4714866574932,4452.151621975165
input_noise,reward3_gienv,DQN reward3 GIenv,Results_DQN_reward3_train_GI_o/model,design,64,design_15,Design Rainfall 15,0.05,15,20365729,95,1353.5356221073305,3857.791540707371,5211.327162814701
input_noise,reward3_gienv,DQN reward3 GIenv,Results_DQN_reward3_train_GI_o/model,design,64,design_15,Design Rainfall 15,0.05,16,20365730,95,2019.5323906228948,2828.6068322012775,4848.139222824172
input_noise,reward3_gienv,DQN reward3 GIenv,Results_DQN_reward3_train_GI_o/model,design,64,design_15,Design Rainfall 15,0.05,17,20365731,95,2517.268748674147,2649.072382780896,5166.341131455043
input_noise,reward3_gienv,DQN reward3 GIenv,Results_DQN_reward3_train_GI_o/model,design,64,design_15,Design Rainfall 15,0.05,18,20365732,95,2001.6767379631913,2972.666973656192,4974.343711619384
input_noise,reward3_gienv,DQN reward3 GIenv,Results_DQN_reward3_train_GI_o/model,design,64,design_15,Design Rainfall 15,0.05,19,20365733,95,1926.4951015761267,3106.754533567295,5033.249635143422
input_noise,reward3_gienv,DQN reward3 GIenv,Results_DQN_reward3_train_GI_o/model,design,64,design_15,Design Rainfall 15,0.05,20,20365734,95,1487.4693504800653,4040.661283302553,5528.130633782618
input_noise,reward3_gienv,DQN reward3 GIenv,Results_DQN_reward3_train_GI_o/model,design,64,design_15,Design Rainfall 15,0.05,21,20365735,95,1456.3489174133178,3963.150364261377,5419.499281674694
input_noise,reward3_gienv,DQN reward3 GIenv,Results_DQN_reward3_train_GI_o/model,design,64,design_15,Design Rainfall 15,0.05,22,20365736,95,2001.6767379631913,2972.666973656192,4974.343711619384
input_noise,reward3_gienv,DQN reward3 GIenv,Results_DQN_reward3_train_GI_o/model,design,64,design_15,Design Rainfall 15,0.05,23,20365737,95,1920.6486344719892,2906.764306326786,4827.412940798775
input_noise,reward3_gienv,DQN reward3 GIenv,Results_DQN_reward3_train_GI_o/model,design,64,design_15,Design Rainfall 15,0.05,24,20365738,95,1349.8118346319604,4183.14342943887,5532.955264070831
input_noise,reward3_gienv,DQN reward3 GIenv,Results_DQN_reward3_train_GI_o/model,design,64,design_15,Design Rainfall 15,0.05,25,20365739,95,2550.7818921132816,2395.1899818848124,4945.971873998094
input_noise,reward3_gienv,DQN reward3 GIenv,Results_DQN_reward3_train_GI_o/model,design,64,design_15,Design Rainfall 15,0.05,26,20365740,95,2709.680135317672,1945.7756791185425,4655.4558144362145
input_noise,reward3_gienv,DQN reward3 GIenv,Results_DQN_reward3_train_GI_o/model,design,64,design_15,Design Rainfall 15,0.05,27,20365741,95,1811.355107442304,3152.4206506486526,4963.7757580909565
input_noise,reward3_gienv,DQN reward3 GIenv,Results_DQN_reward3_train_GI_o/model,design,64,design_15,Design Rainfall 15,0.05,28,20365742,95,2075.9473964930107,2782.8442907870917,4858.791687280102
input_noise,reward3_gienv,DQN reward3 GIenv,Results_DQN_reward3_train_GI_o/model,design,64,design_15,Design Rainfall 15,0.05,29,20365743,95,1518.1299941961636,3972.807852118873,5490.937846315037
input_noise,reward3_gienv,DQN reward3 GIenv,Results_DQN_reward3_train_GI_o/model,design,64,design_15,Design Rainfall 15,0.05,30,20365744,95,1924.9299139916307,3502.5966892164715,5427.526603208102
input_noise,reward3_gienv,DQN reward3 GIenv,Results_DQN_reward3_train_GI_o/model,design,64,design_15,Design Rainfall 15,0.05,31,20365745,95,1910.8182378473846,3019.3044103807133,4930.122648228098
input_noise,reward3_gienv,DQN reward3 GIenv,Results_DQN_reward3_train_GI_o/model,design,64,design_15,Design Rainfall 15,0.05,32,20365746,95,2573.42830899408,2269.7145493515536,4843.142858345634
input_noise,reward3_gienv,DQN reward3 GIenv,Results_DQN_reward3_train_GI_o/model,design,64,design_15,Design Rainfall 15,0.05,33,20365747,95,2005.2910488686307,3585.0396361415796,5590.330685010211
input_noise,reward3_gienv,DQN reward3 GIenv,Results_DQN_reward3_train_GI_o/model,design,64,design_15,Design Rainfall 15,0.05,34,20365748,95,2731.1461075670527,2306.52580237775,5037.671909944803
input_noise,reward3_gienv,DQN reward3 GIenv,Results_DQN_reward3_train_GI_o/model,design,64,design_15,Design Rainfall 15,0.05,35,20365749,95,1969.1511521250784,3541.3695207982573,5510.520672923336
input_noise,reward3_gienv,DQN reward3 GIenv,Results_DQN_reward3_train_GI_o/model,design,64,design_15,Design Rainfall 15,0.05,36,20365750,95,2802.993163054549,1868.9045668014257,4671.897729855975
input_noise,reward3_gienv,DQN reward3 GIenv,Results_DQN_reward3_train_GI_o/model,design,64,design_15,Design Rainfall 15,0.05,37,20365751,95,2068.7744794745054,2972.666973656192,5041.4414531306975
input_noise,reward3_gienv,DQN reward3 GIenv,Results_DQN_reward3_train_GI_o/model,design,64,design_15,Design Rainfall 15,0.05,38,20365752,95,2068.7744794745054,2972.666973656192,5041.4414531306975
input_noise,reward3_gienv,DQN reward3 GIenv,Results_DQN_reward3_train_GI_o/model,design,64,design_15,Design Rainfall 15,0.05,39,20365753,95,1469.5499495364495,3953.4184376814064,5422.968387217856
input_noise,reward3_gienv,DQN reward3 GIenv,Results_DQN_reward3_train_GI_o/model,design,64,design_15,Design Rainfall 15,0.05,40,20365754,95,1924.357174807891,3182.546988368054,5106.904163175945
input_noise,reward3_gienv,DQN reward3 GIenv,Results_DQN_reward3_train_GI_o/model,design,64,design_15,Design Rainfall 15,0.05,41,20365755,95,2001.6767379631913,2972.666973656192,4974.343711619384
input_noise,reward3_gienv,DQN reward3 GIenv,Results_DQN_reward3_train_GI_o/model,design,64,design_15,Design Rainfall 15,0.05,42,20365756,95,1916.249373172735,3195.1704839370996,5111.419857109835
input_noise,reward3_gienv,DQN reward3 GIenv,Results_DQN_reward3_train_GI_o/model,design,64,design_15,Design Rainfall 15,0.05,43,20365757,95,2001.4416531122808,2972.4587528358156,4973.900405948097
input_noise,reward3_gienv,DQN reward3 GIenv,Results_DQN_reward3_train_GI_o/model,design,64,design_15,Design Rainfall 15,0.05,44,20365758,95,1950.8874418118558,3270.815557192583,5221.702999004439
input_noise,reward3_gienv,DQN reward3 GIenv,Results_DQN_reward3_train_GI_o/model,design,64,design_15,Design Rainfall 15,0.05,45,20365759,95,2001.6767379631913,2972.666973656192,4974.343711619384
input_noise,reward3_gienv,DQN reward3 GIenv,Results_DQN_reward3_train_GI_o/model,design,64,design_15,Design Rainfall 15,0.05,46,20365760,95,2068.7744794745054,2972.666973656192,5041.4414531306975
input_noise,reward3_gienv,DQN reward3 GIenv,Results_DQN_reward3_train_GI_o/model,design,64,design_15,Design Rainfall 15,0.05,47,20365761,95,2001.6767379631913,2972.666973656192,4974.343711619384
input_noise,reward3_gienv,DQN reward3 GIenv,Results_DQN_reward3_train_GI_o/model,design,64,design_15,Design Rainfall 15,0.05,48,20365762,95,1443.6143088784504,3803.4908297438715,5247.105138622322
input_noise,reward3_gienv,DQN reward3 GIenv,Results_DQN_reward3_train_GI_o/model,design,64,design_15,Design Rainfall 15,0.05,49,20365763,95,2001.6454944268826,2972.4587528358156,4974.104247262698
input_noise,reward3_gienv,DQN reward3 GIenv,Results_DQN_reward3_train_GI_o/model,design,64,design_15,Design Rainfall 15,0.1,0,20370714,95,2828.036327955476,1474.4743426195314,4302.510670575008
input_noise,reward3_gienv,DQN reward3 GIenv,Results_DQN_reward3_train_GI_o/model,design,64,design_15,Design Rainfall 15,0.1,1,20370715,95,2452.5025154592845,2465.1589360528933,4917.661451512178
input_noise,reward3_gienv,DQN reward3 GIenv,Results_DQN_reward3_train_GI_o/model,design,64,design_15,Design Rainfall 15,0.1,2,20370716,95,1467.0039406759117,4094.703985506076,5561.707926181988
input_noise,reward3_gienv,DQN reward3 GIenv,Results_DQN_reward3_train_GI_o/model,design,64,design_15,Design Rainfall 15,0.1,3,20370717,95,2036.9361609096145,2940.8165346704554,4977.7526955800695
input_noise,reward3_gienv,DQN reward3 GIenv,Results_DQN_reward3_train_GI_o/model,design,64,design_15,Design Rainfall 15,0.1,4,20370718,95,2081.495193549618,2575.786021549992,4657.28121509961
input_noise,reward3_gienv,DQN reward3 GIenv,Results_DQN_reward3_train_GI_o/model,design,64,design_15,Design Rainfall 15,0.1,5,20370719,95,1934.035224005333,2609.8541321794946,4543.889356184827
input_noise,reward3_gienv,DQN reward3 GIenv,Results_DQN_reward3_train_GI_o/model,design,64,design_15,Design Rainfall 15,0.1,6,20370720,95,1808.1087777181122,3020.7013220428726,4828.8100997609845
input_noise,reward3_gienv,DQN reward3 GIenv,Results_DQN_reward3_train_GI_o/model,design,64,design_15,Design Rainfall 15,0.1,7,20370721,95,2721.7081550735393,1692.10635263704,4413.814507710579
input_noise,reward3_gienv,DQN reward3 GIenv,Results_DQN_reward3_train_GI_o/model,design,64,design_15,Design Rainfall 15,0.1,8,20370722,95,2217.5676104822073,2400.447623251068,4618.015233733275
input_noise,reward3_gienv,DQN reward3 GIenv,Results_DQN_reward3_train_GI_o/model,design,64,design_15,Design Rainfall 15,0.1,9,20370723,95,2702.830009364792,2377.368911261829,5080.198920626621
input_noise,reward3_gienv,DQN reward3 GIenv,Results_DQN_reward3_train_GI_o/model,design,64,design_15,Design Rainfall 15,0.1,10,20370724,95,2453.3032125542977,2043.4575418448976,4496.760754399195
input_noise,reward3_gienv,DQN reward3 GIenv,Results_DQN_reward3_train_GI_o/model,design,64,design_15,Design Rainfall 15,0.1,11,20370725,95,1533.4723414759856,3303.444320888905,4836.916662364891
input_noise,reward3_gienv,DQN reward3 GIenv,Results_DQN_reward3_train_GI_o/model,design,64,design_15,Design Rainfall 15,0.1,12,20370726,95,1343.4250739645613,4377.426824347034,5720.8518983115955
input_noise,reward3_gienv,DQN reward3 GIenv,Results_DQN_reward3_train_GI_o/model,design,64,design_15,Design Rainfall 15,0.1,13,20370727,95,1930.1304519544285,3819.6857063372563,5749.816158291685
input_noise,reward3_gienv,DQN reward3 GIenv,Results_DQN_reward3_train_GI_o/model,design,64,design_15,Design Rainfall 15,0.1,14,20370728,95,2570.384709892152,2260.6804640323476,4831.0651739244995
input_noise,reward3_gienv,DQN reward3 GIenv,Results_DQN_reward3_train_GI_o/model,design,64,design_15,Design Rainfall 15,0.1,15,20370729,95,1475.5380843777937,3851.0767487170037,5326.614833094797
input_noise,reward3_gienv,DQN reward3 GIenv,Results_DQN_reward3_train_GI_o/model,design,64,design_15,Design Rainfall 15,0.1,16,20370730,95,1974.4181345451816,3152.2875608374025,5126.705695382584
input_noise,reward3_gienv,DQN reward3 GIenv,Results_DQN_reward3_train_GI_o/model,design,64,design_15,Design Rainfall 15,0.1,17,20370731,95,1582.0133804065613,2981.3037126428862,4563.317093049447
input_noise,reward3_gienv,DQN reward3 GIenv,Results_DQN_reward3_train_GI_o/model,design,64,design_15,Design Rainfall 15,0.1,18,20370732,95,1730.0965663792413,3588.126123646277,5318.222690025518
input_noise,reward3_gienv,DQN reward3 GIenv,Results_DQN_reward3_train_GI_o/model,design,64,design_15,Design Rainfall 15,0.1,19,20370733,95,2759.0049393059485,1853.8148972726885,4612.8198365786375
input_noise,reward3_gienv,DQN reward3 GIenv,Results_DQN_reward3_train_GI_o/model,design,64,design_15,Design Rainfall 15,0.1,20,20370734,95,1382.6115015582786,3562.6398728780077,4945.251374436286
input_noise,reward3_gienv,DQN reward3 GIenv,Results_DQN_reward3_train_GI_o/model,design,64,design_15,Design Rainfall 15,0.1,21,20370735,95,1633.9101381688918,2536.394839405691,4170.304977574583
input_noise,reward3_gienv,DQN reward3 GIenv,Results_DQN_reward3_train_GI_o/model,design,64,design_15,Design Rainfall 15,0.1,22,20370736,95,1569.6167972679632,3747.2598643793635,5316.876661647327
input_noise,reward3_gienv,DQN reward3 GIenv,Results_DQN_reward3_train_GI_o/model,design,64,design_15,Design Rainfall 15,0.1,23,20370737,95,1938.7757312942604,2906.764306326786,4845.540037621046
input_noise,reward3_gienv,DQN reward3 GIenv,Results_DQN_reward3_train_GI_o/model,design,64,design_15,Design Rainfall 15,0.1,24,20370738,95,1906.9535262932254,2674.530868973161,4581.484395266387
input_noise,reward3_gienv,DQN reward3 GIenv,Results_DQN_reward3_train_GI_o/model,design,64,design_15,Design Rainfall 15,0.1,25,20370739,95,1848.3570040532898,3761.065666289548,5609.422670342838
input_noise,reward3_gienv,DQN reward3 GIenv,Results_DQN_reward3_train_GI_o/model,design,64,design_15,Design Rainfall 15,0.1,26,20370740,95,2547.30956103316,2346.040014199155,4893.349575232315
input_noise,reward3_gienv,DQN reward3 GIenv,Results_DQN_reward3_train_GI_o/model,design,64,design_15,Design Rainfall 15,0.1,27,20370741,95,1400.8580325534765,3216.851983571657,4617.710016125134
input_noise,reward3_gienv,DQN reward3 GIenv,Results_DQN_reward3_train_GI_o/model,design,64,design_15,Design Rainfall 15,0.1,28,20370742,95,1344.6592420919637,3656.6957923411383,5001.3550344331015
input_noise,reward3_gienv,DQN reward3 GIenv,Results_DQN_reward3_train_GI_o/model,design,64,design_15,Design Rainfall 15,0.1,29,20370743,95,2832.230803893224,1553.0073796041415,4385.238183497366
input_noise,reward3_gienv,DQN reward3 GIenv,Results_DQN_reward3_train_GI_o/model,design,64,design_15,Design Rainfall 15,0.1,30,20370744,95,1818.2674534634184,3107.2719177755725,4925.5393712389905
input_noise,reward3_gienv,DQN reward3 GIenv,Results_DQN_reward3_train_GI_o/model,design,64,design_15,Design Rainfall 15,0.1,31,20370745,95,1900.8702839310604,2913.974765202526,4814.845049133586
input_noise,reward3_gienv,DQN reward3 GIenv,Results_DQN_reward3_train_GI_o/model,design,64,design_15,Design Rainfall 15,0.1,32,20370746,95,1938.6718855798733,2819.665481229495,4758.337366809368
input_noise,reward3_gienv,DQN reward3 GIenv,Results_DQN_reward3_train_GI_o/model,design,64,design_15,Design Rainfall 15,0.1,33,20370747,95,2423.625038696055,1892.1212054917794,4315.746244187834
input_noise,reward3_gienv,DQN reward3 GIenv,Results_DQN_reward3_train_GI_o/model,design,64,design_15,Design Rainfall 15,0.1,34,20370748,95,1342.7057605623386,3902.5750813976656,5245.280841960004
input_noise,reward3_gienv,DQN reward3 GIenv,Results_DQN_reward3_train_GI_o/model,design,64,design_15,Design Rainfall 15,0.1,35,20370749,95,1656.9624767454925,3024.915685690903,4681.8781624363955
input_noise,reward3_gienv,DQN reward3 GIenv,Results_DQN_reward3_train_GI_o/model,design,64,design_15,Design Rainfall 15,0.1,36,20370750,95,2272.4504373976,1912.1546238379294,4184.605061235529
input_noise,reward3_gienv,DQN reward3 GIenv,Results_DQN_reward3_train_GI_o/model,design,64,design_15,Design Rainfall 15,0.1,37,20370751,95,2574.8123583890824,2378.6734559661163,4953.485814355199
input_noise,reward3_gienv,DQN reward3 GIenv,Results_DQN_reward3_train_GI_o/model,design,64,design_15,Design Rainfall 15,0.1,38,20370752,95,2309.926939409526,2555.4531412146653,4865.380080624191
input_noise,reward3_gienv,DQN reward3 GIenv,Results_DQN_reward3_train_GI_o/model,design,64,design_15,Design Rainfall 15,0.1,39,20370753,95,2222.235598252743,2527.340047960077,4749.575646212819
input_noise,reward3_gienv,DQN reward3 GIenv,Results_DQN_reward3_train_GI_o/model,design,64,design_15,Design Rainfall 15,0.1,40,20370754,95,1978.5439782523786,3373.4464639974876,5351.990442249866
input_noise,reward3_gienv,DQN reward3 GIenv,Results_DQN_reward3_train_GI_o/model,design,64,design_15,Design Rainfall 15,0.1,41,20370755,95,1401.7482428295048,3678.201392825752,5079.949635655257
input_noise,reward3_gienv,DQN reward3 GIenv,Results_DQN_reward3_train_GI_o/model,design,64,design_15,Design Rainfall 15,0.1,42,20370756,95,2149.7365538695713,2400.447623251068,4550.184177120639
input_noise,reward3_gienv,DQN reward3 GIenv,Results_DQN_reward3_train_GI_o/model,design,64,design_15,Design Rainfall 15,0.1,43,20370757,95,2426.7319328013555,1688.5940370080255,4115.325969809381
input_noise,reward3_gienv,DQN reward3 GIenv,Results_DQN_reward3_train_GI_o/model,design,64,design_15,Design Rainfall 15,0.1,44,20370758,95,1948.0908063520658,2897.3066368201708,4845.397443172236
input_noise,reward3_gienv,DQN reward3 GIenv,Results_DQN_reward3_train_GI_o/model,design,64,design_15,Design Rainfall 15,0.1,45,20370759,95,1915.8386117408606,2629.15265342796,4544.991265168821
input_noise,reward3_gienv,DQN reward3 GIenv,Results_DQN_reward3_train_GI_o/model,design,64,design_15,Design Rainfall 15,0.1,46,20370760,95,1467.0025789240874,3423.715897657499,4890.718476581586
input_noise,reward3_gienv,DQN reward3 GIenv,Results_DQN_reward3_train_GI_o/model,design,64,design_15,Design Rainfall 15,0.1,47,20370761,95,1956.3507301160278,3176.1307797623795,5132.481509878407
input_noise,reward3_gienv,DQN reward3 GIenv,Results_DQN_reward3_train_GI_o/model,design,64,design_15,Design Rainfall 15,0.1,48,20370762,95,1820.4054876656596,3093.195861337381,4913.60134900304
input_noise,reward3_gienv,DQN reward3 GIenv,Results_DQN_reward3_train_GI_o/model,design,64,design_15,Design Rainfall 15,0.1,49,20370763,95,2466.4444136127777,2290.169950446792,4756.614364059569
input_noise,reward3_gienv,DQN reward3 GIenv,Results_DQN_reward3_train_GI_o/model,design,67,design_18,Design Rainfall 18,0.05,0,20465714,95,2907.716230778262,3336.9862649217584,6244.70249570002
input_noise,reward3_gienv,DQN reward3 GIenv,Results_DQN_reward3_train_GI_o/model,design,67,design_18,Design Rainfall 18,0.05,1,20465715,95,3096.0328938220073,3808.9426196971576,6904.975513519164
input_noise,reward3_gienv,DQN reward3 GIenv,Results_DQN_reward3_train_GI_o/model,design,67,design_18,Design Rainfall 18,0.05,2,20465716,95,3134.299147469468,3417.051716190341,6551.350863659809
input_noise,reward3_gienv,DQN reward3 GIenv,Results_DQN_reward3_train_GI_o/model,design,67,design_18,Design Rainfall 18,0.05,3,20465717,95,3129.076743355677,3330.487826446092,6459.564569801769
input_noise,reward3_gienv,DQN reward3 GIenv,Results_DQN_reward3_train_GI_o/model,design,67,design_18,Design Rainfall 18,0.05,4,20465718,95,2733.0300284869113,3321.23695298207,6054.266981468982
input_noise,reward3_gienv,DQN reward3 GIenv,Results_DQN_reward3_train_GI_o/model,design,67,design_18,Design Rainfall 18,0.05,5,20465719,95,3236.7509454955125,2991.335001200629,6228.085946696141
input_noise,reward3_gienv,DQN reward3 GIenv,Results_DQN_reward3_train_GI_o/model,design,67,design_18,Design Rainfall 18,0.05,6,20465720,95,3139.809123618972,2866.9346406505083,6006.74376426948
input_noise,reward3_gienv,DQN reward3 GIenv,Results_DQN_reward3_train_GI_o/model,design,67,design_18,Design Rainfall 18,0.05,7,20465721,95,3272.093292363737,2910.0866155328495,6182.179907896587
input_noise,reward3_gienv,DQN reward3 GIenv,Results_DQN_reward3_train_GI_o/model,design,67,design_18,Design Rainfall 18,0.05,8,20465722,95,3099.0001621082406,2867.5898487674785,5966.59001087572
input_noise,reward3_gienv,DQN reward3 GIenv,Results_DQN_reward3_train_GI_o/model,design,67,design_18,Design Rainfall 18,0.05,9,20465723,95,3109.55264081144,3086.7776601518044,6196.330300963245
input_noise,reward3_gienv,DQN reward3 GIenv,Results_DQN_reward3_train_GI_o/model,design,67,design_18,Design Rainfall 18,0.05,10,20465724,95,3288.82421266999,2787.3214380943846,6076.145650764374
input_noise,reward3_gienv,DQN reward3 GIenv,Results_DQN_reward3_train_GI_o/model,design,67,design_18,Design Rainfall 18,0.05,11,20465725,95,2564.0034545470803,3717.3550337784495,6281.35848832553
input_noise,reward3_gienv,DQN reward3 GIenv,Results_DQN_reward3_train_GI_o/model,design,67,design_18,Design Rainfall 18,0.05,12,20465726,95,3189.0122700603893,3110.624657428053,6299.636927488442
input_noise,reward3_gienv,DQN reward3 GIenv,Results_DQN_reward3_train_GI_o/model,design,67,design_18,Design Rainfall 18,0.05,13,20465727,95,3125.623362953043,3085.7020462096507,6211.325409162693
input_noise,reward3_gienv,DQN reward3 GIenv,Results_DQN_reward3_train_GI_o/model,design,67,design_18,Design Rainfall 18,0.05,14,20465728,95,3476.8484252696403,2691.178605845843,6168.027031115484
input_noise,reward3_gienv,DQN reward3 GIenv,Results_DQN_reward3_train_GI_o/model,design,67,design_18,Design Rainfall 18,0.05,15,20465729,95,3200.8965227501053,3085.4700216307765,6286.366544380882
input_noise,reward3_gienv,DQN reward3 GIenv,Results_DQN_reward3_train_GI_o/model,design,67,design_18,Design Rainfall 18,0.05,16,20465730,95,3299.4991518071506,2696.926447420977,5996.425599228128
input_noise,reward3_gienv,DQN reward3 GIenv,Results_DQN_reward3_train_GI_o/model,design,67,design_18,Design Rainfall 18,0.05,17,20465731,95,3139.553127781089,3290.6232539646917,6430.176381745781
input_noise,reward3_gienv,DQN reward3 GIenv,Results_DQN_reward3_train_GI_o/model,design,67,design_18,Design Rainfall 18,0.05,18,20465732,95,2638.582058637948,4148.48565926686,6787.067717904809
input_noise,reward3_gienv,DQN reward3 GIenv,Results_DQN_reward3_train_GI_o/model,design,67,design_18,Design Rainfall 18,0.05,19,20465733,95,3382.1510571476083,2795.345879500704,6177.496936648313
input_noise,reward3_gienv,DQN reward3 GIenv,Results_DQN_reward3_train_GI_o/model,design,67,design_18,Design Rainfall 18,0.05,20,20465734,95,3125.623362953043,3085.7020462096507,6211.325409162693
input_noise,reward3_gienv,DQN reward3 GIenv,Results_DQN_reward3_train_GI_o/model,design,67,design_18,Design Rainfall 18,0.05,21,20465735,95,3078.2098547716896,2790.2527046001896,5868.462559371879
input_noise,reward3_gienv,DQN reward3 GIenv,Results_DQN_reward3_train_GI_o/model,design,67,design_18,Design Rainfall 18,0.05,22,20465736,95,3279.2116479247006,3667.819396932025,6947.031044856725
input_noise,reward3_gienv,DQN reward3 GIenv,Results_DQN_reward3_train_GI_o/model,design,67,design_18,Design Rainfall 18,0.05,23,20465737,95,3476.0000494494843,2588.429656956539,6064.429706406023
input_noise,reward3_gienv,DQN reward3 GIenv,Results_DQN_reward3_train_GI_o/model,design,67,design_18,Design Rainfall 18,0.05,24,20465738,95,3079.697724888681,3195.5511547877923,6275.248879676474
input_noise,reward3_gienv,DQN reward3 GIenv,Results_DQN_reward3_train_GI_o/model,design,67,design_18,Design Rainfall 18,0.05,25,20465739,95,3288.82421266999,2787.3214380943846,6076.145650764374
input_noise,reward3_gienv,DQN reward3 GIenv,Results_DQN_reward3_train_GI_o/model,design,67,design_18,Design Rainfall 18,0.05,26,20465740,95,2974.374115396356,3268.8013388804666,6243.175454276823
input_noise,reward3_gienv,DQN reward3 GIenv,Results_DQN_reward3_train_GI_o/model,design,67,design_18,Design Rainfall 18,0.05,27,20465741,95,3202.6066134711396,2838.151049284028,6040.757662755168
input_noise,reward3_gienv,DQN reward3 GIenv,Results_DQN_reward3_train_GI_o/model,design,67,design_18,Design Rainfall 18,0.05,28,20465742,95,3299.4991518071506,2696.926447420977,5996.425599228128
input_noise,reward3_gienv,DQN reward3 GIenv,Results_DQN_reward3_train_GI_o/model,design,67,design_18,Design Rainfall 18,0.05,29,20465743,95,3232.612851184677,3194.8527161852558,6427.465567369933
input_noise,reward3_gienv,DQN reward3 GIenv,Results_DQN_reward3_train_GI_o/model,design,67,design_18,Design Rainfall 18,0.05,30,20465744,95,3272.5504978283248,2884.8387455626744,6157.389243390999
input_noise,reward3_gienv,DQN reward3 GIenv,Results_DQN_reward3_train_GI_o/model,design,67,design_18,Design Rainfall 18,0.05,31,20465745,95,2799.165375326379,3626.2215404165518,6425.386915742931
input_noise,reward3_gienv,DQN reward3 GIenv,Results_DQN_reward3_train_GI_o/model,design,67,design_18,Design Rainfall 18,0.05,32,20465746,95,3129.076743355677,3314.098059339084,6443.174802694761
input_noise,reward3_gienv,DQN reward3 GIenv,Results_DQN_reward3_train_GI_o/model,design,67,design_18,Design Rainfall 18,0.05,33,20465747,95,3085.5399360739,3190.9670429620473,6276.506979035948
input_noise,reward3_gienv,DQN reward3 GIenv,Results_DQN_reward3_train_GI_o/model,design,67,design_18,Design Rainfall 18,0.05,34,20465748,95,2505.0872232011184,3849.7235129704604,6354.810736171579
input_noise,reward3_gienv,DQN reward3 GIenv,Results_DQN_reward3_train_GI_o/model,design,67,design_18,Design Rainfall 18,0.05,35,20465749,95,3102.1492055296244,3195.5511547877923,6297.700360317416
input_noise,reward3_gienv,DQN reward3 GIenv,Results_DQN_reward3_train_GI_o/model,design,67,design_18,Design Rainfall 18,0.05,36,20465750,95,3125.623362953043,3085.7020462096507,6211.325409162693
input_noise,reward3_gienv,DQN reward3 GIenv,Results_DQN_reward3_train_GI_o/model,design,67,design_18,Design Rainfall 18,0.05,37,20465751,95,2798.9956690687854,3624.828701882274,6423.824370951059
input_noise,reward3_gienv,DQN reward3 GIenv,Results_DQN_reward3_train_GI_o/model,design,67,design_18,Design Rainfall 18,0.05,38,20465752,95,2930.523934767073,3747.3262877928573,6677.85022255993
input_noise,reward3_gienv,DQN reward3 GIenv,Results_DQN_reward3_train_GI_o/model,design,67,design_18,Design Rainfall 18,0.05,39,20465753,95,3125.623362953043,3085.7020462096507,6211.325409162693
input_noise,reward3_gienv,DQN reward3 GIenv,Results_DQN_reward3_train_GI_o/model,design,67,design_18,Design Rainfall 18,0.05,40,20465754,95,3165.263721978705,3040.209131473229,6205.472853451934
input_noise,reward3_gienv,DQN reward3 GIenv,Results_DQN_reward3_train_GI_o/model,design,67,design_18,Design Rainfall 18,0.05,41,20465755,95,3140.7192296243484,3461.6709000093742,6602.390129633723
input_noise,reward3_gienv,DQN reward3 GIenv,Results_DQN_reward3_train_GI_o/model,design,67,design_18,Design Rainfall 18,0.05,42,20465756,95,3076.419247622529,2966.03161870659,6042.450866329119
input_noise,reward3_gienv,DQN reward3 GIenv,Results_DQN_reward3_train_GI_o/model,design,67,design_18,Design Rainfall 18,0.05,43,20465757,95,3147.484460777911,3336.4008355535448,6483.885296331456
input_noise,reward3_gienv,DQN reward3 GIenv,Results_DQN_reward3_train_GI_o/model,design,67,design_18,Design Rainfall 18,0.05,44,20465758,95,3126.928053104758,2951.5489622133296,6078.477015318087
input_noise,reward3_gienv,DQN reward3 GIenv,Results_DQN_reward3_train_GI_o/model,design,67,design_18,Design Rainfall 18,0.05,45,20465759,95,3140.0985269043185,3338.357715009619,6478.456241913937
input_noise,reward3_gienv,DQN reward3 GIenv,Results_DQN_reward3_train_GI_o/model,design,67,design_18,Design Rainfall 18,0.05,46,20465760,95,3183.3798196651387,3042.8732999631093,6226.253119628248
input_noise,reward3_gienv,DQN reward3 GIenv,Results_DQN_reward3_train_GI_o/model,design,67,design_18,Design Rainfall 18,0.05,47,20465761,95,3070.0851277829615,3354.658566229081,6424.743694012042
input_noise,reward3_gienv,DQN reward3 GIenv,Results_DQN_reward3_train_GI_o/model,design,67,design_18,Design Rainfall 18,0.05,48,20465762,95,2894.5543168094982,4177.122431376339,7071.676748185837
input_noise,reward3_gienv,DQN reward3 GIenv,Results_DQN_reward3_train_GI_o/model,design,67,design_18,Design Rainfall 18,0.05,49,20465763,95,3075.9808415520597,3331.6166548110837,6407.597496363143
input_noise,reward3_gienv,DQN reward3 GIenv,Results_DQN_reward3_train_GI_o/model,design,67,design_18,Design Rainfall 18,0.1,0,20470714,95,2637.262867323515,3606.8025924787867,6244.065459802301
input_noise,reward3_gienv,DQN reward3 GIenv,Results_DQN_reward3_train_GI_o/model,design,67,design_18,Design Rainfall 18,0.1,1,20470715,95,3354.661189194843,3665.7348403963465,7020.396029591189
input_noise,reward3_gienv,DQN reward3 GIenv,Results_DQN_reward3_train_GI_o/model,design,67,design_18,Design Rainfall 18,0.1,2,20470716,95,3131.3687193331207,3082.046737405617,6213.415456738738
input_noise,reward3_gienv,DQN reward3 GIenv,Results_DQN_reward3_train_GI_o/model,design,67,design_18,Design Rainfall 18,0.1,3,20470717,95,3246.520907150367,3489.8999500833297,6736.420857233697
input_noise,reward3_gienv,DQN reward3 GIenv,Results_DQN_reward3_train_GI_o/model,design,67,design_18,Design Rainfall 18,0.1,4,20470718,95,3109.3553978234268,3132.9060936799056,6242.261491503332
input_noise,reward3_gienv,DQN reward3 GIenv,Results_DQN_reward3_train_GI_o/model,design,67,design_18,Design Rainfall 18,0.1,5,20470719,95,3020.216484966813,3352.85842856363,6373.074913530443
input_noise,reward3_gienv,DQN reward3 GIenv,Results_DQN_reward3_train_GI_o/model,design,67,design_18,Design Rainfall 18,0.1,6,20470720,95,2863.146862469608,3255.797685312042,6118.94454778165
input_noise,reward3_gienv,DQN reward3 GIenv,Results_DQN_reward3_train_GI_o/model,design,67,design_18,Design Rainfall 18,0.1,7,20470721,95,3155.245040248538,3098.625626794412,6253.870667042949
input_noise,reward3_gienv,DQN reward3 GIenv,Results_DQN_reward3_train_GI_o/model,design,67,design_18,Design Rainfall 18,0.1,8,20470722,95,3033.971438323822,2975.9247587166246,6009.896197040447
input_noise,reward3_gienv,DQN reward3 GIenv,Results_DQN_reward3_train_GI_o/model,design,67,design_18,Design Rainfall 18,0.1,9,20470723,95,3093.489095997384,3062.00041531265,6155.489511310034
input_noise,reward3_gienv,DQN reward3 GIenv,Results_DQN_reward3_train_GI_o/model,design,67,design_18,Design Rainfall 18,0.1,10,20470724,95,4279.945654287509,1652.1578087485952,5932.103463036104
input_noise,reward3_gienv,DQN reward3 GIenv,Results_DQN_reward3_train_GI_o/model,design,67,design_18,Design Rainfall 18,0.1,11,20470725,95,3183.635093845934,3094.902233615786,6278.5373274617195
input_noise,reward3_gienv,DQN reward3 GIenv,Results_DQN_reward3_train_GI_o/model,design,67,design_18,Design Rainfall 18,0.1,12,20470726,95,2398.567994390873,4206.856241152043,6605.424235542916
input_noise,reward3_gienv,DQN reward3 GIenv,Results_DQN_reward3_train_GI_o/model,design,67,design_18,Design Rainfall 18,0.1,13,20470727,95,3066.296881451592,3329.714748019389,6396.011629470981
input_noise,reward3_gienv,DQN reward3 GIenv,Results_DQN_reward3_train_GI_o/model,design,67,design_18,Design Rainfall 18,0.1,14,20470728,95,3357.9494270270625,2894.80611442643,6252.755541453493
input_noise,reward3_gienv,DQN reward3 GIenv,Results_DQN_reward3_train_GI_o/model,design,67,design_18,Design Rainfall 18,0.1,15,20470729,95,3028.6194941370295,3172.1048182287323,6200.724312365762
input_noise,reward3_gienv,DQN reward3 GIenv,Results_DQN_reward3_train_GI_o/model,design,67,design_18,Design Rainfall 18,0.1,16,20470730,95,3085.231705840895,3005.6474082066416,6090.879114047537
input_noise,reward3_gienv,DQN reward3 GIenv,Results_DQN_reward3_train_GI_o/model,design,67,design_18,Design Rainfall 18,0.1,17,20470731,95,3113.1069425976493,3383.2877131498867,6496.394655747536
input_noise,reward3_gienv,DQN reward3 GIenv,Results_DQN_reward3_train_GI_o/model,design,67,design_18,Design Rainfall 18,0.1,18,20470732,95,2660.9804814120307,3378.0685925105436,6039.049073922574
input_noise,reward3_gienv,DQN reward3 GIenv,Results_DQN_reward3_train_GI_o/model,design,67,design_18,Design Rainfall 18,0.1,19,20470733,95,2894.0185806652394,3529.0328965336494,6423.051477198889
input_noise,reward3_gienv,DQN reward3 GIenv,Results_DQN_reward3_train_GI_o/model,design,67,design_18,Design Rainfall 18,0.1,20,20470734,95,2668.9350796892,3568.614462915712,6237.549542604912
input_noise,reward3_gienv,DQN reward3 GIenv,Results_DQN_reward3_train_GI_o/model,design,67,design_18,Design Rainfall 18,0.1,21,20470735,95,2912.7581670406075,2786.890746337047,5699.648913377654
input_noise,reward3_gienv,DQN reward3 GIenv,Results_DQN_reward3_train_GI_o/model,design,67,design_18,Design Rainfall 18,0.1,22,20470736,95,2657.2123112251325,3768.2636645663124,6425.475975791445
input_noise,reward3_gienv,DQN reward3 GIenv,Results_DQN_reward3_train_GI_o/model,design,67,design_18,Design Rainfall 18,0.1,23,20470737,95,2565.119156342321,3670.7253442369692,6235.84450057929
input_noise,reward3_gienv,DQN reward3 GIenv,Results_DQN_reward3_train_GI_o/model,design,67,design_18,Design Rainfall 18,0.1,24,20470738,95,3091.812769360795,3713.5474127107263,6805.360182071521
input_noise,reward3_gienv,DQN reward3 GIenv,Results_DQN_reward3_train_GI_o/model,design,67,design_18,Design Rainfall 18,0.1,25,20470739,95,3232.165486773035,2915.3086645427143,6147.47415131575
input_noise,reward3_gienv,DQN reward3 GIenv,Results_DQN_reward3_train_GI_o/model,design,67,design_18,Design Rainfall 18,0.1,26,20470740,95,3419.4089207027187,2598.70233170637,6018.111252409089
input_noise,reward3_gienv,DQN reward3 GIenv,Results_DQN_reward3_train_GI_o/model,design,67,design_18,Design Rainfall 18,0.1,27,20470741,95,3362.4807799746523,2582.39973028637,5944.880510261022
input_noise,reward3_gienv,DQN reward3 GIenv,Results_DQN_reward3_train_GI_o/model,design,67,design_18,Design Rainfall 18,0.1,28,20470742,95,3092.0570968612474,3405.997598302004,6498.054695163251
input_noise,reward3_gienv,DQN reward3 GIenv,Results_DQN_reward3_train_GI_o/model,design,67,design_18,Design Rainfall 18,0.1,29,20470743,95,3135.766193248394,3120.563883140805,6256.330076389198
input_noise,reward3_gienv,DQN reward3 GIenv,Results_DQN_reward3_train_GI_o/model,design,67,design_18,Design Rainfall 18,0.1,30,20470744,95,3322.6191616582187,2787.171503711504,6109.790665369723
input_noise,reward3_gienv,DQN reward3 GIenv,Results_DQN_reward3_train_GI_o/model,design,67,design_18,Design Rainfall 18,0.1,31,20470745,95,2581.8175917760227,3420.56130960248,6002.378901378503
input_noise,reward3_gienv,DQN reward3 GIenv,Results_DQN_reward3_train_GI_o/model,design,67,design_18,Design Rainfall 18,0.1,32,20470746,95,2875.640086616966,3376.4291475741657,6252.069234191132
input_noise,reward3_gienv,DQN reward3 GIenv,Results_DQN_reward3_train_GI_o/model,design,67,design_18,Design Rainfall 18,0.1,33,20470747,95,2965.7406116957127,2987.588221662811,5953.328833358524
input_noise,reward3_gienv,DQN reward3 GIenv,Results_DQN_reward3_train_GI_o/model,design,67,design_18,Design Rainfall 18,0.1,34,20470748,95,2962.999920360503,3058.9472038624135,6021.9471242229165
input_noise,reward3_gienv,DQN reward3 GIenv,Results_DQN_reward3_train_GI_o/model,design,67,design_18,Design Rainfall 18,0.1,35,20470749,95,3134.966987609036,3105.383723505366,6240.350711114403
input_noise,reward3_gienv,DQN reward3 GIenv,Results_DQN_reward3_train_GI_o/model,design,67,design_18,Design Rainfall 18,0.1,36,20470750,95,3256.2836180120325,3152.1767582796074,6408.4603762916395
input_noise,reward3_gienv,DQN reward3 GIenv,Results_DQN_reward3_train_GI_o/model,design,67,design_18,Design Rainfall 18,0.1,37,20470751,95,3187.7603257144488,3313.4664064786357,6501.226732193085
input_noise,reward3_gienv,DQN reward3 GIenv,Results_DQN_reward3_train_GI_o/model,design,67,design_18,Design Rainfall 18,0.1,38,20470752,95,2695.181089144635,3433.6553258258305,6128.836414970465
input_noise,reward3_gienv,DQN reward3 GIenv,Results_DQN_reward3_train_GI_o/model,design,67,design_18,Design Rainfall 18,0.1,39,20470753,95,3363.1922478091847,3226.0544291937567,6589.246677002941
input_noise,reward3_gienv,DQN reward3 GIenv,Results_DQN_reward3_train_GI_o/model,design,67,design_18,Design Rainfall 18,0.1,40,20470754,95,3140.0985269043185,3338.357715009619,6478.456241913937
input_noise,reward3_gienv,DQN reward3 GIenv,Results_DQN_reward3_train_GI_o/model,design,67,design_18,Design Rainfall 18,0.1,41,20470755,95,2962.15741384392,3008.4022383921215,5970.559652236041
input_noise,reward3_gienv,DQN reward3 GIenv,Results_DQN_reward3_train_GI_o/model,design,67,design_18,Design Rainfall 18,0.1,42,20470756,95,2668.0112487214924,3555.190864314204,6223.202113035697
input_noise,reward3_gienv,DQN reward3 GIenv,Results_DQN_reward3_train_GI_o/model,design,67,design_18,Design Rainfall 18,0.1,43,20470757,95,3311.310573402483,2900.405847942202,6211.716421344685
input_noise,reward3_gienv,DQN reward3 GIenv,Results_DQN_reward3_train_GI_o/model,design,67,design_18,Design Rainfall 18,0.1,44,20470758,95,3134.056326886925,3338.589739588495,6472.6460664754195
input_noise,reward3_gienv,DQN reward3 GIenv,Results_DQN_reward3_train_GI_o/model,design,67,design_18,Design Rainfall 18,0.1,45,20470759,95,2522.1753024693276,3876.330447217083,6398.50574968641
input_noise,reward3_gienv,DQN reward3 GIenv,Results_DQN_reward3_train_GI_o/model,design,67,design_18,Design Rainfall 18,0.1,46,20470760,95,2558.6695087226567,3381.5051032153983,5940.174611938055
input_noise,reward3_gienv,DQN reward3 GIenv,Results_DQN_reward3_train_GI_o/model,design,67,design_18,Design Rainfall 18,0.1,47,20470761,95,3523.6146167964303,2578.798708188955,6102.413324985386
input_noise,reward3_gienv,DQN reward3 GIenv,Results_DQN_reward3_train_GI_o/model,design,67,design_18,Design Rainfall 18,0.1,48,20470762,95,3343.009941867821,2904.214308775611,6247.224250643432
input_noise,reward3_gienv,DQN reward3 GIenv,Results_DQN_reward3_train_GI_o/model,design,67,design_18,Design Rainfall 18,0.1,49,20470763,95,3039.8384727202797,2980.376726678537,6020.215199398817
input_noise,reward3_gienv,DQN reward3 GIenv,Results_DQN_reward3_train_GI_o/model,design,51,design_2,Design Rainfall 2,0.05,0,20565714,95,7466.91369056083,3930.102408868812,11397.016099429642
input_noise,reward3_gienv,DQN reward3 GIenv,Results_DQN_reward3_train_GI_o/model,design,51,design_2,Design Rainfall 2,0.05,1,20565715,95,7824.173462301552,3793.925662162751,11618.099124464303
input_noise,reward3_gienv,DQN reward3 GIenv,Results_DQN_reward3_train_GI_o/model,design,51,design_2,Design Rainfall 2,0.05,2,20565716,95,8374.221615951254,3737.2907911197854,12111.512407071039
input_noise,reward3_gienv,DQN reward3 GIenv,Results_DQN_reward3_train_GI_o/model,design,51,design_2,Design Rainfall 2,0.05,3,20565717,95,7708.555687400582,3425.648623097114,11134.204310497696
input_noise,reward3_gienv,DQN reward3 GIenv,Results_DQN_reward3_train_GI_o/model,design,51,design_2,Design Rainfall 2,0.05,4,20565718,95,7714.211828795512,4376.174387554567,12090.386216350078
input_noise,reward3_gienv,DQN reward3 GIenv,Results_DQN_reward3_train_GI_o/model,design,51,design_2,Design Rainfall 2,0.05,5,20565719,95,7928.048823087935,3680.9242579426173,11608.973081030552
input_noise,reward3_gienv,DQN reward3 GIenv,Results_DQN_reward3_train_GI_o/model,design,51,design_2,Design Rainfall 2,0.05,6,20565720,95,8027.20233824236,4259.725031960588,12286.92737020295
input_noise,reward3_gienv,DQN reward3 GIenv,Results_DQN_reward3_train_GI_o/model,design,51,design_2,Design Rainfall 2,0.05,7,20565721,95,7732.86945306457,3868.5320724580624,11601.401525522633
input_noise,reward3_gienv,DQN reward3 GIenv,Results_DQN_reward3_train_GI_o/model,design,51,design_2,Design Rainfall 2,0.05,8,20565722,95,8036.132512465453,3771.7663167340515,11807.898829199505
input_noise,reward3_gienv,DQN reward3 GIenv,Results_DQN_reward3_train_GI_o/model,design,51,design_2,Design Rainfall 2,0.05,9,20565723,95,7586.347806243206,4407.007970240295,11993.355776483502
input_noise,reward3_gienv,DQN reward3 GIenv,Results_DQN_reward3_train_GI_o/model,design,51,design_2,Design Rainfall 2,0.05,10,20565724,95,7703.372318328597,4135.364864663108,11838.737182991707
input_noise,reward3_gienv,DQN reward3 GIenv,Results_DQN_reward3_train_GI_o/model,design,51,design_2,Design Rainfall 2,0.05,11,20565725,95,7807.2414006704985,3800.0007183414705,11607.24211901197
input_noise,reward3_gienv,DQN reward3 GIenv,Results_DQN_reward3_train_GI_o/model,design,51,design_2,Design Rainfall 2,0.05,12,20565726,95,7789.011210252555,4253.193340929455,12042.20455118201
input_noise,reward3_gienv,DQN reward3 GIenv,Results_DQN_reward3_train_GI_o/model,design,51,design_2,Design Rainfall 2,0.05,13,20565727,95,6712.117026082648,5326.011230856988,12038.128256939635
input_noise,reward3_gienv,DQN reward3 GIenv,Results_DQN_reward3_train_GI_o/model,design,51,design_2,Design Rainfall 2,0.05,14,20565728,95,8449.263205644998,3000.3964194710934,11449.659625116092
input_noise,reward3_gienv,DQN reward3 GIenv,Results_DQN_reward3_train_GI_o/model,design,51,design_2,Design Rainfall 2,0.05,15,20565729,95,7980.247329539272,3672.8728243682044,11653.120153907475
input_noise,reward3_gienv,DQN reward3 GIenv,Results_DQN_reward3_train_GI_o/model,design,51,design_2,Design Rainfall 2,0.05,16,20565730,95,7445.800341747173,4478.29147093103,11924.091812678202
input_noise,reward3_gienv,DQN reward3 GIenv,Results_DQN_reward3_train_GI_o/model,design,51,design_2,Design Rainfall 2,0.05,17,20565731,95,7672.841074748352,4100.963146793954,11773.804221542307
input_noise,reward3_gienv,DQN reward3 GIenv,Results_DQN_reward3_train_GI_o/model,design,51,design_2,Design Rainfall 2,0.05,18,20565732,95,7462.000136772041,4153.149195119368,11615.149331891409
input_noise,reward3_gienv,DQN reward3 GIenv,Results_DQN_reward3_train_GI_o/model,design,51,design_2,Design Rainfall 2,0.05,19,20565733,95,9135.666580379973,2181.759392704216,11317.42597308419
input_noise,reward3_gienv,DQN reward3 GIenv,Results_DQN_reward3_train_GI_o/model,design,51,design_2,Design Rainfall 2,0.05,20,20565734,95,8634.277881891929,2703.3752723390057,11337.653154230935
input_noise,reward3_gienv,DQN reward3 GIenv,Results_DQN_reward3_train_GI_o/model,design,51,design_2,Design Rainfall 2,0.05,21,20565735,95,7440.512751179328,4340.916131058314,11781.428882237642
input_noise,reward3_gienv,DQN reward3 GIenv,Results_DQN_reward3_train_GI_o/model,design,51,design_2,Design Rainfall 2,0.05,22,20565736,95,8072.99223713292,4004.6250043128857,12077.617241445805
input_noise,reward3_gienv,DQN reward3 GIenv,Results_DQN_reward3_train_GI_o/model,design,51,design_2,Design Rainfall 2,0.05,23,20565737,95,7714.461297295024,4034.13066801238,11748.591965307405
input_noise,reward3_gienv,DQN reward3 GIenv,Results_DQN_reward3_train_GI_o/model,design,51,design_2,Design Rainfall 2,0.05,24,20565738,95,7516.291896570004,4114.111281272835,11630.40317784284
input_noise,reward3_gienv,DQN reward3 GIenv,Results_DQN_reward3_train_GI_o/model,design,51,design_2,Design Rainfall 2,0.05,25,20565739,95,7718.922091696386,3884.058579600863,11602.98067129725
input_noise,reward3_gienv,DQN reward3 GIenv,Results_DQN_reward3_train_GI_o/model,design,51,design_2,Design Rainfall 2,0.05,26,20565740,95,7000.112473666039,5131.569446084689,12131.681919750728
input_noise,reward3_gienv,DQN reward3 GIenv,Results_DQN_reward3_train_GI_o/model,design,51,design_2,Design Rainfall 2,0.05,27,20565741,95,7806.579153626519,4091.4572599421754,11898.036413568694
input_noise,reward3_gienv,DQN reward3 GIenv,Results_DQN_reward3_train_GI_o/model,design,51,design_2,Design Rainfall 2,0.05,28,20565742,95,7332.298392145237,4590.39688218296,11922.695274328198
input_noise,reward3_gienv,DQN reward3 GIenv,Results_DQN_reward3_train_GI_o/model,design,51,design_2,Design Rainfall 2,0.05,29,20565743,95,7382.319692101478,4568.867350902203,11951.18704300368
input_noise,reward3_gienv,DQN reward3 GIenv,Results_DQN_reward3_train_GI_o/model,design,51,design_2,Design Rainfall 2,0.05,30,20565744,95,7971.474596363477,3548.8833403315075,11520.357936694985
input_noise,reward3_gienv,DQN reward3 GIenv,Results_DQN_reward3_train_GI_o/model,design,51,design_2,Design Rainfall 2,0.05,31,20565745,95,7440.512751179328,4340.916131058314,11781.428882237642
input_noise,reward3_gienv,DQN reward3 GIenv,Results_DQN_reward3_train_GI_o/model,design,51,design_2,Design Rainfall 2,0.05,32,20565746,95,8222.766150930236,3474.053225292879,11696.819376223115
input_noise,reward3_gienv,DQN reward3 GIenv,Results_DQN_reward3_train_GI_o/model,design,51,design_2,Design Rainfall 2,0.05,33,20565747,95,7538.990315692572,4610.973179935968,12149.96349562854
input_noise,reward3_gienv,DQN reward3 GIenv,Results_DQN_reward3_train_GI_o/model,design,51,design_2,Design Rainfall 2,0.05,34,20565748,95,8119.49742097468,3570.3472157353863,11689.844636710066
input_noise,reward3_gienv,DQN reward3 GIenv,Results_DQN_reward3_train_GI_o/model,design,51,design_2,Design Rainfall 2,0.05,35,20565749,95,7701.639758840532,4665.965830963834,12367.605589804367
input_noise,reward3_gienv,DQN reward3 GIenv,Results_DQN_reward3_train_GI_o/model,design,51,design_2,Design Rainfall 2,0.05,36,20565750,95,8292.637575630859,3188.2129869376786,11480.850562568537
input_noise,reward3_gienv,DQN reward3 GIenv,Results_DQN_reward3_train_GI_o/model,design,51,design_2,Design Rainfall 2,0.05,37,20565751,95,7475.079612553048,4467.471550451485,11942.551163004533
input_noise,reward3_gienv,DQN reward3 GIenv,Results_DQN_reward3_train_GI_o/model,design,51,design_2,Design Rainfall 2,0.05,38,20565752,95,7859.490446932023,3559.949231869,11419.439678801024
input_noise,reward3_gienv,DQN reward3 GIenv,Results_DQN_reward3_train_GI_o/model,design,51,design_2,Design Rainfall 2,0.05,39,20565753,95,8634.277881891929,2703.3752723390057,11337.653154230935
input_noise,reward3_gienv,DQN reward3 GIenv,Results_DQN_reward3_train_GI_o/model,design,51,design_2,Design Rainfall 2,0.05,40,20565754,95,7852.749049774389,5181.835837003375,13034.584886777764
input_noise,reward3_gienv,DQN reward3 GIenv,Results_DQN_reward3_train_GI_o/model,design,51,design_2,Design Rainfall 2,0.05,41,20565755,95,7395.413273360888,4859.323274190046,12254.736547550932
input_noise,reward3_gienv,DQN reward3 GIenv,Results_DQN_reward3_train_GI_o/model,design,51,design_2,Design Rainfall 2,0.05,42,20565756,95,7831.472374681626,4661.091249550027,12492.563624231654
input_noise,reward3_gienv,DQN reward3 GIenv,Results_DQN_reward3_train_GI_o/model,design,51,design_2,Design Rainfall 2,0.05,43,20565757,95,8479.201057449058,3252.667731574785,11731.868789023843
input_noise,reward3_gienv,DQN reward3 GIenv,Results_DQN_reward3_train_GI_o/model,design,51,design_2,Design Rainfall 2,0.05,44,20565758,95,8454.846762175375,3318.1814132588725,11773.028175434247
input_noise,reward3_gienv,DQN reward3 GIenv,Results_DQN_reward3_train_GI_o/model,design,51,design_2,Design Rainfall 2,0.05,45,20565759,95,7237.818525469101,4534.5002312175375,11772.318756686638
input_noise,reward3_gienv,DQN reward3 GIenv,Results_DQN_reward3_train_GI_o/model,design,51,design_2,Design Rainfall 2,0.05,46,20565760,95,7485.729769268964,4185.730596122197,11671.460365391162
input_noise,reward3_gienv,DQN reward3 GIenv,Results_DQN_reward3_train_GI_o/model,design,51,design_2,Design Rainfall 2,0.05,47,20565761,95,8086.231068655107,3606.8768521432276,11693.107920798335
input_noise,reward3_gienv,DQN reward3 GIenv,Results_DQN_reward3_train_GI_o/model,design,51,design_2,Design Rainfall 2,0.05,48,20565762,95,7441.603699770265,4135.778572384725,11577.38227215499
input_noise,reward3_gienv,DQN reward3 GIenv,Results_DQN_reward3_train_GI_o/model,design,51,design_2,Design Rainfall 2,0.05,49,20565763,95,7771.325093175607,4373.978884418708,12145.303977594314
input_noise,reward3_gienv,DQN reward3 GIenv,Results_DQN_reward3_train_GI_o/model,design,51,design_2,Design Rainfall 2,0.1,0,20570714,95,7796.34645058735,3686.467409763448,11482.813860350798
input_noise,reward3_gienv,DQN reward3 GIenv,Results_DQN_reward3_train_GI_o/model,design,51,design_2,Design Rainfall 2,0.1,1,20570715,95,8835.213204861568,2537.619261336453,11372.83246619802
input_noise,reward3_gienv,DQN reward3 GIenv,Results_DQN_reward3_train_GI_o/model,design,51,design_2,Design Rainfall 2,0.1,2,20570716,95,8165.926185536812,2982.657321359352,11148.583506896164
input_noise,reward3_gienv,DQN reward3 GIenv,Results_DQN_reward3_train_GI_o/model,design,51,design_2,Design Rainfall 2,0.1,3,20570717,95,7203.985955223164,4920.014170375347,12124.000125598512
input_noise,reward3_gienv,DQN reward3 GIenv,Results_DQN_reward3_train_GI_o/model,design,51,design_2,Design Rainfall 2,0.1,4,20570718,95,8036.40814299925,4113.983415581211,12150.39155858046
input_noise,reward3_gienv,DQN reward3 GIenv,Results_DQN_reward3_train_GI_o/model,design,51,design_2,Design Rainfall 2,0.1,5,20570719,95,7482.666846306946,4568.867350902203,12051.534197209148
input_noise,reward3_gienv,DQN reward3 GIenv,Results_DQN_reward3_train_GI_o/model,design,51,design_2,Design Rainfall 2,0.1,6,20570720,95,7466.356471752072,3866.3812073067406,11332.737679058813
input_noise,reward3_gienv,DQN reward3 GIenv,Results_DQN_reward3_train_GI_o/model,design,51,design_2,Design Rainfall 2,0.1,7,20570721,95,7851.119278247179,3934.4181609143125,11785.537439161491
input_noise,reward3_gienv,DQN reward3 GIenv,Results_DQN_reward3_train_GI_o/model,design,51,design_2,Design Rainfall 2,0.1,8,20570722,95,7775.659551850747,4407.519396329224,12183.178948179971
input_noise,reward3_gienv,DQN reward3 GIenv,Results_DQN_reward3_train_GI_o/model,design,51,design_2,Design Rainfall 2,0.1,9,20570723,95,8423.125083107388,3321.951729159818,11745.076812267207
input_noise,reward3_gienv,DQN reward3 GIenv,Results_DQN_reward3_train_GI_o/model,design,51,design_2,Design Rainfall 2,0.1,10,20570724,95,7515.2952899779875,3969.0378563803793,11484.333146358367
input_noise,reward3_gienv,DQN reward3 GIenv,Results_DQN_reward3_train_GI_o/model,design,51,design_2,Design Rainfall 2,0.1,11,20570725,95,8006.541105278604,3617.932158363704,11624.473263642307
input_noise,reward3_gienv,DQN reward3 GIenv,Results_DQN_reward3_train_GI_o/model,design,51,design_2,Design Rainfall 2,0.1,12,20570726,95,7973.128108410592,3810.6882957719254,11783.816404182518
input_noise,reward3_gienv,DQN reward3 GIenv,Results_DQN_reward3_train_GI_o/model,design,51,design_2,Design Rainfall 2,0.1,13,20570727,95,7854.213023372323,3460.6897658805324,11314.902789252856
input_noise,reward3_gienv,DQN reward3 GIenv,Results_DQN_reward3_train_GI_o/model,design,51,design_2,Design Rainfall 2,0.1,14,20570728,95,7693.208475499427,4439.967294332788,12133.175769832214
input_noise,reward3_gienv,DQN reward3 GIenv,Results_DQN_reward3_train_GI_o/model,design,51,design_2,Design Rainfall 2,0.1,15,20570729,95,7870.9928634569715,3911.032382521672,11782.025245978642
input_noise,reward3_gienv,DQN reward3 GIenv,Results_DQN_reward3_train_GI_o/model,design,51,design_2,Design Rainfall 2,0.1,16,20570730,95,7242.098912414755,4864.3529624786715,12106.451874893428
input_noise,reward3_gienv,DQN reward3 GIenv,Results_DQN_reward3_train_GI_o/model,design,51,design_2,Design Rainfall 2,0.1,17,20570731,95,7848.378107080454,4488.900430629788,12337.278537710243
input_noise,reward3_gienv,DQN reward3 GIenv,Results_DQN_reward3_train_GI_o/model,design,51,design_2,Design Rainfall 2,0.1,18,20570732,95,8004.8770217536085,4526.529416214179,12531.406437967787
input_noise,reward3_gienv,DQN reward3 GIenv,Results_DQN_reward3_train_GI_o/model,design,51,design_2,Design Rainfall 2,0.1,19,20570733,95,7308.042688081916,4621.790052634589,11929.832740716505
input_noise,reward3_gienv,DQN reward3 GIenv,Results_DQN_reward3_train_GI_o/model,design,51,design_2,Design Rainfall 2,0.1,20,20570734,95,8238.529873517053,3323.1855584199207,11561.715431936973
input_noise,reward3_gienv,DQN reward3 GIenv,Results_DQN_reward3_train_GI_o/model,design,51,design_2,Design Rainfall 2,0.1,21,20570735,95,7882.544203009459,4427.982937151116,12310.527140160575
input_noise,reward3_gienv,DQN reward3 GIenv,Results_DQN_reward3_train_GI_o/model,design,51,design_2,Design Rainfall 2,0.1,22,20570736,95,7949.678443741756,4434.242441804315,12383.920885546071
input_noise,reward3_gienv,DQN reward3 GIenv,Results_DQN_reward3_train_GI_o/model,design,51,design_2,Design Rainfall 2,0.1,23,20570737,95,8193.350231278111,3155.106570556688,11348.4568018348
input_noise,reward3_gienv,DQN reward3 GIenv,Results_DQN_reward3_train_GI_o/model,design,51,design_2,Design Rainfall 2,0.1,24,20570738,95,7753.406420824973,4493.235476030967,12246.641896855941
input_noise,reward3_gienv,DQN reward3 GIenv,Results_DQN_reward3_train_GI_o/model,design,51,design_2,Design Rainfall 2,0.1,25,20570739,95,7926.33860020049,3164.307415216245,11090.646015416734
input_noise,reward3_gienv,DQN reward3 GIenv,Results_DQN_reward3_train_GI_o/model,design,51,design_2,Design Rainfall 2,0.1,26,20570740,95,7422.615251480089,3933.1839985356646,11355.799250015752
input_noise,reward3_gienv,DQN reward3 GIenv,Results_DQN_reward3_train_GI_o/model,design,51,design_2,Design Rainfall 2,0.1,27,20570741,95,8554.447044119031,3095.429125748574,11649.876169867606
input_noise,reward3_gienv,DQN reward3 GIenv,Results_DQN_reward3_train_GI_o/model,design,51,design_2,Design Rainfall 2,0.1,28,20570742,95,7923.377394179625,4072.901232588208,11996.278626767833
input_noise,reward3_gienv,DQN reward3 GIenv,Results_DQN_reward3_train_GI_o/model,design,51,design_2,Design Rainfall 2,0.1,29,20570743,95,8224.377819571338,3323.480575904729,11547.858395476067
input_noise,reward3_gienv,DQN reward3 GIenv,Results_DQN_reward3_train_GI_o/model,design,51,design_2,Design Rainfall 2,0.1,30,20570744,95,7833.005024217372,3989.145458848115,11822.150483065487
input_noise,reward3_gienv,DQN reward3 GIenv,Results_DQN_reward3_train_GI_o/model,design,51,design_2,Design Rainfall 2,0.1,31,20570745,95,7737.911594733744,4506.767597269276,12244.67919200302
input_noise,reward3_gienv,DQN reward3 GIenv,Results_DQN_reward3_train_GI_o/model,design,51,design_2,Design Rainfall 2,0.1,32,20570746,95,7742.4926260979,3919.700630805326,11662.193256903225
input_noise,reward3_gienv,DQN reward3 GIenv,Results_DQN_reward3_train_GI_o/model,design,51,design_2,Design Rainfall 2,0.1,33,20570747,95,7627.771102813972,4414.787921864712,12042.559024678685
input_noise,reward3_gienv,DQN reward3 GIenv,Results_DQN_reward3_train_GI_o/model,design,51,design_2,Design Rainfall 2,0.1,34,20570748,95,7456.217077363162,4742.771553816205,12198.988631179367
input_noise,reward3_gienv,DQN reward3 GIenv,Results_DQN_reward3_train_GI_o/model,design,51,design_2,Design Rainfall 2,0.1,35,20570749,95,7723.323853925468,4566.433812662679,12289.757666588146
input_noise,reward3_gienv,DQN reward3 GIenv,Results_DQN_reward3_train_GI_o/model,design,51,design_2,Design Rainfall 2,0.1,36,20570750,95,7092.405076391822,4764.363498268406,11856.76857466023
input_noise,reward3_gienv,DQN reward3 GIenv,Results_DQN_reward3_train_GI_o/model,design,51,design_2,Design Rainfall 2,0.1,37,20570751,95,7179.109899676849,4475.525920186909,11654.635819863757
input_noise,reward3_gienv,DQN reward3 GIenv,Results_DQN_reward3_train_GI_o/model,design,51,design_2,Design Rainfall 2,0.1,38,20570752,95,7805.224456164114,4212.175545000131,12017.400001164246
input_noise,reward3_gienv,DQN reward3 GIenv,Results_DQN_reward3_train_GI_o/model,design,51,design_2,Design Rainfall 2,0.1,39,20570753,95,8090.14411646963,3800.0063828734606,11890.15049934309
input_noise,reward3_gienv,DQN reward3 GIenv,Results_DQN_reward3_train_GI_o/model,design,51,design_2,Design Rainfall 2,0.1,40,20570754,95,7761.126953011201,3805.7884506871324,11566.915403698335
input_noise,reward3_gienv,DQN reward3 GIenv,Results_DQN_reward3_train_GI_o/model,design,51,design_2,Design Rainfall 2,0.1,41,20570755,95,8112.166387920248,3621.129861640261,11733.29624956051
input_noise,reward3_gienv,DQN reward3 GIenv,Results_DQN_reward3_train_GI_o/model,design,51,design_2,Design Rainfall 2,0.1,42,20570756,95,7998.674148528671,3520.692804627578,11519.366953156248
input_noise,reward3_gienv,DQN reward3 GIenv,Results_DQN_reward3_train_GI_o/model,design,51,design_2,Design Rainfall 2,0.1,43,20570757,95,7981.10904725355,3336.5349533876442,11317.644000641194
input_noise,reward3_gienv,DQN reward3 GIenv,Results_DQN_reward3_train_GI_o/model,design,51,design_2,Design Rainfall 2,0.1,44,20570758,95,7827.58872590905,3645.898090051968,11473.486815961018
input_noise,reward3_gienv,DQN reward3 GIenv,Results_DQN_reward3_train_GI_o/model,design,51,design_2,Design Rainfall 2,0.1,45,20570759,95,7310.242691712554,3960.3875596135317,11270.630251326085
input_noise,reward3_gienv,DQN reward3 GIenv,Results_DQN_reward3_train_GI_o/model,design,51,design_2,Design Rainfall 2,0.1,46,20570760,95,8182.4472682390715,3654.038525866814,11836.485794105885
input_noise,reward3_gienv,DQN reward3 GIenv,Results_DQN_reward3_train_GI_o/model,design,51,design_2,Design Rainfall 2,0.1,47,20570761,95,8713.095233184453,2795.926627397105,11509.021860581557
input_noise,reward3_gienv,DQN reward3 GIenv,Results_DQN_reward3_train_GI_o/model,design,51,design_2,Design Rainfall 2,0.1,48,20570762,95,8604.852190075797,3047.684982110478,11652.537172186276
input_noise,reward3_gienv,DQN reward3 GIenv,Results_DQN_reward3_train_GI_o/model,design,51,design_2,Design Rainfall 2,0.1,49,20570763,95,8561.385380050015,2757.7698099642694,11319.155190014284
input_noise,reward3_gienv,DQN reward3 GIenv,Results_DQN_reward3_train_GI_o/model,real,0,real_01,Real Rainfall 1,0.05,0,20665714,95,3929.001287720834,1462.9643420909088,5391.9656298117425
input_noise,reward3_gienv,DQN reward3 GIenv,Results_DQN_reward3_train_GI_o/model,real,0,real_01,Real Rainfall 1,0.05,1,20665715,95,4397.8116761583315,883.5744816504474,5281.386157808779
input_noise,reward3_gienv,DQN reward3 GIenv,Results_DQN_reward3_train_GI_o/model,real,0,real_01,Real Rainfall 1,0.05,2,20665716,95,3171.495384800075,2538.8737901931813,5710.369174993257
input_noise,reward3_gienv,DQN reward3 GIenv,Results_DQN_reward3_train_GI_o/model,real,0,real_01,Real Rainfall 1,0.05,3,20665717,95,4518.0244598326035,883.5744816504474,5401.598941483051
input_noise,reward3_gienv,DQN reward3 GIenv,Results_DQN_reward3_train_GI_o/model,real,0,real_01,Real Rainfall 1,0.05,4,20665718,95,4960.4028334916775,590.0106251144722,5550.41345860615
input_noise,reward3_gienv,DQN reward3 GIenv,Results_DQN_reward3_train_GI_o/model,real,0,real_01,Real Rainfall 1,0.05,5,20665719,95,3708.482299390896,1802.7662659752477,5511.248565366144
input_noise,reward3_gienv,DQN reward3 GIenv,Results_DQN_reward3_train_GI_o/model,real,0,real_01,Real Rainfall 1,0.05,6,20665720,95,4896.701043579717,883.5744816504474,5780.275525230165
input_noise,reward3_gienv,DQN reward3 GIenv,Results_DQN_reward3_train_GI_o/model,real,0,real_01,Real Rainfall 1,0.05,7,20665721,95,3520.9553934801966,1971.1784094713942,5492.133802951591
input_noise,reward3_gienv,DQN reward3 GIenv,Results_DQN_reward3_train_GI_o/model,real,0,real_01,Real Rainfall 1,0.05,8,20665722,95,4397.8116761583315,883.5744816504474,5281.386157808779
input_noise,reward3_gienv,DQN reward3 GIenv,Results_DQN_reward3_train_GI_o/model,real,0,real_01,Real Rainfall 1,0.05,9,20665723,95,3525.6504232652856,2433.0328636726854,5958.6832869379705
input_noise,reward3_gienv,DQN reward3 GIenv,Results_DQN_reward3_train_GI_o/model,real,0,real_01,Real Rainfall 1,0.05,10,20665724,95,4366.364034838726,883.5744816504474,5249.938516489174
input_noise,reward3_gienv,DQN reward3 GIenv,Results_DQN_reward3_train_GI_o/model,real,0,real_01,Real Rainfall 1,0.05,11,20665725,95,4127.472142154144,1457.9554749412046,5585.427617095349
input_noise,reward3_gienv,DQN reward3 GIenv,Results_DQN_reward3_train_GI_o/model,real,0,real_01,Real Rainfall 1,0.05,12,20665726,95,4397.8116761583315,883.5744816504474,5281.386157808779
input_noise,reward3_gienv,DQN reward3 GIenv,Results_DQN_reward3_train_GI_o/model,real,0,real_01,Real Rainfall 1,0.05,13,20665727,95,4500.69933428363,883.5744816504474,5384.273815934078
input_noise,reward3_gienv,DQN reward3 GIenv,Results_DQN_reward3_train_GI_o/model,real,0,real_01,Real Rainfall 1,0.05,14,20665728,95,4153.166764743147,1167.4324558974972,5320.5992206406445
input_noise,reward3_gienv,DQN reward3 GIenv,Results_DQN_reward3_train_GI_o/model,real,0,real_01,Real Rainfall 1,0.05,15,20665729,95,4863.22366397904,590.0106251144722,5453.234289093512
input_noise,reward3_gienv,DQN reward3 GIenv,Results_DQN_reward3_train_GI_o/model,real,0,real_01,Real Rainfall 1,0.05,16,20665730,95,4503.891617667798,1663.984849803695,6167.876467471493
input_noise,reward3_gienv,DQN reward3 GIenv,Results_DQN_reward3_train_GI_o/model,real,0,real_01,Real Rainfall 1,0.05,17,20665731,95,4281.229484455278,1088.220569761476,5369.450054216754
input_noise,reward3_gienv,DQN reward3 GIenv,Results_DQN_reward3_train_GI_o/model,real,0,real_01,Real Rainfall 1,0.05,18,20665732,95,4442.5096514925635,883.5744816504474,5326.084133143011
input_noise,reward3_gienv,DQN reward3 GIenv,Results_DQN_reward3_train_GI_o/model,real,0,real_01,Real Rainfall 1,0.05,19,20665733,95,3019.3248706395416,2438.062927598191,5457.387798237733
input_noise,reward3_gienv,DQN reward3 GIenv,Results_DQN_reward3_train_GI_o/model,real,0,real_01,Real Rainfall 1,0.05,20,20665734,95,4546.599802280385,1841.5546255497131,6388.154427830098
input_noise,reward3_gienv,DQN reward3 GIenv,Results_DQN_reward3_train_GI_o/model,real,0,real_01,Real Rainfall 1,0.05,21,20665735,95,4452.391031370606,883.5744816504474,5335.965513021053
input_noise,reward3_gienv,DQN reward3 GIenv,Results_DQN_reward3_train_GI_o/model,real,0,real_01,Real Rainfall 1,0.05,22,20665736,95,4713.560973538219,590.0106251144722,5303.571598652691
input_noise,reward3_gienv,DQN reward3 GIenv,Results_DQN_reward3_train_GI_o/model,real,0,real_01,Real Rainfall 1,0.05,23,20665737,95,4397.8116761583315,883.5744816504474,5281.386157808779
input_noise,reward3_gienv,DQN reward3 GIenv,Results_DQN_reward3_train_GI_o/model,real,0,real_01,Real Rainfall 1,0.05,24,20665738,95,4262.142927708146,883.5744816504474,5145.717409358594
input_noise,reward3_gienv,DQN reward3 GIenv,Results_DQN_reward3_train_GI_o/model,real,0,real_01,Real Rainfall 1,0.05,25,20665739,95,4397.8116761583315,883.5744816504474,5281.386157808779
input_noise,reward3_gienv,DQN reward3 GIenv,Results_DQN_reward3_train_GI_o/model,real,0,real_01,Real Rainfall 1,0.05,26,20665740,95,3974.4444047275388,1498.600951526913,5473.045356254452
input_noise,reward3_gienv,DQN reward3 GIenv,Results_DQN_reward3_train_GI_o/model,real,0,real_01,Real Rainfall 1,0.05,27,20665741,95,3249.1426273832967,2525.306543996189,5774.449171379485
input_noise,reward3_gienv,DQN reward3 GIenv,Results_DQN_reward3_train_GI_o/model,real,0,real_01,Real Rainfall 1,0.05,28,20665742,95,3153.8709201865413,2839.307400667618,5993.178320854159
input_noise,reward3_gienv,DQN reward3 GIenv,Results_DQN_reward3_train_GI_o/model,real,0,real_01,Real Rainfall 1,0.05,29,20665743,95,4795.726689002478,794.6884760901963,5590.415165092675
input_noise,reward3_gienv,DQN reward3 GIenv,Results_DQN_reward3_train_GI_o/model,real,0,real_01,Real Rainfall 1,0.05,30,20665744,95,4458.0698093636,883.5744816504474,5341.644291014048
input_noise,reward3_gienv,DQN reward3 GIenv,Results_DQN_reward3_train_GI_o/model,real,0,real_01,Real Rainfall 1,0.05,31,20665745,95,4102.700466405426,1170.811151085671,5273.511617491096
input_noise,reward3_gienv,DQN reward3 GIenv,Results_DQN_reward3_train_GI_o/model,real,0,real_01,Real Rainfall 1,0.05,32,20665746,95,4471.5758415658565,1393.4702682545903,5865.046109820447
input_noise,reward3_gienv,DQN reward3 GIenv,Results_DQN_reward3_train_GI_o/model,real,0,real_01,Real Rainfall 1,0.05,33,20665747,95,4461.552579231124,883.5744816504474,5345.127060881571
input_noise,reward3_gienv,DQN reward3 GIenv,Results_DQN_reward3_train_GI_o/model,real,0,real_01,Real Rainfall 1,0.05,34,20665748,95,3445.0269483556613,2020.7009117596049,5465.727860115267
input_noise,reward3_gienv,DQN reward3 GIenv,Results_DQN_reward3_train_GI_o/model,real,0,real_01,Real Rainfall 1,0.05,35,20665749,95,3990.913297287447,1463.6270919415374,5454.540389228985
input_noise,reward3_gienv,DQN reward3 GIenv,Results_DQN_reward3_train_GI_o/model,real,0,real_01,Real Rainfall 1,0.05,36,20665750,95,4262.142927708146,883.5744816504474,5145.717409358594
input_noise,reward3_gienv,DQN reward3 GIenv,Results_DQN_reward3_train_GI_o/model,real,0,real_01,Real Rainfall 1,0.05,37,20665751,95,3520.7929197853323,1827.1443968263006,5347.937316611633
input_noise,reward3_gienv,DQN reward3 GIenv,Results_DQN_reward3_train_GI_o/model,real,0,real_01,Real Rainfall 1,0.05,38,20665752,95,4325.67824733609,1411.9472682274097,5737.6255155635
input_noise,reward3_gienv,DQN reward3 GIenv,Results_DQN_reward3_train_GI_o/model,real,0,real_01,Real Rainfall 1,0.05,39,20665753,95,4825.7447864829455,590.0106251144722,5415.755411597418
input_noise,reward3_gienv,DQN reward3 GIenv,Results_DQN_reward3_train_GI_o/model,real,0,real_01,Real Rainfall 1,0.05,40,20665754,95,4397.8116761583315,883.5744816504474,5281.386157808779
input_noise,reward3_gienv,DQN reward3 GIenv,Results_DQN_reward3_train_GI_o/model,real,0,real_01,Real Rainfall 1,0.05,41,20665755,95,4410.744058883322,1468.9595072180405,5879.703566101363
input_noise,reward3_gienv,DQN reward3 GIenv,Results_DQN_reward3_train_GI_o/model,real,0,real_01,Real Rainfall 1,0.05,42,20665756,95,4441.933095131353,883.5744816504474,5325.507576781801
input_noise,reward3_gienv,DQN reward3 GIenv,Results_DQN_reward3_train_GI_o/model,real,0,real_01,Real Rainfall 1,0.05,43,20665757,95,4403.478840470776,883.5744816504474,5287.053322121224
input_noise,reward3_gienv,DQN reward3 GIenv,Results_DQN_reward3_train_GI_o/model,real,0,real_01,Real Rainfall 1,0.05,44,20665758,95,4347.160122313751,883.5744816504474,5230.734603964199
input_noise,reward3_gienv,DQN reward3 GIenv,Results_DQN_reward3_train_GI_o/model,real,0,real_01,Real Rainfall 1,0.05,45,20665759,95,4432.741388108132,1088.0375063691515,5520.778894477284
input_noise,reward3_gienv,DQN reward3 GIenv,Results_DQN_reward3_train_GI_o/model,real,0,real_01,Real Rainfall 1,0.05,46,20665760,95,4262.142927708146,883.5744816504474,5145.717409358594
input_noise,reward3_gienv,DQN reward3 GIenv,Results_DQN_reward3_train_GI_o/model,real,0,real_01,Real Rainfall 1,0.05,47,20665761,95,4015.147051414772,1170.811151085671,5185.958202500443
input_noise,reward3_gienv,DQN reward3 GIenv,Results_DQN_reward3_train_GI_o/model,real,0,real_01,Real Rainfall 1,0.05,48,20665762,95,3949.9671873686225,1874.6638774802746,5824.631064848897
input_noise,reward3_gienv,DQN reward3 GIenv,Results_DQN_reward3_train_GI_o/model,real,0,real_01,Real Rainfall 1,0.05,49,20665763,95,4397.8116761583315,883.5744816504474,5281.386157808779
input_noise,reward3_gienv,DQN reward3 GIenv,Results_DQN_reward3_train_GI_o/model,real,0,real_01,Real Rainfall 1,0.1,0,20670714,95,3596.3290164846585,1908.096228605345,5504.425245090004
input_noise,reward3_gienv,DQN reward3 GIenv,Results_DQN_reward3_train_GI_o/model,real,0,real_01,Real Rainfall 1,0.1,1,20670715,95,4129.77563991467,1459.9708868168009,5589.746526731471
input_noise,reward3_gienv,DQN reward3 GIenv,Results_DQN_reward3_train_GI_o/model,real,0,real_01,Real Rainfall 1,0.1,2,20670716,95,4146.90857304444,1259.3363761228934,5406.244949167334
input_noise,reward3_gienv,DQN reward3 GIenv,Results_DQN_reward3_train_GI_o/model,real,0,real_01,Real Rainfall 1,0.1,3,20670717,95,3777.5595853497794,1934.6676745856366,5712.227259935416
input_noise,reward3_gienv,DQN reward3 GIenv,Results_DQN_reward3_train_GI_o/model,real,0,real_01,Real Rainfall 1,0.1,4,20670718,95,3145.7819286125987,2291.741987281881,5437.52391589448
input_noise,reward3_gienv,DQN reward3 GIenv,Results_DQN_reward3_train_GI_o/model,real,0,real_01,Real Rainfall 1,0.1,5,20670719,95,3140.077947084227,2452.26971574695,5592.347662831177
input_noise,reward3_gienv,DQN reward3 GIenv,Results_DQN_reward3_train_GI_o/model,real,0,real_01,Real Rainfall 1,0.1,6,20670720,95,2890.160632270166,3083.240142389841,5973.400774660007
input_noise,reward3_gienv,DQN reward3 GIenv,Results_DQN_reward3_train_GI_o/model,real,0,real_01,Real Rainfall 1,0.1,7,20670721,95,3572.2933557912247,2730.833847778667,6303.127203569891
input_noise,reward3_gienv,DQN reward3 GIenv,Results_DQN_reward3_train_GI_o/model,real,0,real_01,Real Rainfall 1,0.1,8,20670722,95,3445.7268076916334,2254.7718703203927,5700.498678012026
input_noise,reward3_gienv,DQN reward3 GIenv,Results_DQN_reward3_train_GI_o/model,real,0,real_01,Real Rainfall 1,0.1,9,20670723,95,4119.348008547624,1598.2277456259908,5717.575754173615
input_noise,reward3_gienv,DQN reward3 GIenv,Results_DQN_reward3_train_GI_o/model,real,0,real_01,Real Rainfall 1,0.1,10,20670724,95,4561.301285988008,883.5744816504474,5444.875767638456
input_noise,reward3_gienv,DQN reward3 GIenv,Results_DQN_reward3_train_GI_o/model,real,0,real_01,Real Rainfall 1,0.1,11,20670725,95,3104.910865018282,2248.054634997163,5352.965500015445
input_noise,reward3_gienv,DQN reward3 GIenv,Results_DQN_reward3_train_GI_o/model,real,0,real_01,Real Rainfall 1,0.1,12,20670726,95,4257.361409034477,1088.2929754315528,5345.65438446603
input_noise,reward3_gienv,DQN reward3 GIenv,Results_DQN_reward3_train_GI_o/model,real,0,real_01,Real Rainfall 1,0.1,13,20670727,95,4180.99602309754,1169.3043802411457,5350.300403338686
input_noise,reward3_gienv,DQN reward3 GIenv,Results_DQN_reward3_train_GI_o/model,real,0,real_01,Real Rainfall 1,0.1,14,20670728,95,4482.6338297014045,1087.961685337279,5570.5955150386835
input_noise,reward3_gienv,DQN reward3 GIenv,Results_DQN_reward3_train_GI_o/model,real,0,real_01,Real Rainfall 1,0.1,15,20670729,95,3996.5424116326813,1367.3132671767105,5363.855678809392
input_noise,reward3_gienv,DQN reward3 GIenv,Results_DQN_reward3_train_GI_o/model,real,0,real_01,Real Rainfall 1,0.1,16,20670730,95,3861.036636277147,1461.1218025033295,5322.158438780476
input_noise,reward3_gienv,DQN reward3 GIenv,Results_DQN_reward3_train_GI_o/model,real,0,real_01,Real Rainfall 1,0.1,17,20670731,95,3105.3470783599623,2605.27006164311,5710.617140003073
input_noise,reward3_gienv,DQN reward3 GIenv,Results_DQN_reward3_train_GI_o/model,real,0,real_01,Real Rainfall 1,0.1,18,20670732,95,3876.3732420249917,1358.8455972245579,5235.21883924955
input_noise,reward3_gienv,DQN reward3 GIenv,Results_DQN_reward3_train_GI_o/model,real,0,real_01,Real Rainfall 1,0.1,19,20670733,95,3462.8647648833876,2227.2389744903803,5690.103739373768
input_noise,reward3_gienv,DQN reward3 GIenv,Results_DQN_reward3_train_GI_o/model,real,0,real_01,Real Rainfall 1,0.1,20,20670734,95,3865.6266280748227,1852.736181181543,5718.362809256366
input_noise,reward3_gienv,DQN reward3 GIenv,Results_DQN_reward3_train_GI_o/model,real,0,real_01,Real Rainfall 1,0.1,21,20670735,95,4360.2997399953465,1070.94290420337,5431.242644198716
input_noise,reward3_gienv,DQN reward3 GIenv,Results_DQN_reward3_train_GI_o/model,real,0,real_01,Real Rainfall 1,0.1,22,20670736,95,3926.012217665106,2533.8262088071406,6459.838426472246
input_noise,reward3_gienv,DQN reward3 GIenv,Results_DQN_reward3_train_GI_o/model,real,0,real_01,Real Rainfall 1,0.1,23,20670737,95,3954.4611365462497,1611.903759245642,5566.364895791892
input_noise,reward3_gienv,DQN reward3 GIenv,Results_DQN_reward3_train_GI_o/model,real,0,real_01,Real Rainfall 1,0.1,24,20670738,95,3483.885259007969,2768.6697869699137,6252.555045977882
input_noise,reward3_gienv,DQN reward3 GIenv,Results_DQN_reward3_train_GI_o/model,real,0,real_01,Real Rainfall 1,0.1,25,20670739,95,5010.338461505438,1071.0539569735788,6081.392418479018
input_noise,reward3_gienv,DQN reward3 GIenv,Results_DQN_reward3_train_GI_o/model,real,0,real_01,Real Rainfall 1,0.1,26,20670740,95,3022.1859334817245,2869.460517056823,5891.6464505385475
input_noise,reward3_gienv,DQN reward3 GIenv,Results_DQN_reward3_train_GI_o/model,real,0,real_01,Real Rainfall 1,0.1,27,20670741,95,4404.975513810527,1412.2022741871956,5817.1777879977235
input_noise,reward3_gienv,DQN reward3 GIenv,Results_DQN_reward3_train_GI_o/model,real,0,real_01,Real Rainfall 1,0.1,28,20670742,95,3414.953464518476,2269.091937098754,5684.04540161723
input_noise,reward3_gienv,DQN reward3 GIenv,Results_DQN_reward3_train_GI_o/model,real,0,real_01,Real Rainfall 1,0.1,29,20670743,95,3630.556185044832,1938.2148699646118,5568.771055009443
input_noise,reward3_gienv,DQN reward3 GIenv,Results_DQN_reward3_train_GI_o/model,real,0,real_01,Real Rainfall 1,0.1,30,20670744,95,2963.2338207073044,2670.098049139239,5633.331869846543
input_noise,reward3_gienv,DQN reward3 GIenv,Results_DQN_reward3_train_GI_o/model,real,0,real_01,Real Rainfall 1,0.1,31,20670745,95,4565.148389532154,1075.8978227420175,5641.046212274172
input_noise,reward3_gienv,DQN reward3 GIenv,Results_DQN_reward3_train_GI_o/model,real,0,real_01,Real Rainfall 1,0.1,32,20670746,95,4360.402050115663,1294.2429532818555,5654.645003397518
input_noise,reward3_gienv,DQN reward3 GIenv,Results_DQN_reward3_train_GI_o/model,real,0,real_01,Real Rainfall 1,0.1,33,20670747,95,3077.5959991516056,3109.8718979262376,6187.467897077843
input_noise,reward3_gienv,DQN reward3 GIenv,Results_DQN_reward3_train_GI_o/model,real,0,real_01,Real Rainfall 1,0.1,34,20670748,95,3155.0477014497096,3311.7295533861834,6466.7772548358935
input_noise,reward3_gienv,DQN reward3 GIenv,Results_DQN_reward3_train_GI_o/model,real,0,real_01,Real Rainfall 1,0.1,35,20670749,95,3620.6810796888008,2095.896055063855,5716.577134752655
input_noise,reward3_gienv,DQN reward3 GIenv,Results_DQN_reward3_train_GI_o/model,real,0,real_01,Real Rainfall 1,0.1,36,20670750,95,3321.4727996522247,2037.5961441820314,5359.068943834256
input_noise,reward3_gienv,DQN reward3 GIenv,Results_DQN_reward3_train_GI_o/model,real,0,real_01,Real Rainfall 1,0.1,37,20670751,95,3570.0769497337515,1906.7391832860417,5476.816133019793
input_noise,reward3_gienv,DQN reward3 GIenv,Results_DQN_reward3_train_GI_o/model,real,0,real_01,Real Rainfall 1,0.1,38,20670752,95,3936.5010219694045,1582.1389679013191,5518.639989870724
input_noise,reward3_gienv,DQN reward3 GIenv,Results_DQN_reward3_train_GI_o/model,real,0,real_01,Real Rainfall 1,0.1,39,20670753,95,4301.355036508444,1579.5982668359604,5880.953303344404
input_noise,reward3_gienv,DQN reward3 GIenv,Results_DQN_reward3_train_GI_o/model,real,0,real_01,Real Rainfall 1,0.1,40,20670754,95,3961.3199500738187,2194.810755320146,6156.130705393965
input_noise,reward3_gienv,DQN reward3 GIenv,Results_DQN_reward3_train_GI_o/model,real,0,real_01,Real Rainfall 1,0.1,41,20670755,95,3137.755258530306,2808.3782060168123,5946.133464547118
input_noise,reward3_gienv,DQN reward3 GIenv,Results_DQN_reward3_train_GI_o/model,real,0,real_01,Real Rainfall 1,0.1,42,20670756,95,3384.7880354972945,2899.922824696759,6284.710860194054
input_noise,reward3_gienv,DQN reward3 GIenv,Results_DQN_reward3_train_GI_o/model,real,0,real_01,Real Rainfall 1,0.1,43,20670757,95,4355.733423956288,1365.9815368889767,5721.714960845265
input_noise,reward3_gienv,DQN reward3 GIenv,Results_DQN_reward3_train_GI_o/model,real,0,real_01,Real Rainfall 1,0.1,44,20670758,95,3479.9245246017117,2459.3160767050854,5939.2406013067975
input_noise,reward3_gienv,DQN reward3 GIenv,Results_DQN_reward3_train_GI_o/model,real,0,real_01,Real Rainfall 1,0.1,45,20670759,95,3557.1806072918944,1736.6718185176614,5293.852425809556
input_noise,reward3_gienv,DQN reward3 GIenv,Results_DQN_reward3_train_GI_o/model,real,0,real_01,Real Rainfall 1,0.1,46,20670760,95,3886.408693449131,1775.0090646441136,5661.417758093245
input_noise,reward3_gienv,DQN reward3 GIenv,Results_DQN_reward3_train_GI_o/model,real,0,real_01,Real Rainfall 1,0.1,47,20670761,95,4459.690620208996,1550.4641381457736,6010.154758354769
input_noise,reward3_gienv,DQN reward3 GIenv,Results_DQN_reward3_train_GI_o/model,real,0,real_01,Real Rainfall 1,0.1,48,20670762,95,4504.20344562614,883.5744816504474,5387.777927276587
input_noise,reward3_gienv,DQN reward3 GIenv,Results_DQN_reward3_train_GI_o/model,real,0,real_01,Real Rainfall 1,0.1,49,20670763,95,3984.860211716798,2368.643773131049,6353.503984847846
input_noise,reward3_gienv,DQN reward3 GIenv,Results_DQN_reward3_train_GI_o/model,real,1,real_02,Real Rainfall 2,0.05,0,20765714,95,1310.543197299874,1481.029644932557,2791.572842232431
input_noise,reward3_gienv,DQN reward3 GIenv,Results_DQN_reward3_train_GI_o/model,real,1,real_02,Real Rainfall 2,0.05,1,20765715,95,1321.9122823143562,1472.6521991306822,2794.5644814450384
input_noise,reward3_gienv,DQN reward3 GIenv,Results_DQN_reward3_train_GI_o/model,real,1,real_02,Real Rainfall 2,0.05,2,20765716,95,912.2559443134583,1746.665392720985,2658.9213370344432
input_noise,reward3_gienv,DQN reward3 GIenv,Results_DQN_reward3_train_GI_o/model,real,1,real_02,Real Rainfall 2,0.05,3,20765717,95,1761.107040332744,1064.0953571921757,2825.2023975249194
input_noise,reward3_gienv,DQN reward3 GIenv,Results_DQN_reward3_train_GI_o/model,real,1,real_02,Real Rainfall 2,0.05,4,20765718,95,1247.8616876202386,1481.102140079476,2728.963827699715
input_noise,reward3_gienv,DQN reward3 GIenv,Results_DQN_reward3_train_GI_o/model,real,1,real_02,Real Rainfall 2,0.05,5,20765719,95,1838.8158387079186,729.1670860616013,2567.9829247695197
input_noise,reward3_gienv,DQN reward3 GIenv,Results_DQN_reward3_train_GI_o/model,real,1,real_02,Real Rainfall 2,0.05,6,20765720,95,1108.802992251562,1867.2610219056437,2976.0640141572057
input_noise,reward3_gienv,DQN reward3 GIenv,Results_DQN_reward3_train_GI_o/model,real,1,real_02,Real Rainfall 2,0.05,7,20765721,95,1247.993295826537,1475.5951777293649,2723.588473555902
input_noise,reward3_gienv,DQN reward3 GIenv,Results_DQN_reward3_train_GI_o/model,real,1,real_02,Real Rainfall 2,0.05,8,20765722,95,1771.6807240328526,1138.263310721796,2909.944034754649
input_noise,reward3_gienv,DQN reward3 GIenv,Results_DQN_reward3_train_GI_o/model,real,1,real_02,Real Rainfall 2,0.05,9,20765723,95,1245.9359709837454,2251.51380687862,3497.4497778623654
input_noise,reward3_gienv,DQN reward3 GIenv,Results_DQN_reward3_train_GI_o/model,real,1,real_02,Real Rainfall 2,0.05,10,20765724,95,1455.5852932210594,1268.063060946046,2723.6483541671055
input_noise,reward3_gienv,DQN reward3 GIenv,Results_DQN_reward3_train_GI_o/model,real,1,real_02,Real Rainfall 2,0.05,11,20765725,95,1906.0102684528504,729.1670860616013,2635.1773545144515
input_noise,reward3_gienv,DQN reward3 GIenv,Results_DQN_reward3_train_GI_o/model,real,1,real_02,Real Rainfall 2,0.05,12,20765726,95,1773.4338163365235,1137.6583599422765,2911.0921762788003
input_noise,reward3_gienv,DQN reward3 GIenv,Results_DQN_reward3_train_GI_o/model,real,1,real_02,Real Rainfall 2,0.05,13,20765727,95,1036.3205605885628,1662.2056804532497,2698.5262410418127
input_noise,reward3_gienv,DQN reward3 GIenv,Results_DQN_reward3_train_GI_o/model,real,1,real_02,Real Rainfall 2,0.05,14,20765728,95,1587.8291677868415,1064.8071185906438,2652.6362863774852
input_noise,reward3_gienv,DQN reward3 GIenv,Results_DQN_reward3_train_GI_o/model,real,1,real_02,Real Rainfall 2,0.05,15,20765729,95,1700.10358298667,933.7995127254292,2633.9030957120995
input_noise,reward3_gienv,DQN reward3 GIenv,Results_DQN_reward3_train_GI_o/model,real,1,real_02,Real Rainfall 2,0.05,16,20765730,95,1184.120598242058,1398.5209637969383,2582.641562038996
input_noise,reward3_gienv,DQN reward3 GIenv,Results_DQN_reward3_train_GI_o/model,real,1,real_02,Real Rainfall 2,0.05,17,20765731,95,967.2419348565743,1738.1885129586822,2705.4304478152562
input_noise,reward3_gienv,DQN reward3 GIenv,Results_DQN_reward3_train_GI_o/model,real,1,real_02,Real Rainfall 2,0.05,18,20765732,95,1636.5791698304074,1627.2699084838289,3263.849078314236
input_noise,reward3_gienv,DQN reward3 GIenv,Results_DQN_reward3_train_GI_o/model,real,1,real_02,Real Rainfall 2,0.05,19,20765733,95,514.804426327356,2289.154445378613,2803.958871705969
input_noise,reward3_gienv,DQN reward3 GIenv,Results_DQN_reward3_train_GI_o/model,real,1,real_02,Real Rainfall 2,0.05,20,20765734,95,1114.553245272803,1719.427498929861,2833.980744202664
input_noise,reward3_gienv,DQN reward3 GIenv,Results_DQN_reward3_train_GI_o/model,real,1,real_02,Real Rainfall 2,0.05,21,20765735,95,1687.9398508649751,1343.3481826183897,3031.288033483365
input_noise,reward3_gienv,DQN reward3 GIenv,Results_DQN_reward3_train_GI_o/model,real,1,real_02,Real Rainfall 2,0.05,22,20765736,95,1131.205639925765,1695.7984754539088,2827.0041153796737
input_noise,reward3_gienv,DQN reward3 GIenv,Results_DQN_reward3_train_GI_o/model,real,1,real_02,Real Rainfall 2,0.05,23,20765737,95,1832.557009990093,728.8034402355457,2561.360450225639
input_noise,reward3_gienv,DQN reward3 GIenv,Results_DQN_reward3_train_GI_o/model,real,1,real_02,Real Rainfall 2,0.05,24,20765738,95,1559.3945347628649,1137.6409415971125,2697.035476359977
input_noise,reward3_gienv,DQN reward3 GIenv,Results_DQN_reward3_train_GI_o/model,real,1,real_02,Real Rainfall 2,0.05,25,20765739,95,1183.4443069636618,1261.590299118805,2445.034606082467
input_noise,reward3_gienv,DQN reward3 GIenv,Results_DQN_reward3_train_GI_o/model,real,1,real_02,Real Rainfall 2,0.05,26,20765740,95,1389.2526215119494,1565.4160602044412,2954.668681716391
input_noise,reward3_gienv,DQN reward3 GIenv,Results_DQN_reward3_train_GI_o/model,real,1,real_02,Real Rainfall 2,0.05,27,20765741,95,1558.0952702910536,1342.8601274176453,2900.955397708699
input_noise,reward3_gienv,DQN reward3 GIenv,Results_DQN_reward3_train_GI_o/model,real,1,real_02,Real Rainfall 2,0.05,28,20765742,95,1317.7079297210687,1680.6731467753366,2998.3810764964055
input_noise,reward3_gienv,DQN reward3 GIenv,Results_DQN_reward3_train_GI_o/model,real,1,real_02,Real Rainfall 2,0.05,29,20765743,95,1766.409153409045,933.7332547065689,2700.1424081156138
input_noise,reward3_gienv,DQN reward3 GIenv,Results_DQN_reward3_train_GI_o/model,real,1,real_02,Real Rainfall 2,0.05,30,20765744,95,1249.7446361897328,1472.8635234102749,2722.6081596000076
input_noise,reward3_gienv,DQN reward3 GIenv,Results_DQN_reward3_train_GI_o/model,real,1,real_02,Real Rainfall 2,0.05,31,20765745,95,1758.7718358110278,933.5448169406905,2692.3166527517183
input_noise,reward3_gienv,DQN reward3 GIenv,Results_DQN_reward3_train_GI_o/model,real,1,real_02,Real Rainfall 2,0.05,32,20765746,95,1704.838865676437,1138.583922989211,2843.422788665648
input_noise,reward3_gienv,DQN reward3 GIenv,Results_DQN_reward3_train_GI_o/model,real,1,real_02,Real Rainfall 2,0.05,33,20765747,95,1827.0757120260494,933.504767002363,2760.5804790284124
input_noise,reward3_gienv,DQN reward3 GIenv,Results_DQN_reward3_train_GI_o/model,real,1,real_02,Real Rainfall 2,0.05,34,20765748,95,1701.0127082775236,1064.198159582258,2765.2108678597815
input_noise,reward3_gienv,DQN reward3 GIenv,Results_DQN_reward3_train_GI_o/model,real,1,real_02,Real Rainfall 2,0.05,35,20765749,95,1694.4485676617653,1137.3917103912502,2831.8402780530155
input_noise,reward3_gienv,DQN reward3 GIenv,Results_DQN_reward3_train_GI_o/model,real,1,real_02,Real Rainfall 2,0.05,36,20765750,95,1309.402896742272,1684.494466125198,2993.8973628674703
input_noise,reward3_gienv,DQN reward3 GIenv,Results_DQN_reward3_train_GI_o/model,real,1,real_02,Real Rainfall 2,0.05,37,20765751,95,1906.152746147063,729.1670860616013,2635.319832208664
input_noise,reward3_gienv,DQN reward3 GIenv,Results_DQN_reward3_train_GI_o/model,real,1,real_02,Real Rainfall 2,0.05,38,20765752,95,1381.7166657981018,1275.334548369072,2657.051214167174
input_noise,reward3_gienv,DQN reward3 GIenv,Results_DQN_reward3_train_GI_o/model,real,1,real_02,Real Rainfall 2,0.05,39,20765753,95,1008.1731139479779,1986.065272495086,2994.238386443064
input_noise,reward3_gienv,DQN reward3 GIenv,Results_DQN_reward3_train_GI_o/model,real,1,real_02,Real Rainfall 2,0.05,40,20765754,95,1759.0075830074275,933.6502614149078,2692.657844422335
input_noise,reward3_gienv,DQN reward3 GIenv,Results_DQN_reward3_train_GI_o/model,real,1,real_02,Real Rainfall 2,0.05,41,20765755,95,1697.0218598500185,933.7937066103725,2630.815566460391
input_noise,reward3_gienv,DQN reward3 GIenv,Results_DQN_reward3_train_GI_o/model,real,1,real_02,Real Rainfall 2,0.05,42,20765756,95,1560.0581768079712,1064.0140715814264,2624.072248389398
input_noise,reward3_gienv,DQN reward3 GIenv,Results_DQN_reward3_train_GI_o/model,real,1,real_02,Real Rainfall 2,0.05,43,20765757,95,971.0668674967785,2110.576572274469,3081.6434397712474
input_noise,reward3_gienv,DQN reward3 GIenv,Results_DQN_reward3_train_GI_o/model,real,1,real_02,Real Rainfall 2,0.05,44,20765758,95,1703.1501535812563,1435.6843846915103,3138.8345382727666
input_noise,reward3_gienv,DQN reward3 GIenv,Results_DQN_reward3_train_GI_o/model,real,1,real_02,Real Rainfall 2,0.05,45,20765759,95,1190.3843977936738,1464.7457785768302,2655.130176370504
input_noise,reward3_gienv,DQN reward3 GIenv,Results_DQN_reward3_train_GI_o/model,real,1,real_02,Real Rainfall 2,0.05,46,20765760,95,1905.5920099766295,728.8034402355457,2634.395450212175
input_noise,reward3_gienv,DQN reward3 GIenv,Results_DQN_reward3_train_GI_o/model,real,1,real_02,Real Rainfall 2,0.05,47,20765761,95,1084.1768520174232,2172.6156258732153,3256.7924778906386
input_noise,reward3_gienv,DQN reward3 GIenv,Results_DQN_reward3_train_GI_o/model,real,1,real_02,Real Rainfall 2,0.05,48,20765762,95,1396.6781765967985,1259.6821063202606,2656.360282917059
input_noise,reward3_gienv,DQN reward3 GIenv,Results_DQN_reward3_train_GI_o/model,real,1,real_02,Real Rainfall 2,0.05,49,20765763,95,1630.6875281898763,1063.9266383194288,2694.614166509305
input_noise,reward3_gienv,DQN reward3 GIenv,Results_DQN_reward3_train_GI_o/model,real,1,real_02,Real Rainfall 2,0.1,0,20770714,95,1232.0745433536931,1732.7124561637906,2964.7869995174838
input_noise,reward3_gienv,DQN reward3 GIenv,Results_DQN_reward3_train_GI_o/model,real,1,real_02,Real Rainfall 2,0.1,1,20770715,95,1248.9006226274132,1934.7577560156303,3183.6583786430438
input_noise,reward3_gienv,DQN reward3 GIenv,Results_DQN_reward3_train_GI_o/model,real,1,real_02,Real Rainfall 2,0.1,2,20770716,95,1278.9996444979247,1491.0336228135711,2770.033267311496
input_noise,reward3_gienv,DQN reward3 GIenv,Results_DQN_reward3_train_GI_o/model,real,1,real_02,Real Rainfall 2,0.1,3,20770717,95,1163.4363500914671,1939.7833352528776,3103.2196853443447
input_noise,reward3_gienv,DQN reward3 GIenv,Results_DQN_reward3_train_GI_o/model,real,1,real_02,Real Rainfall 2,0.1,4,20770718,95,1084.1914078265802,1973.6162375924719,3057.8076454190523
input_noise,reward3_gienv,DQN reward3 GIenv,Results_DQN_reward3_train_GI_o/model,real,1,real_02,Real Rainfall 2,0.1,5,20770719,95,896.028151870881,2034.2765743272612,2930.304726198142
input_noise,reward3_gienv,DQN reward3 GIenv,Results_DQN_reward3_train_GI_o/model,real,1,real_02,Real Rainfall 2,0.1,6,20770720,95,841.4776421122532,2268.9281495806626,3110.405791692916
input_noise,reward3_gienv,DQN reward3 GIenv,Results_DQN_reward3_train_GI_o/model,real,1,real_02,Real Rainfall 2,0.1,7,20770721,95,670.6549588133907,2393.891194983241,3064.5461537966316
input_noise,reward3_gienv,DQN reward3 GIenv,Results_DQN_reward3_train_GI_o/model,real,1,real_02,Real Rainfall 2,0.1,8,20770722,95,1360.5500582766276,1764.2567753146186,3124.8068335912462
input_noise,reward3_gienv,DQN reward3 GIenv,Results_DQN_reward3_train_GI_o/model,real,1,real_02,Real Rainfall 2,0.1,9,20770723,95,1312.2619859779234,1406.5707828963173,2718.8327688742406
input_noise,reward3_gienv,DQN reward3 GIenv,Results_DQN_reward3_train_GI_o/model,real,1,real_02,Real Rainfall 2,0.1,10,20770724,95,1906.3069718091062,788.3095212960347,2694.6164931051408
input_noise,reward3_gienv,DQN reward3 GIenv,Results_DQN_reward3_train_GI_o/model,real,1,real_02,Real Rainfall 2,0.1,11,20770725,95,1833.32380364504,583.5432124497747,2416.867016094815
input_noise,reward3_gienv,DQN reward3 GIenv,Results_DQN_reward3_train_GI_o/model,real,1,real_02,Real Rainfall 2,0.1,12,20770726,95,1331.4099917691942,1257.9335364073581,2589.3435281765524
input_noise,reward3_gienv,DQN reward3 GIenv,Results_DQN_reward3_train_GI_o/model,real,1,real_02,Real Rainfall 2,0.1,13,20770727,95,1155.425955369685,1566.0068765235014,2721.4328318931866
input_noise,reward3_gienv,DQN reward3 GIenv,Results_DQN_reward3_train_GI_o/model,real,1,real_02,Real Rainfall 2,0.1,14,20770728,95,606.0722331137024,2732.111793058899,3338.184026172601
input_noise,reward3_gienv,DQN reward3 GIenv,Results_DQN_reward3_train_GI_o/model,real,1,real_02,Real Rainfall 2,0.1,15,20770729,95,1345.0351220091195,1418.2749751279357,2763.310097137055
input_noise,reward3_gienv,DQN reward3 GIenv,Results_DQN_reward3_train_GI_o/model,real,1,real_02,Real Rainfall 2,0.1,16,20770730,95,1584.853836530121,1138.4773637011667,2723.3312002312878
input_noise,reward3_gienv,DQN reward3 GIenv,Results_DQN_reward3_train_GI_o/model,real,1,real_02,Real Rainfall 2,0.1,17,20770731,95,1315.4523125665348,1472.228241411517,2787.6805539780516
input_noise,reward3_gienv,DQN reward3 GIenv,Results_DQN_reward3_train_GI_o/model,real,1,real_02,Real Rainfall 2,0.1,18,20770732,95,1342.912725940118,1490.980939371344,2833.893665311462
input_noise,reward3_gienv,DQN reward3 GIenv,Results_DQN_reward3_train_GI_o/model,real,1,real_02,Real Rainfall 2,0.1,19,20770733,95,1174.8378704359245,2098.344982473975,3273.1828529098993
input_noise,reward3_gienv,DQN reward3 GIenv,Results_DQN_reward3_train_GI_o/model,real,1,real_02,Real Rainfall 2,0.1,20,20770734,95,1166.6037146339506,2440.9000829049296,3607.5037975388805
input_noise,reward3_gienv,DQN reward3 GIenv,Results_DQN_reward3_train_GI_o/model,real,1,real_02,Real Rainfall 2,0.1,21,20770735,95,577.8682560329333,2414.8354340219826,2992.703690054916
input_noise,reward3_gienv,DQN reward3 GIenv,Results_DQN_reward3_train_GI_o/model,real,1,real_02,Real Rainfall 2,0.1,22,20770736,95,743.2947110466445,2008.0770112637229,2751.371722310367
input_noise,reward3_gienv,DQN reward3 GIenv,Results_DQN_reward3_train_GI_o/model,real,1,real_02,Real Rainfall 2,0.1,23,20770737,95,1329.5910786448326,1597.3939034770046,2926.984982121837
input_noise,reward3_gienv,DQN reward3 GIenv,Results_DQN_reward3_train_GI_o/model,real,1,real_02,Real Rainfall 2,0.1,24,20770738,95,1311.0411718996422,1553.96588907366,2865.007060973302
input_noise,reward3_gienv,DQN reward3 GIenv,Results_DQN_reward3_train_GI_o/model,real,1,real_02,Real Rainfall 2,0.1,25,20770739,95,1906.2428494500784,933.6592315608818,2839.9020810109605
input_noise,reward3_gienv,DQN reward3 GIenv,Results_DQN_reward3_train_GI_o/model,real,1,real_02,Real Rainfall 2,0.1,26,20770740,95,1200.1262176090343,1797.6227416600639,2997.748959269098
input_noise,reward3_gienv,DQN reward3 GIenv,Results_DQN_reward3_train_GI_o/model,real,1,real_02,Real Rainfall 2,0.1,27,20770741,95,1840.1412840244498,728.8034402355457,2568.9447242599954
input_noise,reward3_gienv,DQN reward3 GIenv,Results_DQN_reward3_train_GI_o/model,real,1,real_02,Real Rainfall 2,0.1,28,20770742,95,1456.1142377000497,1267.7044265102668,2723.8186642103165
input_noise,reward3_gienv,DQN reward3 GIenv,Results_DQN_reward3_train_GI_o/model,real,1,real_02,Real Rainfall 2,0.1,29,20770743,95,1389.3180233457324,1109.6954088285415,2499.013432174274
input_noise,reward3_gienv,DQN reward3 GIenv,Results_DQN_reward3_train_GI_o/model,real,1,real_02,Real Rainfall 2,0.1,30,20770744,95,1264.59438609329,1389.0940066905791,2653.688392783869
input_noise,reward3_gienv,DQN reward3 GIenv,Results_DQN_reward3_train_GI_o/model,real,1,real_02,Real Rainfall 2,0.1,31,20770745,95,756.6665780114593,1870.0595329165428,2626.726110928002
input_noise,reward3_gienv,DQN reward3 GIenv,Results_DQN_reward3_train_GI_o/model,real,1,real_02,Real Rainfall 2,0.1,32,20770746,95,1454.6633733707722,1115.8943885018798,2570.557761872652
input_noise,reward3_gienv,DQN reward3 GIenv,Results_DQN_reward3_train_GI_o/model,real,1,real_02,Real Rainfall 2,0.1,33,20770747,95,1484.332644501846,1565.9192930341019,3050.251937535948
input_noise,reward3_gienv,DQN reward3 GIenv,Results_DQN_reward3_train_GI_o/model,real,1,real_02,Real Rainfall 2,0.1,34,20770748,95,1837.7424124431584,1066.6916949040062,2904.4341073471646
input_noise,reward3_gienv,DQN reward3 GIenv,Results_DQN_reward3_train_GI_o/model,real,1,real_02,Real Rainfall 2,0.1,35,20770749,95,1447.619170369278,1275.7367035903455,2723.3558739596238
input_noise,reward3_gienv,DQN reward3 GIenv,Results_DQN_reward3_train_GI_o/model,real,1,real_02,Real Rainfall 2,0.1,36,20770750,95,1185.191167513175,1259.4076941557712,2444.5988616689465
input_noise,reward3_gienv,DQN reward3 GIenv,Results_DQN_reward3_train_GI_o/model,real,1,real_02,Real Rainfall 2,0.1,37,20770751,95,1491.1692682621963,1409.3144102953045,2900.4836785575008
input_noise,reward3_gienv,DQN reward3 GIenv,Results_DQN_reward3_train_GI_o/model,real,1,real_02,Real Rainfall 2,0.1,38,20770752,95,527.1726675109626,2252.258436613817,2779.4311041247797
input_noise,reward3_gienv,DQN reward3 GIenv,Results_DQN_reward3_train_GI_o/model,real,1,real_02,Real Rainfall 2,0.1,39,20770753,95,695.6587747004957,1840.1757160237673,2535.834490724263
input_noise,reward3_gienv,DQN reward3 GIenv,Results_DQN_reward3_train_GI_o/model,real,1,real_02,Real Rainfall 2,0.1,40,20770754,95,1507.2371632047148,1199.5610905809158,2706.7982537856305
input_noise,reward3_gienv,DQN reward3 GIenv,Results_DQN_reward3_train_GI_o/model,real,1,real_02,Real Rainfall 2,0.1,41,20770755,95,1063.704961968342,1968.094971146042,3031.799933114384
input_noise,reward3_gienv,DQN reward3 GIenv,Results_DQN_reward3_train_GI_o/model,real,1,real_02,Real Rainfall 2,0.1,42,20770756,95,1034.1647915040828,1859.473005450483,2893.6377969545656
input_noise,reward3_gienv,DQN reward3 GIenv,Results_DQN_reward3_train_GI_o/model,real,1,real_02,Real Rainfall 2,0.1,43,20770757,95,611.2227700984505,2338.7874008117315,2950.010170910182
input_noise,reward3_gienv,DQN reward3 GIenv,Results_DQN_reward3_train_GI_o/model,real,1,real_02,Real Rainfall 2,0.1,44,20770758,95,1462.8095942044617,1260.0951716702743,2722.904765874736
input_noise,reward3_gienv,DQN reward3 GIenv,Results_DQN_reward3_train_GI_o/model,real,1,real_02,Real Rainfall 2,0.1,45,20770759,95,1049.7308633326863,1871.2819670618346,2921.012830394521
input_noise,reward3_gienv,DQN reward3 GIenv,Results_DQN_reward3_train_GI_o/model,real,1,real_02,Real Rainfall 2,0.1,46,20770760,95,1469.6540535253314,1587.9693109329385,3057.62336445827
input_noise,reward3_gienv,DQN reward3 GIenv,Results_DQN_reward3_train_GI_o/model,real,1,real_02,Real Rainfall 2,0.1,47,20770761,95,1509.4681555438783,1827.3307368274486,3336.798892371327
input_noise,reward3_gienv,DQN reward3 GIenv,Results_DQN_reward3_train_GI_o/model,real,1,real_02,Real Rainfall 2,0.1,48,20770762,95,1196.1831835722394,1515.206474308568,2711.389657880807
input_noise,reward3_gienv,DQN reward3 GIenv,Results_DQN_reward3_train_GI_o/model,real,1,real_02,Real Rainfall 2,0.1,49,20770763,95,1126.3087782693851,1673.1501479735145,2799.4589262429
input_noise,reward3_gienv,DQN reward3 GIenv,Results_DQN_reward3_train_GI_o/model,real,2,real_03,Real Rainfall 3,0.05,0,20865714,95,4221.737701004363,3138.330136590246,7360.067837594609
input_noise,reward3_gienv,DQN reward3 GIenv,Results_DQN_reward3_train_GI_o/model,real,2,real_03,Real Rainfall 3,0.05,1,20865715,95,4889.573425006441,2661.04700628079,7550.6204312872305
input_noise,reward3_gienv,DQN reward3 GIenv,Results_DQN_reward3_train_GI_o/model,real,2,real_03,Real Rainfall 3,0.05,2,20865716,95,3706.312571537121,2937.6142946777513,6643.9268662148725
input_noise,reward3_gienv,DQN reward3 GIenv,Results_DQN_reward3_train_GI_o/model,real,2,real_03,Real Rainfall 3,0.05,3,20865717,95,4691.706007291828,2548.4361805037643,7240.142187795593
input_noise,reward3_gienv,DQN reward3 GIenv,Results_DQN_reward3_train_GI_o/model,real,2,real_03,Real Rainfall 3,0.05,4,20865718,95,3819.488625865176,3255.058860375947,7074.547486241123
input_noise,reward3_gienv,DQN reward3 GIenv,Results_DQN_reward3_train_GI_o/model,real,2,real_03,Real Rainfall 3,0.05,5,20865719,95,4355.879106791857,2880.669212543885,7236.548319335742
input_noise,reward3_gienv,DQN reward3 GIenv,Results_DQN_reward3_train_GI_o/model,real,2,real_03,Real Rainfall 3,0.05,6,20865720,95,3215.3544911252457,3465.1089218486895,6680.463412973935
input_noise,reward3_gienv,DQN reward3 GIenv,Results_DQN_reward3_train_GI_o/model,real,2,real_03,Real Rainfall 3,0.05,7,20865721,95,4266.7976688577,2932.1487440415303,7198.94641289923
input_noise,reward3_gienv,DQN reward3 GIenv,Results_DQN_reward3_train_GI_o/model,real,2,real_03,Real Rainfall 3,0.05,8,20865722,95,4304.265757745939,2373.3493831318488,6677.615140877788
input_noise,reward3_gienv,DQN reward3 GIenv,Results_DQN_reward3_train_GI_o/model,real,2,real_03,Real Rainfall 3,0.05,9,20865723,95,4600.065540778687,2548.4361805037643,7148.501721282451
input_noise,reward3_gienv,DQN reward3 GIenv,Results_DQN_reward3_train_GI_o/model,real,2,real_03,Real Rainfall 3,0.05,10,20865724,95,4286.7785819186365,2388.6865142285965,6675.4650961472325
input_noise,reward3_gienv,DQN reward3 GIenv,Results_DQN_reward3_train_GI_o/model,real,2,real_03,Real Rainfall 3,0.05,11,20865725,95,3693.9995232438905,3583.015943530404,7277.0154667742945
input_noise,reward3_gienv,DQN reward3 GIenv,Results_DQN_reward3_train_GI_o/model,real,2,real_03,Real Rainfall 3,0.05,12,20865726,95,3911.7373364556915,2560.303536351535,6472.040872807227
input_noise,reward3_gienv,DQN reward3 GIenv,Results_DQN_reward3_train_GI_o/model,real,2,real_03,Real Rainfall 3,0.05,13,20865727,95,4473.576264669759,2630.5422029417296,7104.118467611489
input_noise,reward3_gienv,DQN reward3 GIenv,Results_DQN_reward3_train_GI_o/model,real,2,real_03,Real Rainfall 3,0.05,14,20865728,95,4177.744041120932,2401.1457819769935,6578.889823097925
input_noise,reward3_gienv,DQN reward3 GIenv,Results_DQN_reward3_train_GI_o/model,real,2,real_03,Real Rainfall 3,0.05,15,20865729,95,4091.5697564446687,2752.4363209559106,6844.00607740058
input_noise,reward3_gienv,DQN reward3 GIenv,Results_DQN_reward3_train_GI_o/model,real,2,real_03,Real Rainfall 3,0.05,16,20865730,95,4447.382872214846,2114.2352669696406,6561.6181391844875
input_noise,reward3_gienv,DQN reward3 GIenv,Results_DQN_reward3_train_GI_o/model,real,2,real_03,Real Rainfall 3,0.05,17,20865731,95,4401.941923495902,2329.1413489657493,6731.083272461652
input_noise,reward3_gienv,DQN reward3 GIenv,Results_DQN_reward3_train_GI_o/model,real,2,real_03,Real Rainfall 3,0.05,18,20865732,95,4761.090229215913,2141.838464875028,6902.928694090941
input_noise,reward3_gienv,DQN reward3 GIenv,Results_DQN_reward3_train_GI_o/model,real,2,real_03,Real Rainfall 3,0.05,19,20865733,95,4401.261497963154,3051.4480681613377,7452.709566124492
input_noise,reward3_gienv,DQN reward3 GIenv,Results_DQN_reward3_train_GI_o/model,real,2,real_03,Real Rainfall 3,0.05,20,20865734,95,3974.2083179233437,2560.303536351535,6534.511854274879
input_noise,reward3_gienv,DQN reward3 GIenv,Results_DQN_reward3_train_GI_o/model,real,2,real_03,Real Rainfall 3,0.05,21,20865735,95,4065.6841006577156,2956.2997589558395,7021.983859613555
input_noise,reward3_gienv,DQN reward3 GIenv,Results_DQN_reward3_train_GI_o/model,real,2,real_03,Real Rainfall 3,0.05,22,20865736,95,4065.697683682509,2956.2997589558395,7021.997442638349
input_noise,reward3_gienv,DQN reward3 GIenv,Results_DQN_reward3_train_GI_o/model,real,2,real_03,Real Rainfall 3,0.05,23,20865737,95,4865.6496440149285,1964.6746486109953,6830.324292625924
input_noise,reward3_gienv,DQN reward3 GIenv,Results_DQN_reward3_train_GI_o/model,real,2,real_03,Real Rainfall 3,0.05,24,20865738,95,4304.265757745939,2373.3493831318488,6677.615140877788
input_noise,reward3_gienv,DQN reward3 GIenv,Results_DQN_reward3_train_GI_o/model,real,2,real_03,Real Rainfall 3,0.05,25,20865739,95,3974.2083179233437,2560.303536351535,6534.511854274879
input_noise,reward3_gienv,DQN reward3 GIenv,Results_DQN_reward3_train_GI_o/model,real,2,real_03,Real Rainfall 3,0.05,26,20865740,95,4120.85279412225,2560.303536351535,6681.156330473785
input_noise,reward3_gienv,DQN reward3 GIenv,Results_DQN_reward3_train_GI_o/model,real,2,real_03,Real Rainfall 3,0.05,27,20865741,95,4374.634326855122,3559.835761701784,7934.4700885569055
input_noise,reward3_gienv,DQN reward3 GIenv,Results_DQN_reward3_train_GI_o/model,real,2,real_03,Real Rainfall 3,0.05,28,20865742,95,4679.339119276041,2548.4361805037643,7227.775299779805
input_noise,reward3_gienv,DQN reward3 GIenv,Results_DQN_reward3_train_GI_o/model,real,2,real_03,Real Rainfall 3,0.05,29,20865743,95,3586.739385661959,3632.218023061143,7218.957408723102
input_noise,reward3_gienv,DQN reward3 GIenv,Results_DQN_reward3_train_GI_o/model,real,2,real_03,Real Rainfall 3,0.05,30,20865744,95,4886.310527580548,2009.7514620419925,6896.061989622541
input_noise,reward3_gienv,DQN reward3 GIenv,Results_DQN_reward3_train_GI_o/model,real,2,real_03,Real Rainfall 3,0.05,31,20865745,95,4486.295601458091,3628.4819305487526,8114.777532006844
input_noise,reward3_gienv,DQN reward3 GIenv,Results_DQN_reward3_train_GI_o/model,real,2,real_03,Real Rainfall 3,0.05,32,20865746,95,4307.222530766553,2937.9512069893613,7245.173737755915
input_noise,reward3_gienv,DQN reward3 GIenv,Results_DQN_reward3_train_GI_o/model,real,2,real_03,Real Rainfall 3,0.05,33,20865747,95,3824.8875436244566,2753.1030118776234,6577.99055550208
input_noise,reward3_gienv,DQN reward3 GIenv,Results_DQN_reward3_train_GI_o/model,real,2,real_03,Real Rainfall 3,0.05,34,20865748,95,4662.905742973943,2506.581232347841,7169.4869753217845
input_noise,reward3_gienv,DQN reward3 GIenv,Results_DQN_reward3_train_GI_o/model,real,2,real_03,Real Rainfall 3,0.05,35,20865749,95,4467.882079390695,2753.0624595163545,7220.94453890705
input_noise,reward3_gienv,DQN reward3 GIenv,Results_DQN_reward3_train_GI_o/model,real,2,real_03,Real Rainfall 3,0.05,36,20865750,95,4313.870508892982,2200.927942158711,6514.798451051693
input_noise,reward3_gienv,DQN reward3 GIenv,Results_DQN_reward3_train_GI_o/model,real,2,real_03,Real Rainfall 3,0.05,37,20865751,95,3931.131031495005,3591.327552926753,7522.458584421758
input_noise,reward3_gienv,DQN reward3 GIenv,Results_DQN_reward3_train_GI_o/model,real,2,real_03,Real Rainfall 3,0.05,38,20865752,95,3844.1364632709447,2998.9376301065167,6843.074093377461
input_noise,reward3_gienv,DQN reward3 GIenv,Results_DQN_reward3_train_GI_o/model,real,2,real_03,Real Rainfall 3,0.05,39,20865753,95,4229.688928489095,2833.8940569405327,7063.582985429628
input_noise,reward3_gienv,DQN reward3 GIenv,Results_DQN_reward3_train_GI_o/model,real,2,real_03,Real Rainfall 3,0.05,40,20865754,95,3992.494937794248,2719.7962860661573,6712.291223860406
input_noise,reward3_gienv,DQN reward3 GIenv,Results_DQN_reward3_train_GI_o/model,real,2,real_03,Real Rainfall 3,0.05,41,20865755,95,3734.342260798434,3308.3632694979606,7042.7055302963945
input_noise,reward3_gienv,DQN reward3 GIenv,Results_DQN_reward3_train_GI_o/model,real,2,real_03,Real Rainfall 3,0.05,42,20865756,95,4148.0731582530625,2877.163035767899,7025.236194020961
input_noise,reward3_gienv,DQN reward3 GIenv,Results_DQN_reward3_train_GI_o/model,real,2,real_03,Real Rainfall 3,0.05,43,20865757,95,4337.571752126908,2934.53213007911,7272.103882206018
input_noise,reward3_gienv,DQN reward3 GIenv,Results_DQN_reward3_train_GI_o/model,real,2,real_03,Real Rainfall 3,0.05,44,20865758,95,4266.650955678645,3226.4065223588814,7493.057478037526
input_noise,reward3_gienv,DQN reward3 GIenv,Results_DQN_reward3_train_GI_o/model,real,2,real_03,Real Rainfall 3,0.05,45,20865759,95,3715.3735330359664,3276.0970715743715,6991.470604610338
input_noise,reward3_gienv,DQN reward3 GIenv,Results_DQN_reward3_train_GI_o/model,real,2,real_03,Real Rainfall 3,0.05,46,20865760,95,3716.4268475663703,3532.9507492103803,7249.377596776751
input_noise,reward3_gienv,DQN reward3 GIenv,Results_DQN_reward3_train_GI_o/model,real,2,real_03,Real Rainfall 3,0.05,47,20865761,95,4265.236377578411,3047.7468479167164,7312.983225495127
input_noise,reward3_gienv,DQN reward3 GIenv,Results_DQN_reward3_train_GI_o/model,real,2,real_03,Real Rainfall 3,0.05,48,20865762,95,3974.2083179233437,2560.303536351535,6534.511854274879
input_noise,reward3_gienv,DQN reward3 GIenv,Results_DQN_reward3_train_GI_o/model,real,2,real_03,Real Rainfall 3,0.05,49,20865763,95,4360.181893006632,2577.1228463037783,6937.30473931041
input_noise,reward3_gienv,DQN reward3 GIenv,Results_DQN_reward3_train_GI_o/model,real,2,real_03,Real Rainfall 3,0.1,0,20870714,95,4336.8982497258685,2974.301274599147,7311.199524325015
input_noise,reward3_gienv,DQN reward3 GIenv,Results_DQN_reward3_train_GI_o/model,real,2,real_03,Real Rainfall 3,0.1,1,20870715,95,4952.514866111877,1822.484689523259,6774.999555635137
input_noise,reward3_gienv,DQN reward3 GIenv,Results_DQN_reward3_train_GI_o/model,real,2,real_03,Real Rainfall 3,0.1,2,20870716,95,4791.852631711991,2041.752258020254,6833.604889732245
input_noise,reward3_gienv,DQN reward3 GIenv,Results_DQN_reward3_train_GI_o/model,real,2,real_03,Real Rainfall 3,0.1,3,20870717,95,4580.857250706656,2327.804552001409,6908.661802708064
input_noise,reward3_gienv,DQN reward3 GIenv,Results_DQN_reward3_train_GI_o/model,real,2,real_03,Real Rainfall 3,0.1,4,20870718,95,4038.8886672231256,3288.543959043385,7327.432626266511
input_noise,reward3_gienv,DQN reward3 GIenv,Results_DQN_reward3_train_GI_o/model,real,2,real_03,Real Rainfall 3,0.1,5,20870719,95,4122.735727504032,2983.022044514103,7105.757772018135
input_noise,reward3_gienv,DQN reward3 GIenv,Results_DQN_reward3_train_GI_o/model,real,2,real_03,Real Rainfall 3,0.1,6,20870720,95,2928.1648248506326,3766.2022264065918,6694.367051257224
input_noise,reward3_gienv,DQN reward3 GIenv,Results_DQN_reward3_train_GI_o/model,real,2,real_03,Real Rainfall 3,0.1,7,20870721,95,3567.0405704044883,3768.6656350018334,7335.706205406322
input_noise,reward3_gienv,DQN reward3 GIenv,Results_DQN_reward3_train_GI_o/model,real,2,real_03,Real Rainfall 3,0.1,8,20870722,95,3254.8110448853513,3860.077558259077,7114.888603144428
input_noise,reward3_gienv,DQN reward3 GIenv,Results_DQN_reward3_train_GI_o/model,real,2,real_03,Real Rainfall 3,0.1,9,20870723,95,4492.727060699848,2154.7976963897654,6647.524757089614
input_noise,reward3_gienv,DQN reward3 GIenv,Results_DQN_reward3_train_GI_o/model,real,2,real_03,Real Rainfall 3,0.1,10,20870724,95,3922.1460557019054,2934.5275171963276,6856.673572898233
input_noise,reward3_gienv,DQN reward3 GIenv,Results_DQN_reward3_train_GI_o/model,real,2,real_03,Real Rainfall 3,0.1,11,20870725,95,3258.918090660416,3807.5080762558373,7066.426166916253
input_noise,reward3_gienv,DQN reward3 GIenv,Results_DQN_reward3_train_GI_o/model,real,2,real_03,Real Rainfall 3,0.1,12,20870726,95,4709.4178077594515,2384.9132492080034,7094.331056967455
input_noise,reward3_gienv,DQN reward3 GIenv,Results_DQN_reward3_train_GI_o/model,real,2,real_03,Real Rainfall 3,0.1,13,20870727,95,4174.345139830762,3012.956739069935,7187.3018789006965
input_noise,reward3_gienv,DQN reward3 GIenv,Results_DQN_reward3_train_GI_o/model,real,2,real_03,Real Rainfall 3,0.1,14,20870728,95,4683.31900286647,1411.3222276146162,6094.6412304810865
input_noise,reward3_gienv,DQN reward3 GIenv,Results_DQN_reward3_train_GI_o/model,real,2,real_03,Real Rainfall 3,0.1,15,20870729,95,3784.0650761953125,2890.722144529905,6674.787220725218
input_noise,reward3_gienv,DQN reward3 GIenv,Results_DQN_reward3_train_GI_o/model,real,2,real_03,Real Rainfall 3,0.1,16,20870730,95,4338.455547726057,2548.4361805037643,6886.891728229822
input_noise,reward3_gienv,DQN reward3 GIenv,Results_DQN_reward3_train_GI_o/model,real,2,real_03,Real Rainfall 3,0.1,17,20870731,95,5005.36428291678,1938.1733051770623,6943.537588093843
input_noise,reward3_gienv,DQN reward3 GIenv,Results_DQN_reward3_train_GI_o/model,real,2,real_03,Real Rainfall 3,0.1,18,20870732,95,4437.806342975301,2437.228771315467,6875.0351142907675
input_noise,reward3_gienv,DQN reward3 GIenv,Results_DQN_reward3_train_GI_o/model,real,2,real_03,Real Rainfall 3,0.1,19,20870733,95,2967.3994784143692,4837.791813813132,7805.1912922275005
input_noise,reward3_gienv,DQN reward3 GIenv,Results_DQN_reward3_train_GI_o/model,real,2,real_03,Real Rainfall 3,0.1,20,20870734,95,3283.3016446027027,4010.9106000627344,7294.2122446654375
input_noise,reward3_gienv,DQN reward3 GIenv,Results_DQN_reward3_train_GI_o/model,real,2,real_03,Real Rainfall 3,0.1,21,20870735,95,3527.969395539877,3689.6555655973852,7217.624961137262
input_noise,reward3_gienv,DQN reward3 GIenv,Results_DQN_reward3_train_GI_o/model,real,2,real_03,Real Rainfall 3,0.1,22,20870736,95,4117.714434009139,3191.810060153047,7309.524494162186
input_noise,reward3_gienv,DQN reward3 GIenv,Results_DQN_reward3_train_GI_o/model,real,2,real_03,Real Rainfall 3,0.1,23,20870737,95,3372.1548625036235,4109.988383890719,7482.143246394342
input_noise,reward3_gienv,DQN reward3 GIenv,Results_DQN_reward3_train_GI_o/model,real,2,real_03,Real Rainfall 3,0.1,24,20870738,95,3637.412532908488,2964.0034859719817,6601.41601888047
input_noise,reward3_gienv,DQN reward3 GIenv,Results_DQN_reward3_train_GI_o/model,real,2,real_03,Real Rainfall 3,0.1,25,20870739,95,4252.5952450780915,3080.0877823284527,7332.683027406544
input_noise,reward3_gienv,DQN reward3 GIenv,Results_DQN_reward3_train_GI_o/model,real,2,real_03,Real Rainfall 3,0.1,26,20870740,95,4808.219355244569,2192.5409575322346,7000.760312776803
input_noise,reward3_gienv,DQN reward3 GIenv,Results_DQN_reward3_train_GI_o/model,real,2,real_03,Real Rainfall 3,0.1,27,20870741,95,4194.220485027484,3299.5630546459656,7493.78353967345
input_noise,reward3_gienv,DQN reward3 GIenv,Results_DQN_reward3_train_GI_o/model,real,2,real_03,Real Rainfall 3,0.1,28,20870742,95,3964.8952468263155,3010.1611246063662,6975.056371432682
input_noise,reward3_gienv,DQN reward3 GIenv,Results_DQN_reward3_train_GI_o/model,real,2,real_03,Real Rainfall 3,0.1,29,20870743,95,3594.770743972109,4056.040247170906,7650.810991143015
input_noise,reward3_gienv,DQN reward3 GIenv,Results_DQN_reward3_train_GI_o/model,real,2,real_03,Real Rainfall 3,0.1,30,20870744,95,4115.239379136978,2612.1253398719027,6727.3647190088805
input_noise,reward3_gienv,DQN reward3 GIenv,Results_DQN_reward3_train_GI_o/model,real,2,real_03,Real Rainfall 3,0.1,31,20870745,95,3886.7603744492785,3390.967380321586,7277.7277547708645
input_noise,reward3_gienv,DQN reward3 GIenv,Results_DQN_reward3_train_GI_o/model,real,2,real_03,Real Rainfall 3,0.1,32,20870746,95,3724.4405038806,3042.359622212598,6766.800126093198
input_noise,reward3_gienv,DQN reward3 GIenv,Results_DQN_reward3_train_GI_o/model,real,2,real_03,Real Rainfall 3,0.1,33,20870747,95,3954.1708001669363,3177.2611593898455,7131.431959556781
input_noise,reward3_gienv,DQN reward3 GIenv,Results_DQN_reward3_train_GI_o/model,real,2,real_03,Real Rainfall 3,0.1,34,20870748,95,3552.941115338228,3563.2330075327154,7116.174122870943
input_noise,reward3_gienv,DQN reward3 GIenv,Results_DQN_reward3_train_GI_o/model,real,2,real_03,Real Rainfall 3,0.1,35,20870749,95,4350.517651778792,2385.232048732937,6735.749700511729
input_noise,reward3_gienv,DQN reward3 GIenv,Results_DQN_reward3_train_GI_o/model,real,2,real_03,Real Rainfall 3,0.1,36,20870750,95,4338.299932102512,2358.26171970861,6696.561651811122
input_noise,reward3_gienv,DQN reward3 GIenv,Results_DQN_reward3_train_GI_o/model,real,2,real_03,Real Rainfall 3,0.1,37,20870751,95,3145.9470536538247,3725.411478428311,6871.358532082136
input_noise,reward3_gienv,DQN reward3 GIenv,Results_DQN_reward3_train_GI_o/model,real,2,real_03,Real Rainfall 3,0.1,38,20870752,95,3722.7939927078273,3432.937513266051,7155.7315059738785
input_noise,reward3_gienv,DQN reward3 GIenv,Results_DQN_reward3_train_GI_o/model,real,2,real_03,Real Rainfall 3,0.1,39,20870753,95,3661.704952241709,3680.5394814014835,7342.244433643193
input_noise,reward3_gienv,DQN reward3 GIenv,Results_DQN_reward3_train_GI_o/model,real,2,real_03,Real Rainfall 3,0.1,40,20870754,95,5224.69052282931,1652.4285593635905,6877.1190821929
input_noise,reward3_gienv,DQN reward3 GIenv,Results_DQN_reward3_train_GI_o/model,real,2,real_03,Real Rainfall 3,0.1,41,20870755,95,4061.4880591934957,2836.760881586002,6898.248940779498
input_noise,reward3_gienv,DQN reward3 GIenv,Results_DQN_reward3_train_GI_o/model,real,2,real_03,Real Rainfall 3,0.1,42,20870756,95,4186.711716936891,2538.1645121166093,6724.8762290535005
input_noise,reward3_gienv,DQN reward3 GIenv,Results_DQN_reward3_train_GI_o/model,real,2,real_03,Real Rainfall 3,0.1,43,20870757,95,4589.3423981869255,2397.944397554842,6987.2867957417675
input_noise,reward3_gienv,DQN reward3 GIenv,Results_DQN_reward3_train_GI_o/model,real,2,real_03,Real Rainfall 3,0.1,44,20870758,95,4929.551962397005,1409.2031686976754,6338.75513109468
input_noise,reward3_gienv,DQN reward3 GIenv,Results_DQN_reward3_train_GI_o/model,real,2,real_03,Real Rainfall 3,0.1,45,20870759,95,3555.128022013758,3608.741692041388,7163.869714055146
input_noise,reward3_gienv,DQN reward3 GIenv,Results_DQN_reward3_train_GI_o/model,real,2,real_03,Real Rainfall 3,0.1,46,20870760,95,3444.22194261409,3669.0391576497886,7113.261100263879
input_noise,reward3_gienv,DQN reward3 GIenv,Results_DQN_reward3_train_GI_o/model,real,2,real_03,Real Rainfall 3,0.1,47,20870761,95,4377.874720134502,2179.9973879774043,6557.8721081119065
input_noise,reward3_gienv,DQN reward3 GIenv,Results_DQN_reward3_train_GI_o/model,real,2,real_03,Real Rainfall 3,0.1,48,20870762,95,2965.5220977974177,4215.570297318243,7181.092395115661
input_noise,reward3_gienv,DQN reward3 GIenv,Results_DQN_reward3_train_GI_o/model,real,2,real_03,Real Rainfall 3,0.1,49,20870763,95,3786.7126316603253,3182.5760029394105,6969.288634599736
input_noise,reward3_gienv,DQN reward3 GIenv,Results_DQN_reward3_train_GI_o/model,real,3,real_04,Real Rainfall 4,0.05,0,20965714,95,3129.8510486573514,1442.3436171826302,4572.194665839981
input_noise,reward3_gienv,DQN reward3 GIenv,Results_DQN_reward3_train_GI_o/model,real,3,real_04,Real Rainfall 4,0.05,1,20965715,95,3379.473758489342,1118.3770533097154,4497.850811799057
input_noise,reward3_gienv,DQN reward3 GIenv,Results_DQN_reward3_train_GI_o/model,real,3,real_04,Real Rainfall 4,0.05,2,20965716,95,2358.5317206322875,2446.3393305184286,4804.871051150716
input_noise,reward3_gienv,DQN reward3 GIenv,Results_DQN_reward3_train_GI_o/model,real,3,real_04,Real Rainfall 4,0.05,3,20965717,95,2856.253259187067,1649.8013431041052,4506.054602291172
input_noise,reward3_gienv,DQN reward3 GIenv,Results_DQN_reward3_train_GI_o/model,real,3,real_04,Real Rainfall 4,0.05,4,20965718,95,3460.587031593963,883.1576148371855,4343.744646431149
input_noise,reward3_gienv,DQN reward3 GIenv,Results_DQN_reward3_train_GI_o/model,real,3,real_04,Real Rainfall 4,0.05,5,20965719,95,3362.7007020343685,1182.6538411323431,4545.354543166712
input_noise,reward3_gienv,DQN reward3 GIenv,Results_DQN_reward3_train_GI_o/model,real,3,real_04,Real Rainfall 4,0.05,6,20965720,95,3454.7951808155735,883.1576148371855,4337.952795652759
input_noise,reward3_gienv,DQN reward3 GIenv,Results_DQN_reward3_train_GI_o/model,real,3,real_04,Real Rainfall 4,0.05,7,20965721,95,3195.6846479632404,1087.416400920441,4283.101048883682
input_noise,reward3_gienv,DQN reward3 GIenv,Results_DQN_reward3_train_GI_o/model,real,3,real_04,Real Rainfall 4,0.05,8,20965722,95,2344.474054463144,2396.5994416080393,4741.073496071183
input_noise,reward3_gienv,DQN reward3 GIenv,Results_DQN_reward3_train_GI_o/model,real,3,real_04,Real Rainfall 4,0.05,9,20965723,95,3782.9100992865106,590.1092758336409,4373.019375120151
input_noise,reward3_gienv,DQN reward3 GIenv,Results_DQN_reward3_train_GI_o/model,real,3,real_04,Real Rainfall 4,0.05,10,20965724,95,2699.650016708185,1718.4889896452883,4418.139006353473
input_noise,reward3_gienv,DQN reward3 GIenv,Results_DQN_reward3_train_GI_o/model,real,3,real_04,Real Rainfall 4,0.05,11,20965725,95,2207.34563910623,2426.013157553026,4633.358796659256
input_noise,reward3_gienv,DQN reward3 GIenv,Results_DQN_reward3_train_GI_o/model,real,3,real_04,Real Rainfall 4,0.05,12,20965726,95,3514.6591057357878,883.1576148371855,4397.816720572973
input_noise,reward3_gienv,DQN reward3 GIenv,Results_DQN_reward3_train_GI_o/model,real,3,real_04,Real Rainfall 4,0.05,13,20965727,95,3246.432679048359,1442.3436171826302,4688.77629623099
input_noise,reward3_gienv,DQN reward3 GIenv,Results_DQN_reward3_train_GI_o/model,real,3,real_04,Real Rainfall 4,0.05,14,20965728,95,2920.342106615832,1445.813667848041,4366.155774463873
input_noise,reward3_gienv,DQN reward3 GIenv,Results_DQN_reward3_train_GI_o/model,real,3,real_04,Real Rainfall 4,0.05,15,20965729,95,3336.0929797985787,1408.5180886445753,4744.611068443154
input_noise,reward3_gienv,DQN reward3 GIenv,Results_DQN_reward3_train_GI_o/model,real,3,real_04,Real Rainfall 4,0.05,16,20965730,95,2576.3570778988287,2010.6817271375512,4587.03880503638
input_noise,reward3_gienv,DQN reward3 GIenv,Results_DQN_reward3_train_GI_o/model,real,3,real_04,Real Rainfall 4,0.05,17,20965731,95,3563.463029537269,794.3646465550999,4357.827676092369
input_noise,reward3_gienv,DQN reward3 GIenv,Results_DQN_reward3_train_GI_o/model,real,3,real_04,Real Rainfall 4,0.05,18,20965732,95,3313.10936342044,1182.9478722797107,4496.057235700151
input_noise,reward3_gienv,DQN reward3 GIenv,Results_DQN_reward3_train_GI_o/model,real,3,real_04,Real Rainfall 4,0.05,19,20965733,95,3731.072172479648,590.1092758336409,4321.181448313289
input_noise,reward3_gienv,DQN reward3 GIenv,Results_DQN_reward3_train_GI_o/model,real,3,real_04,Real Rainfall 4,0.05,20,20965734,95,3017.953613743503,1442.3436171826302,4460.297230926133
input_noise,reward3_gienv,DQN reward3 GIenv,Results_DQN_reward3_train_GI_o/model,real,3,real_04,Real Rainfall 4,0.05,21,20965735,95,2538.2545006803416,1823.0779824148412,4361.332483095182
input_noise,reward3_gienv,DQN reward3 GIenv,Results_DQN_reward3_train_GI_o/model,real,3,real_04,Real Rainfall 4,0.05,22,20965736,95,3254.0072448813444,1087.4608006237995,4341.468045505144
input_noise,reward3_gienv,DQN reward3 GIenv,Results_DQN_reward3_train_GI_o/model,real,3,real_04,Real Rainfall 4,0.05,23,20965737,95,3317.5501300850883,1087.9256313643452,4405.475761449434
input_noise,reward3_gienv,DQN reward3 GIenv,Results_DQN_reward3_train_GI_o/model,real,3,real_04,Real Rainfall 4,0.05,24,20965738,95,2381.5652153839405,2012.4419902058182,4394.007205589759
input_noise,reward3_gienv,DQN reward3 GIenv,Results_DQN_reward3_train_GI_o/model,real,3,real_04,Real Rainfall 4,0.05,25,20965739,95,3321.7302183945962,1413.7077320547073,4735.437950449304
input_noise,reward3_gienv,DQN reward3 GIenv,Results_DQN_reward3_train_GI_o/model,real,3,real_04,Real Rainfall 4,0.05,26,20965740,95,3610.623009600649,883.1576148371855,4493.780624437834
input_noise,reward3_gienv,DQN reward3 GIenv,Results_DQN_reward3_train_GI_o/model,real,3,real_04,Real Rainfall 4,0.05,27,20965741,95,3456.560713798538,883.1576148371855,4339.718328635723
input_noise,reward3_gienv,DQN reward3 GIenv,Results_DQN_reward3_train_GI_o/model,real,3,real_04,Real Rainfall 4,0.05,28,20965742,95,3008.023879463114,1582.9944472853338,4591.018326748448
input_noise,reward3_gienv,DQN reward3 GIenv,Results_DQN_reward3_train_GI_o/model,real,3,real_04,Real Rainfall 4,0.05,29,20965743,95,2763.217804054875,1659.0618243274905,4422.279628382365
input_noise,reward3_gienv,DQN reward3 GIenv,Results_DQN_reward3_train_GI_o/model,real,3,real_04,Real Rainfall 4,0.05,30,20965744,95,3932.2606612284058,590.1092758336409,4522.369937062047
input_noise,reward3_gienv,DQN reward3 GIenv,Results_DQN_reward3_train_GI_o/model,real,3,real_04,Real Rainfall 4,0.05,31,20965745,95,3506.3177244628773,794.6108941406492,4300.928618603526
input_noise,reward3_gienv,DQN reward3 GIenv,Results_DQN_reward3_train_GI_o/model,real,3,real_04,Real Rainfall 4,0.05,32,20965746,95,3519.113087074314,883.1576148371855,4402.2707019115
input_noise,reward3_gienv,DQN reward3 GIenv,Results_DQN_reward3_train_GI_o/model,real,3,real_04,Real Rainfall 4,0.05,33,20965747,95,2113.5876234482625,2536.200127631453,4649.787751079715
input_noise,reward3_gienv,DQN reward3 GIenv,Results_DQN_reward3_train_GI_o/model,real,3,real_04,Real Rainfall 4,0.05,34,20965748,95,2997.6509180356384,1400.3662420588585,4398.017160094497
input_noise,reward3_gienv,DQN reward3 GIenv,Results_DQN_reward3_train_GI_o/model,real,3,real_04,Real Rainfall 4,0.05,35,20965749,95,3789.76958054328,883.1576148371855,4672.9271953804655
input_noise,reward3_gienv,DQN reward3 GIenv,Results_DQN_reward3_train_GI_o/model,real,3,real_04,Real Rainfall 4,0.05,36,20965750,95,3411.5425113521014,883.1576148371855,4294.700126189287
input_noise,reward3_gienv,DQN reward3 GIenv,Results_DQN_reward3_train_GI_o/model,real,3,real_04,Real Rainfall 4,0.05,37,20965751,95,3828.4765257523827,1136.9735417412685,4965.450067493652
input_noise,reward3_gienv,DQN reward3 GIenv,Results_DQN_reward3_train_GI_o/model,real,3,real_04,Real Rainfall 4,0.05,38,20965752,95,2585.4372088974083,2717.901695006996,5303.338903904404
input_noise,reward3_gienv,DQN reward3 GIenv,Results_DQN_reward3_train_GI_o/model,real,3,real_04,Real Rainfall 4,0.05,39,20965753,95,2988.385691092967,1796.3745469189248,4784.7602380118915
input_noise,reward3_gienv,DQN reward3 GIenv,Results_DQN_reward3_train_GI_o/model,real,3,real_04,Real Rainfall 4,0.05,40,20965754,95,2766.092835429829,1693.3132183600014,4459.40605378983
input_noise,reward3_gienv,DQN reward3 GIenv,Results_DQN_reward3_train_GI_o/model,real,3,real_04,Real Rainfall 4,0.05,41,20965755,95,3875.0649395821465,1093.3589951852668,4968.423934767414
input_noise,reward3_gienv,DQN reward3 GIenv,Results_DQN_reward3_train_GI_o/model,real,3,real_04,Real Rainfall 4,0.05,42,20965756,95,3643.039057861468,883.1576148371855,4526.196672698654
input_noise,reward3_gienv,DQN reward3 GIenv,Results_DQN_reward3_train_GI_o/model,real,3,real_04,Real Rainfall 4,0.05,43,20965757,95,3653.8458936071643,1086.9303949367566,4740.776288543921
input_noise,reward3_gienv,DQN reward3 GIenv,Results_DQN_reward3_train_GI_o/model,real,3,real_04,Real Rainfall 4,0.05,44,20965758,95,2986.0538405176,1943.2930270727584,4929.346867590359
input_noise,reward3_gienv,DQN reward3 GIenv,Results_DQN_reward3_train_GI_o/model,real,3,real_04,Real Rainfall 4,0.05,45,20965759,95,3084.963333505278,1408.524638602486,4493.487972107764
input_noise,reward3_gienv,DQN reward3 GIenv,Results_DQN_reward3_train_GI_o/model,real,3,real_04,Real Rainfall 4,0.05,46,20965760,95,3114.182426773807,1975.9130673722448,5090.095494146051
input_noise,reward3_gienv,DQN reward3 GIenv,Results_DQN_reward3_train_GI_o/model,real,3,real_04,Real Rainfall 4,0.05,47,20965761,95,3405.218900044786,883.1576148371855,4288.376514881971
input_noise,reward3_gienv,DQN reward3 GIenv,Results_DQN_reward3_train_GI_o/model,real,3,real_04,Real Rainfall 4,0.05,48,20965762,95,2785.8872199723537,2255.7457736791102,5041.632993651464
input_noise,reward3_gienv,DQN reward3 GIenv,Results_DQN_reward3_train_GI_o/model,real,3,real_04,Real Rainfall 4,0.05,49,20965763,95,2236.1524549459796,2441.947927668574,4678.100382614553
input_noise,reward3_gienv,DQN reward3 GIenv,Results_DQN_reward3_train_GI_o/model,real,3,real_04,Real Rainfall 4,0.1,0,20970714,95,2250.774486703014,2779.856081192648,5030.630567895662
input_noise,reward3_gienv,DQN reward3 GIenv,Results_DQN_reward3_train_GI_o/model,real,3,real_04,Real Rainfall 4,0.1,1,20970715,95,2194.304013548597,2445.1433720982277,4639.447385646825
input_noise,reward3_gienv,DQN reward3 GIenv,Results_DQN_reward3_train_GI_o/model,real,3,real_04,Real Rainfall 4,0.1,2,20970716,95,2342.6492112804067,2124.4534272785518,4467.1026385589585
input_noise,reward3_gienv,DQN reward3 GIenv,Results_DQN_reward3_train_GI_o/model,real,3,real_04,Real Rainfall 4,0.1,3,20970717,95,1758.4401527146124,3332.1667522842354,5090.606904998847
input_noise,reward3_gienv,DQN reward3 GIenv,Results_DQN_reward3_train_GI_o/model,real,3,real_04,Real Rainfall 4,0.1,4,20970718,95,2105.355902013471,2360.0010119671183,4465.3569139805895
input_noise,reward3_gienv,DQN reward3 GIenv,Results_DQN_reward3_train_GI_o/model,real,3,real_04,Real Rainfall 4,0.1,5,20970719,95,3060.460976787484,1597.7042967601892,4658.165273547673
input_noise,reward3_gienv,DQN reward3 GIenv,Results_DQN_reward3_train_GI_o/model,real,3,real_04,Real Rainfall 4,0.1,6,20970720,95,2702.1149690512025,2402.8184749090697,5104.933443960272
input_noise,reward3_gienv,DQN reward3 GIenv,Results_DQN_reward3_train_GI_o/model,real,3,real_04,Real Rainfall 4,0.1,7,20970721,95,2603.332928437671,2409.7680346579,5013.1009630955705
input_noise,reward3_gienv,DQN reward3 GIenv,Results_DQN_reward3_train_GI_o/model,real,3,real_04,Real Rainfall 4,0.1,8,20970722,95,2077.7474172591915,2737.939539049731,4815.686956308922
input_noise,reward3_gienv,DQN reward3 GIenv,Results_DQN_reward3_train_GI_o/model,real,3,real_04,Real Rainfall 4,0.1,9,20970723,95,1643.7445026566227,3246.9614890497514,4890.705991706374
input_noise,reward3_gienv,DQN reward3 GIenv,Results_DQN_reward3_train_GI_o/model,real,3,real_04,Real Rainfall 4,0.1,10,20970724,95,2489.852778793134,2162.4292488872884,4652.282027680422
input_noise,reward3_gienv,DQN reward3 GIenv,Results_DQN_reward3_train_GI_o/model,real,3,real_04,Real Rainfall 4,0.1,11,20970725,95,3162.2747298328195,1636.1895552160017,4798.464285048822
input_noise,reward3_gienv,DQN reward3 GIenv,Results_DQN_reward3_train_GI_o/model,real,3,real_04,Real Rainfall 4,0.1,12,20970726,95,2258.8300517231546,2482.5234555616616,4741.353507284816
input_noise,reward3_gienv,DQN reward3 GIenv,Results_DQN_reward3_train_GI_o/model,real,3,real_04,Real Rainfall 4,0.1,13,20970727,95,2870.5566102194343,2052.834195197279,4923.390805416713
input_noise,reward3_gienv,DQN reward3 GIenv,Results_DQN_reward3_train_GI_o/model,real,3,real_04,Real Rainfall 4,0.1,14,20970728,95,2496.707938052659,1972.5707201955213,4469.27865824818
input_noise,reward3_gienv,DQN reward3 GIenv,Results_DQN_reward3_train_GI_o/model,real,3,real_04,Real Rainfall 4,0.1,15,20970729,95,2710.24804907184,1973.8332296289336,4684.0812787007735
input_noise,reward3_gienv,DQN reward3 GIenv,Results_DQN_reward3_train_GI_o/model,real,3,real_04,Real Rainfall 4,0.1,16,20970730,95,2756.381113173863,1942.584671554296,4698.965784728159
input_noise,reward3_gienv,DQN reward3 GIenv,Results_DQN_reward3_train_GI_o/model,real,3,real_04,Real Rainfall 4,0.1,17,20970731,95,3335.2704029277006,1755.6629708459382,5090.933373773639
input_noise,reward3_gienv,DQN reward3 GIenv,Results_DQN_reward3_train_GI_o/model,real,3,real_04,Real Rainfall 4,0.1,18,20970732,95,2795.9911385105124,1675.0699265517271,4471.061065062239
input_noise,reward3_gienv,DQN reward3 GIenv,Results_DQN_reward3_train_GI_o/model,real,3,real_04,Real Rainfall 4,0.1,19,20970733,95,1660.3086018958777,3386.378345491061,5046.686947386938
input_noise,reward3_gienv,DQN reward3 GIenv,Results_DQN_reward3_train_GI_o/model,real,3,real_04,Real Rainfall 4,0.1,20,20970734,95,2382.7915637021656,2410.966348198034,4793.7579119002
input_noise,reward3_gienv,DQN reward3 GIenv,Results_DQN_reward3_train_GI_o/model,real,3,real_04,Real Rainfall 4,0.1,21,20970735,95,2560.6755035361707,2520.564380670334,5081.239884206505
input_noise,reward3_gienv,DQN reward3 GIenv,Results_DQN_reward3_train_GI_o/model,real,3,real_04,Real Rainfall 4,0.1,22,20970736,95,2819.8121038487366,1723.8806297266624,4543.692733575399
input_noise,reward3_gienv,DQN reward3 GIenv,Results_DQN_reward3_train_GI_o/model,real,3,real_04,Real Rainfall 4,0.1,23,20970737,95,2577.6492518206196,2201.2200142511892,4778.869266071809
input_noise,reward3_gienv,DQN reward3 GIenv,Results_DQN_reward3_train_GI_o/model,real,3,real_04,Real Rainfall 4,0.1,24,20970738,95,2645.246565339465,2291.3121505900754,4936.558715929541
input_noise,reward3_gienv,DQN reward3 GIenv,Results_DQN_reward3_train_GI_o/model,real,3,real_04,Real Rainfall 4,0.1,25,20970739,95,3178.5644274966603,1410.2063625638145,4588.770790060475
input_noise,reward3_gienv,DQN reward3 GIenv,Results_DQN_reward3_train_GI_o/model,real,3,real_04,Real Rainfall 4,0.1,26,20970740,95,2435.6694014269465,2427.752655868064,4863.422057295011
input_noise,reward3_gienv,DQN reward3 GIenv,Results_DQN_reward3_train_GI_o/model,real,3,real_04,Real Rainfall 4,0.1,27,20970741,95,1435.5252009118428,3534.102593898888,4969.627794810731
input_noise,reward3_gienv,DQN reward3 GIenv,Results_DQN_reward3_train_GI_o/model,real,3,real_04,Real Rainfall 4,0.1,28,20970742,95,2986.8517946154325,1940.0409709421715,4926.892765557604
input_noise,reward3_gienv,DQN reward3 GIenv,Results_DQN_reward3_train_GI_o/model,real,3,real_04,Real Rainfall 4,0.1,29,20970743,95,2793.5718251805574,1863.0622491795086,4656.634074360066
input_noise,reward3_gienv,DQN reward3 GIenv,Results_DQN_reward3_train_GI_o/model,real,3,real_04,Real Rainfall 4,0.1,30,20970744,95,2077.1632840861844,2706.6267779511163,4783.7900620373
input_noise,reward3_gienv,DQN reward3 GIenv,Results_DQN_reward3_train_GI_o/model,real,3,real_04,Real Rainfall 4,0.1,31,20970745,95,2745.3840368253695,1897.9313005042964,4643.315337329666
input_noise,reward3_gienv,DQN reward3 GIenv,Results_DQN_reward3_train_GI_o/model,real,3,real_04,Real Rainfall 4,0.1,32,20970746,95,3107.5189005351676,1438.917403186656,4546.436303721824
input_noise,reward3_gienv,DQN reward3 GIenv,Results_DQN_reward3_train_GI_o/model,real,3,real_04,Real Rainfall 4,0.1,33,20970747,95,2501.7448856652995,1843.5585901012425,4345.303475766542
input_noise,reward3_gienv,DQN reward3 GIenv,Results_DQN_reward3_train_GI_o/model,real,3,real_04,Real Rainfall 4,0.1,34,20970748,95,3005.0973394066627,1524.7585023058186,4529.855841712481
input_noise,reward3_gienv,DQN reward3 GIenv,Results_DQN_reward3_train_GI_o/model,real,3,real_04,Real Rainfall 4,0.1,35,20970749,95,2699.0504797901094,1927.032072386326,4626.0825521764355
input_noise,reward3_gienv,DQN reward3 GIenv,Results_DQN_reward3_train_GI_o/model,real,3,real_04,Real Rainfall 4,0.1,36,20970750,95,2999.4923109594138,1922.8795526241715,4922.371863583585
input_noise,reward3_gienv,DQN reward3 GIenv,Results_DQN_reward3_train_GI_o/model,real,3,real_04,Real Rainfall 4,0.1,37,20970751,95,2400.547254703154,2593.528618812771,4994.075873515925
input_noise,reward3_gienv,DQN reward3 GIenv,Results_DQN_reward3_train_GI_o/model,real,3,real_04,Real Rainfall 4,0.1,38,20970752,95,2239.0182491794267,2467.9366166938025,4706.954865873229
input_noise,reward3_gienv,DQN reward3 GIenv,Results_DQN_reward3_train_GI_o/model,real,3,real_04,Real Rainfall 4,0.1,39,20970753,95,2211.3181840310303,2919.2852757908695,5130.603459821899
input_noise,reward3_gienv,DQN reward3 GIenv,Results_DQN_reward3_train_GI_o/model,real,3,real_04,Real Rainfall 4,0.1,40,20970754,95,3597.837482194455,1798.3502741965526,5396.1877563910075
input_noise,reward3_gienv,DQN reward3 GIenv,Results_DQN_reward3_train_GI_o/model,real,3,real_04,Real Rainfall 4,0.1,41,20970755,95,2310.846918317825,3132.085153227852,5442.932071545677
input_noise,reward3_gienv,DQN reward3 GIenv,Results_DQN_reward3_train_GI_o/model,real,3,real_04,Real Rainfall 4,0.1,42,20970756,95,2293.066188840953,2762.488018863268,5055.554207704221
input_noise,reward3_gienv,DQN reward3 GIenv,Results_DQN_reward3_train_GI_o/model,real,3,real_04,Real Rainfall 4,0.1,43,20970757,95,3158.595141678439,1490.9071054213755,4649.502247099815
input_noise,reward3_gienv,DQN reward3 GIenv,Results_DQN_reward3_train_GI_o/model,real,3,real_04,Real Rainfall 4,0.1,44,20970758,95,2587.5760419662897,1886.366805799432,4473.942847765722
input_noise,reward3_gienv,DQN reward3 GIenv,Results_DQN_reward3_train_GI_o/model,real,3,real_04,Real Rainfall 4,0.1,45,20970759,95,2792.1887964372086,2143.8613193950205,4936.0501158322295
input_noise,reward3_gienv,DQN reward3 GIenv,Results_DQN_reward3_train_GI_o/model,real,3,real_04,Real Rainfall 4,0.1,46,20970760,95,1393.931554041971,3055.3056878043903,4449.237241846361
input_noise,reward3_gienv,DQN reward3 GIenv,Results_DQN_reward3_train_GI_o/model,real,3,real_04,Real Rainfall 4,0.1,47,20970761,95,2473.200758708313,1972.3194845964244,4445.520243304738
input_noise,reward3_gienv,DQN reward3 GIenv,Results_DQN_reward3_train_GI_o/model,real,3,real_04,Real Rainfall 4,0.1,48,20970762,95,2543.072085293861,2208.4829440849007,4751.555029378762
input_noise,reward3_gienv,DQN reward3 GIenv,Results_DQN_reward3_train_GI_o/model,real,3,real_04,Real Rainfall 4,0.1,49,20970763,95,2651.7070328371183,2248.8905128715173,4900.597545708635
