script_type,model_key,model_label,model_dir,source,rain_id,event_label,event_title,delta,repeat_index,seed,num_steps,final_flooding,final_cso,total_overflow
input_output_noise,reward3_base,DQN reward3 Base,Results_DQN_reward3_o/model,design,70,design_21,Design Rainfall 21,0.05,0,20265714,95,1313.0120559964787,1271.3233686924548,2584.3354246889335
input_output_noise,reward3_base,DQN reward3 Base,Results_DQN_reward3_o/model,design,70,design_21,Design Rainfall 21,0.05,1,20265715,95,940.5673174839694,3795.555776060236,4736.123093544205
input_output_noise,reward3_base,DQN reward3 Base,Results_DQN_reward3_o/model,design,70,design_21,Design Rainfall 21,0.05,2,20265716,95,1315.223135021481,3108.9211891365376,4424.144324158018
input_output_noise,reward3_base,DQN reward3 Base,Results_DQN_reward3_o/model,design,70,design_21,Design Rainfall 21,0.05,3,20265717,95,1277.7248682130344,1444.9210204922272,2722.6458887052613
input_output_noise,reward3_base,DQN reward3 Base,Results_DQN_reward3_o/model,design,70,design_21,Design Rainfall 21,0.05,4,20265718,95,1277.121450441958,1866.966808974031,3144.088259415989
input_output_noise,reward3_base,DQN reward3 Base,Results_DQN_reward3_o/model,design,70,design_21,Design Rainfall 21,0.05,5,20265719,95,1314.116045222738,2946.658904005688,4260.774949228426
input_output_noise,reward3_base,DQN reward3 Base,Results_DQN_reward3_o/model,design,70,design_21,Design Rainfall 21,0.05,6,20265720,95,1265.2225969494075,2466.345666657897,3731.5682636073043
input_output_noise,reward3_base,DQN reward3 Base,Results_DQN_reward3_o/model,design,70,design_21,Design Rainfall 21,0.05,7,20265721,95,860.4815979493904,3979.6413844135877,4840.122982362978
input_output_noise,reward3_base,DQN reward3 Base,Results_DQN_reward3_o/model,design,70,design_21,Design Rainfall 21,0.05,8,20265722,95,1308.3974464683795,1949.1223785118668,3257.519824980246
input_output_noise,reward3_base,DQN reward3 Base,Results_DQN_reward3_o/model,design,70,design_21,Design Rainfall 21,0.05,9,20265723,95,1326.6005046260457,1849.553824229772,3176.1543288558178
input_output_noise,reward3_base,DQN reward3 Base,Results_DQN_reward3_o/model,design,70,design_21,Design Rainfall 21,0.05,10,20265724,95,1306.9348943915716,1278.1361746430518,2585.071069034623
input_output_noise,reward3_base,DQN reward3 Base,Results_DQN_reward3_o/model,design,70,design_21,Design Rainfall 21,0.05,11,20265725,95,1313.9029350644366,2899.6685025797215,4213.571437644158
input_output_noise,reward3_base,DQN reward3 Base,Results_DQN_reward3_o/model,design,70,design_21,Design Rainfall 21,0.05,12,20265726,95,1298.7626107023468,1956.213561807706,3254.9761725100525
input_output_noise,reward3_base,DQN reward3 Base,Results_DQN_reward3_o/model,design,70,design_21,Design Rainfall 21,0.05,13,20265727,95,1266.311893025598,3299.2586623410334,4565.570555366631
input_output_noise,reward3_base,DQN reward3 Base,Results_DQN_reward3_o/model,design,70,design_21,Design Rainfall 21,0.05,14,20265728,95,1316.389673840248,3139.6732707673236,4456.062944607572
input_output_noise,reward3_base,DQN reward3 Base,Results_DQN_reward3_o/model,design,70,design_21,Design Rainfall 21,0.05,15,20265729,95,1300.1845817834273,2390.3554672376617,3690.540049021089
input_output_noise,reward3_base,DQN reward3 Base,Results_DQN_reward3_o/model,design,70,design_21,Design Rainfall 21,0.05,16,20265730,95,1277.978393299455,2397.212681453255,3675.19107475271
input_output_noise,reward3_base,DQN reward3 Base,Results_DQN_reward3_o/model,design,70,design_21,Design Rainfall 21,0.05,17,20265731,95,921.3567320656392,2222.465133734695,3143.8218658003343
input_output_noise,reward3_base,DQN reward3 Base,Results_DQN_reward3_o/model,design,70,design_21,Design Rainfall 21,0.05,18,20265732,95,1297.5231230656098,1964.868708952091,3262.391832017701
input_output_noise,reward3_base,DQN reward3 Base,Results_DQN_reward3_o/model,design,70,design_21,Design Rainfall 21,0.05,19,20265733,95,1265.7808100233563,2035.1021993841193,3300.8830094074756
input_output_noise,reward3_base,DQN reward3 Base,Results_DQN_reward3_o/model,design,70,design_21,Design Rainfall 21,0.05,20,20265734,95,639.6989642003755,2313.342695162798,2953.0416593631735
input_output_noise,reward3_base,DQN reward3 Base,Results_DQN_reward3_o/model,design,70,design_21,Design Rainfall 21,0.05,21,20265735,95,1227.777130166045,1410.5269044075528,2638.304034573598
input_output_noise,reward3_base,DQN reward3 Base,Results_DQN_reward3_o/model,design,70,design_21,Design Rainfall 21,0.05,22,20265736,95,1266.9347992222579,1848.6243263674785,3115.559125589736
input_output_noise,reward3_base,DQN reward3 Base,Results_DQN_reward3_o/model,design,70,design_21,Design Rainfall 21,0.05,23,20265737,95,1263.6566349593381,2693.6769789542545,3957.3336139135927
input_output_noise,reward3_base,DQN reward3 Base,Results_DQN_reward3_o/model,design,70,design_21,Design Rainfall 21,0.05,24,20265738,95,1307.6135659287413,2151.7657751769816,3459.379341105723
input_output_noise,reward3_base,DQN reward3 Base,Results_DQN_reward3_o/model,design,70,design_21,Design Rainfall 21,0.05,25,20265739,95,1289.4033393042278,3047.878845302918,4337.282184607146
input_output_noise,reward3_base,DQN reward3 Base,Results_DQN_reward3_o/model,design,70,design_21,Design Rainfall 21,0.05,26,20265740,95,1312.0944991596905,2899.1810804341053,4211.275579593796
input_output_noise,reward3_base,DQN reward3 Base,Results_DQN_reward3_o/model,design,70,design_21,Design Rainfall 21,0.05,27,20265741,95,1313.034792303243,1268.5881394680328,2581.622931771276
input_output_noise,reward3_base,DQN reward3 Base,Results_DQN_reward3_o/model,design,70,design_21,Design Rainfall 21,0.05,28,20265742,95,1279.0062118119192,2008.6060445245648,3287.6122563364843
input_output_noise,reward3_base,DQN reward3 Base,Results_DQN_reward3_o/model,design,70,design_21,Design Rainfall 21,0.05,29,20265743,95,1309.2457612968078,3148.0120315522354,4457.257792849043
input_output_noise,reward3_base,DQN reward3 Base,Results_DQN_reward3_o/model,design,70,design_21,Design Rainfall 21,0.05,30,20265744,95,1313.035457162572,2876.724910520924,4189.760367683496
input_output_noise,reward3_base,DQN reward3 Base,Results_DQN_reward3_o/model,design,70,design_21,Design Rainfall 21,0.05,31,20265745,95,1302.3051632667034,3049.502594618457,4351.807757885161
input_output_noise,reward3_base,DQN reward3 Base,Results_DQN_reward3_o/model,design,70,design_21,Design Rainfall 21,0.05,32,20265746,95,1298.4845744745408,1937.8201828826986,3236.3047573572394
input_output_noise,reward3_base,DQN reward3 Base,Results_DQN_reward3_o/model,design,70,design_21,Design Rainfall 21,0.05,33,20265747,95,1316.3190753209278,1906.3689707179317,3222.6880460388593
input_output_noise,reward3_base,DQN reward3 Base,Results_DQN_reward3_o/model,design,70,design_21,Design Rainfall 21,0.05,34,20265748,95,1273.1030785079622,3033.4368200922404,4306.539898600203
input_output_noise,reward3_base,DQN reward3 Base,Results_DQN_reward3_o/model,design,70,design_21,Design Rainfall 21,0.05,35,20265749,95,1232.9534844015336,1816.9123771304019,3049.8658615319355
input_output_noise,reward3_base,DQN reward3 Base,Results_DQN_reward3_o/model,design,70,design_21,Design Rainfall 21,0.05,36,20265750,95,1280.2884916132339,1645.3277717299327,2925.616263343167
input_output_noise,reward3_base,DQN reward3 Base,Results_DQN_reward3_o/model,design,70,design_21,Design Rainfall 21,0.05,37,20265751,95,1273.9123792914882,2872.009166050617,4145.921545342105
input_output_noise,reward3_base,DQN reward3 Base,Results_DQN_reward3_o/model,design,70,design_21,Design Rainfall 21,0.05,38,20265752,95,1303.7119129440835,1740.9145440108662,3044.6264569549494
input_output_noise,reward3_base,DQN reward3 Base,Results_DQN_reward3_o/model,design,70,design_21,Design Rainfall 21,0.05,39,20265753,95,1313.0929215570154,1951.69146115241,3264.7843827094257
input_output_noise,reward3_base,DQN reward3 Base,Results_DQN_reward3_o/model,design,70,design_21,Design Rainfall 21,0.05,40,20265754,95,1290.4046461493633,2014.152740415874,3304.5573865652373
input_output_noise,reward3_base,DQN reward3 Base,Results_DQN_reward3_o/model,design,70,design_21,Design Rainfall 21,0.05,41,20265755,95,1263.2582292233706,2066.8819722991916,3330.140201522562
input_output_noise,reward3_base,DQN reward3 Base,Results_DQN_reward3_o/model,design,70,design_21,Design Rainfall 21,0.05,42,20265756,95,1261.0628118260413,2108.4152410587126,3369.478052884754
input_output_noise,reward3_base,DQN reward3 Base,Results_DQN_reward3_o/model,design,70,design_21,Design Rainfall 21,0.05,43,20265757,95,1235.1563679398278,2791.1753079513855,4026.3316758912133
input_output_noise,reward3_base,DQN reward3 Base,Results_DQN_reward3_o/model,design,70,design_21,Design Rainfall 21,0.05,44,20265758,95,1291.9395017053491,2055.142773682406,3347.0822753877555
input_output_noise,reward3_base,DQN reward3 Base,Results_DQN_reward3_o/model,design,70,design_21,Design Rainfall 21,0.05,45,20265759,95,1298.1485991646482,2804.081155759091,4102.229754923739
input_output_noise,reward3_base,DQN reward3 Base,Results_DQN_reward3_o/model,design,70,design_21,Design Rainfall 21,0.05,46,20265760,95,1314.3445322497703,2331.0596144454094,3645.4041466951794
input_output_noise,reward3_base,DQN reward3 Base,Results_DQN_reward3_o/model,design,70,design_21,Design Rainfall 21,0.05,47,20265761,95,1296.5530277587416,1818.8701921414417,3115.4232199001835
input_output_noise,reward3_base,DQN reward3 Base,Results_DQN_reward3_o/model,design,70,design_21,Design Rainfall 21,0.05,48,20265762,95,1312.6087939155987,2895.4416472665184,4208.050441182117
input_output_noise,reward3_base,DQN reward3 Base,Results_DQN_reward3_o/model,design,70,design_21,Design Rainfall 21,0.05,49,20265763,95,1269.1282916164973,2009.053982726421,3278.1822743429184
input_output_noise,reward3_base,DQN reward3 Base,Results_DQN_reward3_o/model,design,70,design_21,Design Rainfall 21,0.1,0,20270714,95,961.5174263848553,2346.6061394140675,3308.1235657989228
input_output_noise,reward3_base,DQN reward3 Base,Results_DQN_reward3_o/model,design,70,design_21,Design Rainfall 21,0.1,1,20270715,95,1274.3950528468665,1798.7071016195353,3073.1021544664018
input_output_noise,reward3_base,DQN reward3 Base,Results_DQN_reward3_o/model,design,70,design_21,Design Rainfall 21,0.1,2,20270716,95,711.2577853606822,3126.6364937653875,3837.8942791260697
input_output_noise,reward3_base,DQN reward3 Base,Results_DQN_reward3_o/model,design,70,design_21,Design Rainfall 21,0.1,3,20270717,95,1284.0983471186298,1944.8886996478373,3228.987046766467
input_output_noise,reward3_base,DQN reward3 Base,Results_DQN_reward3_o/model,design,70,design_21,Design Rainfall 21,0.1,4,20270718,95,1255.3182026834043,1866.7876852278407,3122.105887911245
input_output_noise,reward3_base,DQN reward3 Base,Results_DQN_reward3_o/model,design,70,design_21,Design Rainfall 21,0.1,5,20270719,95,919.6035842982201,2644.2470623828012,3563.8506466810213
input_output_noise,reward3_base,DQN reward3 Base,Results_DQN_reward3_o/model,design,70,design_21,Design Rainfall 21,0.1,6,20270720,95,966.0471221578342,3240.56768763566,4206.614809793495
input_output_noise,reward3_base,DQN reward3 Base,Results_DQN_reward3_o/model,design,70,design_21,Design Rainfall 21,0.1,7,20270721,95,962.6838739115273,3538.638160457973,4501.3220343695
input_output_noise,reward3_base,DQN reward3 Base,Results_DQN_reward3_o/model,design,70,design_21,Design Rainfall 21,0.1,8,20270722,95,1306.9912507564509,2815.5875814178,4122.578832174251
input_output_noise,reward3_base,DQN reward3 Base,Results_DQN_reward3_o/model,design,70,design_21,Design Rainfall 21,0.1,9,20270723,95,952.0556408584118,3235.7487520699697,4187.804392928381
input_output_noise,reward3_base,DQN reward3 Base,Results_DQN_reward3_o/model,design,70,design_21,Design Rainfall 21,0.1,10,20270724,95,1339.541002762467,2680.51444737315,4020.055450135617
input_output_noise,reward3_base,DQN reward3 Base,Results_DQN_reward3_o/model,design,70,design_21,Design Rainfall 21,0.1,11,20270725,95,1270.1474930391157,2943.204338455903,4213.351831495019
input_output_noise,reward3_base,DQN reward3 Base,Results_DQN_reward3_o/model,design,70,design_21,Design Rainfall 21,0.1,12,20270726,95,1316.6084915722424,2505.581668973871,3822.1901605461135
input_output_noise,reward3_base,DQN reward3 Base,Results_DQN_reward3_o/model,design,70,design_21,Design Rainfall 21,0.1,13,20270727,95,1296.1421184626156,2953.338179643978,4249.480298106593
input_output_noise,reward3_base,DQN reward3 Base,Results_DQN_reward3_o/model,design,70,design_21,Design Rainfall 21,0.1,14,20270728,95,897.4544178190381,3207.376774347331,4104.831192166369
input_output_noise,reward3_base,DQN reward3 Base,Results_DQN_reward3_o/model,design,70,design_21,Design Rainfall 21,0.1,15,20270729,95,892.8193468688683,3167.8449700418705,4060.6643169107388
input_output_noise,reward3_base,DQN reward3 Base,Results_DQN_reward3_o/model,design,70,design_21,Design Rainfall 21,0.1,16,20270730,95,1316.7894344695644,1844.6917367347858,3161.48117120435
input_output_noise,reward3_base,DQN reward3 Base,Results_DQN_reward3_o/model,design,70,design_21,Design Rainfall 21,0.1,17,20270731,95,1208.4882134453403,1911.500054609415,3119.9882680547553
input_output_noise,reward3_base,DQN reward3 Base,Results_DQN_reward3_o/model,design,70,design_21,Design Rainfall 21,0.1,18,20270732,95,1312.5491375499403,2702.898169523481,4015.447307073421
input_output_noise,reward3_base,DQN reward3 Base,Results_DQN_reward3_o/model,design,70,design_21,Design Rainfall 21,0.1,19,20270733,95,1301.361873851021,2943.086314849096,4244.4481887001175
input_output_noise,reward3_base,DQN reward3 Base,Results_DQN_reward3_o/model,design,70,design_21,Design Rainfall 21,0.1,20,20270734,95,1266.307033827335,1710.743537452933,2977.050571280268
input_output_noise,reward3_base,DQN reward3 Base,Results_DQN_reward3_o/model,design,70,design_21,Design Rainfall 21,0.1,21,20270735,95,1294.6114413382602,1362.1335693037809,2656.745010642041
input_output_noise,reward3_base,DQN reward3 Base,Results_DQN_reward3_o/model,design,70,design_21,Design Rainfall 21,0.1,22,20270736,95,1069.6873620913702,2358.8389721156364,3428.5263342070066
input_output_noise,reward3_base,DQN reward3 Base,Results_DQN_reward3_o/model,design,70,design_21,Design Rainfall 21,0.1,23,20270737,95,1305.2115396643007,2248.3472952800075,3553.5588349443083
input_output_noise,reward3_base,DQN reward3 Base,Results_DQN_reward3_o/model,design,70,design_21,Design Rainfall 21,0.1,24,20270738,95,1305.3182278081838,1703.0952668165824,3008.413494624766
input_output_noise,reward3_base,DQN reward3 Base,Results_DQN_reward3_o/model,design,70,design_21,Design Rainfall 21,0.1,25,20270739,95,1283.2346637803344,1776.0600499653583,3059.2947137456927
input_output_noise,reward3_base,DQN reward3 Base,Results_DQN_reward3_o/model,design,70,design_21,Design Rainfall 21,0.1,26,20270740,95,1309.211749698777,2139.1858226418512,3448.3975723406284
input_output_noise,reward3_base,DQN reward3 Base,Results_DQN_reward3_o/model,design,70,design_21,Design Rainfall 21,0.1,27,20270741,95,940.7038334713947,2185.9227841614506,3126.6266176328454
input_output_noise,reward3_base,DQN reward3 Base,Results_DQN_reward3_o/model,design,70,design_21,Design Rainfall 21,0.1,28,20270742,95,1118.5824260176792,2272.5279459346307,3391.11037195231
input_output_noise,reward3_base,DQN reward3 Base,Results_DQN_reward3_o/model,design,70,design_21,Design Rainfall 21,0.1,29,20270743,95,1189.2104265196183,3315.0219561160293,4504.232382635648
input_output_noise,reward3_base,DQN reward3 Base,Results_DQN_reward3_o/model,design,70,design_21,Design Rainfall 21,0.1,30,20270744,95,890.9948532726705,3337.322253176054,4228.317106448724
input_output_noise,reward3_base,DQN reward3 Base,Results_DQN_reward3_o/model,design,70,design_21,Design Rainfall 21,0.1,31,20270745,95,1296.018333143188,3013.794894146027,4309.813227289215
input_output_noise,reward3_base,DQN reward3 Base,Results_DQN_reward3_o/model,design,70,design_21,Design Rainfall 21,0.1,32,20270746,95,917.6217851615495,3082.0107811060675,3999.632566267617
input_output_noise,reward3_base,DQN reward3 Base,Results_DQN_reward3_o/model,design,70,design_21,Design Rainfall 21,0.1,33,20270747,95,1259.9355477801123,2061.221421933785,3321.1569697138975
input_output_noise,reward3_base,DQN reward3 Base,Results_DQN_reward3_o/model,design,70,design_21,Design Rainfall 21,0.1,34,20270748,95,922.0554973081671,2532.7362417412396,3454.7917390494067
input_output_noise,reward3_base,DQN reward3 Base,Results_DQN_reward3_o/model,design,70,design_21,Design Rainfall 21,0.1,35,20270749,95,1298.4065883706062,2824.2465473176626,4122.653135688269
input_output_noise,reward3_base,DQN reward3 Base,Results_DQN_reward3_o/model,design,70,design_21,Design Rainfall 21,0.1,36,20270750,95,1257.2723210317372,1717.2028253585497,2974.4751463902867
input_output_noise,reward3_base,DQN reward3 Base,Results_DQN_reward3_o/model,design,70,design_21,Design Rainfall 21,0.1,37,20270751,95,1298.1379427392158,3148.953372279211,4447.091315018427
input_output_noise,reward3_base,DQN reward3 Base,Results_DQN_reward3_o/model,design,70,design_21,Design Rainfall 21,0.1,38,20270752,95,1272.1076848596554,1670.5688958789212,2942.6765807385764
input_output_noise,reward3_base,DQN reward3 Base,Results_DQN_reward3_o/model,design,70,design_21,Design Rainfall 21,0.1,39,20270753,95,1344.351559718301,1586.4764358041118,2930.8279955224125
input_output_noise,reward3_base,DQN reward3 Base,Results_DQN_reward3_o/model,design,70,design_21,Design Rainfall 21,0.1,40,20270754,95,1260.6315061551356,2999.659553263061,4260.291059418197
input_output_noise,reward3_base,DQN reward3 Base,Results_DQN_reward3_o/model,design,70,design_21,Design Rainfall 21,0.1,41,20270755,95,1312.1573494961924,2452.576802297762,3764.734151793954
input_output_noise,reward3_base,DQN reward3 Base,Results_DQN_reward3_o/model,design,70,design_21,Design Rainfall 21,0.1,42,20270756,95,1271.901853585203,2438.722960798885,3710.6248143840885
input_output_noise,reward3_base,DQN reward3 Base,Results_DQN_reward3_o/model,design,70,design_21,Design Rainfall 21,0.1,43,20270757,95,1290.5428508976488,1806.907900651308,3097.4507515489568
input_output_noise,reward3_base,DQN reward3 Base,Results_DQN_reward3_o/model,design,70,design_21,Design Rainfall 21,0.1,44,20270758,95,1031.3119915714435,1485.6673215507037,2516.9793131221472
input_output_noise,reward3_base,DQN reward3 Base,Results_DQN_reward3_o/model,design,70,design_21,Design Rainfall 21,0.1,45,20270759,95,1227.617137226942,2040.9135518847427,3268.5306891116848
input_output_noise,reward3_base,DQN reward3 Base,Results_DQN_reward3_o/model,design,70,design_21,Design Rainfall 21,0.1,46,20270760,95,1296.675129164361,2848.4945947310766,4145.1697238954375
input_output_noise,reward3_base,DQN reward3 Base,Results_DQN_reward3_o/model,design,70,design_21,Design Rainfall 21,0.1,47,20270761,95,1294.824633813388,2642.258461149021,3937.0830949624087
input_output_noise,reward3_base,DQN reward3 Base,Results_DQN_reward3_o/model,design,70,design_21,Design Rainfall 21,0.1,48,20270762,95,1294.6697068244887,2614.1717286268104,3908.841435451299
input_output_noise,reward3_base,DQN reward3 Base,Results_DQN_reward3_o/model,design,70,design_21,Design Rainfall 21,0.1,49,20270763,95,1261.6177864567276,3267.4457493410773,4529.063535797804
input_output_noise,reward3_base,DQN reward3 Base,Results_DQN_reward3_o/model,design,64,design_15,Design Rainfall 15,0.05,0,20365714,95,5683.2712897013735,3925.4020731420565,9608.67336284343
input_output_noise,reward3_base,DQN reward3 Base,Results_DQN_reward3_o/model,design,64,design_15,Design Rainfall 15,0.05,1,20365715,95,5638.347287604312,2079.597602762622,7717.9448903669345
input_output_noise,reward3_base,DQN reward3 Base,Results_DQN_reward3_o/model,design,64,design_15,Design Rainfall 15,0.05,2,20365716,95,5656.917564118028,2199.0113884908,7855.928952608829
input_output_noise,reward3_base,DQN reward3 Base,Results_DQN_reward3_o/model,design,64,design_15,Design Rainfall 15,0.05,3,20365717,95,5681.116388589057,2808.5310214126284,8489.647410001686
input_output_noise,reward3_base,DQN reward3 Base,Results_DQN_reward3_o/model,design,64,design_15,Design Rainfall 15,0.05,4,20365718,95,5582.805129524034,3072.6160030574256,8655.42113258146
input_output_noise,reward3_base,DQN reward3 Base,Results_DQN_reward3_o/model,design,64,design_15,Design Rainfall 15,0.05,5,20365719,95,5626.829063303363,2706.965076136024,8333.794139439387
input_output_noise,reward3_base,DQN reward3 Base,Results_DQN_reward3_o/model,design,64,design_15,Design Rainfall 15,0.05,6,20365720,95,5037.702075239151,3316.7086885442523,8354.410763783402
input_output_noise,reward3_base,DQN reward3 Base,Results_DQN_reward3_o/model,design,64,design_15,Design Rainfall 15,0.05,7,20365721,95,5640.543595475387,2795.5776554411295,8436.121250916516
input_output_noise,reward3_base,DQN reward3 Base,Results_DQN_reward3_o/model,design,64,design_15,Design Rainfall 15,0.05,8,20365722,95,4752.465708349457,4589.102964473426,9341.568672822883
input_output_noise,reward3_base,DQN reward3 Base,Results_DQN_reward3_o/model,design,64,design_15,Design Rainfall 15,0.05,9,20365723,95,5564.002859525361,2484.374743728361,8048.377603253722
input_output_noise,reward3_base,DQN reward3 Base,Results_DQN_reward3_o/model,design,64,design_15,Design Rainfall 15,0.05,10,20365724,95,5629.170776065041,2921.302747720804,8550.473523785844
input_output_noise,reward3_base,DQN reward3 Base,Results_DQN_reward3_o/model,design,64,design_15,Design Rainfall 15,0.05,11,20365725,95,5654.108108480356,2900.190012609124,8554.29812108948
input_output_noise,reward3_base,DQN reward3 Base,Results_DQN_reward3_o/model,design,64,design_15,Design Rainfall 15,0.05,12,20365726,95,5687.672164172323,2000.6223288856202,7688.294493057943
input_output_noise,reward3_base,DQN reward3 Base,Results_DQN_reward3_o/model,design,64,design_15,Design Rainfall 15,0.05,13,20365727,95,5630.064908588123,2478.9219526611537,8108.986861249277
input_output_noise,reward3_base,DQN reward3 Base,Results_DQN_reward3_o/model,design,64,design_15,Design Rainfall 15,0.05,14,20365728,95,5746.094649964216,2089.5677491997726,7835.662399163988
input_output_noise,reward3_base,DQN reward3 Base,Results_DQN_reward3_o/model,design,64,design_15,Design Rainfall 15,0.05,15,20365729,95,5718.158868247196,2663.4834756089313,8381.642343856127
input_output_noise,reward3_base,DQN reward3 Base,Results_DQN_reward3_o/model,design,64,design_15,Design Rainfall 15,0.05,16,20365730,95,5734.017268463794,2196.4943228892535,7930.511591353047
input_output_noise,reward3_base,DQN reward3 Base,Results_DQN_reward3_o/model,design,64,design_15,Design Rainfall 15,0.05,17,20365731,95,5764.287604278583,2250.0141185453695,8014.301722823952
input_output_noise,reward3_base,DQN reward3 Base,Results_DQN_reward3_o/model,design,64,design_15,Design Rainfall 15,0.05,18,20365732,95,5640.469585766565,2467.9705714375264,8108.4401572040915
input_output_noise,reward3_base,DQN reward3 Base,Results_DQN_reward3_o/model,design,64,design_15,Design Rainfall 15,0.05,19,20365733,95,5662.5977127520455,2703.3614102032952,8365.95912295534
input_output_noise,reward3_base,DQN reward3 Base,Results_DQN_reward3_o/model,design,64,design_15,Design Rainfall 15,0.05,20,20365734,95,5681.245874040507,3100.8458511572553,8782.091725197763
input_output_noise,reward3_base,DQN reward3 Base,Results_DQN_reward3_o/model,design,64,design_15,Design Rainfall 15,0.05,21,20365735,95,5679.655576987213,2380.66970611621,8060.325283103422
input_output_noise,reward3_base,DQN reward3 Base,Results_DQN_reward3_o/model,design,64,design_15,Design Rainfall 15,0.05,22,20365736,95,4978.364077414385,3860.8591642878123,8839.223241702197
input_output_noise,reward3_base,DQN reward3 Base,Results_DQN_reward3_o/model,design,64,design_15,Design Rainfall 15,0.05,23,20365737,95,4988.875838552544,3074.064060400431,8062.939898952975
input_output_noise,reward3_base,DQN reward3 Base,Results_DQN_reward3_o/model,design,64,design_15,Design Rainfall 15,0.05,24,20365738,95,5629.0471892243095,4113.818454400693,9742.865643625002
input_output_noise,reward3_base,DQN reward3 Base,Results_DQN_reward3_o/model,design,64,design_15,Design Rainfall 15,0.05,25,20365739,95,5720.1214776627985,2018.5299827112815,7738.65146037408
input_output_noise,reward3_base,DQN reward3 Base,Results_DQN_reward3_o/model,design,64,design_15,Design Rainfall 15,0.05,26,20365740,95,4854.061719135836,1983.5543315665138,6837.61605070235
input_output_noise,reward3_base,DQN reward3 Base,Results_DQN_reward3_o/model,design,64,design_15,Design Rainfall 15,0.05,27,20365741,95,5575.494305131951,3423.2661126292505,8998.760417761201
input_output_noise,reward3_base,DQN reward3 Base,Results_DQN_reward3_o/model,design,64,design_15,Design Rainfall 15,0.05,28,20365742,95,5742.660888242564,2736.6015746259263,8479.26246286849
input_output_noise,reward3_base,DQN reward3 Base,Results_DQN_reward3_o/model,design,64,design_15,Design Rainfall 15,0.05,29,20365743,95,5681.257529675227,2328.881672159315,8010.139201834541
input_output_noise,reward3_base,DQN reward3 Base,Results_DQN_reward3_o/model,design,64,design_15,Design Rainfall 15,0.05,30,20365744,95,5613.583888385125,1271.1558282703343,6884.739716655459
input_output_noise,reward3_base,DQN reward3 Base,Results_DQN_reward3_o/model,design,64,design_15,Design Rainfall 15,0.05,31,20365745,95,5567.4170736742535,2273.096342475794,7840.513416150047
input_output_noise,reward3_base,DQN reward3 Base,Results_DQN_reward3_o/model,design,64,design_15,Design Rainfall 15,0.05,32,20365746,95,5621.4243906809,2051.8907494658815,7673.315140146781
input_output_noise,reward3_base,DQN reward3 Base,Results_DQN_reward3_o/model,design,64,design_15,Design Rainfall 15,0.05,33,20365747,95,5580.6647814503085,1731.1716874938684,7311.836468944177
input_output_noise,reward3_base,DQN reward3 Base,Results_DQN_reward3_o/model,design,64,design_15,Design Rainfall 15,0.05,34,20365748,95,5658.747674160893,1253.7280354998227,6912.475709660716
input_output_noise,reward3_base,DQN reward3 Base,Results_DQN_reward3_o/model,design,64,design_15,Design Rainfall 15,0.05,35,20365749,95,5564.416191002968,2687.4567884144403,8251.872979417409
input_output_noise,reward3_base,DQN reward3 Base,Results_DQN_reward3_o/model,design,64,design_15,Design Rainfall 15,0.05,36,20365750,95,5650.1546097556675,3948.887129664116,9599.041739419783
input_output_noise,reward3_base,DQN reward3 Base,Results_DQN_reward3_o/model,design,64,design_15,Design Rainfall 15,0.05,37,20365751,95,5660.117233204264,2886.7138129340865,8546.831046138352
input_output_noise,reward3_base,DQN reward3 Base,Results_DQN_reward3_o/model,design,64,design_15,Design Rainfall 15,0.05,38,20365752,95,5602.509880338358,2244.6724295545378,7847.182309892896
input_output_noise,reward3_base,DQN reward3 Base,Results_DQN_reward3_o/model,design,64,design_15,Design Rainfall 15,0.05,39,20365753,95,5487.013656887662,1311.7032831990634,6798.716940086726
input_output_noise,reward3_base,DQN reward3 Base,Results_DQN_reward3_o/model,design,64,design_15,Design Rainfall 15,0.05,40,20365754,95,5753.999434107486,2735.092635323843,8489.092069431328
input_output_noise,reward3_base,DQN reward3 Base,Results_DQN_reward3_o/model,design,64,design_15,Design Rainfall 15,0.05,41,20365755,95,5704.809000576939,2226.4700075486307,7931.27900812557
input_output_noise,reward3_base,DQN reward3 Base,Results_DQN_reward3_o/model,design,64,design_15,Design Rainfall 15,0.05,42,20365756,95,5676.8757464785995,2864.575723010032,8541.451469488631
input_output_noise,reward3_base,DQN reward3 Base,Results_DQN_reward3_o/model,design,64,design_15,Design Rainfall 15,0.05,43,20365757,95,4958.693710536826,3122.9392255482358,8081.632936085061
input_output_noise,reward3_base,DQN reward3 Base,Results_DQN_reward3_o/model,design,64,design_15,Design Rainfall 15,0.05,44,20365758,95,5559.47489315701,1265.2616039529998,6824.7364971100105
input_output_noise,reward3_base,DQN reward3 Base,Results_DQN_reward3_o/model,design,64,design_15,Design Rainfall 15,0.05,45,20365759,95,5619.444334679518,1862.3216605926593,7481.765995272177
input_output_noise,reward3_base,DQN reward3 Base,Results_DQN_reward3_o/model,design,64,design_15,Design Rainfall 15,0.05,46,20365760,95,5716.564857420076,2020.9437554593203,7737.508612879396
input_output_noise,reward3_base,DQN reward3 Base,Results_DQN_reward3_o/model,design,64,design_15,Design Rainfall 15,0.05,47,20365761,95,5731.261217775429,2455.5795813255136,8186.840799100943
input_output_noise,reward3_base,DQN reward3 Base,Results_DQN_reward3_o/model,design,64,design_15,Design Rainfall 15,0.05,48,20365762,95,5704.3618880777,2410.8484836028592,8115.21037168056
input_output_noise,reward3_base,DQN reward3 Base,Results_DQN_reward3_o/model,design,64,design_15,Design Rainfall 15,0.05,49,20365763,95,5513.24682572617,2254.8196727234076,7768.066498449578
input_output_noise,reward3_base,DQN reward3 Base,Results_DQN_reward3_o/model,design,64,design_15,Design Rainfall 15,0.1,0,20370714,95,5319.978167409208,2971.0696513054627,8291.047818714671
input_output_noise,reward3_base,DQN reward3 Base,Results_DQN_reward3_o/model,design,64,design_15,Design Rainfall 15,0.1,1,20370715,95,5699.863262004097,2378.4731448830717,8078.336406887169
input_output_noise,reward3_base,DQN reward3 Base,Results_DQN_reward3_o/model,design,64,design_15,Design Rainfall 15,0.1,2,20370716,95,4788.424303000948,2817.1670377096793,7605.591340710627
input_output_noise,reward3_base,DQN reward3 Base,Results_DQN_reward3_o/model,design,64,design_15,Design Rainfall 15,0.1,3,20370717,95,5599.621647400652,2917.932074900731,8517.553722301383
input_output_noise,reward3_base,DQN reward3 Base,Results_DQN_reward3_o/model,design,64,design_15,Design Rainfall 15,0.1,4,20370718,95,5602.451538287822,2047.5236335955933,7649.975171883415
input_output_noise,reward3_base,DQN reward3 Base,Results_DQN_reward3_o/model,design,64,design_15,Design Rainfall 15,0.1,5,20370719,95,4977.982135074838,3078.8961984298653,8056.878333504703
input_output_noise,reward3_base,DQN reward3 Base,Results_DQN_reward3_o/model,design,64,design_15,Design Rainfall 15,0.1,6,20370720,95,4925.489068916741,3509.0137087783987,8434.50277769514
input_output_noise,reward3_base,DQN reward3 Base,Results_DQN_reward3_o/model,design,64,design_15,Design Rainfall 15,0.1,7,20370721,95,5642.323810153984,2080.963214758164,7723.287024912148
input_output_noise,reward3_base,DQN reward3 Base,Results_DQN_reward3_o/model,design,64,design_15,Design Rainfall 15,0.1,8,20370722,95,5615.436884675991,3148.8720469534937,8764.308931629485
input_output_noise,reward3_base,DQN reward3 Base,Results_DQN_reward3_o/model,design,64,design_15,Design Rainfall 15,0.1,9,20370723,95,5466.819107261986,3199.0748095265717,8665.893916788558
input_output_noise,reward3_base,DQN reward3 Base,Results_DQN_reward3_o/model,design,64,design_15,Design Rainfall 15,0.1,10,20370724,95,4853.549775194893,3355.1511442283295,8208.700919423223
input_output_noise,reward3_base,DQN reward3 Base,Results_DQN_reward3_o/model,design,64,design_15,Design Rainfall 15,0.1,11,20370725,95,4993.1729383212205,1919.982639500875,6913.155577822095
input_output_noise,reward3_base,DQN reward3 Base,Results_DQN_reward3_o/model,design,64,design_15,Design Rainfall 15,0.1,12,20370726,95,5584.759663904355,3160.2611006233037,8745.020764527659
input_output_noise,reward3_base,DQN reward3 Base,Results_DQN_reward3_o/model,design,64,design_15,Design Rainfall 15,0.1,13,20370727,95,5609.431033273267,1226.1516782446636,6835.58271151793
input_output_noise,reward3_base,DQN reward3 Base,Results_DQN_reward3_o/model,design,64,design_15,Design Rainfall 15,0.1,14,20370728,95,5491.4777725917165,2683.476410675347,8174.954183267064
input_output_noise,reward3_base,DQN reward3 Base,Results_DQN_reward3_o/model,design,64,design_15,Design Rainfall 15,0.1,15,20370729,95,4961.754210972892,2942.8492617680927,7904.603472740984
input_output_noise,reward3_base,DQN reward3 Base,Results_DQN_reward3_o/model,design,64,design_15,Design Rainfall 15,0.1,16,20370730,95,5233.337271836523,2800.1144648446834,8033.451736681206
input_output_noise,reward3_base,DQN reward3 Base,Results_DQN_reward3_o/model,design,64,design_15,Design Rainfall 15,0.1,17,20370731,95,5654.200592955743,2652.6923778322025,8306.892970787945
input_output_noise,reward3_base,DQN reward3 Base,Results_DQN_reward3_o/model,design,64,design_15,Design Rainfall 15,0.1,18,20370732,95,4865.316221533994,3545.4916301538083,8410.807851687803
input_output_noise,reward3_base,DQN reward3 Base,Results_DQN_reward3_o/model,design,64,design_15,Design Rainfall 15,0.1,19,20370733,95,5692.413475078472,2441.4974566062942,8133.910931684766
input_output_noise,reward3_base,DQN reward3 Base,Results_DQN_reward3_o/model,design,64,design_15,Design Rainfall 15,0.1,20,20370734,95,5684.920807318797,2873.9145956590805,8558.835402977878
input_output_noise,reward3_base,DQN reward3 Base,Results_DQN_reward3_o/model,design,64,design_15,Design Rainfall 15,0.1,21,20370735,95,5601.879807918694,3147.382704925518,8749.262512844212
input_output_noise,reward3_base,DQN reward3 Base,Results_DQN_reward3_o/model,design,64,design_15,Design Rainfall 15,0.1,22,20370736,95,4498.350500750615,3354.1043497902447,7852.454850540859
input_output_noise,reward3_base,DQN reward3 Base,Results_DQN_reward3_o/model,design,64,design_15,Design Rainfall 15,0.1,23,20370737,95,4836.555514216521,3626.817954805584,8463.373469022106
input_output_noise,reward3_base,DQN reward3 Base,Results_DQN_reward3_o/model,design,64,design_15,Design Rainfall 15,0.1,24,20370738,95,5463.820230413989,2783.7766471730856,8247.596877587075
input_output_noise,reward3_base,DQN reward3 Base,Results_DQN_reward3_o/model,design,64,design_15,Design Rainfall 15,0.1,25,20370739,95,5598.739702848141,2704.7185112282614,8303.458214076403
input_output_noise,reward3_base,DQN reward3 Base,Results_DQN_reward3_o/model,design,64,design_15,Design Rainfall 15,0.1,26,20370740,95,5589.88024643621,2228.407334038469,7818.287580474678
input_output_noise,reward3_base,DQN reward3 Base,Results_DQN_reward3_o/model,design,64,design_15,Design Rainfall 15,0.1,27,20370741,95,5584.605240960885,2852.328567296634,8436.93380825752
input_output_noise,reward3_base,DQN reward3 Base,Results_DQN_reward3_o/model,design,64,design_15,Design Rainfall 15,0.1,28,20370742,95,5722.719550272432,3322.954240747304,9045.673791019735
input_output_noise,reward3_base,DQN reward3 Base,Results_DQN_reward3_o/model,design,64,design_15,Design Rainfall 15,0.1,29,20370743,95,5234.205617341411,4018.2711414196697,9252.47675876108
input_output_noise,reward3_base,DQN reward3 Base,Results_DQN_reward3_o/model,design,64,design_15,Design Rainfall 15,0.1,30,20370744,95,5504.030826778341,2915.839003570456,8419.869830348798
input_output_noise,reward3_base,DQN reward3 Base,Results_DQN_reward3_o/model,design,64,design_15,Design Rainfall 15,0.1,31,20370745,95,5625.057872442658,2766.4480636858734,8391.505936128531
input_output_noise,reward3_base,DQN reward3 Base,Results_DQN_reward3_o/model,design,64,design_15,Design Rainfall 15,0.1,32,20370746,95,5312.432760234691,2904.590322235337,8217.023082470028
input_output_noise,reward3_base,DQN reward3 Base,Results_DQN_reward3_o/model,design,64,design_15,Design Rainfall 15,0.1,33,20370747,95,5629.29442554759,2609.376711958158,8238.67113750575
input_output_noise,reward3_base,DQN reward3 Base,Results_DQN_reward3_o/model,design,64,design_15,Design Rainfall 15,0.1,34,20370748,95,4983.478928559581,2958.4697227210795,7941.94865128066
input_output_noise,reward3_base,DQN reward3 Base,Results_DQN_reward3_o/model,design,64,design_15,Design Rainfall 15,0.1,35,20370749,95,4700.632683441142,2525.665301843689,7226.297985284831
input_output_noise,reward3_base,DQN reward3 Base,Results_DQN_reward3_o/model,design,64,design_15,Design Rainfall 15,0.1,36,20370750,95,5554.053882695515,1636.0378704166617,7190.091753112177
input_output_noise,reward3_base,DQN reward3 Base,Results_DQN_reward3_o/model,design,64,design_15,Design Rainfall 15,0.1,37,20370751,95,5041.741548883864,1449.2798033108836,6491.021352194748
input_output_noise,reward3_base,DQN reward3 Base,Results_DQN_reward3_o/model,design,64,design_15,Design Rainfall 15,0.1,38,20370752,95,4946.403399773044,3135.7466350638015,8082.150034836845
input_output_noise,reward3_base,DQN reward3 Base,Results_DQN_reward3_o/model,design,64,design_15,Design Rainfall 15,0.1,39,20370753,95,4713.341647865212,1825.2201978508174,6538.561845716029
input_output_noise,reward3_base,DQN reward3 Base,Results_DQN_reward3_o/model,design,64,design_15,Design Rainfall 15,0.1,40,20370754,95,5227.300025470902,3031.4406040554686,8258.740629526372
input_output_noise,reward3_base,DQN reward3 Base,Results_DQN_reward3_o/model,design,64,design_15,Design Rainfall 15,0.1,41,20370755,95,5409.3671125260935,3727.1183111058467,9136.48542363194
input_output_noise,reward3_base,DQN reward3 Base,Results_DQN_reward3_o/model,design,64,design_15,Design Rainfall 15,0.1,42,20370756,95,5379.957559216604,3783.485260322855,9163.44281953946
input_output_noise,reward3_base,DQN reward3 Base,Results_DQN_reward3_o/model,design,64,design_15,Design Rainfall 15,0.1,43,20370757,95,5519.221563287013,2290.22430358511,7809.445866872124
input_output_noise,reward3_base,DQN reward3 Base,Results_DQN_reward3_o/model,design,64,design_15,Design Rainfall 15,0.1,44,20370758,95,5719.858773840454,2183.431580870396,7903.29035471085
input_output_noise,reward3_base,DQN reward3 Base,Results_DQN_reward3_o/model,design,64,design_15,Design Rainfall 15,0.1,45,20370759,95,5614.1636761896225,2632.5912748304268,8246.75495102005
input_output_noise,reward3_base,DQN reward3 Base,Results_DQN_reward3_o/model,design,64,design_15,Design Rainfall 15,0.1,46,20370760,95,5505.428314370839,2470.586388713888,7976.014703084727
input_output_noise,reward3_base,DQN reward3 Base,Results_DQN_reward3_o/model,design,64,design_15,Design Rainfall 15,0.1,47,20370761,95,5292.890088339644,2812.829100548246,8105.71918888789
input_output_noise,reward3_base,DQN reward3 Base,Results_DQN_reward3_o/model,design,64,design_15,Design Rainfall 15,0.1,48,20370762,95,5474.865720970932,3081.65419659408,8556.519917565012
input_output_noise,reward3_base,DQN reward3 Base,Results_DQN_reward3_o/model,design,64,design_15,Design Rainfall 15,0.1,49,20370763,95,5690.694175444017,2823.8042961424153,8514.498471586432
input_output_noise,reward3_base,DQN reward3 Base,Results_DQN_reward3_o/model,design,67,design_18,Design Rainfall 18,0.05,0,20465714,95,7189.981336417623,3017.0963674387694,10207.077703856394
input_output_noise,reward3_base,DQN reward3 Base,Results_DQN_reward3_o/model,design,67,design_18,Design Rainfall 18,0.05,1,20465715,95,7218.557552408487,3859.7515414920604,11078.309093900547
input_output_noise,reward3_base,DQN reward3 Base,Results_DQN_reward3_o/model,design,67,design_18,Design Rainfall 18,0.05,2,20465716,95,6890.085380496661,2402.2829044784403,9292.368284975102
input_output_noise,reward3_base,DQN reward3 Base,Results_DQN_reward3_o/model,design,67,design_18,Design Rainfall 18,0.05,3,20465717,95,7019.887566295865,2208.3371820305406,9228.224748326405
input_output_noise,reward3_base,DQN reward3 Base,Results_DQN_reward3_o/model,design,67,design_18,Design Rainfall 18,0.05,4,20465718,95,6685.811781103229,3940.9638566572144,10626.775637760444
input_output_noise,reward3_base,DQN reward3 Base,Results_DQN_reward3_o/model,design,67,design_18,Design Rainfall 18,0.05,5,20465719,95,6669.34863019877,2805.3753641554276,9474.723994354197
input_output_noise,reward3_base,DQN reward3 Base,Results_DQN_reward3_o/model,design,67,design_18,Design Rainfall 18,0.05,6,20465720,95,7266.941458306449,4005.3775858111244,11272.319044117574
input_output_noise,reward3_base,DQN reward3 Base,Results_DQN_reward3_o/model,design,67,design_18,Design Rainfall 18,0.05,7,20465721,95,7400.728673920718,2445.285669944499,9846.014343865218
input_output_noise,reward3_base,DQN reward3 Base,Results_DQN_reward3_o/model,design,67,design_18,Design Rainfall 18,0.05,8,20465722,95,7386.0577065405505,2241.378774060871,9627.436480601422
input_output_noise,reward3_base,DQN reward3 Base,Results_DQN_reward3_o/model,design,67,design_18,Design Rainfall 18,0.05,9,20465723,95,7354.124200390035,3024.8376232976743,10378.96182368771
input_output_noise,reward3_base,DQN reward3 Base,Results_DQN_reward3_o/model,design,67,design_18,Design Rainfall 18,0.05,10,20465724,95,6124.670440279623,4845.088929007328,10969.759369286952
input_output_noise,reward3_base,DQN reward3 Base,Results_DQN_reward3_o/model,design,67,design_18,Design Rainfall 18,0.05,11,20465725,95,7112.224484349167,1915.7832890724083,9028.007773421576
input_output_noise,reward3_base,DQN reward3 Base,Results_DQN_reward3_o/model,design,67,design_18,Design Rainfall 18,0.05,12,20465726,95,7049.14490392426,3069.559050228799,10118.70395415306
input_output_noise,reward3_base,DQN reward3 Base,Results_DQN_reward3_o/model,design,67,design_18,Design Rainfall 18,0.05,13,20465727,95,6819.396274887145,3891.828310317268,10711.224585204414
input_output_noise,reward3_base,DQN reward3 Base,Results_DQN_reward3_o/model,design,67,design_18,Design Rainfall 18,0.05,14,20465728,95,7317.894893632983,2900.553771354231,10218.448664987214
input_output_noise,reward3_base,DQN reward3 Base,Results_DQN_reward3_o/model,design,67,design_18,Design Rainfall 18,0.05,15,20465729,95,7191.747949082211,1295.8139542719284,8487.561903354139
input_output_noise,reward3_base,DQN reward3 Base,Results_DQN_reward3_o/model,design,67,design_18,Design Rainfall 18,0.05,16,20465730,95,6561.140063502532,3870.916999528721,10432.057063031254
input_output_noise,reward3_base,DQN reward3 Base,Results_DQN_reward3_o/model,design,67,design_18,Design Rainfall 18,0.05,17,20465731,95,7092.163650631045,2689.9552982760024,9782.118948907048
input_output_noise,reward3_base,DQN reward3 Base,Results_DQN_reward3_o/model,design,67,design_18,Design Rainfall 18,0.05,18,20465732,95,7249.204430764835,2714.8404293431267,9964.044860107962
input_output_noise,reward3_base,DQN reward3 Base,Results_DQN_reward3_o/model,design,67,design_18,Design Rainfall 18,0.05,19,20465733,95,7109.119191046398,2133.7930825134,9242.912273559798
input_output_noise,reward3_base,DQN reward3 Base,Results_DQN_reward3_o/model,design,67,design_18,Design Rainfall 18,0.05,20,20465734,95,7034.272282201188,2372.9066857465114,9407.1789679477
input_output_noise,reward3_base,DQN reward3 Base,Results_DQN_reward3_o/model,design,67,design_18,Design Rainfall 18,0.05,21,20465735,95,7111.92608693701,2137.828116656472,9249.754203593482
input_output_noise,reward3_base,DQN reward3 Base,Results_DQN_reward3_o/model,design,67,design_18,Design Rainfall 18,0.05,22,20465736,95,6991.67296529892,2660.704187783369,9652.377153082289
input_output_noise,reward3_base,DQN reward3 Base,Results_DQN_reward3_o/model,design,67,design_18,Design Rainfall 18,0.05,23,20465737,95,7000.846280060479,2204.748379945069,9205.594660005549
input_output_noise,reward3_base,DQN reward3 Base,Results_DQN_reward3_o/model,design,67,design_18,Design Rainfall 18,0.05,24,20465738,95,7203.515032792188,2816.891961601848,10020.406994394036
input_output_noise,reward3_base,DQN reward3 Base,Results_DQN_reward3_o/model,design,67,design_18,Design Rainfall 18,0.05,25,20465739,95,7130.2330520488795,3072.1310567744795,10202.36410882336
input_output_noise,reward3_base,DQN reward3 Base,Results_DQN_reward3_o/model,design,67,design_18,Design Rainfall 18,0.05,26,20465740,95,7000.392911081903,3091.94585899119,10092.338770073093
input_output_noise,reward3_base,DQN reward3 Base,Results_DQN_reward3_o/model,design,67,design_18,Design Rainfall 18,0.05,27,20465741,95,7319.225819918814,3871.751467780385,11190.9772876992
input_output_noise,reward3_base,DQN reward3 Base,Results_DQN_reward3_o/model,design,67,design_18,Design Rainfall 18,0.05,28,20465742,95,6695.750353130139,2553.070847451868,9248.821200582006
input_output_noise,reward3_base,DQN reward3 Base,Results_DQN_reward3_o/model,design,67,design_18,Design Rainfall 18,0.05,29,20465743,95,7251.540639433264,2711.0441232622975,9962.584762695562
input_output_noise,reward3_base,DQN reward3 Base,Results_DQN_reward3_o/model,design,67,design_18,Design Rainfall 18,0.05,30,20465744,95,6795.704587695201,1773.8542631848672,8569.558850880068
input_output_noise,reward3_base,DQN reward3 Base,Results_DQN_reward3_o/model,design,67,design_18,Design Rainfall 18,0.05,31,20465745,95,7112.5632438540615,2931.83013470693,10044.393378560992
input_output_noise,reward3_base,DQN reward3 Base,Results_DQN_reward3_o/model,design,67,design_18,Design Rainfall 18,0.05,32,20465746,95,7189.114374509898,1291.2876319037023,8480.4020064136
input_output_noise,reward3_base,DQN reward3 Base,Results_DQN_reward3_o/model,design,67,design_18,Design Rainfall 18,0.05,33,20465747,95,7267.908658959143,4235.23328762326,11503.141946582404
input_output_noise,reward3_base,DQN reward3 Base,Results_DQN_reward3_o/model,design,67,design_18,Design Rainfall 18,0.05,34,20465748,95,6931.402121678797,2640.3810850419777,9571.783206720775
input_output_noise,reward3_base,DQN reward3 Base,Results_DQN_reward3_o/model,design,67,design_18,Design Rainfall 18,0.05,35,20465749,95,6753.244184400225,3228.6206539175964,9981.864838317822
input_output_noise,reward3_base,DQN reward3 Base,Results_DQN_reward3_o/model,design,67,design_18,Design Rainfall 18,0.05,36,20465750,95,6018.585923336624,4952.070451171709,10970.656374508333
input_output_noise,reward3_base,DQN reward3 Base,Results_DQN_reward3_o/model,design,67,design_18,Design Rainfall 18,0.05,37,20465751,95,7100.653904461029,2519.1971699237156,9619.851074384744
input_output_noise,reward3_base,DQN reward3 Base,Results_DQN_reward3_o/model,design,67,design_18,Design Rainfall 18,0.05,38,20465752,95,7144.22714983987,3071.7158584283343,10215.943008268205
input_output_noise,reward3_base,DQN reward3 Base,Results_DQN_reward3_o/model,design,67,design_18,Design Rainfall 18,0.05,39,20465753,95,7254.828605200845,3751.897894143467,11006.726499344313
input_output_noise,reward3_base,DQN reward3 Base,Results_DQN_reward3_o/model,design,67,design_18,Design Rainfall 18,0.05,40,20465754,95,6787.988782050952,4423.471788964036,11211.460571014988
input_output_noise,reward3_base,DQN reward3 Base,Results_DQN_reward3_o/model,design,67,design_18,Design Rainfall 18,0.05,41,20465755,95,7294.54612816089,2210.4239519922776,9504.970080153167
input_output_noise,reward3_base,DQN reward3 Base,Results_DQN_reward3_o/model,design,67,design_18,Design Rainfall 18,0.05,42,20465756,95,7266.811284134636,2767.6029596275835,10034.41424376222
input_output_noise,reward3_base,DQN reward3 Base,Results_DQN_reward3_o/model,design,67,design_18,Design Rainfall 18,0.05,43,20465757,95,6950.278514577014,2539.755354898406,9490.033869475421
input_output_noise,reward3_base,DQN reward3 Base,Results_DQN_reward3_o/model,design,67,design_18,Design Rainfall 18,0.05,44,20465758,95,7273.997409944743,3344.5881284164157,10618.585538361158
input_output_noise,reward3_base,DQN reward3 Base,Results_DQN_reward3_o/model,design,67,design_18,Design Rainfall 18,0.05,45,20465759,95,7321.974249296391,2439.6917411385652,9761.665990434956
input_output_noise,reward3_base,DQN reward3 Base,Results_DQN_reward3_o/model,design,67,design_18,Design Rainfall 18,0.05,46,20465760,95,6864.128513329436,3969.2632950639077,10833.391808393344
input_output_noise,reward3_base,DQN reward3 Base,Results_DQN_reward3_o/model,design,67,design_18,Design Rainfall 18,0.05,47,20465761,95,6789.232341737335,3986.2907636154778,10775.523105352813
input_output_noise,reward3_base,DQN reward3 Base,Results_DQN_reward3_o/model,design,67,design_18,Design Rainfall 18,0.05,48,20465762,95,7208.815579782406,2669.3566335468554,9878.17221332926
input_output_noise,reward3_base,DQN reward3 Base,Results_DQN_reward3_o/model,design,67,design_18,Design Rainfall 18,0.05,49,20465763,95,7080.212966560882,2723.129490336079,9803.34245689696
input_output_noise,reward3_base,DQN reward3 Base,Results_DQN_reward3_o/model,design,67,design_18,Design Rainfall 18,0.1,0,20470714,95,6475.820436326261,3992.293747083645,10468.114183409907
input_output_noise,reward3_base,DQN reward3 Base,Results_DQN_reward3_o/model,design,67,design_18,Design Rainfall 18,0.1,1,20470715,95,7205.4457342347905,4228.500884641037,11433.946618875827
input_output_noise,reward3_base,DQN reward3 Base,Results_DQN_reward3_o/model,design,67,design_18,Design Rainfall 18,0.1,2,20470716,95,7030.1325035735845,2985.849778908678,10015.982282482262
input_output_noise,reward3_base,DQN reward3 Base,Results_DQN_reward3_o/model,design,67,design_18,Design Rainfall 18,0.1,3,20470717,95,7007.99250608243,3172.2948887540815,10180.287394836512
input_output_noise,reward3_base,DQN reward3 Base,Results_DQN_reward3_o/model,design,67,design_18,Design Rainfall 18,0.1,4,20470718,95,6995.408660536071,2358.3227311400756,9353.731391676147
input_output_noise,reward3_base,DQN reward3 Base,Results_DQN_reward3_o/model,design,67,design_18,Design Rainfall 18,0.1,5,20470719,95,6989.273202627079,3728.0147990981336,10717.288001725212
input_output_noise,reward3_base,DQN reward3 Base,Results_DQN_reward3_o/model,design,67,design_18,Design Rainfall 18,0.1,6,20470720,95,7132.542134785866,3793.7937477067385,10926.335882492605
input_output_noise,reward3_base,DQN reward3 Base,Results_DQN_reward3_o/model,design,67,design_18,Design Rainfall 18,0.1,7,20470721,95,6682.130854658426,3130.903634413767,9813.034489072194
input_output_noise,reward3_base,DQN reward3 Base,Results_DQN_reward3_o/model,design,67,design_18,Design Rainfall 18,0.1,8,20470722,95,6641.608157365636,1744.041609294752,8385.649766660388
input_output_noise,reward3_base,DQN reward3 Base,Results_DQN_reward3_o/model,design,67,design_18,Design Rainfall 18,0.1,9,20470723,95,7171.125597586873,4146.752968444348,11317.87856603122
input_output_noise,reward3_base,DQN reward3 Base,Results_DQN_reward3_o/model,design,67,design_18,Design Rainfall 18,0.1,10,20470724,95,6319.030519589782,3468.179477364876,9787.209996954658
input_output_noise,reward3_base,DQN reward3 Base,Results_DQN_reward3_o/model,design,67,design_18,Design Rainfall 18,0.1,11,20470725,95,6525.301131129994,3557.3875174050395,10082.688648535033
input_output_noise,reward3_base,DQN reward3 Base,Results_DQN_reward3_o/model,design,67,design_18,Design Rainfall 18,0.1,12,20470726,95,6813.593174846602,1842.236951955539,8655.83012680214
input_output_noise,reward3_base,DQN reward3 Base,Results_DQN_reward3_o/model,design,67,design_18,Design Rainfall 18,0.1,13,20470727,95,7069.179297105861,3132.7929068798835,10201.972203985744
input_output_noise,reward3_base,DQN reward3 Base,Results_DQN_reward3_o/model,design,67,design_18,Design Rainfall 18,0.1,14,20470728,95,7016.887158996084,2812.342405817781,9829.229564813864
input_output_noise,reward3_base,DQN reward3 Base,Results_DQN_reward3_o/model,design,67,design_18,Design Rainfall 18,0.1,15,20470729,95,6876.912617708757,2061.570113853247,8938.482731562004
input_output_noise,reward3_base,DQN reward3 Base,Results_DQN_reward3_o/model,design,67,design_18,Design Rainfall 18,0.1,16,20470730,95,7242.1212813543925,3083.3875600760593,10325.508841430452
input_output_noise,reward3_base,DQN reward3 Base,Results_DQN_reward3_o/model,design,67,design_18,Design Rainfall 18,0.1,17,20470731,95,6968.638531849336,2917.7519128818235,9886.39044473116
input_output_noise,reward3_base,DQN reward3 Base,Results_DQN_reward3_o/model,design,67,design_18,Design Rainfall 18,0.1,18,20470732,95,6127.738517610585,3028.303864925529,9156.042382536114
input_output_noise,reward3_base,DQN reward3 Base,Results_DQN_reward3_o/model,design,67,design_18,Design Rainfall 18,0.1,19,20470733,95,6380.978043008858,4187.833926203995,10568.811969212853
input_output_noise,reward3_base,DQN reward3 Base,Results_DQN_reward3_o/model,design,67,design_18,Design Rainfall 18,0.1,20,20470734,95,7025.335112383579,2903.711549162973,9929.046661546552
input_output_noise,reward3_base,DQN reward3 Base,Results_DQN_reward3_o/model,design,67,design_18,Design Rainfall 18,0.1,21,20470735,95,7223.381643185054,3947.181759478837,11170.56340266389
input_output_noise,reward3_base,DQN reward3 Base,Results_DQN_reward3_o/model,design,67,design_18,Design Rainfall 18,0.1,22,20470736,95,6481.100354572287,3221.8193842055093,9702.919738777797
input_output_noise,reward3_base,DQN reward3 Base,Results_DQN_reward3_o/model,design,67,design_18,Design Rainfall 18,0.1,23,20470737,95,6800.665760012663,3056.7986523119534,9857.464412324616
input_output_noise,reward3_base,DQN reward3 Base,Results_DQN_reward3_o/model,design,67,design_18,Design Rainfall 18,0.1,24,20470738,95,6471.271958114279,3446.191334761237,9917.463292875516
input_output_noise,reward3_base,DQN reward3 Base,Results_DQN_reward3_o/model,design,67,design_18,Design Rainfall 18,0.1,25,20470739,95,6847.186243622611,2807.5260997910527,9654.712343413663
input_output_noise,reward3_base,DQN reward3 Base,Results_DQN_reward3_o/model,design,67,design_18,Design Rainfall 18,0.1,26,20470740,95,6943.530999235228,3942.588333128885,10886.119332364113
input_output_noise,reward3_base,DQN reward3 Base,Results_DQN_reward3_o/model,design,67,design_18,Design Rainfall 18,0.1,27,20470741,95,7196.575534240953,3752.4366161106295,10949.012150351582
input_output_noise,reward3_base,DQN reward3 Base,Results_DQN_reward3_o/model,design,67,design_18,Design Rainfall 18,0.1,28,20470742,95,6514.887830616927,3368.339919253436,9883.227749870362
input_output_noise,reward3_base,DQN reward3 Base,Results_DQN_reward3_o/model,design,67,design_18,Design Rainfall 18,0.1,29,20470743,95,7255.908500925579,2294.4976048280587,9550.406105753638
input_output_noise,reward3_base,DQN reward3 Base,Results_DQN_reward3_o/model,design,67,design_18,Design Rainfall 18,0.1,30,20470744,95,6912.504665785377,2705.771979825894,9618.276645611271
input_output_noise,reward3_base,DQN reward3 Base,Results_DQN_reward3_o/model,design,67,design_18,Design Rainfall 18,0.1,31,20470745,95,7161.351377612241,3639.034164536401,10800.385542148642
input_output_noise,reward3_base,DQN reward3 Base,Results_DQN_reward3_o/model,design,67,design_18,Design Rainfall 18,0.1,32,20470746,95,6757.507076012693,1395.3516461087738,8152.858722121467
input_output_noise,reward3_base,DQN reward3 Base,Results_DQN_reward3_o/model,design,67,design_18,Design Rainfall 18,0.1,33,20470747,95,7099.427447398744,2498.585942519895,9598.01338991864
input_output_noise,reward3_base,DQN reward3 Base,Results_DQN_reward3_o/model,design,67,design_18,Design Rainfall 18,0.1,34,20470748,95,6529.792164306099,3179.449194645732,9709.241358951831
input_output_noise,reward3_base,DQN reward3 Base,Results_DQN_reward3_o/model,design,67,design_18,Design Rainfall 18,0.1,35,20470749,95,7183.6364552823825,2406.471993832911,9590.108449115294
input_output_noise,reward3_base,DQN reward3 Base,Results_DQN_reward3_o/model,design,67,design_18,Design Rainfall 18,0.1,36,20470750,95,6461.521138363286,3337.6675124990825,9799.188650862368
input_output_noise,reward3_base,DQN reward3 Base,Results_DQN_reward3_o/model,design,67,design_18,Design Rainfall 18,0.1,37,20470751,95,6947.079748886778,1443.5529256906732,8390.632674577451
input_output_noise,reward3_base,DQN reward3 Base,Results_DQN_reward3_o/model,design,67,design_18,Design Rainfall 18,0.1,38,20470752,95,6967.560390342273,3851.5329167683212,10819.093307110594
input_output_noise,reward3_base,DQN reward3 Base,Results_DQN_reward3_o/model,design,67,design_18,Design Rainfall 18,0.1,39,20470753,95,6791.094100190622,3712.9518234790885,10504.04592366971
input_output_noise,reward3_base,DQN reward3 Base,Results_DQN_reward3_o/model,design,67,design_18,Design Rainfall 18,0.1,40,20470754,95,7068.6506287904895,3795.118448707126,10863.769077497614
input_output_noise,reward3_base,DQN reward3 Base,Results_DQN_reward3_o/model,design,67,design_18,Design Rainfall 18,0.1,41,20470755,95,6671.373779315254,3460.844905029341,10132.218684344596
input_output_noise,reward3_base,DQN reward3 Base,Results_DQN_reward3_o/model,design,67,design_18,Design Rainfall 18,0.1,42,20470756,95,6915.273042613835,2449.20043854878,9364.473481162615
input_output_noise,reward3_base,DQN reward3 Base,Results_DQN_reward3_o/model,design,67,design_18,Design Rainfall 18,0.1,43,20470757,95,6807.138630583017,1669.521615408725,8476.660245991743
input_output_noise,reward3_base,DQN reward3 Base,Results_DQN_reward3_o/model,design,67,design_18,Design Rainfall 18,0.1,44,20470758,95,7461.271916706496,2249.0598743226005,9710.331791029097
input_output_noise,reward3_base,DQN reward3 Base,Results_DQN_reward3_o/model,design,67,design_18,Design Rainfall 18,0.1,45,20470759,95,5750.450130520291,3705.379579104954,9455.829709625245
input_output_noise,reward3_base,DQN reward3 Base,Results_DQN_reward3_o/model,design,67,design_18,Design Rainfall 18,0.1,46,20470760,95,6321.852661859589,4696.410497295838,11018.263159155427
input_output_noise,reward3_base,DQN reward3 Base,Results_DQN_reward3_o/model,design,67,design_18,Design Rainfall 18,0.1,47,20470761,95,6749.16095419356,4017.3804083676587,10766.54136256122
input_output_noise,reward3_base,DQN reward3 Base,Results_DQN_reward3_o/model,design,67,design_18,Design Rainfall 18,0.1,48,20470762,95,7027.488865446393,2297.390987780904,9324.879853227298
input_output_noise,reward3_base,DQN reward3 Base,Results_DQN_reward3_o/model,design,67,design_18,Design Rainfall 18,0.1,49,20470763,95,5597.941402021354,3777.4378264802262,9375.37922850158
input_output_noise,reward3_base,DQN reward3 Base,Results_DQN_reward3_o/model,design,51,design_2,Design Rainfall 2,0.05,0,20565714,95,12150.799248575455,3863.9750524285514,16014.774301004007
input_output_noise,reward3_base,DQN reward3 Base,Results_DQN_reward3_o/model,design,51,design_2,Design Rainfall 2,0.05,1,20565715,95,11992.873098455546,3580.9376422017713,15573.810740657318
input_output_noise,reward3_base,DQN reward3 Base,Results_DQN_reward3_o/model,design,51,design_2,Design Rainfall 2,0.05,2,20565716,95,12009.510559418095,3387.3702261789567,15396.880785597052
input_output_noise,reward3_base,DQN reward3 Base,Results_DQN_reward3_o/model,design,51,design_2,Design Rainfall 2,0.05,3,20565717,95,12440.91688762585,3275.7676019627056,15716.684489588555
input_output_noise,reward3_base,DQN reward3 Base,Results_DQN_reward3_o/model,design,51,design_2,Design Rainfall 2,0.05,4,20565718,95,12139.370964509686,4375.958757420187,16515.329721929873
input_output_noise,reward3_base,DQN reward3 Base,Results_DQN_reward3_o/model,design,51,design_2,Design Rainfall 2,0.05,5,20565719,95,12425.168346848239,2659.064823337576,15084.233170185815
input_output_noise,reward3_base,DQN reward3 Base,Results_DQN_reward3_o/model,design,51,design_2,Design Rainfall 2,0.05,6,20565720,95,11557.081812571188,4978.994014179801,16536.07582675099
input_output_noise,reward3_base,DQN reward3 Base,Results_DQN_reward3_o/model,design,51,design_2,Design Rainfall 2,0.05,7,20565721,95,11389.455725602076,4673.306272980895,16062.761998582972
input_output_noise,reward3_base,DQN reward3 Base,Results_DQN_reward3_o/model,design,51,design_2,Design Rainfall 2,0.05,8,20565722,95,11702.114440125746,3422.7221843330267,15124.836624458772
input_output_noise,reward3_base,DQN reward3 Base,Results_DQN_reward3_o/model,design,51,design_2,Design Rainfall 2,0.05,9,20565723,95,11797.006746584424,2167.0674844861423,13964.074231070566
input_output_noise,reward3_base,DQN reward3 Base,Results_DQN_reward3_o/model,design,51,design_2,Design Rainfall 2,0.05,10,20565724,95,12388.011814387492,2138.9698046356734,14526.981619023165
input_output_noise,reward3_base,DQN reward3 Base,Results_DQN_reward3_o/model,design,51,design_2,Design Rainfall 2,0.05,11,20565725,95,12504.351534967105,1466.1689336338438,13970.52046860095
input_output_noise,reward3_base,DQN reward3 Base,Results_DQN_reward3_o/model,design,51,design_2,Design Rainfall 2,0.05,12,20565726,95,11242.45935211748,3403.562430231352,14646.021782348831
input_output_noise,reward3_base,DQN reward3 Base,Results_DQN_reward3_o/model,design,51,design_2,Design Rainfall 2,0.05,13,20565727,95,12239.320210302612,3817.03253933979,16056.352749642403
input_output_noise,reward3_base,DQN reward3 Base,Results_DQN_reward3_o/model,design,51,design_2,Design Rainfall 2,0.05,14,20565728,95,11639.157375346098,1942.046745848501,13581.204121194598
input_output_noise,reward3_base,DQN reward3 Base,Results_DQN_reward3_o/model,design,51,design_2,Design Rainfall 2,0.05,15,20565729,95,12009.028310944053,2921.3201011191086,14930.348412063162
input_output_noise,reward3_base,DQN reward3 Base,Results_DQN_reward3_o/model,design,51,design_2,Design Rainfall 2,0.05,16,20565730,95,11677.783980034928,4056.032873961905,15733.816853996834
input_output_noise,reward3_base,DQN reward3 Base,Results_DQN_reward3_o/model,design,51,design_2,Design Rainfall 2,0.05,17,20565731,95,12025.525905805707,2269.527783903856,14295.053689709563
input_output_noise,reward3_base,DQN reward3 Base,Results_DQN_reward3_o/model,design,51,design_2,Design Rainfall 2,0.05,18,20565732,95,11966.422292814466,3395.869647762696,15362.291940577163
input_output_noise,reward3_base,DQN reward3 Base,Results_DQN_reward3_o/model,design,51,design_2,Design Rainfall 2,0.05,19,20565733,95,12465.774884522194,1476.5550921700699,13942.329976692265
input_output_noise,reward3_base,DQN reward3 Base,Results_DQN_reward3_o/model,design,51,design_2,Design Rainfall 2,0.05,20,20565734,95,11912.971627498413,4131.156975478624,16044.128602977038
input_output_noise,reward3_base,DQN reward3 Base,Results_DQN_reward3_o/model,design,51,design_2,Design Rainfall 2,0.05,21,20565735,95,12414.671636095609,2776.880980981302,15191.552617076912
input_output_noise,reward3_base,DQN reward3 Base,Results_DQN_reward3_o/model,design,51,design_2,Design Rainfall 2,0.05,22,20565736,95,12404.712107340076,2744.639105344363,15149.35121268444
input_output_noise,reward3_base,DQN reward3 Base,Results_DQN_reward3_o/model,design,51,design_2,Design Rainfall 2,0.05,23,20565737,95,11587.106185584984,2822.39434527805,14409.500530863033
input_output_noise,reward3_base,DQN reward3 Base,Results_DQN_reward3_o/model,design,51,design_2,Design Rainfall 2,0.05,24,20565738,95,11937.498169978808,3410.8565806688266,15348.354750647635
input_output_noise,reward3_base,DQN reward3 Base,Results_DQN_reward3_o/model,design,51,design_2,Design Rainfall 2,0.05,25,20565739,95,12525.657365810413,1625.6085325793586,14151.265898389773
input_output_noise,reward3_base,DQN reward3 Base,Results_DQN_reward3_o/model,design,51,design_2,Design Rainfall 2,0.05,26,20565740,95,12270.476085565353,4172.740743500663,16443.216829066016
input_output_noise,reward3_base,DQN reward3 Base,Results_DQN_reward3_o/model,design,51,design_2,Design Rainfall 2,0.05,27,20565741,95,12028.759576613524,2683.291011037557,14712.05058765108
input_output_noise,reward3_base,DQN reward3 Base,Results_DQN_reward3_o/model,design,51,design_2,Design Rainfall 2,0.05,28,20565742,95,12541.992435219288,2767.9283618103623,15309.92079702965
input_output_noise,reward3_base,DQN reward3 Base,Results_DQN_reward3_o/model,design,51,design_2,Design Rainfall 2,0.05,29,20565743,95,12228.077266468541,2669.873354866993,14897.950621335534
input_output_noise,reward3_base,DQN reward3 Base,Results_DQN_reward3_o/model,design,51,design_2,Design Rainfall 2,0.05,30,20565744,95,11857.453468302228,1716.5845195850945,13574.037987887323
input_output_noise,reward3_base,DQN reward3 Base,Results_DQN_reward3_o/model,design,51,design_2,Design Rainfall 2,0.05,31,20565745,95,11879.529098813928,3685.186584199838,15564.715683013765
input_output_noise,reward3_base,DQN reward3 Base,Results_DQN_reward3_o/model,design,51,design_2,Design Rainfall 2,0.05,32,20565746,95,12041.769756142052,3345.6505167483965,15387.42027289045
input_output_noise,reward3_base,DQN reward3 Base,Results_DQN_reward3_o/model,design,51,design_2,Design Rainfall 2,0.05,33,20565747,95,11766.712781812668,3163.4511737749685,14930.163955587637
input_output_noise,reward3_base,DQN reward3 Base,Results_DQN_reward3_o/model,design,51,design_2,Design Rainfall 2,0.05,34,20565748,95,12367.934361961252,3913.251411896334,16281.185773857585
input_output_noise,reward3_base,DQN reward3 Base,Results_DQN_reward3_o/model,design,51,design_2,Design Rainfall 2,0.05,35,20565749,95,11813.300077079108,2754.674768694032,14567.97484577314
input_output_noise,reward3_base,DQN reward3 Base,Results_DQN_reward3_o/model,design,51,design_2,Design Rainfall 2,0.05,36,20565750,95,11709.63865422539,3459.974557357835,15169.613211583224
input_output_noise,reward3_base,DQN reward3 Base,Results_DQN_reward3_o/model,design,51,design_2,Design Rainfall 2,0.05,37,20565751,95,12071.640558107287,1718.6040189568275,13790.244577064113
input_output_noise,reward3_base,DQN reward3 Base,Results_DQN_reward3_o/model,design,51,design_2,Design Rainfall 2,0.05,38,20565752,95,12009.215958615694,2565.023397806598,14574.239356422291
input_output_noise,reward3_base,DQN reward3 Base,Results_DQN_reward3_o/model,design,51,design_2,Design Rainfall 2,0.05,39,20565753,95,12035.301770173235,3346.142813561082,15381.444583734317
input_output_noise,reward3_base,DQN reward3 Base,Results_DQN_reward3_o/model,design,51,design_2,Design Rainfall 2,0.05,40,20565754,95,11841.04346324507,1877.1339702370415,13718.177433482113
input_output_noise,reward3_base,DQN reward3 Base,Results_DQN_reward3_o/model,design,51,design_2,Design Rainfall 2,0.05,41,20565755,95,11696.576090391636,3610.7342317295734,15307.31032212121
input_output_noise,reward3_base,DQN reward3 Base,Results_DQN_reward3_o/model,design,51,design_2,Design Rainfall 2,0.05,42,20565756,95,12165.124836566081,2549.862556586603,14714.987393152685
input_output_noise,reward3_base,DQN reward3 Base,Results_DQN_reward3_o/model,design,51,design_2,Design Rainfall 2,0.05,43,20565757,95,12026.929247833503,3026.7786930379357,15053.707940871438
input_output_noise,reward3_base,DQN reward3 Base,Results_DQN_reward3_o/model,design,51,design_2,Design Rainfall 2,0.05,44,20565758,95,11784.190043354092,3646.8410271908915,15431.031070544985
input_output_noise,reward3_base,DQN reward3 Base,Results_DQN_reward3_o/model,design,51,design_2,Design Rainfall 2,0.05,45,20565759,95,12274.45852447644,2355.642579253354,14630.101103729794
input_output_noise,reward3_base,DQN reward3 Base,Results_DQN_reward3_o/model,design,51,design_2,Design Rainfall 2,0.05,46,20565760,95,12334.280632296044,2880.7225441307046,15215.003176426748
input_output_noise,reward3_base,DQN reward3 Base,Results_DQN_reward3_o/model,design,51,design_2,Design Rainfall 2,0.05,47,20565761,95,12012.226307008137,2424.2459760839283,14436.472283092065
input_output_noise,reward3_base,DQN reward3 Base,Results_DQN_reward3_o/model,design,51,design_2,Design Rainfall 2,0.05,48,20565762,95,12738.87007228241,1614.908625434745,14353.778697717156
input_output_noise,reward3_base,DQN reward3 Base,Results_DQN_reward3_o/model,design,51,design_2,Design Rainfall 2,0.05,49,20565763,95,11886.947885120071,3523.4722733969384,15410.420158517009
input_output_noise,reward3_base,DQN reward3 Base,Results_DQN_reward3_o/model,design,51,design_2,Design Rainfall 2,0.1,0,20570714,95,11883.49077839546,1774.9247055639687,13658.415483959428
input_output_noise,reward3_base,DQN reward3 Base,Results_DQN_reward3_o/model,design,51,design_2,Design Rainfall 2,0.1,1,20570715,95,12255.633670642355,4771.6895983850245,17027.32326902738
input_output_noise,reward3_base,DQN reward3 Base,Results_DQN_reward3_o/model,design,51,design_2,Design Rainfall 2,0.1,2,20570716,95,11962.794628142015,1687.5214932909844,13650.316121433
input_output_noise,reward3_base,DQN reward3 Base,Results_DQN_reward3_o/model,design,51,design_2,Design Rainfall 2,0.1,3,20570717,95,12504.493986575673,1472.6519376883762,13977.145924264049
input_output_noise,reward3_base,DQN reward3 Base,Results_DQN_reward3_o/model,design,51,design_2,Design Rainfall 2,0.1,4,20570718,95,11938.329684477265,3370.2887702250823,15308.618454702348
input_output_noise,reward3_base,DQN reward3 Base,Results_DQN_reward3_o/model,design,51,design_2,Design Rainfall 2,0.1,5,20570719,95,11899.357018541366,3876.21138032733,15775.568398868696
input_output_noise,reward3_base,DQN reward3 Base,Results_DQN_reward3_o/model,design,51,design_2,Design Rainfall 2,0.1,6,20570720,95,12238.168398203303,3912.885133060706,16151.05353126401
input_output_noise,reward3_base,DQN reward3 Base,Results_DQN_reward3_o/model,design,51,design_2,Design Rainfall 2,0.1,7,20570721,95,11987.275258565076,3498.27936629904,15485.554624864115
input_output_noise,reward3_base,DQN reward3 Base,Results_DQN_reward3_o/model,design,51,design_2,Design Rainfall 2,0.1,8,20570722,95,12235.71001633294,2929.026935282408,15164.736951615349
input_output_noise,reward3_base,DQN reward3 Base,Results_DQN_reward3_o/model,design,51,design_2,Design Rainfall 2,0.1,9,20570723,95,11802.045492107218,3340.128287621201,15142.173779728419
input_output_noise,reward3_base,DQN reward3 Base,Results_DQN_reward3_o/model,design,51,design_2,Design Rainfall 2,0.1,10,20570724,95,11838.763789347759,2889.648854178714,14728.412643526473
input_output_noise,reward3_base,DQN reward3 Base,Results_DQN_reward3_o/model,design,51,design_2,Design Rainfall 2,0.1,11,20570725,95,10909.373072723027,4106.793044445658,15016.166117168685
input_output_noise,reward3_base,DQN reward3 Base,Results_DQN_reward3_o/model,design,51,design_2,Design Rainfall 2,0.1,12,20570726,95,11490.284245961338,3279.384354716151,14769.668600677489
input_output_noise,reward3_base,DQN reward3 Base,Results_DQN_reward3_o/model,design,51,design_2,Design Rainfall 2,0.1,13,20570727,95,12521.963296939022,2757.0029026387847,15278.966199577808
input_output_noise,reward3_base,DQN reward3 Base,Results_DQN_reward3_o/model,design,51,design_2,Design Rainfall 2,0.1,14,20570728,95,12551.522975254555,1804.2185789798962,14355.741554234452
input_output_noise,reward3_base,DQN reward3 Base,Results_DQN_reward3_o/model,design,51,design_2,Design Rainfall 2,0.1,15,20570729,95,12240.73050290339,1820.7280540190768,14061.458556922467
input_output_noise,reward3_base,DQN reward3 Base,Results_DQN_reward3_o/model,design,51,design_2,Design Rainfall 2,0.1,16,20570730,95,11607.055166762408,2199.969052106289,13807.024218868697
input_output_noise,reward3_base,DQN reward3 Base,Results_DQN_reward3_o/model,design,51,design_2,Design Rainfall 2,0.1,17,20570731,95,12695.228056645345,2835.7052868342175,15530.933343479563
input_output_noise,reward3_base,DQN reward3 Base,Results_DQN_reward3_o/model,design,51,design_2,Design Rainfall 2,0.1,18,20570732,95,12485.45721760924,3253.2903176444365,15738.747535253677
input_output_noise,reward3_base,DQN reward3 Base,Results_DQN_reward3_o/model,design,51,design_2,Design Rainfall 2,0.1,19,20570733,95,12849.399880290839,3338.3134297808065,16187.713310071646
input_output_noise,reward3_base,DQN reward3 Base,Results_DQN_reward3_o/model,design,51,design_2,Design Rainfall 2,0.1,20,20570734,95,12263.925352428305,4018.6673134950724,16282.592665923377
input_output_noise,reward3_base,DQN reward3 Base,Results_DQN_reward3_o/model,design,51,design_2,Design Rainfall 2,0.1,21,20570735,95,11589.573716686202,3552.554162282525,15142.127878968728
input_output_noise,reward3_base,DQN reward3 Base,Results_DQN_reward3_o/model,design,51,design_2,Design Rainfall 2,0.1,22,20570736,95,12206.029771515481,4314.260957707058,16520.29072922254
input_output_noise,reward3_base,DQN reward3 Base,Results_DQN_reward3_o/model,design,51,design_2,Design Rainfall 2,0.1,23,20570737,95,11151.342990515106,3792.6086609211734,14943.95165143628
input_output_noise,reward3_base,DQN reward3 Base,Results_DQN_reward3_o/model,design,51,design_2,Design Rainfall 2,0.1,24,20570738,95,12233.316363575685,4252.464110976906,16485.78047455259
input_output_noise,reward3_base,DQN reward3 Base,Results_DQN_reward3_o/model,design,51,design_2,Design Rainfall 2,0.1,25,20570739,95,12073.355936682241,2802.8816296618975,14876.237566344138
input_output_noise,reward3_base,DQN reward3 Base,Results_DQN_reward3_o/model,design,51,design_2,Design Rainfall 2,0.1,26,20570740,95,11705.572739239005,2182.2773864558876,13887.850125694893
input_output_noise,reward3_base,DQN reward3 Base,Results_DQN_reward3_o/model,design,51,design_2,Design Rainfall 2,0.1,27,20570741,95,12400.240638934638,2850.6535258289136,15250.894164763551
input_output_noise,reward3_base,DQN reward3 Base,Results_DQN_reward3_o/model,design,51,design_2,Design Rainfall 2,0.1,28,20570742,95,11772.682108261062,3752.252844478299,15524.93495273936
input_output_noise,reward3_base,DQN reward3 Base,Results_DQN_reward3_o/model,design,51,design_2,Design Rainfall 2,0.1,29,20570743,95,12471.523302044801,2645.651120417101,15117.174422461903
input_output_noise,reward3_base,DQN reward3 Base,Results_DQN_reward3_o/model,design,51,design_2,Design Rainfall 2,0.1,30,20570744,95,12477.505929084657,2237.9673881979984,14715.473317282655
input_output_noise,reward3_base,DQN reward3 Base,Results_DQN_reward3_o/model,design,51,design_2,Design Rainfall 2,0.1,31,20570745,95,12019.294855872698,2994.531847787196,15013.826703659895
input_output_noise,reward3_base,DQN reward3 Base,Results_DQN_reward3_o/model,design,51,design_2,Design Rainfall 2,0.1,32,20570746,95,12094.847205402437,4010.8625877473673,16105.709793149805
input_output_noise,reward3_base,DQN reward3 Base,Results_DQN_reward3_o/model,design,51,design_2,Design Rainfall 2,0.1,33,20570747,95,11343.16157970164,3063.911653024957,14407.073232726598
input_output_noise,reward3_base,DQN reward3 Base,Results_DQN_reward3_o/model,design,51,design_2,Design Rainfall 2,0.1,34,20570748,95,12528.572268692555,4168.323408821289,16696.895677513843
input_output_noise,reward3_base,DQN reward3 Base,Results_DQN_reward3_o/model,design,51,design_2,Design Rainfall 2,0.1,35,20570749,95,11615.018156689866,1957.6745928101009,13572.692749499967
input_output_noise,reward3_base,DQN reward3 Base,Results_DQN_reward3_o/model,design,51,design_2,Design Rainfall 2,0.1,36,20570750,95,12151.565889621947,1699.6053713668814,13851.171260988827
input_output_noise,reward3_base,DQN reward3 Base,Results_DQN_reward3_o/model,design,51,design_2,Design Rainfall 2,0.1,37,20570751,95,12481.68145733733,2410.759487902217,14892.440945239548
input_output_noise,reward3_base,DQN reward3 Base,Results_DQN_reward3_o/model,design,51,design_2,Design Rainfall 2,0.1,38,20570752,95,10863.017814981513,4586.323625778839,15449.341440760352
input_output_noise,reward3_base,DQN reward3 Base,Results_DQN_reward3_o/model,design,51,design_2,Design Rainfall 2,0.1,39,20570753,95,12233.924876017121,3033.8790489511766,15267.803924968299
input_output_noise,reward3_base,DQN reward3 Base,Results_DQN_reward3_o/model,design,51,design_2,Design Rainfall 2,0.1,40,20570754,95,12388.26285596039,2442.020978481475,14830.283834441867
input_output_noise,reward3_base,DQN reward3 Base,Results_DQN_reward3_o/model,design,51,design_2,Design Rainfall 2,0.1,41,20570755,95,11692.191689562667,3133.6144339051116,14825.806123467779
input_output_noise,reward3_base,DQN reward3 Base,Results_DQN_reward3_o/model,design,51,design_2,Design Rainfall 2,0.1,42,20570756,95,12513.379481577087,3543.624657589798,16057.004139166886
input_output_noise,reward3_base,DQN reward3 Base,Results_DQN_reward3_o/model,design,51,design_2,Design Rainfall 2,0.1,43,20570757,95,12477.248356805307,3032.147717176103,15509.39607398141
input_output_noise,reward3_base,DQN reward3 Base,Results_DQN_reward3_o/model,design,51,design_2,Design Rainfall 2,0.1,44,20570758,95,12330.90993838168,3083.508914233151,15414.41885261483
input_output_noise,reward3_base,DQN reward3 Base,Results_DQN_reward3_o/model,design,51,design_2,Design Rainfall 2,0.1,45,20570759,95,11959.482040497089,1958.462115327023,13917.944155824112
input_output_noise,reward3_base,DQN reward3 Base,Results_DQN_reward3_o/model,design,51,design_2,Design Rainfall 2,0.1,46,20570760,95,11881.308802716263,2940.1467527445425,14821.455555460805
input_output_noise,reward3_base,DQN reward3 Base,Results_DQN_reward3_o/model,design,51,design_2,Design Rainfall 2,0.1,47,20570761,95,11634.614378032647,3754.872705427032,15389.48708345968
input_output_noise,reward3_base,DQN reward3 Base,Results_DQN_reward3_o/model,design,51,design_2,Design Rainfall 2,0.1,48,20570762,95,12719.8341261394,2414.503791738836,15134.337917878236
input_output_noise,reward3_base,DQN reward3 Base,Results_DQN_reward3_o/model,design,51,design_2,Design Rainfall 2,0.1,49,20570763,95,11939.874498360627,3071.2559497981892,15011.130448158816
input_output_noise,reward3_base,DQN reward3 Base,Results_DQN_reward3_o/model,real,0,real_01,Real Rainfall 1,0.05,0,20665714,95,7380.245697383233,2752.689304143431,10132.935001526665
input_output_noise,reward3_base,DQN reward3 Base,Results_DQN_reward3_o/model,real,0,real_01,Real Rainfall 1,0.05,1,20665715,95,7403.220447346342,2662.9815888027374,10066.20203614908
input_output_noise,reward3_base,DQN reward3 Base,Results_DQN_reward3_o/model,real,0,real_01,Real Rainfall 1,0.05,2,20665716,95,7356.5985679096175,3860.7550642982274,11217.353632207845
input_output_noise,reward3_base,DQN reward3 Base,Results_DQN_reward3_o/model,real,0,real_01,Real Rainfall 1,0.05,3,20665717,95,7437.907892138604,2623.547857800307,10061.455749938912
input_output_noise,reward3_base,DQN reward3 Base,Results_DQN_reward3_o/model,real,0,real_01,Real Rainfall 1,0.05,4,20665718,95,7400.920405058241,1250.0364573648267,8650.956862423067
input_output_noise,reward3_base,DQN reward3 Base,Results_DQN_reward3_o/model,real,0,real_01,Real Rainfall 1,0.05,5,20665719,95,7314.254597748804,3851.452383022367,11165.70698077117
input_output_noise,reward3_base,DQN reward3 Base,Results_DQN_reward3_o/model,real,0,real_01,Real Rainfall 1,0.05,6,20665720,95,7344.976514654038,1479.3051172682597,8824.281631922297
input_output_noise,reward3_base,DQN reward3 Base,Results_DQN_reward3_o/model,real,0,real_01,Real Rainfall 1,0.05,7,20665721,95,7421.637773111374,1940.971389107289,9362.609162218663
input_output_noise,reward3_base,DQN reward3 Base,Results_DQN_reward3_o/model,real,0,real_01,Real Rainfall 1,0.05,8,20665722,95,7368.364178685401,2381.024555151832,9749.388733837233
input_output_noise,reward3_base,DQN reward3 Base,Results_DQN_reward3_o/model,real,0,real_01,Real Rainfall 1,0.05,9,20665723,95,7419.634824596798,2667.4254994103144,10087.060324007112
input_output_noise,reward3_base,DQN reward3 Base,Results_DQN_reward3_o/model,real,0,real_01,Real Rainfall 1,0.05,10,20665724,95,7394.900114453155,3633.2935834255572,11028.193697878713
input_output_noise,reward3_base,DQN reward3 Base,Results_DQN_reward3_o/model,real,0,real_01,Real Rainfall 1,0.05,11,20665725,95,7290.226781210722,1489.0396513727726,8779.266432583494
input_output_noise,reward3_base,DQN reward3 Base,Results_DQN_reward3_o/model,real,0,real_01,Real Rainfall 1,0.05,12,20665726,95,7532.710774988169,2777.807459054917,10310.518234043086
input_output_noise,reward3_base,DQN reward3 Base,Results_DQN_reward3_o/model,real,0,real_01,Real Rainfall 1,0.05,13,20665727,95,7385.669440343232,1657.875576556416,9043.545016899649
input_output_noise,reward3_base,DQN reward3 Base,Results_DQN_reward3_o/model,real,0,real_01,Real Rainfall 1,0.05,14,20665728,95,7440.209739044521,1059.303943393315,8499.513682437835
input_output_noise,reward3_base,DQN reward3 Base,Results_DQN_reward3_o/model,real,0,real_01,Real Rainfall 1,0.05,15,20665729,95,7408.828821293592,3133.621532918088,10542.45035421168
input_output_noise,reward3_base,DQN reward3 Base,Results_DQN_reward3_o/model,real,0,real_01,Real Rainfall 1,0.05,16,20665730,95,7385.390529836725,3839.9342365916914,11225.324766428417
input_output_noise,reward3_base,DQN reward3 Base,Results_DQN_reward3_o/model,real,0,real_01,Real Rainfall 1,0.05,17,20665731,95,7413.693804250324,2286.562016366678,9700.255820617003
input_output_noise,reward3_base,DQN reward3 Base,Results_DQN_reward3_o/model,real,0,real_01,Real Rainfall 1,0.05,18,20665732,95,7307.915123401382,1685.4107268883783,8993.32585028976
input_output_noise,reward3_base,DQN reward3 Base,Results_DQN_reward3_o/model,real,0,real_01,Real Rainfall 1,0.05,19,20665733,95,7435.410980683715,1072.674109032504,8508.08508971622
input_output_noise,reward3_base,DQN reward3 Base,Results_DQN_reward3_o/model,real,0,real_01,Real Rainfall 1,0.05,20,20665734,95,7341.026053187412,1481.978640148549,8823.00469333596
input_output_noise,reward3_base,DQN reward3 Base,Results_DQN_reward3_o/model,real,0,real_01,Real Rainfall 1,0.05,21,20665735,95,7417.3604708803505,3049.6193341962867,10466.979805076637
input_output_noise,reward3_base,DQN reward3 Base,Results_DQN_reward3_o/model,real,0,real_01,Real Rainfall 1,0.05,22,20665736,95,7346.051061166013,2250.448871526531,9596.499932692544
input_output_noise,reward3_base,DQN reward3 Base,Results_DQN_reward3_o/model,real,0,real_01,Real Rainfall 1,0.05,23,20665737,95,7351.138704488181,1455.045274433252,8806.183978921434
input_output_noise,reward3_base,DQN reward3 Base,Results_DQN_reward3_o/model,real,0,real_01,Real Rainfall 1,0.05,24,20665738,95,7470.594766904913,2999.754114456829,10470.348881361742
input_output_noise,reward3_base,DQN reward3 Base,Results_DQN_reward3_o/model,real,0,real_01,Real Rainfall 1,0.05,25,20665739,95,7464.9232064075195,2780.452828593947,10245.376035001467
input_output_noise,reward3_base,DQN reward3 Base,Results_DQN_reward3_o/model,real,0,real_01,Real Rainfall 1,0.05,26,20665740,95,7478.320833848749,2434.246739905079,9912.567573753828
input_output_noise,reward3_base,DQN reward3 Base,Results_DQN_reward3_o/model,real,0,real_01,Real Rainfall 1,0.05,27,20665741,95,7396.180658506448,1629.8499636254396,9026.030622131888
input_output_noise,reward3_base,DQN reward3 Base,Results_DQN_reward3_o/model,real,0,real_01,Real Rainfall 1,0.05,28,20665742,95,7396.840672840157,2049.54258226725,9446.383255107407
input_output_noise,reward3_base,DQN reward3 Base,Results_DQN_reward3_o/model,real,0,real_01,Real Rainfall 1,0.05,29,20665743,95,5415.5516260130335,5034.44311089349,10449.994736906523
input_output_noise,reward3_base,DQN reward3 Base,Results_DQN_reward3_o/model,real,0,real_01,Real Rainfall 1,0.05,30,20665744,95,7418.192383972631,2490.1054093813477,9908.297793353979
input_output_noise,reward3_base,DQN reward3 Base,Results_DQN_reward3_o/model,real,0,real_01,Real Rainfall 1,0.05,31,20665745,95,7562.857939176265,2452.0959311108463,10014.95387028711
input_output_noise,reward3_base,DQN reward3 Base,Results_DQN_reward3_o/model,real,0,real_01,Real Rainfall 1,0.05,32,20665746,95,7445.447510862426,2448.1525262340792,9893.600037096505
input_output_noise,reward3_base,DQN reward3 Base,Results_DQN_reward3_o/model,real,0,real_01,Real Rainfall 1,0.05,33,20665747,95,7423.148383826198,2052.4981900500825,9475.646573876282
input_output_noise,reward3_base,DQN reward3 Base,Results_DQN_reward3_o/model,real,0,real_01,Real Rainfall 1,0.05,34,20665748,95,7408.38601568213,1128.0661346062336,8536.452150288364
input_output_noise,reward3_base,DQN reward3 Base,Results_DQN_reward3_o/model,real,0,real_01,Real Rainfall 1,0.05,35,20665749,95,7391.496389400908,1230.138266486996,8621.634655887903
input_output_noise,reward3_base,DQN reward3 Base,Results_DQN_reward3_o/model,real,0,real_01,Real Rainfall 1,0.05,36,20665750,95,7392.147611968587,2248.1035308373084,9640.251142805895
input_output_noise,reward3_base,DQN reward3 Base,Results_DQN_reward3_o/model,real,0,real_01,Real Rainfall 1,0.05,37,20665751,95,7536.521688850889,2906.339226811507,10442.860915662397
input_output_noise,reward3_base,DQN reward3 Base,Results_DQN_reward3_o/model,real,0,real_01,Real Rainfall 1,0.05,38,20665752,95,7441.576230994135,2202.7122298184527,9644.288460812588
input_output_noise,reward3_base,DQN reward3 Base,Results_DQN_reward3_o/model,real,0,real_01,Real Rainfall 1,0.05,39,20665753,95,7396.523366277111,3457.3836877544336,10853.907054031544
input_output_noise,reward3_base,DQN reward3 Base,Results_DQN_reward3_o/model,real,0,real_01,Real Rainfall 1,0.05,40,20665754,95,7349.885015818293,2450.2475244565267,9800.132540274819
input_output_noise,reward3_base,DQN reward3 Base,Results_DQN_reward3_o/model,real,0,real_01,Real Rainfall 1,0.05,41,20665755,95,7499.436591807293,2273.2007450337405,9772.637336841033
input_output_noise,reward3_base,DQN reward3 Base,Results_DQN_reward3_o/model,real,0,real_01,Real Rainfall 1,0.05,42,20665756,95,7454.358296255711,2472.23814772733,9926.596443983042
input_output_noise,reward3_base,DQN reward3 Base,Results_DQN_reward3_o/model,real,0,real_01,Real Rainfall 1,0.05,43,20665757,95,7354.513666102242,2655.634245588198,10010.14791169044
input_output_noise,reward3_base,DQN reward3 Base,Results_DQN_reward3_o/model,real,0,real_01,Real Rainfall 1,0.05,44,20665758,95,7363.213188669683,1281.2017592255584,8644.414947895242
input_output_noise,reward3_base,DQN reward3 Base,Results_DQN_reward3_o/model,real,0,real_01,Real Rainfall 1,0.05,45,20665759,95,7431.672220730838,2250.0833722313355,9681.755592962174
input_output_noise,reward3_base,DQN reward3 Base,Results_DQN_reward3_o/model,real,0,real_01,Real Rainfall 1,0.05,46,20665760,95,7583.0579117008565,3303.781237727452,10886.83914942831
input_output_noise,reward3_base,DQN reward3 Base,Results_DQN_reward3_o/model,real,0,real_01,Real Rainfall 1,0.05,47,20665761,95,7463.019770247429,2245.278756908586,9708.298527156014
input_output_noise,reward3_base,DQN reward3 Base,Results_DQN_reward3_o/model,real,0,real_01,Real Rainfall 1,0.05,48,20665762,95,7500.886360798775,3718.520873046668,11219.407233845443
input_output_noise,reward3_base,DQN reward3 Base,Results_DQN_reward3_o/model,real,0,real_01,Real Rainfall 1,0.05,49,20665763,95,7341.042729052481,1243.2645238109724,8584.307252863453
input_output_noise,reward3_base,DQN reward3 Base,Results_DQN_reward3_o/model,real,0,real_01,Real Rainfall 1,0.1,0,20670714,95,6804.101903775884,3056.0219734024654,9860.12387717835
input_output_noise,reward3_base,DQN reward3 Base,Results_DQN_reward3_o/model,real,0,real_01,Real Rainfall 1,0.1,1,20670715,95,7219.540263673317,1275.288049361342,8494.828313034659
input_output_noise,reward3_base,DQN reward3 Base,Results_DQN_reward3_o/model,real,0,real_01,Real Rainfall 1,0.1,2,20670716,95,6956.757112308533,1934.0372907505327,8890.794403059066
input_output_noise,reward3_base,DQN reward3 Base,Results_DQN_reward3_o/model,real,0,real_01,Real Rainfall 1,0.1,3,20670717,95,7191.6363566202845,3450.08202134914,10641.718377969424
input_output_noise,reward3_base,DQN reward3 Base,Results_DQN_reward3_o/model,real,0,real_01,Real Rainfall 1,0.1,4,20670718,95,7340.6196101579335,2422.025277845423,9762.644888003357
input_output_noise,reward3_base,DQN reward3 Base,Results_DQN_reward3_o/model,real,0,real_01,Real Rainfall 1,0.1,5,20670719,95,7315.949927934967,3975.243262974896,11291.193190909862
input_output_noise,reward3_base,DQN reward3 Base,Results_DQN_reward3_o/model,real,0,real_01,Real Rainfall 1,0.1,6,20670720,95,7334.297318293233,2640.8999545429842,9975.197272836216
input_output_noise,reward3_base,DQN reward3 Base,Results_DQN_reward3_o/model,real,0,real_01,Real Rainfall 1,0.1,7,20670721,95,7447.84328987358,2513.252936483165,9961.096226356745
input_output_noise,reward3_base,DQN reward3 Base,Results_DQN_reward3_o/model,real,0,real_01,Real Rainfall 1,0.1,8,20670722,95,7419.633231572772,3169.860577709943,10589.493809282714
input_output_noise,reward3_base,DQN reward3 Base,Results_DQN_reward3_o/model,real,0,real_01,Real Rainfall 1,0.1,9,20670723,95,7360.817136641745,2832.301777712687,10193.118914354432
input_output_noise,reward3_base,DQN reward3 Base,Results_DQN_reward3_o/model,real,0,real_01,Real Rainfall 1,0.1,10,20670724,95,7381.401474886582,1260.6558442411124,8642.057319127694
input_output_noise,reward3_base,DQN reward3 Base,Results_DQN_reward3_o/model,real,0,real_01,Real Rainfall 1,0.1,11,20670725,95,7310.9668327683785,2781.5819976670555,10092.548830435433
input_output_noise,reward3_base,DQN reward3 Base,Results_DQN_reward3_o/model,real,0,real_01,Real Rainfall 1,0.1,12,20670726,95,7433.677627912384,2833.686880750924,10267.364508663308
input_output_noise,reward3_base,DQN reward3 Base,Results_DQN_reward3_o/model,real,0,real_01,Real Rainfall 1,0.1,13,20670727,95,7307.887265682154,2461.3468396792982,9769.234105361453
input_output_noise,reward3_base,DQN reward3 Base,Results_DQN_reward3_o/model,real,0,real_01,Real Rainfall 1,0.1,14,20670728,95,7229.622352447939,2602.673835938326,9832.296188386266
input_output_noise,reward3_base,DQN reward3 Base,Results_DQN_reward3_o/model,real,0,real_01,Real Rainfall 1,0.1,15,20670729,95,7210.966353501053,2391.7835399577634,9602.749893458817
input_output_noise,reward3_base,DQN reward3 Base,Results_DQN_reward3_o/model,real,0,real_01,Real Rainfall 1,0.1,16,20670730,95,7350.765399391796,2855.3824764152628,10206.147875807059
input_output_noise,reward3_base,DQN reward3 Base,Results_DQN_reward3_o/model,real,0,real_01,Real Rainfall 1,0.1,17,20670731,95,7365.887827563929,2210.632740924051,9576.52056848798
input_output_noise,reward3_base,DQN reward3 Base,Results_DQN_reward3_o/model,real,0,real_01,Real Rainfall 1,0.1,18,20670732,95,7439.849880857686,3328.0966404104693,10767.946521268155
input_output_noise,reward3_base,DQN reward3 Base,Results_DQN_reward3_o/model,real,0,real_01,Real Rainfall 1,0.1,19,20670733,95,6995.248584449489,2537.7907091026727,9533.039293552161
input_output_noise,reward3_base,DQN reward3 Base,Results_DQN_reward3_o/model,real,0,real_01,Real Rainfall 1,0.1,20,20670734,95,7559.218642690968,2856.743548564087,10415.962191255056
input_output_noise,reward3_base,DQN reward3 Base,Results_DQN_reward3_o/model,real,0,real_01,Real Rainfall 1,0.1,21,20670735,95,7404.9756935981395,2712.641522711275,10117.617216309414
input_output_noise,reward3_base,DQN reward3 Base,Results_DQN_reward3_o/model,real,0,real_01,Real Rainfall 1,0.1,22,20670736,95,7443.917066728789,2720.762860255436,10164.679926984225
input_output_noise,reward3_base,DQN reward3 Base,Results_DQN_reward3_o/model,real,0,real_01,Real Rainfall 1,0.1,23,20670737,95,7498.023571819879,2938.942924038367,10436.966495858247
input_output_noise,reward3_base,DQN reward3 Base,Results_DQN_reward3_o/model,real,0,real_01,Real Rainfall 1,0.1,24,20670738,95,7442.8768096696995,3307.742305125027,10750.619114794727
input_output_noise,reward3_base,DQN reward3 Base,Results_DQN_reward3_o/model,real,0,real_01,Real Rainfall 1,0.1,25,20670739,95,7271.7142584292305,1010.0696605447537,8281.783918973984
input_output_noise,reward3_base,DQN reward3 Base,Results_DQN_reward3_o/model,real,0,real_01,Real Rainfall 1,0.1,26,20670740,95,7502.249727237532,2165.1056863475123,9667.355413585045
input_output_noise,reward3_base,DQN reward3 Base,Results_DQN_reward3_o/model,real,0,real_01,Real Rainfall 1,0.1,27,20670741,95,7523.642718022886,2476.642925608824,10000.285643631709
input_output_noise,reward3_base,DQN reward3 Base,Results_DQN_reward3_o/model,real,0,real_01,Real Rainfall 1,0.1,28,20670742,95,7269.872226898893,1267.9605030496348,8537.832729948528
input_output_noise,reward3_base,DQN reward3 Base,Results_DQN_reward3_o/model,real,0,real_01,Real Rainfall 1,0.1,29,20670743,95,6468.582837181497,3314.6887144771,9783.271551658596
input_output_noise,reward3_base,DQN reward3 Base,Results_DQN_reward3_o/model,real,0,real_01,Real Rainfall 1,0.1,30,20670744,95,7489.529123007887,2776.77075366401,10266.299876671897
input_output_noise,reward3_base,DQN reward3 Base,Results_DQN_reward3_o/model,real,0,real_01,Real Rainfall 1,0.1,31,20670745,95,7374.880380440686,2113.621859864225,9488.502240304912
input_output_noise,reward3_base,DQN reward3 Base,Results_DQN_reward3_o/model,real,0,real_01,Real Rainfall 1,0.1,32,20670746,95,7333.602733782768,2587.9596667459446,9921.562400528714
input_output_noise,reward3_base,DQN reward3 Base,Results_DQN_reward3_o/model,real,0,real_01,Real Rainfall 1,0.1,33,20670747,95,7367.108982708257,2577.7053291085986,9944.814311816855
input_output_noise,reward3_base,DQN reward3 Base,Results_DQN_reward3_o/model,real,0,real_01,Real Rainfall 1,0.1,34,20670748,95,7389.892920502973,2584.9430401574928,9974.835960660464
input_output_noise,reward3_base,DQN reward3 Base,Results_DQN_reward3_o/model,real,0,real_01,Real Rainfall 1,0.1,35,20670749,95,7391.005699758795,4187.582043454627,11578.587743213422
input_output_noise,reward3_base,DQN reward3 Base,Results_DQN_reward3_o/model,real,0,real_01,Real Rainfall 1,0.1,36,20670750,95,7346.449471380401,2443.1595543832727,9789.609025763673
input_output_noise,reward3_base,DQN reward3 Base,Results_DQN_reward3_o/model,real,0,real_01,Real Rainfall 1,0.1,37,20670751,95,7407.767688213077,2632.537726651043,10040.30541486412
input_output_noise,reward3_base,DQN reward3 Base,Results_DQN_reward3_o/model,real,0,real_01,Real Rainfall 1,0.1,38,20670752,95,5924.921747660153,3652.765373240504,9577.687120900657
input_output_noise,reward3_base,DQN reward3 Base,Results_DQN_reward3_o/model,real,0,real_01,Real Rainfall 1,0.1,39,20670753,95,7293.617349011952,1449.4157334847175,8743.03308249667
input_output_noise,reward3_base,DQN reward3 Base,Results_DQN_reward3_o/model,real,0,real_01,Real Rainfall 1,0.1,40,20670754,95,7429.711518101854,3705.296764724307,11135.008282826162
input_output_noise,reward3_base,DQN reward3 Base,Results_DQN_reward3_o/model,real,0,real_01,Real Rainfall 1,0.1,41,20670755,95,7516.614873369295,2512.5171071188165,10029.131980488111
input_output_noise,reward3_base,DQN reward3 Base,Results_DQN_reward3_o/model,real,0,real_01,Real Rainfall 1,0.1,42,20670756,95,7350.959515348489,2672.976533421055,10023.936048769545
input_output_noise,reward3_base,DQN reward3 Base,Results_DQN_reward3_o/model,real,0,real_01,Real Rainfall 1,0.1,43,20670757,95,7286.97711892242,2961.0345600516152,10248.011678974035
input_output_noise,reward3_base,DQN reward3 Base,Results_DQN_reward3_o/model,real,0,real_01,Real Rainfall 1,0.1,44,20670758,95,7350.149041974493,2378.982806059518,9729.131848034012
input_output_noise,reward3_base,DQN reward3 Base,Results_DQN_reward3_o/model,real,0,real_01,Real Rainfall 1,0.1,45,20670759,95,7111.471438130823,3240.028870665525,10351.500308796349
input_output_noise,reward3_base,DQN reward3 Base,Results_DQN_reward3_o/model,real,0,real_01,Real Rainfall 1,0.1,46,20670760,95,7161.005214077516,1301.227113085872,8462.232327163389
input_output_noise,reward3_base,DQN reward3 Base,Results_DQN_reward3_o/model,real,0,real_01,Real Rainfall 1,0.1,47,20670761,95,7429.807171454386,1079.9541147611262,8509.761286215511
input_output_noise,reward3_base,DQN reward3 Base,Results_DQN_reward3_o/model,real,0,real_01,Real Rainfall 1,0.1,48,20670762,95,7573.3265127120185,2185.781166002759,9759.107678714778
input_output_noise,reward3_base,DQN reward3 Base,Results_DQN_reward3_o/model,real,0,real_01,Real Rainfall 1,0.1,49,20670763,95,7235.6912957889635,2501.787248321449,9737.478544110412
input_output_noise,reward3_base,DQN reward3 Base,Results_DQN_reward3_o/model,real,1,real_02,Real Rainfall 2,0.05,0,20765714,95,3727.2706876958823,2250.7800215005595,5978.050709196442
input_output_noise,reward3_base,DQN reward3 Base,Results_DQN_reward3_o/model,real,1,real_02,Real Rainfall 2,0.05,1,20765715,95,3720.3032713495713,1450.0488550159994,5170.352126365571
input_output_noise,reward3_base,DQN reward3 Base,Results_DQN_reward3_o/model,real,1,real_02,Real Rainfall 2,0.05,2,20765716,95,3729.220482352487,3244.904139269306,6974.124621621793
input_output_noise,reward3_base,DQN reward3 Base,Results_DQN_reward3_o/model,real,1,real_02,Real Rainfall 2,0.05,3,20765717,95,3728.263088392525,2838.569608332217,6566.832696724741
input_output_noise,reward3_base,DQN reward3 Base,Results_DQN_reward3_o/model,real,1,real_02,Real Rainfall 2,0.05,4,20765718,95,3742.0465587902772,3336.1663760081456,7078.212934798423
input_output_noise,reward3_base,DQN reward3 Base,Results_DQN_reward3_o/model,real,1,real_02,Real Rainfall 2,0.05,5,20765719,95,3458.4429156849837,2465.7974711092056,5924.240386794189
input_output_noise,reward3_base,DQN reward3 Base,Results_DQN_reward3_o/model,real,1,real_02,Real Rainfall 2,0.05,6,20765720,95,336.9336250845678,4950.648877945483,5287.582503030051
input_output_noise,reward3_base,DQN reward3 Base,Results_DQN_reward3_o/model,real,1,real_02,Real Rainfall 2,0.05,7,20765721,95,3630.1094094401337,3048.2475722271915,6678.356981667325
input_output_noise,reward3_base,DQN reward3 Base,Results_DQN_reward3_o/model,real,1,real_02,Real Rainfall 2,0.05,8,20765722,95,3681.0754158682075,1474.6197189329177,5155.695134801125
input_output_noise,reward3_base,DQN reward3 Base,Results_DQN_reward3_o/model,real,1,real_02,Real Rainfall 2,0.05,9,20765723,95,3754.764948451995,2612.9632271566556,6367.72817560865
input_output_noise,reward3_base,DQN reward3 Base,Results_DQN_reward3_o/model,real,1,real_02,Real Rainfall 2,0.05,10,20765724,95,3827.083283596756,2193.532351283972,6020.615634880727
input_output_noise,reward3_base,DQN reward3 Base,Results_DQN_reward3_o/model,real,1,real_02,Real Rainfall 2,0.05,11,20765725,95,3797.3280628252396,2872.0464756840124,6669.374538509252
input_output_noise,reward3_base,DQN reward3 Base,Results_DQN_reward3_o/model,real,1,real_02,Real Rainfall 2,0.05,12,20765726,95,3726.3303251163516,3255.3883309282937,6981.718656044645
input_output_noise,reward3_base,DQN reward3 Base,Results_DQN_reward3_o/model,real,1,real_02,Real Rainfall 2,0.05,13,20765727,95,3726.2823368593345,2668.072888945345,6394.355225804679
input_output_noise,reward3_base,DQN reward3 Base,Results_DQN_reward3_o/model,real,1,real_02,Real Rainfall 2,0.05,14,20765728,95,3709.78772507291,2749.1669100853546,6458.954635158265
input_output_noise,reward3_base,DQN reward3 Base,Results_DQN_reward3_o/model,real,1,real_02,Real Rainfall 2,0.05,15,20765729,95,3825.4728783058204,2317.2492258335546,6142.722104139375
input_output_noise,reward3_base,DQN reward3 Base,Results_DQN_reward3_o/model,real,1,real_02,Real Rainfall 2,0.05,16,20765730,95,3731.277162170951,3458.4257996541173,7189.702961825069
input_output_noise,reward3_base,DQN reward3 Base,Results_DQN_reward3_o/model,real,1,real_02,Real Rainfall 2,0.05,17,20765731,95,3720.8347245958735,3643.6519029861147,7364.486627581988
input_output_noise,reward3_base,DQN reward3 Base,Results_DQN_reward3_o/model,real,1,real_02,Real Rainfall 2,0.05,18,20765732,95,3743.179666357717,3332.584562052627,7075.764228410344
input_output_noise,reward3_base,DQN reward3 Base,Results_DQN_reward3_o/model,real,1,real_02,Real Rainfall 2,0.05,19,20765733,95,3719.8268553633975,1261.5786960247453,4981.405551388143
input_output_noise,reward3_base,DQN reward3 Base,Results_DQN_reward3_o/model,real,1,real_02,Real Rainfall 2,0.05,20,20765734,95,3727.7728918651546,2641.9110606603904,6369.6839525255455
input_output_noise,reward3_base,DQN reward3 Base,Results_DQN_reward3_o/model,real,1,real_02,Real Rainfall 2,0.05,21,20765735,95,3700.2691078512453,2632.0758584584037,6332.344966309649
input_output_noise,reward3_base,DQN reward3 Base,Results_DQN_reward3_o/model,real,1,real_02,Real Rainfall 2,0.05,22,20765736,95,3623.6887058816737,1294.0802307842425,4917.768936665916
input_output_noise,reward3_base,DQN reward3 Base,Results_DQN_reward3_o/model,real,1,real_02,Real Rainfall 2,0.05,23,20765737,95,3638.5454268993212,1484.8843344854843,5123.429761384806
input_output_noise,reward3_base,DQN reward3 Base,Results_DQN_reward3_o/model,real,1,real_02,Real Rainfall 2,0.05,24,20765738,95,3635.4527301315084,1286.9829913523583,4922.4357214838665
input_output_noise,reward3_base,DQN reward3 Base,Results_DQN_reward3_o/model,real,1,real_02,Real Rainfall 2,0.05,25,20765739,95,3784.0767312491416,3564.5234126758733,7348.600143925015
input_output_noise,reward3_base,DQN reward3 Base,Results_DQN_reward3_o/model,real,1,real_02,Real Rainfall 2,0.05,26,20765740,95,3493.9279486212054,2394.0336398725744,5887.961588493779
input_output_noise,reward3_base,DQN reward3 Base,Results_DQN_reward3_o/model,real,1,real_02,Real Rainfall 2,0.05,27,20765741,95,3692.1272518351575,2239.9112945831966,5932.038546418355
input_output_noise,reward3_base,DQN reward3 Base,Results_DQN_reward3_o/model,real,1,real_02,Real Rainfall 2,0.05,28,20765742,95,3731.19265394209,2420.7488574959743,6151.9415114380645
input_output_noise,reward3_base,DQN reward3 Base,Results_DQN_reward3_o/model,real,1,real_02,Real Rainfall 2,0.05,29,20765743,95,3645.8214486125985,2473.186215349211,6119.007663961809
input_output_noise,reward3_base,DQN reward3 Base,Results_DQN_reward3_o/model,real,1,real_02,Real Rainfall 2,0.05,30,20765744,95,3532.5397410096048,2409.8266279685895,5942.366368978194
input_output_noise,reward3_base,DQN reward3 Base,Results_DQN_reward3_o/model,real,1,real_02,Real Rainfall 2,0.05,31,20765745,95,3724.3251616392668,1428.2265831644786,5152.551744803745
input_output_noise,reward3_base,DQN reward3 Base,Results_DQN_reward3_o/model,real,1,real_02,Real Rainfall 2,0.05,32,20765746,95,3809.4443302729123,2551.673672185323,6361.118002458235
input_output_noise,reward3_base,DQN reward3 Base,Results_DQN_reward3_o/model,real,1,real_02,Real Rainfall 2,0.05,33,20765747,95,3723.0407131008283,1457.018876654239,5180.0595897550675
input_output_noise,reward3_base,DQN reward3 Base,Results_DQN_reward3_o/model,real,1,real_02,Real Rainfall 2,0.05,34,20765748,95,3733.8085559080823,2581.5200900081777,6315.32864591626
input_output_noise,reward3_base,DQN reward3 Base,Results_DQN_reward3_o/model,real,1,real_02,Real Rainfall 2,0.05,35,20765749,95,3724.291604053639,1651.8020385776883,5376.093642631327
input_output_noise,reward3_base,DQN reward3 Base,Results_DQN_reward3_o/model,real,1,real_02,Real Rainfall 2,0.05,36,20765750,95,3685.75916824616,1452.1559776656054,5137.915145911766
input_output_noise,reward3_base,DQN reward3 Base,Results_DQN_reward3_o/model,real,1,real_02,Real Rainfall 2,0.05,37,20765751,95,3726.3462574552213,1643.3168862044129,5369.663143659634
input_output_noise,reward3_base,DQN reward3 Base,Results_DQN_reward3_o/model,real,1,real_02,Real Rainfall 2,0.05,38,20765752,95,3813.5869441746404,2909.618928977058,6723.205873151699
input_output_noise,reward3_base,DQN reward3 Base,Results_DQN_reward3_o/model,real,1,real_02,Real Rainfall 2,0.05,39,20765753,95,3726.5506135464548,3393.1285861691886,7119.679199715643
input_output_noise,reward3_base,DQN reward3 Base,Results_DQN_reward3_o/model,real,1,real_02,Real Rainfall 2,0.05,40,20765754,95,3743.7651826638944,3039.5141709817008,6783.279353645596
input_output_noise,reward3_base,DQN reward3 Base,Results_DQN_reward3_o/model,real,1,real_02,Real Rainfall 2,0.05,41,20765755,95,3639.566332069787,1253.1115258809184,4892.677857950705
input_output_noise,reward3_base,DQN reward3 Base,Results_DQN_reward3_o/model,real,1,real_02,Real Rainfall 2,0.05,42,20765756,95,3745.3846919739167,2488.047548513844,6233.43224048776
input_output_noise,reward3_base,DQN reward3 Base,Results_DQN_reward3_o/model,real,1,real_02,Real Rainfall 2,0.05,43,20765757,95,3700.281860311818,2888.206822888014,6588.488683199832
input_output_noise,reward3_base,DQN reward3 Base,Results_DQN_reward3_o/model,real,1,real_02,Real Rainfall 2,0.05,44,20765758,95,3711.9190456058327,2519.518702760681,6231.437748366514
input_output_noise,reward3_base,DQN reward3 Base,Results_DQN_reward3_o/model,real,1,real_02,Real Rainfall 2,0.05,45,20765759,95,3584.6971577659842,2078.6188504196257,5663.3160081856095
input_output_noise,reward3_base,DQN reward3 Base,Results_DQN_reward3_o/model,real,1,real_02,Real Rainfall 2,0.05,46,20765760,95,3742.028909164833,2560.3884630125704,6302.417372177403
input_output_noise,reward3_base,DQN reward3 Base,Results_DQN_reward3_o/model,real,1,real_02,Real Rainfall 2,0.05,47,20765761,95,3727.0172454448334,2466.6872384370836,6193.7044838819165
input_output_noise,reward3_base,DQN reward3 Base,Results_DQN_reward3_o/model,real,1,real_02,Real Rainfall 2,0.05,48,20765762,95,3733.3733079632566,2602.44244797431,6335.815755937567
input_output_noise,reward3_base,DQN reward3 Base,Results_DQN_reward3_o/model,real,1,real_02,Real Rainfall 2,0.05,49,20765763,95,3772.099541574899,1044.6169879879667,4816.716529562866
input_output_noise,reward3_base,DQN reward3 Base,Results_DQN_reward3_o/model,real,1,real_02,Real Rainfall 2,0.1,0,20770714,95,3438.061081818367,4047.4947431995593,7485.555825017926
input_output_noise,reward3_base,DQN reward3 Base,Results_DQN_reward3_o/model,real,1,real_02,Real Rainfall 2,0.1,1,20770715,95,3640.014922813145,2042.2571088410602,5682.272031654205
input_output_noise,reward3_base,DQN reward3 Base,Results_DQN_reward3_o/model,real,1,real_02,Real Rainfall 2,0.1,2,20770716,95,3764.0170016452475,1842.4621004529286,5606.479102098176
input_output_noise,reward3_base,DQN reward3 Base,Results_DQN_reward3_o/model,real,1,real_02,Real Rainfall 2,0.1,3,20770717,95,3632.0869301558473,2651.374730444512,6283.461660600359
input_output_noise,reward3_base,DQN reward3 Base,Results_DQN_reward3_o/model,real,1,real_02,Real Rainfall 2,0.1,4,20770718,95,3515.9798645709743,3791.3391342726404,7307.318998843615
input_output_noise,reward3_base,DQN reward3 Base,Results_DQN_reward3_o/model,real,1,real_02,Real Rainfall 2,0.1,5,20770719,95,3402.8086047383085,2014.0058186537226,5416.814423392031
input_output_noise,reward3_base,DQN reward3 Base,Results_DQN_reward3_o/model,real,1,real_02,Real Rainfall 2,0.1,6,20770720,95,3261.182531500713,3536.3282463603564,6797.510777861069
input_output_noise,reward3_base,DQN reward3 Base,Results_DQN_reward3_o/model,real,1,real_02,Real Rainfall 2,0.1,7,20770721,95,3123.3112524503777,3012.586770849798,6135.898023300176
input_output_noise,reward3_base,DQN reward3 Base,Results_DQN_reward3_o/model,real,1,real_02,Real Rainfall 2,0.1,8,20770722,95,3702.2296683895747,2206.125143152504,5908.354811542078
input_output_noise,reward3_base,DQN reward3 Base,Results_DQN_reward3_o/model,real,1,real_02,Real Rainfall 2,0.1,9,20770723,95,3534.1033679068396,3028.821921050625,6562.9252889574645
input_output_noise,reward3_base,DQN reward3 Base,Results_DQN_reward3_o/model,real,1,real_02,Real Rainfall 2,0.1,10,20770724,95,3794.1685249042844,2881.424017955047,6675.592542859331
input_output_noise,reward3_base,DQN reward3 Base,Results_DQN_reward3_o/model,real,1,real_02,Real Rainfall 2,0.1,11,20770725,95,880.3804456669842,3242.271938064432,4122.652383731416
input_output_noise,reward3_base,DQN reward3 Base,Results_DQN_reward3_o/model,real,1,real_02,Real Rainfall 2,0.1,12,20770726,95,1341.254715696767,4106.9156393492285,5448.170355045995
input_output_noise,reward3_base,DQN reward3 Base,Results_DQN_reward3_o/model,real,1,real_02,Real Rainfall 2,0.1,13,20770727,95,3420.4937039214574,2263.1044985993776,5683.598202520835
input_output_noise,reward3_base,DQN reward3 Base,Results_DQN_reward3_o/model,real,1,real_02,Real Rainfall 2,0.1,14,20770728,95,3765.5745205597736,935.1904166174452,4700.764937177219
input_output_noise,reward3_base,DQN reward3 Base,Results_DQN_reward3_o/model,real,1,real_02,Real Rainfall 2,0.1,15,20770729,95,661.154838883965,5475.957143158399,6137.111982042364
input_output_noise,reward3_base,DQN reward3 Base,Results_DQN_reward3_o/model,real,1,real_02,Real Rainfall 2,0.1,16,20770730,95,3763.4287212684458,2720.2651723282943,6483.69389359674
input_output_noise,reward3_base,DQN reward3 Base,Results_DQN_reward3_o/model,real,1,real_02,Real Rainfall 2,0.1,17,20770731,95,3688.696258859078,2681.227118756853,6369.923377615931
input_output_noise,reward3_base,DQN reward3 Base,Results_DQN_reward3_o/model,real,1,real_02,Real Rainfall 2,0.1,18,20770732,95,1190.4608044398435,5242.052855828593,6432.513660268437
input_output_noise,reward3_base,DQN reward3 Base,Results_DQN_reward3_o/model,real,1,real_02,Real Rainfall 2,0.1,19,20770733,95,3750.1891791149073,2025.6540005314937,5775.843179646401
input_output_noise,reward3_base,DQN reward3 Base,Results_DQN_reward3_o/model,real,1,real_02,Real Rainfall 2,0.1,20,20770734,95,3791.8166755084744,2255.6274479774934,6047.444123485968
input_output_noise,reward3_base,DQN reward3 Base,Results_DQN_reward3_o/model,real,1,real_02,Real Rainfall 2,0.1,21,20770735,95,3764.1908116311793,3584.6257054483876,7348.816517079567
input_output_noise,reward3_base,DQN reward3 Base,Results_DQN_reward3_o/model,real,1,real_02,Real Rainfall 2,0.1,22,20770736,95,3353.1991562568237,2003.7448930550465,5356.94404931187
input_output_noise,reward3_base,DQN reward3 Base,Results_DQN_reward3_o/model,real,1,real_02,Real Rainfall 2,0.1,23,20770737,95,3725.7642136564614,2628.231755876537,6353.995969532998
input_output_noise,reward3_base,DQN reward3 Base,Results_DQN_reward3_o/model,real,1,real_02,Real Rainfall 2,0.1,24,20770738,95,3751.4735341657333,2599.768910485819,6351.242444651552
input_output_noise,reward3_base,DQN reward3 Base,Results_DQN_reward3_o/model,real,1,real_02,Real Rainfall 2,0.1,25,20770739,95,3723.351424235627,1260.4963432734444,4983.847767509071
input_output_noise,reward3_base,DQN reward3 Base,Results_DQN_reward3_o/model,real,1,real_02,Real Rainfall 2,0.1,26,20770740,95,3562.577133604546,1525.7768636087574,5088.353997213303
input_output_noise,reward3_base,DQN reward3 Base,Results_DQN_reward3_o/model,real,1,real_02,Real Rainfall 2,0.1,27,20770741,95,3728.394994298355,2454.2695178069744,6182.66451210533
input_output_noise,reward3_base,DQN reward3 Base,Results_DQN_reward3_o/model,real,1,real_02,Real Rainfall 2,0.1,28,20770742,95,3447.106145361395,2590.127988585776,6037.234133947171
input_output_noise,reward3_base,DQN reward3 Base,Results_DQN_reward3_o/model,real,1,real_02,Real Rainfall 2,0.1,29,20770743,95,1902.7262332962075,2855.6045996643525,4758.33083296056
input_output_noise,reward3_base,DQN reward3 Base,Results_DQN_reward3_o/model,real,1,real_02,Real Rainfall 2,0.1,30,20770744,95,3749.4777237058,2400.9949796240344,6150.472703329835
input_output_noise,reward3_base,DQN reward3 Base,Results_DQN_reward3_o/model,real,1,real_02,Real Rainfall 2,0.1,31,20770745,95,3300.7477204910842,2352.2228458358813,5652.970566326965
input_output_noise,reward3_base,DQN reward3 Base,Results_DQN_reward3_o/model,real,1,real_02,Real Rainfall 2,0.1,32,20770746,95,3571.1838388447295,1417.2241923863464,4988.408031231076
input_output_noise,reward3_base,DQN reward3 Base,Results_DQN_reward3_o/model,real,1,real_02,Real Rainfall 2,0.1,33,20770747,95,3758.1134399463012,2789.8620763986664,6547.975516344968
input_output_noise,reward3_base,DQN reward3 Base,Results_DQN_reward3_o/model,real,1,real_02,Real Rainfall 2,0.1,34,20770748,95,895.0111798177605,4448.025380164139,5343.0365599819
input_output_noise,reward3_base,DQN reward3 Base,Results_DQN_reward3_o/model,real,1,real_02,Real Rainfall 2,0.1,35,20770749,95,3370.0622082160953,1267.2100143246555,4637.272222540751
input_output_noise,reward3_base,DQN reward3 Base,Results_DQN_reward3_o/model,real,1,real_02,Real Rainfall 2,0.1,36,20770750,95,1352.909285578185,2916.099277231717,4269.008562809902
input_output_noise,reward3_base,DQN reward3 Base,Results_DQN_reward3_o/model,real,1,real_02,Real Rainfall 2,0.1,37,20770751,95,3084.000411476261,1744.0166272125114,4828.017038688772
input_output_noise,reward3_base,DQN reward3 Base,Results_DQN_reward3_o/model,real,1,real_02,Real Rainfall 2,0.1,38,20770752,95,3728.598179892856,2587.013857223938,6315.612037116794
input_output_noise,reward3_base,DQN reward3 Base,Results_DQN_reward3_o/model,real,1,real_02,Real Rainfall 2,0.1,39,20770753,95,2919.0796437910158,4258.509219285787,7177.588863076803
input_output_noise,reward3_base,DQN reward3 Base,Results_DQN_reward3_o/model,real,1,real_02,Real Rainfall 2,0.1,40,20770754,95,2962.03255205979,3500.155949072069,6462.188501131859
input_output_noise,reward3_base,DQN reward3 Base,Results_DQN_reward3_o/model,real,1,real_02,Real Rainfall 2,0.1,41,20770755,95,3737.623036411607,4158.086037105308,7895.709073516915
input_output_noise,reward3_base,DQN reward3 Base,Results_DQN_reward3_o/model,real,1,real_02,Real Rainfall 2,0.1,42,20770756,95,3737.0085145275643,2774.9393665340617,6511.947881061626
input_output_noise,reward3_base,DQN reward3 Base,Results_DQN_reward3_o/model,real,1,real_02,Real Rainfall 2,0.1,43,20770757,95,3126.9656161489993,2232.0650069908365,5359.030623139835
input_output_noise,reward3_base,DQN reward3 Base,Results_DQN_reward3_o/model,real,1,real_02,Real Rainfall 2,0.1,44,20770758,95,3376.9061109784966,1417.7079047634795,4794.614015741976
input_output_noise,reward3_base,DQN reward3 Base,Results_DQN_reward3_o/model,real,1,real_02,Real Rainfall 2,0.1,45,20770759,95,3707.111892033224,2214.227540197429,5921.339432230653
input_output_noise,reward3_base,DQN reward3 Base,Results_DQN_reward3_o/model,real,1,real_02,Real Rainfall 2,0.1,46,20770760,95,3626.442141464735,2497.1723239167104,6123.614465381445
input_output_noise,reward3_base,DQN reward3 Base,Results_DQN_reward3_o/model,real,1,real_02,Real Rainfall 2,0.1,47,20770761,95,2622.4917060913135,2732.392918607391,5354.884624698705
input_output_noise,reward3_base,DQN reward3 Base,Results_DQN_reward3_o/model,real,1,real_02,Real Rainfall 2,0.1,48,20770762,95,3456.0372510556576,2674.341098915138,6130.378349970795
input_output_noise,reward3_base,DQN reward3 Base,Results_DQN_reward3_o/model,real,1,real_02,Real Rainfall 2,0.1,49,20770763,95,3808.6566501823077,2329.9779922847656,6138.634642467074
input_output_noise,reward3_base,DQN reward3 Base,Results_DQN_reward3_o/model,real,2,real_03,Real Rainfall 3,0.05,0,20865714,95,8480.031209933582,1933.3536377303465,10413.384847663929
input_output_noise,reward3_base,DQN reward3 Base,Results_DQN_reward3_o/model,real,2,real_03,Real Rainfall 3,0.05,1,20865715,95,8406.266618629828,1087.3155017656964,9493.582120395524
input_output_noise,reward3_base,DQN reward3 Base,Results_DQN_reward3_o/model,real,2,real_03,Real Rainfall 3,0.05,2,20865716,95,7503.861531156579,1804.926385970344,9308.787917126923
input_output_noise,reward3_base,DQN reward3 Base,Results_DQN_reward3_o/model,real,2,real_03,Real Rainfall 3,0.05,3,20865717,95,8341.867834543116,1296.898476325069,9638.766310868185
input_output_noise,reward3_base,DQN reward3 Base,Results_DQN_reward3_o/model,real,2,real_03,Real Rainfall 3,0.05,4,20865718,95,8421.604705342472,2255.136955037002,10676.741660379474
input_output_noise,reward3_base,DQN reward3 Base,Results_DQN_reward3_o/model,real,2,real_03,Real Rainfall 3,0.05,5,20865719,95,7651.441576624877,2179.727253217471,9831.168829842347
input_output_noise,reward3_base,DQN reward3 Base,Results_DQN_reward3_o/model,real,2,real_03,Real Rainfall 3,0.05,6,20865720,95,8474.659760123835,3702.20589938379,12176.865659507625
input_output_noise,reward3_base,DQN reward3 Base,Results_DQN_reward3_o/model,real,2,real_03,Real Rainfall 3,0.05,7,20865721,95,8487.393871014694,2597.714745931159,11085.108616945854
input_output_noise,reward3_base,DQN reward3 Base,Results_DQN_reward3_o/model,real,2,real_03,Real Rainfall 3,0.05,8,20865722,95,7569.1862696237695,3578.0284687925323,11147.214738416302
input_output_noise,reward3_base,DQN reward3 Base,Results_DQN_reward3_o/model,real,2,real_03,Real Rainfall 3,0.05,9,20865723,95,8378.153225823287,1277.8483801809618,9656.001606004249
input_output_noise,reward3_base,DQN reward3 Base,Results_DQN_reward3_o/model,real,2,real_03,Real Rainfall 3,0.05,10,20865724,95,7671.652354877114,1801.8136783109246,9473.466033188039
input_output_noise,reward3_base,DQN reward3 Base,Results_DQN_reward3_o/model,real,2,real_03,Real Rainfall 3,0.05,11,20865725,95,7755.803790419117,3164.5362071394156,10920.339997558533
input_output_noise,reward3_base,DQN reward3 Base,Results_DQN_reward3_o/model,real,2,real_03,Real Rainfall 3,0.05,12,20865726,95,8405.480923314202,2672.706110640922,11078.187033955124
input_output_noise,reward3_base,DQN reward3 Base,Results_DQN_reward3_o/model,real,2,real_03,Real Rainfall 3,0.05,13,20865727,95,8415.701262747265,2248.597006921241,10664.298269668507
input_output_noise,reward3_base,DQN reward3 Base,Results_DQN_reward3_o/model,real,2,real_03,Real Rainfall 3,0.05,14,20865728,95,7458.964581282617,4015.925745877284,11474.890327159901
input_output_noise,reward3_base,DQN reward3 Base,Results_DQN_reward3_o/model,real,2,real_03,Real Rainfall 3,0.05,15,20865729,95,7820.422158491005,4181.116781967381,12001.538940458386
input_output_noise,reward3_base,DQN reward3 Base,Results_DQN_reward3_o/model,real,2,real_03,Real Rainfall 3,0.05,16,20865730,95,8534.889737303334,1846.2912099372431,10381.180947240577
input_output_noise,reward3_base,DQN reward3 Base,Results_DQN_reward3_o/model,real,2,real_03,Real Rainfall 3,0.05,17,20865731,95,8474.043919023365,2423.30143458292,10897.345353606284
input_output_noise,reward3_base,DQN reward3 Base,Results_DQN_reward3_o/model,real,2,real_03,Real Rainfall 3,0.05,18,20865732,95,8361.897005953664,1291.1817885139671,9653.07879446763
input_output_noise,reward3_base,DQN reward3 Base,Results_DQN_reward3_o/model,real,2,real_03,Real Rainfall 3,0.05,19,20865733,95,8462.700136983063,3112.7908591698406,11575.490996152905
input_output_noise,reward3_base,DQN reward3 Base,Results_DQN_reward3_o/model,real,2,real_03,Real Rainfall 3,0.05,20,20865734,95,7775.108438052023,3089.400579910742,10864.509017962766
input_output_noise,reward3_base,DQN reward3 Base,Results_DQN_reward3_o/model,real,2,real_03,Real Rainfall 3,0.05,21,20865735,95,7740.354655931984,2973.24124130667,10713.595897238654
input_output_noise,reward3_base,DQN reward3 Base,Results_DQN_reward3_o/model,real,2,real_03,Real Rainfall 3,0.05,22,20865736,95,8432.529080872368,1084.4906097143032,9517.01969058667
input_output_noise,reward3_base,DQN reward3 Base,Results_DQN_reward3_o/model,real,2,real_03,Real Rainfall 3,0.05,23,20865737,95,7759.333818598649,2711.8691955506256,10471.203014149274
input_output_noise,reward3_base,DQN reward3 Base,Results_DQN_reward3_o/model,real,2,real_03,Real Rainfall 3,0.05,24,20865738,95,7694.806974352199,3192.4615759809058,10887.268550333105
input_output_noise,reward3_base,DQN reward3 Base,Results_DQN_reward3_o/model,real,2,real_03,Real Rainfall 3,0.05,25,20865739,95,7549.464572467718,3334.6929816684747,10884.157554136193
input_output_noise,reward3_base,DQN reward3 Base,Results_DQN_reward3_o/model,real,2,real_03,Real Rainfall 3,0.05,26,20865740,95,8422.556836352729,3267.264708241684,11689.821544594413
input_output_noise,reward3_base,DQN reward3 Base,Results_DQN_reward3_o/model,real,2,real_03,Real Rainfall 3,0.05,27,20865741,95,8458.067161418714,3083.086240960774,11541.153402379488
input_output_noise,reward3_base,DQN reward3 Base,Results_DQN_reward3_o/model,real,2,real_03,Real Rainfall 3,0.05,28,20865742,95,8487.454783169418,3218.0032580723046,11705.458041241724
input_output_noise,reward3_base,DQN reward3 Base,Results_DQN_reward3_o/model,real,2,real_03,Real Rainfall 3,0.05,29,20865743,95,7821.287051256654,2869.9319678707484,10691.219019127402
input_output_noise,reward3_base,DQN reward3 Base,Results_DQN_reward3_o/model,real,2,real_03,Real Rainfall 3,0.05,30,20865744,95,7578.811712972077,3545.937700538271,11124.749413510348
input_output_noise,reward3_base,DQN reward3 Base,Results_DQN_reward3_o/model,real,2,real_03,Real Rainfall 3,0.05,31,20865745,95,8418.149107740914,2409.1684489659015,10827.317556706816
input_output_noise,reward3_base,DQN reward3 Base,Results_DQN_reward3_o/model,real,2,real_03,Real Rainfall 3,0.05,32,20865746,95,7701.192701082424,2354.579253597593,10055.771954680016
input_output_noise,reward3_base,DQN reward3 Base,Results_DQN_reward3_o/model,real,2,real_03,Real Rainfall 3,0.05,33,20865747,95,7483.473534820894,2754.512870655492,10237.986405476386
input_output_noise,reward3_base,DQN reward3 Base,Results_DQN_reward3_o/model,real,2,real_03,Real Rainfall 3,0.05,34,20865748,95,7752.929651709414,2551.4780792752867,10304.407730984702
input_output_noise,reward3_base,DQN reward3 Base,Results_DQN_reward3_o/model,real,2,real_03,Real Rainfall 3,0.05,35,20865749,95,8238.598198553887,3136.464445672728,11375.062644226615
input_output_noise,reward3_base,DQN reward3 Base,Results_DQN_reward3_o/model,real,2,real_03,Real Rainfall 3,0.05,36,20865750,95,7778.78896796746,2623.6732137974227,10402.462181764882
input_output_noise,reward3_base,DQN reward3 Base,Results_DQN_reward3_o/model,real,2,real_03,Real Rainfall 3,0.05,37,20865751,95,7583.888524397463,3548.298968072543,11132.187492470006
input_output_noise,reward3_base,DQN reward3 Base,Results_DQN_reward3_o/model,real,2,real_03,Real Rainfall 3,0.05,38,20865752,95,7727.028855080331,2133.188312786062,9860.217167866393
input_output_noise,reward3_base,DQN reward3 Base,Results_DQN_reward3_o/model,real,2,real_03,Real Rainfall 3,0.05,39,20865753,95,8254.270498015801,2827.770348945324,11082.040846961125
input_output_noise,reward3_base,DQN reward3 Base,Results_DQN_reward3_o/model,real,2,real_03,Real Rainfall 3,0.05,40,20865754,95,7638.79165612621,2993.251631012672,10632.043287138882
input_output_noise,reward3_base,DQN reward3 Base,Results_DQN_reward3_o/model,real,2,real_03,Real Rainfall 3,0.05,41,20865755,95,8387.16767212402,1697.1938474742824,10084.361519598302
input_output_noise,reward3_base,DQN reward3 Base,Results_DQN_reward3_o/model,real,2,real_03,Real Rainfall 3,0.05,42,20865756,95,8408.69635484494,2304.4723344736285,10713.168689318569
input_output_noise,reward3_base,DQN reward3 Base,Results_DQN_reward3_o/model,real,2,real_03,Real Rainfall 3,0.05,43,20865757,95,7736.64016143629,1542.8570363814492,9279.49719781774
input_output_noise,reward3_base,DQN reward3 Base,Results_DQN_reward3_o/model,real,2,real_03,Real Rainfall 3,0.05,44,20865758,95,7759.081158182034,3016.527002244902,10775.608160426937
input_output_noise,reward3_base,DQN reward3 Base,Results_DQN_reward3_o/model,real,2,real_03,Real Rainfall 3,0.05,45,20865759,95,8482.736098593945,2336.3213230837996,10819.057421677744
input_output_noise,reward3_base,DQN reward3 Base,Results_DQN_reward3_o/model,real,2,real_03,Real Rainfall 3,0.05,46,20865760,95,7758.985118362696,3550.7499212149155,11309.735039577612
input_output_noise,reward3_base,DQN reward3 Base,Results_DQN_reward3_o/model,real,2,real_03,Real Rainfall 3,0.05,47,20865761,95,8371.251800005784,2525.8429190522256,10897.09471905801
input_output_noise,reward3_base,DQN reward3 Base,Results_DQN_reward3_o/model,real,2,real_03,Real Rainfall 3,0.05,48,20865762,95,7540.323266321505,2793.62147529202,10333.944741613524
input_output_noise,reward3_base,DQN reward3 Base,Results_DQN_reward3_o/model,real,2,real_03,Real Rainfall 3,0.05,49,20865763,95,7581.357976001966,3007.553680972282,10588.911656974247
input_output_noise,reward3_base,DQN reward3 Base,Results_DQN_reward3_o/model,real,2,real_03,Real Rainfall 3,0.1,0,20870714,95,7756.55329704666,3755.5945201389745,11512.147817185634
input_output_noise,reward3_base,DQN reward3 Base,Results_DQN_reward3_o/model,real,2,real_03,Real Rainfall 3,0.1,1,20870715,95,6772.026836108967,3500.2069356906804,10272.233771799647
input_output_noise,reward3_base,DQN reward3 Base,Results_DQN_reward3_o/model,real,2,real_03,Real Rainfall 3,0.1,2,20870716,95,8525.386449987755,2765.0756155856448,11290.4620655734
input_output_noise,reward3_base,DQN reward3 Base,Results_DQN_reward3_o/model,real,2,real_03,Real Rainfall 3,0.1,3,20870717,95,7802.110809579292,3033.7153944995207,10835.826204078814
input_output_noise,reward3_base,DQN reward3 Base,Results_DQN_reward3_o/model,real,2,real_03,Real Rainfall 3,0.1,4,20870718,95,8296.988448528986,3447.6303215803546,11744.61877010934
input_output_noise,reward3_base,DQN reward3 Base,Results_DQN_reward3_o/model,real,2,real_03,Real Rainfall 3,0.1,5,20870719,95,7739.233136894143,3084.8849506094057,10824.11808750355
input_output_noise,reward3_base,DQN reward3 Base,Results_DQN_reward3_o/model,real,2,real_03,Real Rainfall 3,0.1,6,20870720,95,8290.615725511949,3531.6507492713786,11822.266474783328
input_output_noise,reward3_base,DQN reward3 Base,Results_DQN_reward3_o/model,real,2,real_03,Real Rainfall 3,0.1,7,20870721,95,7821.3183322966925,2310.3550883969947,10131.673420693687
input_output_noise,reward3_base,DQN reward3 Base,Results_DQN_reward3_o/model,real,2,real_03,Real Rainfall 3,0.1,8,20870722,95,8422.508308723509,2624.2361580187558,11046.744466742264
input_output_noise,reward3_base,DQN reward3 Base,Results_DQN_reward3_o/model,real,2,real_03,Real Rainfall 3,0.1,9,20870723,95,8386.136953390594,2472.4742802556407,10858.611233646236
input_output_noise,reward3_base,DQN reward3 Base,Results_DQN_reward3_o/model,real,2,real_03,Real Rainfall 3,0.1,10,20870724,95,7926.166937336289,3070.018667828781,10996.18560516507
input_output_noise,reward3_base,DQN reward3 Base,Results_DQN_reward3_o/model,real,2,real_03,Real Rainfall 3,0.1,11,20870725,95,8278.102521648074,1317.9368926669408,9596.039414315015
input_output_noise,reward3_base,DQN reward3 Base,Results_DQN_reward3_o/model,real,2,real_03,Real Rainfall 3,0.1,12,20870726,95,8397.303403311409,3518.4957887306546,11915.799192042065
input_output_noise,reward3_base,DQN reward3 Base,Results_DQN_reward3_o/model,real,2,real_03,Real Rainfall 3,0.1,13,20870727,95,8306.745005444189,3438.300078717776,11745.045084161964
input_output_noise,reward3_base,DQN reward3 Base,Results_DQN_reward3_o/model,real,2,real_03,Real Rainfall 3,0.1,14,20870728,95,8192.664941437184,3085.2879644594173,11277.952905896602
input_output_noise,reward3_base,DQN reward3 Base,Results_DQN_reward3_o/model,real,2,real_03,Real Rainfall 3,0.1,15,20870729,95,7172.586379908159,3988.7951866908616,11161.38156659902
input_output_noise,reward3_base,DQN reward3 Base,Results_DQN_reward3_o/model,real,2,real_03,Real Rainfall 3,0.1,16,20870730,95,8371.617074038133,2690.3460630583586,11061.963137096493
input_output_noise,reward3_base,DQN reward3 Base,Results_DQN_reward3_o/model,real,2,real_03,Real Rainfall 3,0.1,17,20870731,95,7671.245735686821,2762.9533204409763,10434.199056127796
input_output_noise,reward3_base,DQN reward3 Base,Results_DQN_reward3_o/model,real,2,real_03,Real Rainfall 3,0.1,18,20870732,95,8247.220552476629,2628.1030944593763,10875.323646936005
input_output_noise,reward3_base,DQN reward3 Base,Results_DQN_reward3_o/model,real,2,real_03,Real Rainfall 3,0.1,19,20870733,95,7037.660404681724,3148.814817090654,10186.475221772378
input_output_noise,reward3_base,DQN reward3 Base,Results_DQN_reward3_o/model,real,2,real_03,Real Rainfall 3,0.1,20,20870734,95,8382.065529120062,1333.036576241357,9715.102105361419
input_output_noise,reward3_base,DQN reward3 Base,Results_DQN_reward3_o/model,real,2,real_03,Real Rainfall 3,0.1,21,20870735,95,8033.345823881119,3766.2312051404087,11799.577029021528
input_output_noise,reward3_base,DQN reward3 Base,Results_DQN_reward3_o/model,real,2,real_03,Real Rainfall 3,0.1,22,20870736,95,8365.929149871428,1249.4968062028386,9615.425956074267
input_output_noise,reward3_base,DQN reward3 Base,Results_DQN_reward3_o/model,real,2,real_03,Real Rainfall 3,0.1,23,20870737,95,8566.267873895165,2725.2023091913743,11291.47018308654
input_output_noise,reward3_base,DQN reward3 Base,Results_DQN_reward3_o/model,real,2,real_03,Real Rainfall 3,0.1,24,20870738,95,7742.5941445332755,3360.472405167671,11103.066549700947
input_output_noise,reward3_base,DQN reward3 Base,Results_DQN_reward3_o/model,real,2,real_03,Real Rainfall 3,0.1,25,20870739,95,8359.04023060649,1270.3572054612368,9629.397436067728
input_output_noise,reward3_base,DQN reward3 Base,Results_DQN_reward3_o/model,real,2,real_03,Real Rainfall 3,0.1,26,20870740,95,7707.633515287519,3344.9357764906567,11052.569291778176
input_output_noise,reward3_base,DQN reward3 Base,Results_DQN_reward3_o/model,real,2,real_03,Real Rainfall 3,0.1,27,20870741,95,7682.604607201071,2641.458245094247,10324.06285229532
input_output_noise,reward3_base,DQN reward3 Base,Results_DQN_reward3_o/model,real,2,real_03,Real Rainfall 3,0.1,28,20870742,95,7419.641562274081,3591.652062045849,11011.29362431993
input_output_noise,reward3_base,DQN reward3 Base,Results_DQN_reward3_o/model,real,2,real_03,Real Rainfall 3,0.1,29,20870743,95,8393.341716505734,2423.6309557072204,10816.972672212954
input_output_noise,reward3_base,DQN reward3 Base,Results_DQN_reward3_o/model,real,2,real_03,Real Rainfall 3,0.1,30,20870744,95,8448.270055888926,3346.9766378104723,11795.246693699399
input_output_noise,reward3_base,DQN reward3 Base,Results_DQN_reward3_o/model,real,2,real_03,Real Rainfall 3,0.1,31,20870745,95,8483.109917630823,1132.6489622585293,9615.758879889352
input_output_noise,reward3_base,DQN reward3 Base,Results_DQN_reward3_o/model,real,2,real_03,Real Rainfall 3,0.1,32,20870746,95,8294.660427939198,2715.601824946512,11010.26225288571
input_output_noise,reward3_base,DQN reward3 Base,Results_DQN_reward3_o/model,real,2,real_03,Real Rainfall 3,0.1,33,20870747,95,8360.971757258236,1263.7718405441394,9624.743597802375
input_output_noise,reward3_base,DQN reward3 Base,Results_DQN_reward3_o/model,real,2,real_03,Real Rainfall 3,0.1,34,20870748,95,8114.420910690999,2698.6333188489502,10813.05422953995
input_output_noise,reward3_base,DQN reward3 Base,Results_DQN_reward3_o/model,real,2,real_03,Real Rainfall 3,0.1,35,20870749,95,7481.890085019045,2963.84639561521,10445.736480634256
input_output_noise,reward3_base,DQN reward3 Base,Results_DQN_reward3_o/model,real,2,real_03,Real Rainfall 3,0.1,36,20870750,95,7668.512314630511,4120.642830237469,11789.15514486798
input_output_noise,reward3_base,DQN reward3 Base,Results_DQN_reward3_o/model,real,2,real_03,Real Rainfall 3,0.1,37,20870751,95,8430.401090855341,2284.2581992599908,10714.65929011533
input_output_noise,reward3_base,DQN reward3 Base,Results_DQN_reward3_o/model,real,2,real_03,Real Rainfall 3,0.1,38,20870752,95,7483.208569001322,3939.8240899625303,11423.032658963852
input_output_noise,reward3_base,DQN reward3 Base,Results_DQN_reward3_o/model,real,2,real_03,Real Rainfall 3,0.1,39,20870753,95,6125.739419776725,4477.744926154411,10603.484345931136
input_output_noise,reward3_base,DQN reward3 Base,Results_DQN_reward3_o/model,real,2,real_03,Real Rainfall 3,0.1,40,20870754,95,8337.34787272091,2169.213370905854,10506.561243626764
input_output_noise,reward3_base,DQN reward3 Base,Results_DQN_reward3_o/model,real,2,real_03,Real Rainfall 3,0.1,41,20870755,95,8288.100317650322,2951.0888870543195,11239.189204704642
input_output_noise,reward3_base,DQN reward3 Base,Results_DQN_reward3_o/model,real,2,real_03,Real Rainfall 3,0.1,42,20870756,95,7751.098779658232,3221.512868576402,10972.611648234633
input_output_noise,reward3_base,DQN reward3 Base,Results_DQN_reward3_o/model,real,2,real_03,Real Rainfall 3,0.1,43,20870757,95,7783.2047293322275,3356.896255829067,11140.100985161294
input_output_noise,reward3_base,DQN reward3 Base,Results_DQN_reward3_o/model,real,2,real_03,Real Rainfall 3,0.1,44,20870758,95,7537.863218866537,3399.1128268521966,10936.976045718733
input_output_noise,reward3_base,DQN reward3 Base,Results_DQN_reward3_o/model,real,2,real_03,Real Rainfall 3,0.1,45,20870759,95,8295.84212247883,1303.158989720678,9599.001112199508
input_output_noise,reward3_base,DQN reward3 Base,Results_DQN_reward3_o/model,real,2,real_03,Real Rainfall 3,0.1,46,20870760,95,8379.229554821146,3274.693530793969,11653.923085615115
input_output_noise,reward3_base,DQN reward3 Base,Results_DQN_reward3_o/model,real,2,real_03,Real Rainfall 3,0.1,47,20870761,95,8492.318292366543,1138.4296688182026,9630.747961184745
input_output_noise,reward3_base,DQN reward3 Base,Results_DQN_reward3_o/model,real,2,real_03,Real Rainfall 3,0.1,48,20870762,95,8330.304532426857,2571.6915342466036,10901.99606667346
input_output_noise,reward3_base,DQN reward3 Base,Results_DQN_reward3_o/model,real,2,real_03,Real Rainfall 3,0.1,49,20870763,95,7702.465201265307,3221.9960014064495,10924.461202671757
input_output_noise,reward3_base,DQN reward3 Base,Results_DQN_reward3_o/model,real,3,real_04,Real Rainfall 4,0.05,0,20965714,95,6524.848197690247,2032.8788149950963,8557.727012685344
input_output_noise,reward3_base,DQN reward3 Base,Results_DQN_reward3_o/model,real,3,real_04,Real Rainfall 4,0.05,1,20965715,95,6656.96144854695,2845.0922485716515,9502.053697118601
input_output_noise,reward3_base,DQN reward3 Base,Results_DQN_reward3_o/model,real,3,real_04,Real Rainfall 4,0.05,2,20965716,95,6599.098054778446,2286.0647978307506,8885.162852609195
input_output_noise,reward3_base,DQN reward3 Base,Results_DQN_reward3_o/model,real,3,real_04,Real Rainfall 4,0.05,3,20965717,95,6520.490110028056,2775.867346399883,9296.357456427939
input_output_noise,reward3_base,DQN reward3 Base,Results_DQN_reward3_o/model,real,3,real_04,Real Rainfall 4,0.05,4,20965718,95,6645.433587579263,1977.3636757471925,8622.797263326456
input_output_noise,reward3_base,DQN reward3 Base,Results_DQN_reward3_o/model,real,3,real_04,Real Rainfall 4,0.05,5,20965719,95,6733.176229786193,2539.350601307817,9272.52683109401
input_output_noise,reward3_base,DQN reward3 Base,Results_DQN_reward3_o/model,real,3,real_04,Real Rainfall 4,0.05,6,20965720,95,6516.821487877024,2446.3399322421014,8963.161420119126
input_output_noise,reward3_base,DQN reward3 Base,Results_DQN_reward3_o/model,real,3,real_04,Real Rainfall 4,0.05,7,20965721,95,6619.479667274614,2246.7059101445366,8866.18557741915
input_output_noise,reward3_base,DQN reward3 Base,Results_DQN_reward3_o/model,real,3,real_04,Real Rainfall 4,0.05,8,20965722,95,6470.0949812932995,2851.886723771773,9321.981705065073
input_output_noise,reward3_base,DQN reward3 Base,Results_DQN_reward3_o/model,real,3,real_04,Real Rainfall 4,0.05,9,20965723,95,6620.581326589873,2013.8280767139915,8634.409403303865
input_output_noise,reward3_base,DQN reward3 Base,Results_DQN_reward3_o/model,real,3,real_04,Real Rainfall 4,0.05,10,20965724,95,6750.521736705125,2000.663347498484,8751.18508420361
input_output_noise,reward3_base,DQN reward3 Base,Results_DQN_reward3_o/model,real,3,real_04,Real Rainfall 4,0.05,11,20965725,95,6580.26205313706,1045.8174814780336,7626.0795346150935
input_output_noise,reward3_base,DQN reward3 Base,Results_DQN_reward3_o/model,real,3,real_04,Real Rainfall 4,0.05,12,20965726,95,6509.5312440473535,1272.8333236499432,7782.3645676972965
input_output_noise,reward3_base,DQN reward3 Base,Results_DQN_reward3_o/model,real,3,real_04,Real Rainfall 4,0.05,13,20965727,95,6608.974715913306,3446.987744720057,10055.962460633364
input_output_noise,reward3_base,DQN reward3 Base,Results_DQN_reward3_o/model,real,3,real_04,Real Rainfall 4,0.05,14,20965728,95,6665.751235077644,3374.0043431709887,10039.755578248632
input_output_noise,reward3_base,DQN reward3 Base,Results_DQN_reward3_o/model,real,3,real_04,Real Rainfall 4,0.05,15,20965729,95,6620.033110230644,2647.5294786649974,9267.562588895642
input_output_noise,reward3_base,DQN reward3 Base,Results_DQN_reward3_o/model,real,3,real_04,Real Rainfall 4,0.05,16,20965730,95,6680.206293774564,2285.7267536731806,8965.933047447745
input_output_noise,reward3_base,DQN reward3 Base,Results_DQN_reward3_o/model,real,3,real_04,Real Rainfall 4,0.05,17,20965731,95,6562.2174615513695,1634.2692050725443,8196.486666623914
input_output_noise,reward3_base,DQN reward3 Base,Results_DQN_reward3_o/model,real,3,real_04,Real Rainfall 4,0.05,18,20965732,95,6582.636639038898,3430.568175983203,10013.204815022102
input_output_noise,reward3_base,DQN reward3 Base,Results_DQN_reward3_o/model,real,3,real_04,Real Rainfall 4,0.05,19,20965733,95,6612.734413524821,2400.943963554863,9013.678377079685
input_output_noise,reward3_base,DQN reward3 Base,Results_DQN_reward3_o/model,real,3,real_04,Real Rainfall 4,0.05,20,20965734,95,6731.412329062084,2527.609228395775,9259.021557457858
input_output_noise,reward3_base,DQN reward3 Base,Results_DQN_reward3_o/model,real,3,real_04,Real Rainfall 4,0.05,21,20965735,95,6612.676041573048,2060.1639418313193,8672.839983404367
input_output_noise,reward3_base,DQN reward3 Base,Results_DQN_reward3_o/model,real,3,real_04,Real Rainfall 4,0.05,22,20965736,95,6407.435046302248,2675.7999893994,9083.235035701648
input_output_noise,reward3_base,DQN reward3 Base,Results_DQN_reward3_o/model,real,3,real_04,Real Rainfall 4,0.05,23,20965737,95,6621.438358855272,3511.4165090252836,10132.854867880556
input_output_noise,reward3_base,DQN reward3 Base,Results_DQN_reward3_o/model,real,3,real_04,Real Rainfall 4,0.05,24,20965738,95,6530.5746739990545,2435.16214059044,8965.736814589494
input_output_noise,reward3_base,DQN reward3 Base,Results_DQN_reward3_o/model,real,3,real_04,Real Rainfall 4,0.05,25,20965739,95,6605.60028394635,2381.835044429053,8987.435328375403
input_output_noise,reward3_base,DQN reward3 Base,Results_DQN_reward3_o/model,real,3,real_04,Real Rainfall 4,0.05,26,20965740,95,6671.770873018464,2032.8186333445638,8704.589506363027
input_output_noise,reward3_base,DQN reward3 Base,Results_DQN_reward3_o/model,real,3,real_04,Real Rainfall 4,0.05,27,20965741,95,6525.04885840449,2405.947692100861,8930.996550505351
input_output_noise,reward3_base,DQN reward3 Base,Results_DQN_reward3_o/model,real,3,real_04,Real Rainfall 4,0.05,28,20965742,95,6644.523311941666,2440.1877953607354,9084.711107302403
input_output_noise,reward3_base,DQN reward3 Base,Results_DQN_reward3_o/model,real,3,real_04,Real Rainfall 4,0.05,29,20965743,95,6460.2538058168875,1301.4238897219695,7761.677695538857
input_output_noise,reward3_base,DQN reward3 Base,Results_DQN_reward3_o/model,real,3,real_04,Real Rainfall 4,0.05,30,20965744,95,6553.045252764381,1824.1454410204017,8377.190693784783
input_output_noise,reward3_base,DQN reward3 Base,Results_DQN_reward3_o/model,real,3,real_04,Real Rainfall 4,0.05,31,20965745,95,6590.334194682138,2791.9556394584797,9382.289834140618
input_output_noise,reward3_base,DQN reward3 Base,Results_DQN_reward3_o/model,real,3,real_04,Real Rainfall 4,0.05,32,20965746,95,6644.928157556979,3332.9450940501015,9977.873251607081
input_output_noise,reward3_base,DQN reward3 Base,Results_DQN_reward3_o/model,real,3,real_04,Real Rainfall 4,0.05,33,20965747,95,6586.439757843575,2845.7538244388206,9432.193582282394
input_output_noise,reward3_base,DQN reward3 Base,Results_DQN_reward3_o/model,real,3,real_04,Real Rainfall 4,0.05,34,20965748,95,6612.31523709806,2272.87266645357,8885.18790355163
input_output_noise,reward3_base,DQN reward3 Base,Results_DQN_reward3_o/model,real,3,real_04,Real Rainfall 4,0.05,35,20965749,95,6574.831189325126,2778.7939973431066,9353.625186668232
input_output_noise,reward3_base,DQN reward3 Base,Results_DQN_reward3_o/model,real,3,real_04,Real Rainfall 4,0.05,36,20965750,95,6597.960740063847,1593.383328836813,8191.34406890066
input_output_noise,reward3_base,DQN reward3 Base,Results_DQN_reward3_o/model,real,3,real_04,Real Rainfall 4,0.05,37,20965751,95,6589.381896816633,2599.091736880564,9188.473633697198
input_output_noise,reward3_base,DQN reward3 Base,Results_DQN_reward3_o/model,real,3,real_04,Real Rainfall 4,0.05,38,20965752,95,6555.211200507497,2825.276654953872,9380.487855461368
input_output_noise,reward3_base,DQN reward3 Base,Results_DQN_reward3_o/model,real,3,real_04,Real Rainfall 4,0.05,39,20965753,95,6631.459156453353,3759.690039856656,10391.149196310009
input_output_noise,reward3_base,DQN reward3 Base,Results_DQN_reward3_o/model,real,3,real_04,Real Rainfall 4,0.05,40,20965754,95,6693.107769351079,2588.585624008027,9281.693393359106
input_output_noise,reward3_base,DQN reward3 Base,Results_DQN_reward3_o/model,real,3,real_04,Real Rainfall 4,0.05,41,20965755,95,6568.011601453651,2664.902405489202,9232.914006942852
input_output_noise,reward3_base,DQN reward3 Base,Results_DQN_reward3_o/model,real,3,real_04,Real Rainfall 4,0.05,42,20965756,95,6609.828597673102,2446.3570037462996,9056.185601419402
input_output_noise,reward3_base,DQN reward3 Base,Results_DQN_reward3_o/model,real,3,real_04,Real Rainfall 4,0.05,43,20965757,95,6467.218915321631,2836.4186130466387,9303.63752836827
input_output_noise,reward3_base,DQN reward3 Base,Results_DQN_reward3_o/model,real,3,real_04,Real Rainfall 4,0.05,44,20965758,95,6469.650576946995,2474.4581944868983,8944.108771433894
input_output_noise,reward3_base,DQN reward3 Base,Results_DQN_reward3_o/model,real,3,real_04,Real Rainfall 4,0.05,45,20965759,95,6459.6532121922355,1273.2804847688897,7732.933696961125
input_output_noise,reward3_base,DQN reward3 Base,Results_DQN_reward3_o/model,real,3,real_04,Real Rainfall 4,0.05,46,20965760,95,6706.579589670683,2049.787196779393,8756.366786450077
input_output_noise,reward3_base,DQN reward3 Base,Results_DQN_reward3_o/model,real,3,real_04,Real Rainfall 4,0.05,47,20965761,95,6511.553872500345,2072.177783257986,8583.73165575833
input_output_noise,reward3_base,DQN reward3 Base,Results_DQN_reward3_o/model,real,3,real_04,Real Rainfall 4,0.05,48,20965762,95,6656.46238731775,2388.1260702800582,9044.588457597809
input_output_noise,reward3_base,DQN reward3 Base,Results_DQN_reward3_o/model,real,3,real_04,Real Rainfall 4,0.05,49,20965763,95,6718.422186132678,2017.0042126817093,8735.426398814387
input_output_noise,reward3_base,DQN reward3 Base,Results_DQN_reward3_o/model,real,3,real_04,Real Rainfall 4,0.1,0,20970714,95,6186.276847202443,3698.9582539544795,9885.235101156923
input_output_noise,reward3_base,DQN reward3 Base,Results_DQN_reward3_o/model,real,3,real_04,Real Rainfall 4,0.1,1,20970715,95,6543.50137016913,2691.5294794373012,9235.030849606432
input_output_noise,reward3_base,DQN reward3 Base,Results_DQN_reward3_o/model,real,3,real_04,Real Rainfall 4,0.1,2,20970716,95,6677.854199339153,1965.7624132844728,8643.616612623626
input_output_noise,reward3_base,DQN reward3 Base,Results_DQN_reward3_o/model,real,3,real_04,Real Rainfall 4,0.1,3,20970717,95,6550.5098869155145,2296.77335252575,8847.283239441265
input_output_noise,reward3_base,DQN reward3 Base,Results_DQN_reward3_o/model,real,3,real_04,Real Rainfall 4,0.1,4,20970718,95,6467.643760622659,2559.5515981592157,9027.195358781875
input_output_noise,reward3_base,DQN reward3 Base,Results_DQN_reward3_o/model,real,3,real_04,Real Rainfall 4,0.1,5,20970719,95,6434.049908964189,2641.166663753537,9075.216572717725
input_output_noise,reward3_base,DQN reward3 Base,Results_DQN_reward3_o/model,real,3,real_04,Real Rainfall 4,0.1,6,20970720,95,6437.300338321763,2231.616959555128,8668.917297876891
input_output_noise,reward3_base,DQN reward3 Base,Results_DQN_reward3_o/model,real,3,real_04,Real Rainfall 4,0.1,7,20970721,95,6353.992432113281,2868.1275016453465,9222.119933758628
input_output_noise,reward3_base,DQN reward3 Base,Results_DQN_reward3_o/model,real,3,real_04,Real Rainfall 4,0.1,8,20970722,95,6547.653579867652,2213.614315146621,8761.267895014273
input_output_noise,reward3_base,DQN reward3 Base,Results_DQN_reward3_o/model,real,3,real_04,Real Rainfall 4,0.1,9,20970723,95,6341.9701594732205,2150.938258228403,8492.908417701623
input_output_noise,reward3_base,DQN reward3 Base,Results_DQN_reward3_o/model,real,3,real_04,Real Rainfall 4,0.1,10,20970724,95,6553.6234220326205,1799.4268615390429,8353.050283571663
input_output_noise,reward3_base,DQN reward3 Base,Results_DQN_reward3_o/model,real,3,real_04,Real Rainfall 4,0.1,11,20970725,95,6497.047401013391,2764.4972694930357,9261.544670506428
input_output_noise,reward3_base,DQN reward3 Base,Results_DQN_reward3_o/model,real,3,real_04,Real Rainfall 4,0.1,12,20970726,95,6618.9244217879495,2112.8713113608046,8731.795733148754
input_output_noise,reward3_base,DQN reward3 Base,Results_DQN_reward3_o/model,real,3,real_04,Real Rainfall 4,0.1,13,20970727,95,6541.010203216882,2496.349480933412,9037.359684150293
input_output_noise,reward3_base,DQN reward3 Base,Results_DQN_reward3_o/model,real,3,real_04,Real Rainfall 4,0.1,14,20970728,95,6723.138765045339,2340.435055107773,9063.573820153113
input_output_noise,reward3_base,DQN reward3 Base,Results_DQN_reward3_o/model,real,3,real_04,Real Rainfall 4,0.1,15,20970729,95,6617.641757966057,3565.61351971382,10183.255277679877
input_output_noise,reward3_base,DQN reward3 Base,Results_DQN_reward3_o/model,real,3,real_04,Real Rainfall 4,0.1,16,20970730,95,6566.472387649462,3303.645807928907,9870.118195578369
input_output_noise,reward3_base,DQN reward3 Base,Results_DQN_reward3_o/model,real,3,real_04,Real Rainfall 4,0.1,17,20970731,95,6464.926320483552,2456.0137744892413,8920.940094972793
input_output_noise,reward3_base,DQN reward3 Base,Results_DQN_reward3_o/model,real,3,real_04,Real Rainfall 4,0.1,18,20970732,95,6509.801513348797,1257.3867826083535,7767.18829595715
input_output_noise,reward3_base,DQN reward3 Base,Results_DQN_reward3_o/model,real,3,real_04,Real Rainfall 4,0.1,19,20970733,95,6594.163422821646,2135.5354428240826,8729.698865645729
input_output_noise,reward3_base,DQN reward3 Base,Results_DQN_reward3_o/model,real,3,real_04,Real Rainfall 4,0.1,20,20970734,95,4644.650433321271,3509.5651212389107,8154.215554560182
input_output_noise,reward3_base,DQN reward3 Base,Results_DQN_reward3_o/model,real,3,real_04,Real Rainfall 4,0.1,21,20970735,95,6059.483369696897,1566.0456325605626,7625.52900225746
input_output_noise,reward3_base,DQN reward3 Base,Results_DQN_reward3_o/model,real,3,real_04,Real Rainfall 4,0.1,22,20970736,95,6555.164597344103,2043.7968084074741,8598.961405751577
input_output_noise,reward3_base,DQN reward3 Base,Results_DQN_reward3_o/model,real,3,real_04,Real Rainfall 4,0.1,23,20970737,95,6558.366343180179,2149.424842558754,8707.791185738934
input_output_noise,reward3_base,DQN reward3 Base,Results_DQN_reward3_o/model,real,3,real_04,Real Rainfall 4,0.1,24,20970738,95,6294.816407756015,2945.5241801020234,9240.340587858038
input_output_noise,reward3_base,DQN reward3 Base,Results_DQN_reward3_o/model,real,3,real_04,Real Rainfall 4,0.1,25,20970739,95,6511.798311785071,3201.6305919780852,9713.428903763157
input_output_noise,reward3_base,DQN reward3 Base,Results_DQN_reward3_o/model,real,3,real_04,Real Rainfall 4,0.1,26,20970740,95,6729.751443755185,2309.325529972893,9039.076973728079
input_output_noise,reward3_base,DQN reward3 Base,Results_DQN_reward3_o/model,real,3,real_04,Real Rainfall 4,0.1,27,20970741,95,6664.5346500837595,2209.5603023864533,8874.094952470212
input_output_noise,reward3_base,DQN reward3 Base,Results_DQN_reward3_o/model,real,3,real_04,Real Rainfall 4,0.1,28,20970742,95,6585.111988142029,1556.5985717320539,8141.710559874083
input_output_noise,reward3_base,DQN reward3 Base,Results_DQN_reward3_o/model,real,3,real_04,Real Rainfall 4,0.1,29,20970743,95,6457.852819807862,1881.322478344243,8339.175298152106
input_output_noise,reward3_base,DQN reward3 Base,Results_DQN_reward3_o/model,real,3,real_04,Real Rainfall 4,0.1,30,20970744,95,6561.560384597869,2390.753437318833,8952.313821916703
input_output_noise,reward3_base,DQN reward3 Base,Results_DQN_reward3_o/model,real,3,real_04,Real Rainfall 4,0.1,31,20970745,95,6629.805783676919,2610.900682928801,9240.70646660572
input_output_noise,reward3_base,DQN reward3 Base,Results_DQN_reward3_o/model,real,3,real_04,Real Rainfall 4,0.1,32,20970746,95,6582.591559151386,2245.115209580927,8827.706768732312
input_output_noise,reward3_base,DQN reward3 Base,Results_DQN_reward3_o/model,real,3,real_04,Real Rainfall 4,0.1,33,20970747,95,6594.824870955612,2545.6592715477245,9140.484142503337
input_output_noise,reward3_base,DQN reward3 Base,Results_DQN_reward3_o/model,real,3,real_04,Real Rainfall 4,0.1,34,20970748,95,6642.100553491585,2245.1067182565753,8887.20727174816
input_output_noise,reward3_base,DQN reward3 Base,Results_DQN_reward3_o/model,real,3,real_04,Real Rainfall 4,0.1,35,20970749,95,6526.917753628647,2194.229978815677,8721.147732444324
input_output_noise,reward3_base,DQN reward3 Base,Results_DQN_reward3_o/model,real,3,real_04,Real Rainfall 4,0.1,36,20970750,95,6381.437213556874,1829.5512718979078,8210.988485454782
input_output_noise,reward3_base,DQN reward3 Base,Results_DQN_reward3_o/model,real,3,real_04,Real Rainfall 4,0.1,37,20970751,95,6613.766908792094,2048.1903702134136,8661.957279005508
input_output_noise,reward3_base,DQN reward3 Base,Results_DQN_reward3_o/model,real,3,real_04,Real Rainfall 4,0.1,38,20970752,95,6537.978697148425,3057.299893231896,9595.278590380321
input_output_noise,reward3_base,DQN reward3 Base,Results_DQN_reward3_o/model,real,3,real_04,Real Rainfall 4,0.1,39,20970753,95,6599.19149635252,2397.2393577508233,8996.430854103342
input_output_noise,reward3_base,DQN reward3 Base,Results_DQN_reward3_o/model,real,3,real_04,Real Rainfall 4,0.1,40,20970754,95,6528.517056636728,2488.1990060641956,9016.716062700923
input_output_noise,reward3_base,DQN reward3 Base,Results_DQN_reward3_o/model,real,3,real_04,Real Rainfall 4,0.1,41,20970755,95,6124.710760675166,1293.8609321232943,7418.57169279846
input_output_noise,reward3_base,DQN reward3 Base,Results_DQN_reward3_o/model,real,3,real_04,Real Rainfall 4,0.1,42,20970756,95,6604.102240693404,2029.3716160572128,8633.473856750617
input_output_noise,reward3_base,DQN reward3 Base,Results_DQN_reward3_o/model,real,3,real_04,Real Rainfall 4,0.1,43,20970757,95,6506.646271461789,2845.9125905754613,9352.558862037251
input_output_noise,reward3_base,DQN reward3 Base,Results_DQN_reward3_o/model,real,3,real_04,Real Rainfall 4,0.1,44,20970758,95,6533.4934050327565,2660.893179946537,9194.386584979293
input_output_noise,reward3_base,DQN reward3 Base,Results_DQN_reward3_o/model,real,3,real_04,Real Rainfall 4,0.1,45,20970759,95,6589.787674741959,2363.05188240088,8952.83955714284
input_output_noise,reward3_base,DQN reward3 Base,Results_DQN_reward3_o/model,real,3,real_04,Real Rainfall 4,0.1,46,20970760,95,6438.271556086166,3672.4042335775976,10110.675789663765
input_output_noise,reward3_base,DQN reward3 Base,Results_DQN_reward3_o/model,real,3,real_04,Real Rainfall 4,0.1,47,20970761,95,6494.987246576971,1138.1547776871068,7633.142024264078
input_output_noise,reward3_base,DQN reward3 Base,Results_DQN_reward3_o/model,real,3,real_04,Real Rainfall 4,0.1,48,20970762,95,6630.262914361158,2462.1659319969967,9092.428846358154
input_output_noise,reward3_base,DQN reward3 Base,Results_DQN_reward3_o/model,real,3,real_04,Real Rainfall 4,0.1,49,20970763,95,6416.4789809903705,3322.068588317913,9738.547569308284
