script_type,model_key,model_label,model_dir,source,rain_id,event_label,event_title,delta,repeat_index,seed,num_steps,final_flooding,final_cso,total_overflow
output_noise,reward3_gienv,DQN reward3 GIenv,Results_DQN_reward3_train_GI_o/model,design,70,design_21,Design Rainfall 21,0.05,0,20265714,95,1295.911683274879,576.8079816329185,1872.7196649077973
output_noise,reward3_gienv,DQN reward3 GIenv,Results_DQN_reward3_train_GI_o/model,design,70,design_21,Design Rainfall 21,0.05,1,20265715,95,1221.7259264040456,771.7374984816383,1993.463424885684
output_noise,reward3_gienv,DQN reward3 GIenv,Results_DQN_reward3_train_GI_o/model,design,70,design_21,Design Rainfall 21,0.05,2,20265716,95,1218.4547085525192,781.2094476027495,1999.6641561552688
output_noise,reward3_gienv,DQN reward3 GIenv,Results_DQN_reward3_train_GI_o/model,design,70,design_21,Design Rainfall 21,0.05,3,20265717,95,1294.7061727364687,576.8003279849493,1871.506500721418
output_noise,reward3_gienv,DQN reward3 GIenv,Results_DQN_reward3_train_GI_o/model,design,70,design_21,Design Rainfall 21,0.05,4,20265718,95,1295.708160520647,576.8047573157571,1872.512917836404
output_noise,reward3_gienv,DQN reward3 GIenv,Results_DQN_reward3_train_GI_o/model,design,70,design_21,Design Rainfall 21,0.05,5,20265719,95,1294.8849590006791,576.8112088800702,1871.6961678807493
output_noise,reward3_gienv,DQN reward3 GIenv,Results_DQN_reward3_train_GI_o/model,design,70,design_21,Design Rainfall 21,0.05,6,20265720,95,1220.0434967901467,781.6645316308574,2001.7080284210042
output_noise,reward3_gienv,DQN reward3 GIenv,Results_DQN_reward3_train_GI_o/model,design,70,design_21,Design Rainfall 21,0.05,7,20265721,95,1295.595857093749,576.8143313753783,1872.4101884691272
output_noise,reward3_gienv,DQN reward3 GIenv,Results_DQN_reward3_train_GI_o/model,design,70,design_21,Design Rainfall 21,0.05,8,20265722,95,1296.0198432164814,576.8030411696308,1872.822884386112
output_noise,reward3_gienv,DQN reward3 GIenv,Results_DQN_reward3_train_GI_o/model,design,70,design_21,Design Rainfall 21,0.05,9,20265723,95,1295.264844409064,576.8083310814919,1872.073175490556
output_noise,reward3_gienv,DQN reward3 GIenv,Results_DQN_reward3_train_GI_o/model,design,70,design_21,Design Rainfall 21,0.05,10,20265724,95,1294.3860287210623,576.789970444149,1871.1759991652114
output_noise,reward3_gienv,DQN reward3 GIenv,Results_DQN_reward3_train_GI_o/model,design,70,design_21,Design Rainfall 21,0.05,11,20265725,95,1294.5655547476451,576.7918041405778,1871.357358888223
output_noise,reward3_gienv,DQN reward3 GIenv,Results_DQN_reward3_train_GI_o/model,design,70,design_21,Design Rainfall 21,0.05,12,20265726,95,1297.7185626697667,576.8022256567413,1874.520788326508
output_noise,reward3_gienv,DQN reward3 GIenv,Results_DQN_reward3_train_GI_o/model,design,70,design_21,Design Rainfall 21,0.05,13,20265727,95,1219.8782687896505,771.6122738041626,1991.4905425938132
output_noise,reward3_gienv,DQN reward3 GIenv,Results_DQN_reward3_train_GI_o/model,design,70,design_21,Design Rainfall 21,0.05,14,20265728,95,1296.07701450302,576.794901481814,1872.8719159848342
output_noise,reward3_gienv,DQN reward3 GIenv,Results_DQN_reward3_train_GI_o/model,design,70,design_21,Design Rainfall 21,0.05,15,20265729,95,1220.6431337325785,779.2913346119167,1999.9344683444951
output_noise,reward3_gienv,DQN reward3 GIenv,Results_DQN_reward3_train_GI_o/model,design,70,design_21,Design Rainfall 21,0.05,16,20265730,95,1295.5175355506908,576.7950185140843,1872.3125540647752
output_noise,reward3_gienv,DQN reward3 GIenv,Results_DQN_reward3_train_GI_o/model,design,70,design_21,Design Rainfall 21,0.05,17,20265731,95,1295.1274142654202,576.8079597967964,1871.9353740622164
output_noise,reward3_gienv,DQN reward3 GIenv,Results_DQN_reward3_train_GI_o/model,design,70,design_21,Design Rainfall 21,0.05,18,20265732,95,1293.8674872140427,576.8006617722316,1870.6681489862744
output_noise,reward3_gienv,DQN reward3 GIenv,Results_DQN_reward3_train_GI_o/model,design,70,design_21,Design Rainfall 21,0.05,19,20265733,95,1295.6299291209818,576.8086446619119,1872.4385737828939
output_noise,reward3_gienv,DQN reward3 GIenv,Results_DQN_reward3_train_GI_o/model,design,70,design_21,Design Rainfall 21,0.05,20,20265734,95,1295.9910250986009,576.8121222911681,1872.803147389769
output_noise,reward3_gienv,DQN reward3 GIenv,Results_DQN_reward3_train_GI_o/model,design,70,design_21,Design Rainfall 21,0.05,21,20265735,95,1220.1298140689412,781.4515449032384,2001.5813589721797
output_noise,reward3_gienv,DQN reward3 GIenv,Results_DQN_reward3_train_GI_o/model,design,70,design_21,Design Rainfall 21,0.05,22,20265736,95,1295.436174711897,576.8079683681577,1872.2441430800545
output_noise,reward3_gienv,DQN reward3 GIenv,Results_DQN_reward3_train_GI_o/model,design,70,design_21,Design Rainfall 21,0.05,23,20265737,95,1295.570387394702,576.8087348347017,1872.3791222294037
output_noise,reward3_gienv,DQN reward3 GIenv,Results_DQN_reward3_train_GI_o/model,design,70,design_21,Design Rainfall 21,0.05,24,20265738,95,1295.953612108492,576.7951710074153,1872.7487831159074
output_noise,reward3_gienv,DQN reward3 GIenv,Results_DQN_reward3_train_GI_o/model,design,70,design_21,Design Rainfall 21,0.05,25,20265739,95,1219.417031308983,771.9930867367256,1991.4101180457087
output_noise,reward3_gienv,DQN reward3 GIenv,Results_DQN_reward3_train_GI_o/model,design,70,design_21,Design Rainfall 21,0.05,26,20265740,95,1294.4518858873469,576.808926809298,1871.2608126966447
output_noise,reward3_gienv,DQN reward3 GIenv,Results_DQN_reward3_train_GI_o/model,design,70,design_21,Design Rainfall 21,0.05,27,20265741,95,1296.4349153436604,576.8060065136605,1873.2409218573207
output_noise,reward3_gienv,DQN reward3 GIenv,Results_DQN_reward3_train_GI_o/model,design,70,design_21,Design Rainfall 21,0.05,28,20265742,95,1298.1971321721194,576.7972132815498,1874.9943454536692
output_noise,reward3_gienv,DQN reward3 GIenv,Results_DQN_reward3_train_GI_o/model,design,70,design_21,Design Rainfall 21,0.05,29,20265743,95,1295.484222372019,576.8086734626621,1872.292895834681
output_noise,reward3_gienv,DQN reward3 GIenv,Results_DQN_reward3_train_GI_o/model,design,70,design_21,Design Rainfall 21,0.05,30,20265744,95,1296.1735494715272,576.8084987952541,1872.9820482667812
output_noise,reward3_gienv,DQN reward3 GIenv,Results_DQN_reward3_train_GI_o/model,design,70,design_21,Design Rainfall 21,0.05,31,20265745,95,1294.4026791848357,576.8104030261502,1871.213082210986
output_noise,reward3_gienv,DQN reward3 GIenv,Results_DQN_reward3_train_GI_o/model,design,70,design_21,Design Rainfall 21,0.05,32,20265746,95,1295.3567203187358,576.8095022718655,1872.1662225906014
output_noise,reward3_gienv,DQN reward3 GIenv,Results_DQN_reward3_train_GI_o/model,design,70,design_21,Design Rainfall 21,0.05,33,20265747,95,1296.216135198897,576.7938464982664,1873.0099816971633
output_noise,reward3_gienv,DQN reward3 GIenv,Results_DQN_reward3_train_GI_o/model,design,70,design_21,Design Rainfall 21,0.05,34,20265748,95,1296.076390744679,576.811897027627,1872.8882877723058
output_noise,reward3_gienv,DQN reward3 GIenv,Results_DQN_reward3_train_GI_o/model,design,70,design_21,Design Rainfall 21,0.05,35,20265749,95,1296.3277691796584,576.807940288988,1873.1357094686464
output_noise,reward3_gienv,DQN reward3 GIenv,Results_DQN_reward3_train_GI_o/model,design,70,design_21,Design Rainfall 21,0.05,36,20265750,95,1294.9981734469611,576.810115440748,1871.808288887709
output_noise,reward3_gienv,DQN reward3 GIenv,Results_DQN_reward3_train_GI_o/model,design,70,design_21,Design Rainfall 21,0.05,37,20265751,95,1297.6473381391709,576.7919576093539,1874.4392957485247
output_noise,reward3_gienv,DQN reward3 GIenv,Results_DQN_reward3_train_GI_o/model,design,70,design_21,Design Rainfall 21,0.05,38,20265752,95,1295.3403480648517,576.8067883074089,1872.1471363722605
output_noise,reward3_gienv,DQN reward3 GIenv,Results_DQN_reward3_train_GI_o/model,design,70,design_21,Design Rainfall 21,0.05,39,20265753,95,1294.8371629204917,576.808348860224,1871.6455117807157
output_noise,reward3_gienv,DQN reward3 GIenv,Results_DQN_reward3_train_GI_o/model,design,70,design_21,Design Rainfall 21,0.05,40,20265754,95,1296.1064084242814,576.8083338286331,1872.9147422529145
output_noise,reward3_gienv,DQN reward3 GIenv,Results_DQN_reward3_train_GI_o/model,design,70,design_21,Design Rainfall 21,0.05,41,20265755,95,1297.7389994763994,576.8151560154192,1874.5541554918186
output_noise,reward3_gienv,DQN reward3 GIenv,Results_DQN_reward3_train_GI_o/model,design,70,design_21,Design Rainfall 21,0.05,42,20265756,95,1296.413558490419,576.7913520224181,1873.2049105128372
output_noise,reward3_gienv,DQN reward3 GIenv,Results_DQN_reward3_train_GI_o/model,design,70,design_21,Design Rainfall 21,0.05,43,20265757,95,1220.7298318743913,779.0628058043194,1999.7926376787107
output_noise,reward3_gienv,DQN reward3 GIenv,Results_DQN_reward3_train_GI_o/model,design,70,design_21,Design Rainfall 21,0.05,44,20265758,95,1296.7286066432619,576.8094933072057,1873.5380999504675
output_noise,reward3_gienv,DQN reward3 GIenv,Results_DQN_reward3_train_GI_o/model,design,70,design_21,Design Rainfall 21,0.05,45,20265759,95,1294.6776346416382,576.7892093414148,1871.466843983053
output_noise,reward3_gienv,DQN reward3 GIenv,Results_DQN_reward3_train_GI_o/model,design,70,design_21,Design Rainfall 21,0.05,46,20265760,95,1294.733231845726,576.807701366678,1871.540933212404
output_noise,reward3_gienv,DQN reward3 GIenv,Results_DQN_reward3_train_GI_o/model,design,70,design_21,Design Rainfall 21,0.05,47,20265761,95,1295.8569563162932,576.8083497710516,1872.6653060873448
output_noise,reward3_gienv,DQN reward3 GIenv,Results_DQN_reward3_train_GI_o/model,design,70,design_21,Design Rainfall 21,0.05,48,20265762,95,1300.5172480063525,576.8079795696123,1877.3252275759646
output_noise,reward3_gienv,DQN reward3 GIenv,Results_DQN_reward3_train_GI_o/model,design,70,design_21,Design Rainfall 21,0.05,49,20265763,95,1296.527782955003,576.8135933287455,1873.3413762837486
output_noise,reward3_gienv,DQN reward3 GIenv,Results_DQN_reward3_train_GI_o/model,design,70,design_21,Design Rainfall 21,0.1,0,20270714,95,1226.0103620236894,773.3269861028847,1999.337348126574
output_noise,reward3_gienv,DQN reward3 GIenv,Results_DQN_reward3_train_GI_o/model,design,70,design_21,Design Rainfall 21,0.1,1,20270715,95,1295.1593207124085,576.8013066319447,1871.9606273443533
output_noise,reward3_gienv,DQN reward3 GIenv,Results_DQN_reward3_train_GI_o/model,design,70,design_21,Design Rainfall 21,0.1,2,20270716,95,1221.1673734292515,781.6810968842738,2002.8484703135252
output_noise,reward3_gienv,DQN reward3 GIenv,Results_DQN_reward3_train_GI_o/model,design,70,design_21,Design Rainfall 21,0.1,3,20270717,95,1221.6579314232717,781.1667987409369,2002.8247301642086
output_noise,reward3_gienv,DQN reward3 GIenv,Results_DQN_reward3_train_GI_o/model,design,70,design_21,Design Rainfall 21,0.1,4,20270718,95,1294.004964932855,576.80431483996,1870.809279772815
output_noise,reward3_gienv,DQN reward3 GIenv,Results_DQN_reward3_train_GI_o/model,design,70,design_21,Design Rainfall 21,0.1,5,20270719,95,1295.8283883600045,576.809234484296,1872.6376228443005
output_noise,reward3_gienv,DQN reward3 GIenv,Results_DQN_reward3_train_GI_o/model,design,70,design_21,Design Rainfall 21,0.1,6,20270720,95,1225.617946594768,781.1964777765578,2006.814424371326
output_noise,reward3_gienv,DQN reward3 GIenv,Results_DQN_reward3_train_GI_o/model,design,70,design_21,Design Rainfall 21,0.1,7,20270721,95,1220.59920909386,771.0606586071015,1991.6598677009615
output_noise,reward3_gienv,DQN reward3 GIenv,Results_DQN_reward3_train_GI_o/model,design,70,design_21,Design Rainfall 21,0.1,8,20270722,95,1295.6195957899342,576.8045181994072,1872.4241139893415
output_noise,reward3_gienv,DQN reward3 GIenv,Results_DQN_reward3_train_GI_o/model,design,70,design_21,Design Rainfall 21,0.1,9,20270723,95,1225.419753663107,775.8429485710205,2001.2627022341276
output_noise,reward3_gienv,DQN reward3 GIenv,Results_DQN_reward3_train_GI_o/model,design,70,design_21,Design Rainfall 21,0.1,10,20270724,95,1206.9803898432835,1570.6207617607574,2777.6011516040408
output_noise,reward3_gienv,DQN reward3 GIenv,Results_DQN_reward3_train_GI_o/model,design,70,design_21,Design Rainfall 21,0.1,11,20270725,95,1224.7674176073238,771.3167757098832,1996.0841933172069
output_noise,reward3_gienv,DQN reward3 GIenv,Results_DQN_reward3_train_GI_o/model,design,70,design_21,Design Rainfall 21,0.1,12,20270726,95,1141.8979081579507,1450.8745333903103,2592.7724415482608
output_noise,reward3_gienv,DQN reward3 GIenv,Results_DQN_reward3_train_GI_o/model,design,70,design_21,Design Rainfall 21,0.1,13,20270727,95,1296.5089524223638,576.7853677414178,1873.2943201637815
output_noise,reward3_gienv,DQN reward3 GIenv,Results_DQN_reward3_train_GI_o/model,design,70,design_21,Design Rainfall 21,0.1,14,20270728,95,1225.8152082278243,781.2051157563777,2007.0203239842022
output_noise,reward3_gienv,DQN reward3 GIenv,Results_DQN_reward3_train_GI_o/model,design,70,design_21,Design Rainfall 21,0.1,15,20270729,95,1219.6800428599986,768.5526197897734,1988.232662649772
output_noise,reward3_gienv,DQN reward3 GIenv,Results_DQN_reward3_train_GI_o/model,design,70,design_21,Design Rainfall 21,0.1,16,20270730,95,1220.4527098520969,781.7337901086897,2002.1864999607865
output_noise,reward3_gienv,DQN reward3 GIenv,Results_DQN_reward3_train_GI_o/model,design,70,design_21,Design Rainfall 21,0.1,17,20270731,95,1296.627486274147,576.8083566278453,1873.4358429019924
output_noise,reward3_gienv,DQN reward3 GIenv,Results_DQN_reward3_train_GI_o/model,design,70,design_21,Design Rainfall 21,0.1,18,20270732,95,1221.2921090620587,780.8315434922474,2002.123652554306
output_noise,reward3_gienv,DQN reward3 GIenv,Results_DQN_reward3_train_GI_o/model,design,70,design_21,Design Rainfall 21,0.1,19,20270733,95,1297.6344891069139,576.8083396251235,1874.4428287320375
output_noise,reward3_gienv,DQN reward3 GIenv,Results_DQN_reward3_train_GI_o/model,design,70,design_21,Design Rainfall 21,0.1,20,20270734,95,1296.639666335268,576.7995589474255,1873.4392252826933
output_noise,reward3_gienv,DQN reward3 GIenv,Results_DQN_reward3_train_GI_o/model,design,70,design_21,Design Rainfall 21,0.1,21,20270735,95,1295.7772747681868,576.7878460544907,1872.5651208226775
output_noise,reward3_gienv,DQN reward3 GIenv,Results_DQN_reward3_train_GI_o/model,design,70,design_21,Design Rainfall 21,0.1,22,20270736,95,1219.075236028102,781.2392177466587,2000.3144537747608
output_noise,reward3_gienv,DQN reward3 GIenv,Results_DQN_reward3_train_GI_o/model,design,70,design_21,Design Rainfall 21,0.1,23,20270737,95,1295.7147041073304,576.808360578915,1872.5230646862453
output_noise,reward3_gienv,DQN reward3 GIenv,Results_DQN_reward3_train_GI_o/model,design,70,design_21,Design Rainfall 21,0.1,24,20270738,95,1296.916577073807,576.8083721800353,1873.7249492538424
output_noise,reward3_gienv,DQN reward3 GIenv,Results_DQN_reward3_train_GI_o/model,design,70,design_21,Design Rainfall 21,0.1,25,20270739,95,1296.254222529745,576.8053491723488,1873.0595717020938
output_noise,reward3_gienv,DQN reward3 GIenv,Results_DQN_reward3_train_GI_o/model,design,70,design_21,Design Rainfall 21,0.1,26,20270740,95,1295.7879570428142,576.8115369284923,1872.5994939713064
output_noise,reward3_gienv,DQN reward3 GIenv,Results_DQN_reward3_train_GI_o/model,design,70,design_21,Design Rainfall 21,0.1,27,20270741,95,1296.633411604633,576.80837312359,1873.441784728223
output_noise,reward3_gienv,DQN reward3 GIenv,Results_DQN_reward3_train_GI_o/model,design,70,design_21,Design Rainfall 21,0.1,28,20270742,95,1297.0906578482573,576.8119254434339,1873.9025832916911
output_noise,reward3_gienv,DQN reward3 GIenv,Results_DQN_reward3_train_GI_o/model,design,70,design_21,Design Rainfall 21,0.1,29,20270743,95,1294.1401598310724,576.8115528698651,1870.9517127009376
output_noise,reward3_gienv,DQN reward3 GIenv,Results_DQN_reward3_train_GI_o/model,design,70,design_21,Design Rainfall 21,0.1,30,20270744,95,1150.9287748806628,1081.257748601097,2232.1865234817597
output_noise,reward3_gienv,DQN reward3 GIenv,Results_DQN_reward3_train_GI_o/model,design,70,design_21,Design Rainfall 21,0.1,31,20270745,95,1295.6456061135982,576.7960324330771,1872.4416385466752
output_noise,reward3_gienv,DQN reward3 GIenv,Results_DQN_reward3_train_GI_o/model,design,70,design_21,Design Rainfall 21,0.1,32,20270746,95,1297.613261957544,576.8092214827852,1874.4224834403292
output_noise,reward3_gienv,DQN reward3 GIenv,Results_DQN_reward3_train_GI_o/model,design,70,design_21,Design Rainfall 21,0.1,33,20270747,95,1295.1028828870062,576.8006877228004,1871.9035706098066
output_noise,reward3_gienv,DQN reward3 GIenv,Results_DQN_reward3_train_GI_o/model,design,70,design_21,Design Rainfall 21,0.1,34,20270748,95,1225.3729916682898,773.2008592771373,1998.5738509454272
output_noise,reward3_gienv,DQN reward3 GIenv,Results_DQN_reward3_train_GI_o/model,design,70,design_21,Design Rainfall 21,0.1,35,20270749,95,1221.6001806050938,771.4489451927013,1993.049125797795
output_noise,reward3_gienv,DQN reward3 GIenv,Results_DQN_reward3_train_GI_o/model,design,70,design_21,Design Rainfall 21,0.1,36,20270750,95,1295.3711389348823,576.8179043929703,1872.1890433278527
output_noise,reward3_gienv,DQN reward3 GIenv,Results_DQN_reward3_train_GI_o/model,design,70,design_21,Design Rainfall 21,0.1,37,20270751,95,1219.8560782266745,781.7498106760873,2001.6058889027618
output_noise,reward3_gienv,DQN reward3 GIenv,Results_DQN_reward3_train_GI_o/model,design,70,design_21,Design Rainfall 21,0.1,38,20270752,95,1295.183426779165,576.8083273714008,1871.9917541505658
output_noise,reward3_gienv,DQN reward3 GIenv,Results_DQN_reward3_train_GI_o/model,design,70,design_21,Design Rainfall 21,0.1,39,20270753,95,1297.510437535377,576.7929440658763,1874.3033816012532
output_noise,reward3_gienv,DQN reward3 GIenv,Results_DQN_reward3_train_GI_o/model,design,70,design_21,Design Rainfall 21,0.1,40,20270754,95,1223.73967575506,781.6133917028196,2005.3530674578797
output_noise,reward3_gienv,DQN reward3 GIenv,Results_DQN_reward3_train_GI_o/model,design,70,design_21,Design Rainfall 21,0.1,41,20270755,95,1296.3474895670302,576.8079745035029,1873.155464070533
output_noise,reward3_gienv,DQN reward3 GIenv,Results_DQN_reward3_train_GI_o/model,design,70,design_21,Design Rainfall 21,0.1,42,20270756,95,1225.1382028546166,781.1758253909559,2006.3140282455724
output_noise,reward3_gienv,DQN reward3 GIenv,Results_DQN_reward3_train_GI_o/model,design,70,design_21,Design Rainfall 21,0.1,43,20270757,95,1220.1758540035325,781.2671315466145,2001.4429855501471
output_noise,reward3_gienv,DQN reward3 GIenv,Results_DQN_reward3_train_GI_o/model,design,70,design_21,Design Rainfall 21,0.1,44,20270758,95,1296.5777412656882,576.8133775414504,1873.3911188071388
output_noise,reward3_gienv,DQN reward3 GIenv,Results_DQN_reward3_train_GI_o/model,design,70,design_21,Design Rainfall 21,0.1,45,20270759,95,1221.4154566213938,773.4359640983137,1994.8514207197074
output_noise,reward3_gienv,DQN reward3 GIenv,Results_DQN_reward3_train_GI_o/model,design,70,design_21,Design Rainfall 21,0.1,46,20270760,95,1218.540606122771,781.7337080862267,2000.2743142089976
output_noise,reward3_gienv,DQN reward3 GIenv,Results_DQN_reward3_train_GI_o/model,design,70,design_21,Design Rainfall 21,0.1,47,20270761,95,1221.838586608059,780.9976086669416,2002.8361952750006
output_noise,reward3_gienv,DQN reward3 GIenv,Results_DQN_reward3_train_GI_o/model,design,70,design_21,Design Rainfall 21,0.1,48,20270762,95,1295.3509710107642,576.8083509451887,1872.159321955953
output_noise,reward3_gienv,DQN reward3 GIenv,Results_DQN_reward3_train_GI_o/model,design,70,design_21,Design Rainfall 21,0.1,49,20270763,95,1294.5003277389203,576.8112105167406,1871.311538255661
output_noise,reward3_gienv,DQN reward3 GIenv,Results_DQN_reward3_train_GI_o/model,design,64,design_15,Design Rainfall 15,0.05,0,20365714,95,1458.8375410472913,3811.315640683995,5270.153181731286
output_noise,reward3_gienv,DQN reward3 GIenv,Results_DQN_reward3_train_GI_o/model,design,64,design_15,Design Rainfall 15,0.05,1,20365715,95,1442.7363864803883,3677.1004591779483,5119.836845658337
output_noise,reward3_gienv,DQN reward3 GIenv,Results_DQN_reward3_train_GI_o/model,design,64,design_15,Design Rainfall 15,0.05,2,20365716,95,1956.6853999132509,3559.475460411841,5516.160860325092
output_noise,reward3_gienv,DQN reward3 GIenv,Results_DQN_reward3_train_GI_o/model,design,64,design_15,Design Rainfall 15,0.05,3,20365717,95,1334.234316639941,4590.733186909867,5924.967503549808
output_noise,reward3_gienv,DQN reward3 GIenv,Results_DQN_reward3_train_GI_o/model,design,64,design_15,Design Rainfall 15,0.05,4,20365718,95,1957.6759608017219,3299.867564343482,5257.543525145204
output_noise,reward3_gienv,DQN reward3 GIenv,Results_DQN_reward3_train_GI_o/model,design,64,design_15,Design Rainfall 15,0.05,5,20365719,95,1961.21556061407,3550.2369061010686,5511.452466715138
output_noise,reward3_gienv,DQN reward3 GIenv,Results_DQN_reward3_train_GI_o/model,design,64,design_15,Design Rainfall 15,0.05,6,20365720,95,1994.8591143592228,3372.660749800857,5367.51986416008
output_noise,reward3_gienv,DQN reward3 GIenv,Results_DQN_reward3_train_GI_o/model,design,64,design_15,Design Rainfall 15,0.05,7,20365721,95,1635.0523595653665,4447.421102896697,6082.473462462064
output_noise,reward3_gienv,DQN reward3 GIenv,Results_DQN_reward3_train_GI_o/model,design,64,design_15,Design Rainfall 15,0.05,8,20365722,95,1456.6458723157923,3815.549838432231,5272.195710748023
output_noise,reward3_gienv,DQN reward3 GIenv,Results_DQN_reward3_train_GI_o/model,design,64,design_15,Design Rainfall 15,0.05,9,20365723,95,1993.9052239444056,3371.551077005247,5365.456300949652
output_noise,reward3_gienv,DQN reward3 GIenv,Results_DQN_reward3_train_GI_o/model,design,64,design_15,Design Rainfall 15,0.05,10,20365724,95,1452.949004340428,4031.4386809478847,5484.387685288313
output_noise,reward3_gienv,DQN reward3 GIenv,Results_DQN_reward3_train_GI_o/model,design,64,design_15,Design Rainfall 15,0.05,11,20365725,95,1438.9526914317942,3832.0680121345267,5271.020703566321
output_noise,reward3_gienv,DQN reward3 GIenv,Results_DQN_reward3_train_GI_o/model,design,64,design_15,Design Rainfall 15,0.05,12,20365726,95,1558.634870720561,4134.83879048106,5693.47366120162
output_noise,reward3_gienv,DQN reward3 GIenv,Results_DQN_reward3_train_GI_o/model,design,64,design_15,Design Rainfall 15,0.05,13,20365727,95,1958.980808066279,3552.8119769380546,5511.792785004333
output_noise,reward3_gienv,DQN reward3 GIenv,Results_DQN_reward3_train_GI_o/model,design,64,design_15,Design Rainfall 15,0.05,14,20365728,95,1705.0142225350642,3434.1822309221247,5139.196453457189
output_noise,reward3_gienv,DQN reward3 GIenv,Results_DQN_reward3_train_GI_o/model,design,64,design_15,Design Rainfall 15,0.05,15,20365729,95,1956.2395468075401,3315.120108143958,5271.359654951499
output_noise,reward3_gienv,DQN reward3 GIenv,Results_DQN_reward3_train_GI_o/model,design,64,design_15,Design Rainfall 15,0.05,16,20365730,95,1438.2934730412608,3841.653763840772,5279.947236882033
output_noise,reward3_gienv,DQN reward3 GIenv,Results_DQN_reward3_train_GI_o/model,design,64,design_15,Design Rainfall 15,0.05,17,20365731,95,1976.015554512408,3606.847979736407,5582.863534248815
output_noise,reward3_gienv,DQN reward3 GIenv,Results_DQN_reward3_train_GI_o/model,design,64,design_15,Design Rainfall 15,0.05,18,20365732,95,1963.7577321648498,3544.6617026378744,5508.419434802724
output_noise,reward3_gienv,DQN reward3 GIenv,Results_DQN_reward3_train_GI_o/model,design,64,design_15,Design Rainfall 15,0.05,19,20365733,95,1462.2763709823912,4162.572848033379,5624.84921901577
output_noise,reward3_gienv,DQN reward3 GIenv,Results_DQN_reward3_train_GI_o/model,design,64,design_15,Design Rainfall 15,0.05,20,20365734,95,1963.4237019953005,3561.701608458253,5525.1253104535535
output_noise,reward3_gienv,DQN reward3 GIenv,Results_DQN_reward3_train_GI_o/model,design,64,design_15,Design Rainfall 15,0.05,21,20365735,95,1965.3628425103914,3295.3112911646404,5260.674133675032
output_noise,reward3_gienv,DQN reward3 GIenv,Results_DQN_reward3_train_GI_o/model,design,64,design_15,Design Rainfall 15,0.05,22,20365736,95,1329.3135767639978,4674.91488971814,6004.228466482138
output_noise,reward3_gienv,DQN reward3 GIenv,Results_DQN_reward3_train_GI_o/model,design,64,design_15,Design Rainfall 15,0.05,23,20365737,95,1458.1884604410716,3822.582195455424,5280.770655896496
output_noise,reward3_gienv,DQN reward3 GIenv,Results_DQN_reward3_train_GI_o/model,design,64,design_15,Design Rainfall 15,0.05,24,20365738,95,1674.266340504502,3407.3203147008326,5081.586655205335
output_noise,reward3_gienv,DQN reward3 GIenv,Results_DQN_reward3_train_GI_o/model,design,64,design_15,Design Rainfall 15,0.05,25,20365739,95,1357.6487627248937,4799.44684098929,6157.095603714183
output_noise,reward3_gienv,DQN reward3 GIenv,Results_DQN_reward3_train_GI_o/model,design,64,design_15,Design Rainfall 15,0.05,26,20365740,95,1700.1111489029915,3438.4250635824383,5138.53621248543
output_noise,reward3_gienv,DQN reward3 GIenv,Results_DQN_reward3_train_GI_o/model,design,64,design_15,Design Rainfall 15,0.05,27,20365741,95,1961.4708167687738,3547.029168213561,5508.499984982335
output_noise,reward3_gienv,DQN reward3 GIenv,Results_DQN_reward3_train_GI_o/model,design,64,design_15,Design Rainfall 15,0.05,28,20365742,95,1635.0495604486025,3660.335013202433,5295.384573651036
output_noise,reward3_gienv,DQN reward3 GIenv,Results_DQN_reward3_train_GI_o/model,design,64,design_15,Design Rainfall 15,0.05,29,20365743,95,1458.4198940883791,4114.660845973574,5573.080740061953
output_noise,reward3_gienv,DQN reward3 GIenv,Results_DQN_reward3_train_GI_o/model,design,64,design_15,Design Rainfall 15,0.05,30,20365744,95,1958.7066318992363,3553.432975276559,5512.139607175795
output_noise,reward3_gienv,DQN reward3 GIenv,Results_DQN_reward3_train_GI_o/model,design,64,design_15,Design Rainfall 15,0.05,31,20365745,95,1417.883636994911,3830.075367065453,5247.959004060364
output_noise,reward3_gienv,DQN reward3 GIenv,Results_DQN_reward3_train_GI_o/model,design,64,design_15,Design Rainfall 15,0.05,32,20365746,95,1437.0424853975449,3847.587968687808,5284.6304540853525
output_noise,reward3_gienv,DQN reward3 GIenv,Results_DQN_reward3_train_GI_o/model,design,64,design_15,Design Rainfall 15,0.05,33,20365747,95,1469.5053223499974,4144.324576435831,5613.829898785828
output_noise,reward3_gienv,DQN reward3 GIenv,Results_DQN_reward3_train_GI_o/model,design,64,design_15,Design Rainfall 15,0.05,34,20365748,95,1435.3894706190301,3842.4012485712574,5277.790719190288
output_noise,reward3_gienv,DQN reward3 GIenv,Results_DQN_reward3_train_GI_o/model,design,64,design_15,Design Rainfall 15,0.05,35,20365749,95,1355.6509335583057,3866.9300125253158,5222.580946083622
output_noise,reward3_gienv,DQN reward3 GIenv,Results_DQN_reward3_train_GI_o/model,design,64,design_15,Design Rainfall 15,0.05,36,20365750,95,1456.5921234928853,3829.035762808584,5285.6278863014695
output_noise,reward3_gienv,DQN reward3 GIenv,Results_DQN_reward3_train_GI_o/model,design,64,design_15,Design Rainfall 15,0.05,37,20365751,95,1960.9647325742794,3558.940305075518,5519.905037649798
output_noise,reward3_gienv,DQN reward3 GIenv,Results_DQN_reward3_train_GI_o/model,design,64,design_15,Design Rainfall 15,0.05,38,20365752,95,1442.8409345447888,3848.8677073484646,5291.708641893253
output_noise,reward3_gienv,DQN reward3 GIenv,Results_DQN_reward3_train_GI_o/model,design,64,design_15,Design Rainfall 15,0.05,39,20365753,95,1337.1177791502505,4565.449247884708,5902.567027034958
output_noise,reward3_gienv,DQN reward3 GIenv,Results_DQN_reward3_train_GI_o/model,design,64,design_15,Design Rainfall 15,0.05,40,20365754,95,2038.0167620797376,3317.2714935936474,5355.288255673385
output_noise,reward3_gienv,DQN reward3 GIenv,Results_DQN_reward3_train_GI_o/model,design,64,design_15,Design Rainfall 15,0.05,41,20365755,95,2024.0559918729264,3593.1184440125953,5617.174435885521
output_noise,reward3_gienv,DQN reward3 GIenv,Results_DQN_reward3_train_GI_o/model,design,64,design_15,Design Rainfall 15,0.05,42,20365756,95,1972.8060229066546,3317.344182414652,5290.150205321306
output_noise,reward3_gienv,DQN reward3 GIenv,Results_DQN_reward3_train_GI_o/model,design,64,design_15,Design Rainfall 15,0.05,43,20365757,95,1454.673795283657,4191.257725597693,5645.93152088135
output_noise,reward3_gienv,DQN reward3 GIenv,Results_DQN_reward3_train_GI_o/model,design,64,design_15,Design Rainfall 15,0.05,44,20365758,95,1957.1489323138621,3308.673668827446,5265.822601141308
output_noise,reward3_gienv,DQN reward3 GIenv,Results_DQN_reward3_train_GI_o/model,design,64,design_15,Design Rainfall 15,0.05,45,20365759,95,1348.764171107083,4534.474905064065,5883.239076171148
output_noise,reward3_gienv,DQN reward3 GIenv,Results_DQN_reward3_train_GI_o/model,design,64,design_15,Design Rainfall 15,0.05,46,20365760,95,1699.157114007088,3445.104428200131,5144.2615422072195
output_noise,reward3_gienv,DQN reward3 GIenv,Results_DQN_reward3_train_GI_o/model,design,64,design_15,Design Rainfall 15,0.05,47,20365761,95,1972.277435409801,3309.529894854033,5281.807330263834
output_noise,reward3_gienv,DQN reward3 GIenv,Results_DQN_reward3_train_GI_o/model,design,64,design_15,Design Rainfall 15,0.05,48,20365762,95,1472.729220990897,4105.509419414044,5578.238640404941
output_noise,reward3_gienv,DQN reward3 GIenv,Results_DQN_reward3_train_GI_o/model,design,64,design_15,Design Rainfall 15,0.05,49,20365763,95,1333.9532607237265,4566.829241593769,5900.7825023174955
output_noise,reward3_gienv,DQN reward3 GIenv,Results_DQN_reward3_train_GI_o/model,design,64,design_15,Design Rainfall 15,0.1,0,20370714,95,1483.4294835581381,4035.734054642113,5519.163538200251
output_noise,reward3_gienv,DQN reward3 GIenv,Results_DQN_reward3_train_GI_o/model,design,64,design_15,Design Rainfall 15,0.1,1,20370715,95,2023.9152396115724,3307.4924899247076,5331.40772953628
output_noise,reward3_gienv,DQN reward3 GIenv,Results_DQN_reward3_train_GI_o/model,design,64,design_15,Design Rainfall 15,0.1,2,20370716,95,1964.007422675702,3289.5322793762725,5253.539702051974
output_noise,reward3_gienv,DQN reward3 GIenv,Results_DQN_reward3_train_GI_o/model,design,64,design_15,Design Rainfall 15,0.1,3,20370717,95,1699.8997891572094,3124.1289504161596,4824.0287395733685
output_noise,reward3_gienv,DQN reward3 GIenv,Results_DQN_reward3_train_GI_o/model,design,64,design_15,Design Rainfall 15,0.1,4,20370718,95,2006.7239260492554,2946.44189716439,4953.165823213645
output_noise,reward3_gienv,DQN reward3 GIenv,Results_DQN_reward3_train_GI_o/model,design,64,design_15,Design Rainfall 15,0.1,5,20370719,95,1977.8072195034224,3286.3355903610245,5264.1428098644465
output_noise,reward3_gienv,DQN reward3 GIenv,Results_DQN_reward3_train_GI_o/model,design,64,design_15,Design Rainfall 15,0.1,6,20370720,95,1975.233998549106,3256.81668722977,5232.050685778876
output_noise,reward3_gienv,DQN reward3 GIenv,Results_DQN_reward3_train_GI_o/model,design,64,design_15,Design Rainfall 15,0.1,7,20370721,95,1979.56421629888,3270.8571437207193,5250.421360019599
output_noise,reward3_gienv,DQN reward3 GIenv,Results_DQN_reward3_train_GI_o/model,design,64,design_15,Design Rainfall 15,0.1,8,20370722,95,1978.4951813243583,3275.41084491253,5253.9060262368885
output_noise,reward3_gienv,DQN reward3 GIenv,Results_DQN_reward3_train_GI_o/model,design,64,design_15,Design Rainfall 15,0.1,9,20370723,95,1421.990648213718,3832.1622179036954,5254.152866117413
output_noise,reward3_gienv,DQN reward3 GIenv,Results_DQN_reward3_train_GI_o/model,design,64,design_15,Design Rainfall 15,0.1,10,20370724,95,1718.24265061834,3157.7160782548135,4875.958728873154
output_noise,reward3_gienv,DQN reward3 GIenv,Results_DQN_reward3_train_GI_o/model,design,64,design_15,Design Rainfall 15,0.1,11,20370725,95,1978.2140466360001,3342.3583169108124,5320.572363546813
output_noise,reward3_gienv,DQN reward3 GIenv,Results_DQN_reward3_train_GI_o/model,design,64,design_15,Design Rainfall 15,0.1,12,20370726,95,1489.3435223385695,3589.808694484516,5079.152216823086
output_noise,reward3_gienv,DQN reward3 GIenv,Results_DQN_reward3_train_GI_o/model,design,64,design_15,Design Rainfall 15,0.1,13,20370727,95,1731.01321201257,3421.8462699991196,5152.85948201169
output_noise,reward3_gienv,DQN reward3 GIenv,Results_DQN_reward3_train_GI_o/model,design,64,design_15,Design Rainfall 15,0.1,14,20370728,95,1476.2588459364515,3891.393667040747,5367.652512977198
output_noise,reward3_gienv,DQN reward3 GIenv,Results_DQN_reward3_train_GI_o/model,design,64,design_15,Design Rainfall 15,0.1,15,20370729,95,1437.4640226473773,4255.616713598653,5693.080736246031
output_noise,reward3_gienv,DQN reward3 GIenv,Results_DQN_reward3_train_GI_o/model,design,64,design_15,Design Rainfall 15,0.1,16,20370730,95,1983.1446228128393,3222.6072942948927,5205.751917107732
output_noise,reward3_gienv,DQN reward3 GIenv,Results_DQN_reward3_train_GI_o/model,design,64,design_15,Design Rainfall 15,0.1,17,20370731,95,1435.4571508021515,3836.747343356091,5272.204494158243
output_noise,reward3_gienv,DQN reward3 GIenv,Results_DQN_reward3_train_GI_o/model,design,64,design_15,Design Rainfall 15,0.1,18,20370732,95,1512.7360052087115,3891.8844157779663,5404.620420986677
output_noise,reward3_gienv,DQN reward3 GIenv,Results_DQN_reward3_train_GI_o/model,design,64,design_15,Design Rainfall 15,0.1,19,20370733,95,1449.6418090279058,4023.737568140374,5473.3793771682795
output_noise,reward3_gienv,DQN reward3 GIenv,Results_DQN_reward3_train_GI_o/model,design,64,design_15,Design Rainfall 15,0.1,20,20370734,95,1718.7682206155898,3178.7565173130497,4897.524737928639
output_noise,reward3_gienv,DQN reward3 GIenv,Results_DQN_reward3_train_GI_o/model,design,64,design_15,Design Rainfall 15,0.1,21,20370735,95,1934.0214952212655,3390.5994863878,5324.620981609065
output_noise,reward3_gienv,DQN reward3 GIenv,Results_DQN_reward3_train_GI_o/model,design,64,design_15,Design Rainfall 15,0.1,22,20370736,95,1999.063872041279,2972.741288534116,4971.805160575395
output_noise,reward3_gienv,DQN reward3 GIenv,Results_DQN_reward3_train_GI_o/model,design,64,design_15,Design Rainfall 15,0.1,23,20370737,95,1935.247223458712,3375.8327832829127,5311.080006741625
output_noise,reward3_gienv,DQN reward3 GIenv,Results_DQN_reward3_train_GI_o/model,design,64,design_15,Design Rainfall 15,0.1,24,20370738,95,1954.148265853237,2972.944907980869,4927.093173834106
output_noise,reward3_gienv,DQN reward3 GIenv,Results_DQN_reward3_train_GI_o/model,design,64,design_15,Design Rainfall 15,0.1,25,20370739,95,1999.2753137166778,3060.9267277854387,5060.202041502116
output_noise,reward3_gienv,DQN reward3 GIenv,Results_DQN_reward3_train_GI_o/model,design,64,design_15,Design Rainfall 15,0.1,26,20370740,95,2153.0145410497826,2695.0072896292095,4848.021830678992
output_noise,reward3_gienv,DQN reward3 GIenv,Results_DQN_reward3_train_GI_o/model,design,64,design_15,Design Rainfall 15,0.1,27,20370741,95,1430.9063450296167,3824.321934882505,5255.228279912122
output_noise,reward3_gienv,DQN reward3 GIenv,Results_DQN_reward3_train_GI_o/model,design,64,design_15,Design Rainfall 15,0.1,28,20370742,95,1961.7434268544835,3305.0669004513175,5266.8103273058005
output_noise,reward3_gienv,DQN reward3 GIenv,Results_DQN_reward3_train_GI_o/model,design,64,design_15,Design Rainfall 15,0.1,29,20370743,95,1681.9232059355259,3436.0884160263886,5118.011621961914
output_noise,reward3_gienv,DQN reward3 GIenv,Results_DQN_reward3_train_GI_o/model,design,64,design_15,Design Rainfall 15,0.1,30,20370744,95,1715.019604442625,3369.585290646756,5084.604895089381
output_noise,reward3_gienv,DQN reward3 GIenv,Results_DQN_reward3_train_GI_o/model,design,64,design_15,Design Rainfall 15,0.1,31,20370745,95,1976.9174274028385,3499.657777030993,5476.5752044338315
output_noise,reward3_gienv,DQN reward3 GIenv,Results_DQN_reward3_train_GI_o/model,design,64,design_15,Design Rainfall 15,0.1,32,20370746,95,1985.7539355948936,3010.6209718319733,4996.374907426867
output_noise,reward3_gienv,DQN reward3 GIenv,Results_DQN_reward3_train_GI_o/model,design,64,design_15,Design Rainfall 15,0.1,33,20370747,95,1444.4651155110391,3833.9917755457436,5278.456891056783
output_noise,reward3_gienv,DQN reward3 GIenv,Results_DQN_reward3_train_GI_o/model,design,64,design_15,Design Rainfall 15,0.1,34,20370748,95,1995.8402681360658,2919.1340240683976,4914.974292204463
output_noise,reward3_gienv,DQN reward3 GIenv,Results_DQN_reward3_train_GI_o/model,design,64,design_15,Design Rainfall 15,0.1,35,20370749,95,1435.4711920010259,3823.2046552490415,5258.675847250068
output_noise,reward3_gienv,DQN reward3 GIenv,Results_DQN_reward3_train_GI_o/model,design,64,design_15,Design Rainfall 15,0.1,36,20370750,95,2009.4196294555422,3221.7922381527146,5231.211867608257
output_noise,reward3_gienv,DQN reward3 GIenv,Results_DQN_reward3_train_GI_o/model,design,64,design_15,Design Rainfall 15,0.1,37,20370751,95,1489.3731899876711,3842.451574566583,5331.824764554254
output_noise,reward3_gienv,DQN reward3 GIenv,Results_DQN_reward3_train_GI_o/model,design,64,design_15,Design Rainfall 15,0.1,38,20370752,95,1977.9476889202529,3087.540641382693,5065.4883303029455
output_noise,reward3_gienv,DQN reward3 GIenv,Results_DQN_reward3_train_GI_o/model,design,64,design_15,Design Rainfall 15,0.1,39,20370753,95,1485.589975626968,3625.5069617122317,5111.0969373392
output_noise,reward3_gienv,DQN reward3 GIenv,Results_DQN_reward3_train_GI_o/model,design,64,design_15,Design Rainfall 15,0.1,40,20370754,95,1380.131185176475,4854.809222593999,6234.940407770474
output_noise,reward3_gienv,DQN reward3 GIenv,Results_DQN_reward3_train_GI_o/model,design,64,design_15,Design Rainfall 15,0.1,41,20370755,95,1995.2620315920583,3158.3476306408256,5153.609662232884
output_noise,reward3_gienv,DQN reward3 GIenv,Results_DQN_reward3_train_GI_o/model,design,64,design_15,Design Rainfall 15,0.1,42,20370756,95,1975.9331796488118,3005.415951894754,4981.349131543566
output_noise,reward3_gienv,DQN reward3 GIenv,Results_DQN_reward3_train_GI_o/model,design,64,design_15,Design Rainfall 15,0.1,43,20370757,95,1989.677908542126,3323.0555310814207,5312.7334396235465
output_noise,reward3_gienv,DQN reward3 GIenv,Results_DQN_reward3_train_GI_o/model,design,64,design_15,Design Rainfall 15,0.1,44,20370758,95,1481.924129715424,3919.4559792037167,5401.38010891914
output_noise,reward3_gienv,DQN reward3 GIenv,Results_DQN_reward3_train_GI_o/model,design,64,design_15,Design Rainfall 15,0.1,45,20370759,95,1967.1595309508127,3250.936007413332,5218.095538364145
output_noise,reward3_gienv,DQN reward3 GIenv,Results_DQN_reward3_train_GI_o/model,design,64,design_15,Design Rainfall 15,0.1,46,20370760,95,1989.535999970969,3337.9898454052563,5327.525845376225
output_noise,reward3_gienv,DQN reward3 GIenv,Results_DQN_reward3_train_GI_o/model,design,64,design_15,Design Rainfall 15,0.1,47,20370761,95,2006.5073482911116,3012.283672939634,5018.791021230745
output_noise,reward3_gienv,DQN reward3 GIenv,Results_DQN_reward3_train_GI_o/model,design,64,design_15,Design Rainfall 15,0.1,48,20370762,95,1983.1019248620642,3555.6219429104995,5538.723867772564
output_noise,reward3_gienv,DQN reward3 GIenv,Results_DQN_reward3_train_GI_o/model,design,64,design_15,Design Rainfall 15,0.1,49,20370763,95,1980.9967915863203,3335.7348464735937,5316.731638059914
output_noise,reward3_gienv,DQN reward3 GIenv,Results_DQN_reward3_train_GI_o/model,design,67,design_18,Design Rainfall 18,0.05,0,20465714,95,3217.1002126375442,3282.2563466072015,6499.356559244746
output_noise,reward3_gienv,DQN reward3 GIenv,Results_DQN_reward3_train_GI_o/model,design,67,design_18,Design Rainfall 18,0.05,1,20465715,95,3091.6456264356107,3317.427592643993,6409.073219079604
output_noise,reward3_gienv,DQN reward3 GIenv,Results_DQN_reward3_train_GI_o/model,design,67,design_18,Design Rainfall 18,0.05,2,20465716,95,3122.56632709629,3210.3415912166583,6332.907918312949
output_noise,reward3_gienv,DQN reward3 GIenv,Results_DQN_reward3_train_GI_o/model,design,67,design_18,Design Rainfall 18,0.05,3,20465717,95,3194.5209627902277,3391.040785592083,6585.561748382311
output_noise,reward3_gienv,DQN reward3 GIenv,Results_DQN_reward3_train_GI_o/model,design,67,design_18,Design Rainfall 18,0.05,4,20465718,95,3523.6354762577703,2515.408367029987,6039.043843287757
output_noise,reward3_gienv,DQN reward3 GIenv,Results_DQN_reward3_train_GI_o/model,design,67,design_18,Design Rainfall 18,0.05,5,20465719,95,3220.3068316887425,2883.785549464322,6104.092381153065
output_noise,reward3_gienv,DQN reward3 GIenv,Results_DQN_reward3_train_GI_o/model,design,67,design_18,Design Rainfall 18,0.05,6,20465720,95,3234.4623528058196,3262.7090268311113,6497.171379636931
output_noise,reward3_gienv,DQN reward3 GIenv,Results_DQN_reward3_train_GI_o/model,design,67,design_18,Design Rainfall 18,0.05,7,20465721,95,3369.4561185324355,3175.9585978079854,6545.414716340421
output_noise,reward3_gienv,DQN reward3 GIenv,Results_DQN_reward3_train_GI_o/model,design,67,design_18,Design Rainfall 18,0.05,8,20465722,95,3217.866180296358,3281.70175187309,6499.567932169448
output_noise,reward3_gienv,DQN reward3 GIenv,Results_DQN_reward3_train_GI_o/model,design,67,design_18,Design Rainfall 18,0.05,9,20465723,95,3103.6289690377275,3567.5079556889705,6671.1369247266975
output_noise,reward3_gienv,DQN reward3 GIenv,Results_DQN_reward3_train_GI_o/model,design,67,design_18,Design Rainfall 18,0.05,10,20465724,95,3260.7726617753437,3010.2343760124804,6271.007037787824
output_noise,reward3_gienv,DQN reward3 GIenv,Results_DQN_reward3_train_GI_o/model,design,67,design_18,Design Rainfall 18,0.05,11,20465725,95,3151.123925397399,3107.665523709129,6258.789449106528
output_noise,reward3_gienv,DQN reward3 GIenv,Results_DQN_reward3_train_GI_o/model,design,67,design_18,Design Rainfall 18,0.05,12,20465726,95,3191.771792591245,3303.195988975852,6494.967781567097
output_noise,reward3_gienv,DQN reward3 GIenv,Results_DQN_reward3_train_GI_o/model,design,67,design_18,Design Rainfall 18,0.05,13,20465727,95,3100.6801904033937,3260.7135769917413,6361.393767395135
output_noise,reward3_gienv,DQN reward3 GIenv,Results_DQN_reward3_train_GI_o/model,design,67,design_18,Design Rainfall 18,0.05,14,20465728,95,3157.975530741852,3104.401235226578,6262.37676596843
output_noise,reward3_gienv,DQN reward3 GIenv,Results_DQN_reward3_train_GI_o/model,design,67,design_18,Design Rainfall 18,0.05,15,20465729,95,3224.82369382368,3270.0750538507987,6494.898747674479
output_noise,reward3_gienv,DQN reward3 GIenv,Results_DQN_reward3_train_GI_o/model,design,67,design_18,Design Rainfall 18,0.05,16,20465730,95,3596.363263365583,2511.7849823752504,6108.148245740833
output_noise,reward3_gienv,DQN reward3 GIenv,Results_DQN_reward3_train_GI_o/model,design,67,design_18,Design Rainfall 18,0.05,17,20465731,95,3087.512024138748,3556.3142291315635,6643.826253270312
output_noise,reward3_gienv,DQN reward3 GIenv,Results_DQN_reward3_train_GI_o/model,design,67,design_18,Design Rainfall 18,0.05,18,20465732,95,3146.5714957780915,3314.85915452858,6461.430650306671
output_noise,reward3_gienv,DQN reward3 GIenv,Results_DQN_reward3_train_GI_o/model,design,67,design_18,Design Rainfall 18,0.05,19,20465733,95,3148.13256332763,3123.2238775297933,6271.356440857424
output_noise,reward3_gienv,DQN reward3 GIenv,Results_DQN_reward3_train_GI_o/model,design,67,design_18,Design Rainfall 18,0.05,20,20465734,95,3147.6160582316497,3079.713094781044,6227.3291530126935
output_noise,reward3_gienv,DQN reward3 GIenv,Results_DQN_reward3_train_GI_o/model,design,67,design_18,Design Rainfall 18,0.05,21,20465735,95,3096.412328299402,3509.366210387625,6605.778538687027
output_noise,reward3_gienv,DQN reward3 GIenv,Results_DQN_reward3_train_GI_o/model,design,67,design_18,Design Rainfall 18,0.05,22,20465736,95,3298.859921125965,3398.00383118301,6696.863752308975
output_noise,reward3_gienv,DQN reward3 GIenv,Results_DQN_reward3_train_GI_o/model,design,67,design_18,Design Rainfall 18,0.05,23,20465737,95,3095.620210173488,3303.2282823630203,6398.848492536508
output_noise,reward3_gienv,DQN reward3 GIenv,Results_DQN_reward3_train_GI_o/model,design,67,design_18,Design Rainfall 18,0.05,24,20465738,95,3147.044394154069,3104.106504952371,6251.15089910644
output_noise,reward3_gienv,DQN reward3 GIenv,Results_DQN_reward3_train_GI_o/model,design,67,design_18,Design Rainfall 18,0.05,25,20465739,95,3099.1013907423803,3299.70809024967,6398.80948099205
output_noise,reward3_gienv,DQN reward3 GIenv,Results_DQN_reward3_train_GI_o/model,design,67,design_18,Design Rainfall 18,0.05,26,20465740,95,3156.7926450838636,3080.337107699552,6237.129752783416
output_noise,reward3_gienv,DQN reward3 GIenv,Results_DQN_reward3_train_GI_o/model,design,67,design_18,Design Rainfall 18,0.05,27,20465741,95,3160.163374897448,3401.07071837745,6561.2340932748975
output_noise,reward3_gienv,DQN reward3 GIenv,Results_DQN_reward3_train_GI_o/model,design,67,design_18,Design Rainfall 18,0.05,28,20465742,95,3416.914871971138,2724.1936486610116,6141.1085206321495
output_noise,reward3_gienv,DQN reward3 GIenv,Results_DQN_reward3_train_GI_o/model,design,67,design_18,Design Rainfall 18,0.05,29,20465743,95,3372.270929391956,3103.8586934313125,6476.129622823269
output_noise,reward3_gienv,DQN reward3 GIenv,Results_DQN_reward3_train_GI_o/model,design,67,design_18,Design Rainfall 18,0.05,30,20465744,95,3104.882579636889,3684.7759079766965,6789.658487613586
output_noise,reward3_gienv,DQN reward3 GIenv,Results_DQN_reward3_train_GI_o/model,design,67,design_18,Design Rainfall 18,0.05,31,20465745,95,3144.7728544574416,3115.0344056698236,6259.807260127265
output_noise,reward3_gienv,DQN reward3 GIenv,Results_DQN_reward3_train_GI_o/model,design,67,design_18,Design Rainfall 18,0.05,32,20465746,95,3106.236298571257,3230.702059675168,6336.938358246425
output_noise,reward3_gienv,DQN reward3 GIenv,Results_DQN_reward3_train_GI_o/model,design,67,design_18,Design Rainfall 18,0.05,33,20465747,95,3231.757199510297,3270.966426743972,6502.723626254269
output_noise,reward3_gienv,DQN reward3 GIenv,Results_DQN_reward3_train_GI_o/model,design,67,design_18,Design Rainfall 18,0.05,34,20465748,95,3159.8650765166585,3091.6895192488064,6251.554595765465
output_noise,reward3_gienv,DQN reward3 GIenv,Results_DQN_reward3_train_GI_o/model,design,67,design_18,Design Rainfall 18,0.05,35,20465749,95,3121.2682328155624,3279.4041075151554,6400.672340330718
output_noise,reward3_gienv,DQN reward3 GIenv,Results_DQN_reward3_train_GI_o/model,design,67,design_18,Design Rainfall 18,0.05,36,20465750,95,3230.44496522962,3263.51570103194,6493.96066626156
output_noise,reward3_gienv,DQN reward3 GIenv,Results_DQN_reward3_train_GI_o/model,design,67,design_18,Design Rainfall 18,0.05,37,20465751,95,3259.318499813929,3168.960240169606,6428.278739983535
output_noise,reward3_gienv,DQN reward3 GIenv,Results_DQN_reward3_train_GI_o/model,design,67,design_18,Design Rainfall 18,0.05,38,20465752,95,3150.245747974284,3371.6461428631683,6521.891890837453
output_noise,reward3_gienv,DQN reward3 GIenv,Results_DQN_reward3_train_GI_o/model,design,67,design_18,Design Rainfall 18,0.05,39,20465753,95,3271.364691374613,3696.5996106150096,6967.964301989623
output_noise,reward3_gienv,DQN reward3 GIenv,Results_DQN_reward3_train_GI_o/model,design,67,design_18,Design Rainfall 18,0.05,40,20465754,95,3100.6208310739253,3541.2596606800075,6641.880491753933
output_noise,reward3_gienv,DQN reward3 GIenv,Results_DQN_reward3_train_GI_o/model,design,67,design_18,Design Rainfall 18,0.05,41,20465755,95,3217.5411096085627,3253.9142077848296,6471.455317393393
output_noise,reward3_gienv,DQN reward3 GIenv,Results_DQN_reward3_train_GI_o/model,design,67,design_18,Design Rainfall 18,0.05,42,20465756,95,3102.890181361208,3362.0187684747857,6464.908949835994
output_noise,reward3_gienv,DQN reward3 GIenv,Results_DQN_reward3_train_GI_o/model,design,67,design_18,Design Rainfall 18,0.05,43,20465757,95,3210.6579808591214,3282.8660246735035,6493.524005532625
output_noise,reward3_gienv,DQN reward3 GIenv,Results_DQN_reward3_train_GI_o/model,design,67,design_18,Design Rainfall 18,0.05,44,20465758,95,3162.2692378469887,3116.663601648421,6278.93283949541
output_noise,reward3_gienv,DQN reward3 GIenv,Results_DQN_reward3_train_GI_o/model,design,67,design_18,Design Rainfall 18,0.05,45,20465759,95,3477.1150090642104,2561.414187236236,6038.5291963004465
output_noise,reward3_gienv,DQN reward3 GIenv,Results_DQN_reward3_train_GI_o/model,design,67,design_18,Design Rainfall 18,0.05,46,20465760,95,3183.429590649409,3910.915243252387,7094.344833901796
output_noise,reward3_gienv,DQN reward3 GIenv,Results_DQN_reward3_train_GI_o/model,design,67,design_18,Design Rainfall 18,0.05,47,20465761,95,3094.4326338276755,3311.7801786525824,6406.212812480258
output_noise,reward3_gienv,DQN reward3 GIenv,Results_DQN_reward3_train_GI_o/model,design,67,design_18,Design Rainfall 18,0.05,48,20465762,95,3086.6636293247875,3312.017757651164,6398.681386975952
output_noise,reward3_gienv,DQN reward3 GIenv,Results_DQN_reward3_train_GI_o/model,design,67,design_18,Design Rainfall 18,0.05,49,20465763,95,3134.4637544832235,3132.0383288781272,6266.502083361351
output_noise,reward3_gienv,DQN reward3 GIenv,Results_DQN_reward3_train_GI_o/model,design,67,design_18,Design Rainfall 18,0.1,0,20470714,95,3545.3466542824417,2728.7067191856727,6274.053373468114
output_noise,reward3_gienv,DQN reward3 GIenv,Results_DQN_reward3_train_GI_o/model,design,67,design_18,Design Rainfall 18,0.1,1,20470715,95,3393.965890303785,3280.7245288432505,6674.690419147035
output_noise,reward3_gienv,DQN reward3 GIenv,Results_DQN_reward3_train_GI_o/model,design,67,design_18,Design Rainfall 18,0.1,2,20470716,95,3175.166867913444,3135.134548895832,6310.301416809276
output_noise,reward3_gienv,DQN reward3 GIenv,Results_DQN_reward3_train_GI_o/model,design,67,design_18,Design Rainfall 18,0.1,3,20470717,95,3279.664925453487,3184.7342807686773,6464.399206222164
output_noise,reward3_gienv,DQN reward3 GIenv,Results_DQN_reward3_train_GI_o/model,design,67,design_18,Design Rainfall 18,0.1,4,20470718,95,3149.2415468704285,3110.488707721861,6259.730254592289
output_noise,reward3_gienv,DQN reward3 GIenv,Results_DQN_reward3_train_GI_o/model,design,67,design_18,Design Rainfall 18,0.1,5,20470719,95,3134.0675264775828,3494.5527926634395,6628.620319141022
output_noise,reward3_gienv,DQN reward3 GIenv,Results_DQN_reward3_train_GI_o/model,design,67,design_18,Design Rainfall 18,0.1,6,20470720,95,3139.3622934284363,3219.8341988995567,6359.196492327993
output_noise,reward3_gienv,DQN reward3 GIenv,Results_DQN_reward3_train_GI_o/model,design,67,design_18,Design Rainfall 18,0.1,7,20470721,95,3291.846477134558,3421.5394272420554,6713.385904376613
output_noise,reward3_gienv,DQN reward3 GIenv,Results_DQN_reward3_train_GI_o/model,design,67,design_18,Design Rainfall 18,0.1,8,20470722,95,3134.2363829624733,3135.1104926718936,6269.346875634366
output_noise,reward3_gienv,DQN reward3 GIenv,Results_DQN_reward3_train_GI_o/model,design,67,design_18,Design Rainfall 18,0.1,9,20470723,95,3125.1259738252947,3108.768101515321,6233.894075340616
output_noise,reward3_gienv,DQN reward3 GIenv,Results_DQN_reward3_train_GI_o/model,design,67,design_18,Design Rainfall 18,0.1,10,20470724,95,3132.834938012065,3332.5804730421123,6465.415411054177
output_noise,reward3_gienv,DQN reward3 GIenv,Results_DQN_reward3_train_GI_o/model,design,67,design_18,Design Rainfall 18,0.1,11,20470725,95,3479.83796231633,2521.7423440544644,6001.5803063707945
output_noise,reward3_gienv,DQN reward3 GIenv,Results_DQN_reward3_train_GI_o/model,design,67,design_18,Design Rainfall 18,0.1,12,20470726,95,3138.091077499444,3532.287150217884,6670.378227717329
output_noise,reward3_gienv,DQN reward3 GIenv,Results_DQN_reward3_train_GI_o/model,design,67,design_18,Design Rainfall 18,0.1,13,20470727,95,3187.1087195673285,3028.3715561490903,6215.480275716419
output_noise,reward3_gienv,DQN reward3 GIenv,Results_DQN_reward3_train_GI_o/model,design,67,design_18,Design Rainfall 18,0.1,14,20470728,95,3244.025070646676,3248.8006660874057,6492.825736734081
output_noise,reward3_gienv,DQN reward3 GIenv,Results_DQN_reward3_train_GI_o/model,design,67,design_18,Design Rainfall 18,0.1,15,20470729,95,3305.1164539075853,3210.6081956143744,6515.72464952196
output_noise,reward3_gienv,DQN reward3 GIenv,Results_DQN_reward3_train_GI_o/model,design,67,design_18,Design Rainfall 18,0.1,16,20470730,95,3565.5786887696745,2870.1147608687966,6435.693449638471
output_noise,reward3_gienv,DQN reward3 GIenv,Results_DQN_reward3_train_GI_o/model,design,67,design_18,Design Rainfall 18,0.1,17,20470731,95,3099.362150736625,2801.683211119474,5901.045361856099
output_noise,reward3_gienv,DQN reward3 GIenv,Results_DQN_reward3_train_GI_o/model,design,67,design_18,Design Rainfall 18,0.1,18,20470732,95,3162.931013617068,3191.822464998416,6354.753478615484
output_noise,reward3_gienv,DQN reward3 GIenv,Results_DQN_reward3_train_GI_o/model,design,67,design_18,Design Rainfall 18,0.1,19,20470733,95,3259.88605560349,2847.422130563184,6107.308186166674
output_noise,reward3_gienv,DQN reward3 GIenv,Results_DQN_reward3_train_GI_o/model,design,67,design_18,Design Rainfall 18,0.1,20,20470734,95,3125.3435999673466,3154.165368657217,6279.508968624564
output_noise,reward3_gienv,DQN reward3 GIenv,Results_DQN_reward3_train_GI_o/model,design,67,design_18,Design Rainfall 18,0.1,21,20470735,95,3121.5216918537512,3279.043194588016,6400.564886441767
output_noise,reward3_gienv,DQN reward3 GIenv,Results_DQN_reward3_train_GI_o/model,design,67,design_18,Design Rainfall 18,0.1,22,20470736,95,3150.5403760584586,3200.352786599755,6350.893162658213
output_noise,reward3_gienv,DQN reward3 GIenv,Results_DQN_reward3_train_GI_o/model,design,67,design_18,Design Rainfall 18,0.1,23,20470737,95,3407.1962511758743,3075.256073120583,6482.452324296457
output_noise,reward3_gienv,DQN reward3 GIenv,Results_DQN_reward3_train_GI_o/model,design,67,design_18,Design Rainfall 18,0.1,24,20470738,95,3186.037459877295,3339.9678555234877,6526.005315400783
output_noise,reward3_gienv,DQN reward3 GIenv,Results_DQN_reward3_train_GI_o/model,design,67,design_18,Design Rainfall 18,0.1,25,20470739,95,3495.8383877253905,2684.8982452147748,6180.736632940165
output_noise,reward3_gienv,DQN reward3 GIenv,Results_DQN_reward3_train_GI_o/model,design,67,design_18,Design Rainfall 18,0.1,26,20470740,95,3217.2940424343915,3141.972346636121,6359.266389070513
output_noise,reward3_gienv,DQN reward3 GIenv,Results_DQN_reward3_train_GI_o/model,design,67,design_18,Design Rainfall 18,0.1,27,20470741,95,3276.68756925993,3346.0221334010325,6622.709702660963
output_noise,reward3_gienv,DQN reward3 GIenv,Results_DQN_reward3_train_GI_o/model,design,67,design_18,Design Rainfall 18,0.1,28,20470742,95,3133.299619268664,3544.0569418255636,6677.356561094228
output_noise,reward3_gienv,DQN reward3 GIenv,Results_DQN_reward3_train_GI_o/model,design,67,design_18,Design Rainfall 18,0.1,29,20470743,95,3134.4261010124656,3108.2330961616044,6242.65919717407
output_noise,reward3_gienv,DQN reward3 GIenv,Results_DQN_reward3_train_GI_o/model,design,67,design_18,Design Rainfall 18,0.1,30,20470744,95,3538.8661298130573,3238.3728847919547,6777.239014605012
output_noise,reward3_gienv,DQN reward3 GIenv,Results_DQN_reward3_train_GI_o/model,design,67,design_18,Design Rainfall 18,0.1,31,20470745,95,3259.6935108654875,3264.379142438738,6524.072653304225
output_noise,reward3_gienv,DQN reward3 GIenv,Results_DQN_reward3_train_GI_o/model,design,67,design_18,Design Rainfall 18,0.1,32,20470746,95,3329.8510973268885,3142.2898599747277,6472.140957301616
output_noise,reward3_gienv,DQN reward3 GIenv,Results_DQN_reward3_train_GI_o/model,design,67,design_18,Design Rainfall 18,0.1,33,20470747,95,3217.7232220596834,3188.4772924829695,6406.200514542653
output_noise,reward3_gienv,DQN reward3 GIenv,Results_DQN_reward3_train_GI_o/model,design,67,design_18,Design Rainfall 18,0.1,34,20470748,95,3285.532602213056,3317.0827821277317,6602.615384340788
output_noise,reward3_gienv,DQN reward3 GIenv,Results_DQN_reward3_train_GI_o/model,design,67,design_18,Design Rainfall 18,0.1,35,20470749,95,3130.6928846188775,3201.5688769182343,6332.261761537112
output_noise,reward3_gienv,DQN reward3 GIenv,Results_DQN_reward3_train_GI_o/model,design,67,design_18,Design Rainfall 18,0.1,36,20470750,95,3112.967392704132,3496.3738848773164,6609.341277581449
output_noise,reward3_gienv,DQN reward3 GIenv,Results_DQN_reward3_train_GI_o/model,design,67,design_18,Design Rainfall 18,0.1,37,20470751,95,3117.0850860902215,3380.004901729268,6497.08998781949
output_noise,reward3_gienv,DQN reward3 GIenv,Results_DQN_reward3_train_GI_o/model,design,67,design_18,Design Rainfall 18,0.1,38,20470752,95,3257.390072589895,3081.147105348793,6338.537177938688
output_noise,reward3_gienv,DQN reward3 GIenv,Results_DQN_reward3_train_GI_o/model,design,67,design_18,Design Rainfall 18,0.1,39,20470753,95,3138.13266158585,3198.8199805261474,6336.952642111997
output_noise,reward3_gienv,DQN reward3 GIenv,Results_DQN_reward3_train_GI_o/model,design,67,design_18,Design Rainfall 18,0.1,40,20470754,95,3262.8402164272848,3256.2059262894472,6519.046142716732
output_noise,reward3_gienv,DQN reward3 GIenv,Results_DQN_reward3_train_GI_o/model,design,67,design_18,Design Rainfall 18,0.1,41,20470755,95,3161.1004213005467,3150.476004489429,6311.5764257899755
output_noise,reward3_gienv,DQN reward3 GIenv,Results_DQN_reward3_train_GI_o/model,design,67,design_18,Design Rainfall 18,0.1,42,20470756,95,3109.8049401242,3030.730742385007,6140.535682509208
output_noise,reward3_gienv,DQN reward3 GIenv,Results_DQN_reward3_train_GI_o/model,design,67,design_18,Design Rainfall 18,0.1,43,20470757,95,3297.8703646704475,2868.1479795079813,6166.018344178428
output_noise,reward3_gienv,DQN reward3 GIenv,Results_DQN_reward3_train_GI_o/model,design,67,design_18,Design Rainfall 18,0.1,44,20470758,95,3247.1134115249815,2880.1981745188878,6127.311586043869
output_noise,reward3_gienv,DQN reward3 GIenv,Results_DQN_reward3_train_GI_o/model,design,67,design_18,Design Rainfall 18,0.1,45,20470759,95,3544.600057485709,3188.6412822794528,6733.241339765162
output_noise,reward3_gienv,DQN reward3 GIenv,Results_DQN_reward3_train_GI_o/model,design,67,design_18,Design Rainfall 18,0.1,46,20470760,95,3102.5854555747665,3449.0724971132604,6551.657952688027
output_noise,reward3_gienv,DQN reward3 GIenv,Results_DQN_reward3_train_GI_o/model,design,67,design_18,Design Rainfall 18,0.1,47,20470761,95,3252.144130684825,3257.346553966155,6509.49068465098
output_noise,reward3_gienv,DQN reward3 GIenv,Results_DQN_reward3_train_GI_o/model,design,67,design_18,Design Rainfall 18,0.1,48,20470762,95,3487.793860188211,3159.7062366637456,6647.500096851956
output_noise,reward3_gienv,DQN reward3 GIenv,Results_DQN_reward3_train_GI_o/model,design,67,design_18,Design Rainfall 18,0.1,49,20470763,95,3140.7166976296057,3140.568166098087,6281.284863727693
output_noise,reward3_gienv,DQN reward3 GIenv,Results_DQN_reward3_train_GI_o/model,design,51,design_2,Design Rainfall 2,0.05,0,20565714,95,7485.379404754943,4504.547560777153,11989.926965532097
output_noise,reward3_gienv,DQN reward3 GIenv,Results_DQN_reward3_train_GI_o/model,design,51,design_2,Design Rainfall 2,0.05,1,20565715,95,8065.380510298011,4239.156557450171,12304.537067748182
output_noise,reward3_gienv,DQN reward3 GIenv,Results_DQN_reward3_train_GI_o/model,design,51,design_2,Design Rainfall 2,0.05,2,20565716,95,8113.53333389411,4149.913237614384,12263.446571508495
output_noise,reward3_gienv,DQN reward3 GIenv,Results_DQN_reward3_train_GI_o/model,design,51,design_2,Design Rainfall 2,0.05,3,20565717,95,8074.234189538073,3969.6296984177625,12043.863887955835
output_noise,reward3_gienv,DQN reward3 GIenv,Results_DQN_reward3_train_GI_o/model,design,51,design_2,Design Rainfall 2,0.05,4,20565718,95,7959.38975856549,3813.7943688450787,11773.184127410568
output_noise,reward3_gienv,DQN reward3 GIenv,Results_DQN_reward3_train_GI_o/model,design,51,design_2,Design Rainfall 2,0.05,5,20565719,95,7730.795942153424,4149.803811707778,11880.599753861203
output_noise,reward3_gienv,DQN reward3 GIenv,Results_DQN_reward3_train_GI_o/model,design,51,design_2,Design Rainfall 2,0.05,6,20565720,95,8102.056799452544,4018.1400392007563,12120.1968386533
output_noise,reward3_gienv,DQN reward3 GIenv,Results_DQN_reward3_train_GI_o/model,design,51,design_2,Design Rainfall 2,0.05,7,20565721,95,8066.988943954159,3981.39332040856,12048.382264362719
output_noise,reward3_gienv,DQN reward3 GIenv,Results_DQN_reward3_train_GI_o/model,design,51,design_2,Design Rainfall 2,0.05,8,20565722,95,7586.809233370117,4388.751986218106,11975.561219588224
output_noise,reward3_gienv,DQN reward3 GIenv,Results_DQN_reward3_train_GI_o/model,design,51,design_2,Design Rainfall 2,0.05,9,20565723,95,7506.443775520354,4517.270674094898,12023.714449615252
output_noise,reward3_gienv,DQN reward3 GIenv,Results_DQN_reward3_train_GI_o/model,design,51,design_2,Design Rainfall 2,0.05,10,20565724,95,7787.320988308813,3999.4730155850134,11786.794003893827
output_noise,reward3_gienv,DQN reward3 GIenv,Results_DQN_reward3_train_GI_o/model,design,51,design_2,Design Rainfall 2,0.05,11,20565725,95,7917.286138573476,3852.5268511533905,11769.812989726866
output_noise,reward3_gienv,DQN reward3 GIenv,Results_DQN_reward3_train_GI_o/model,design,51,design_2,Design Rainfall 2,0.05,12,20565726,95,8097.081945271078,3980.4719976088936,12077.553942879971
output_noise,reward3_gienv,DQN reward3 GIenv,Results_DQN_reward3_train_GI_o/model,design,51,design_2,Design Rainfall 2,0.05,13,20565727,95,8106.576391840759,3982.480286754513,12089.056678595272
output_noise,reward3_gienv,DQN reward3 GIenv,Results_DQN_reward3_train_GI_o/model,design,51,design_2,Design Rainfall 2,0.05,14,20565728,95,8060.5034201217695,4005.091606216217,12065.595026337985
output_noise,reward3_gienv,DQN reward3 GIenv,Results_DQN_reward3_train_GI_o/model,design,51,design_2,Design Rainfall 2,0.05,15,20565729,95,7783.628422571989,4021.349563403833,11804.977985975822
output_noise,reward3_gienv,DQN reward3 GIenv,Results_DQN_reward3_train_GI_o/model,design,51,design_2,Design Rainfall 2,0.05,16,20565730,95,7921.98237402041,3832.420804686346,11754.403178706756
output_noise,reward3_gienv,DQN reward3 GIenv,Results_DQN_reward3_train_GI_o/model,design,51,design_2,Design Rainfall 2,0.05,17,20565731,95,7509.502625412474,4505.422890211096,12014.92551562357
output_noise,reward3_gienv,DQN reward3 GIenv,Results_DQN_reward3_train_GI_o/model,design,51,design_2,Design Rainfall 2,0.05,18,20565732,95,7769.91014651891,4032.9657883181408,11802.875934837051
output_noise,reward3_gienv,DQN reward3 GIenv,Results_DQN_reward3_train_GI_o/model,design,51,design_2,Design Rainfall 2,0.05,19,20565733,95,7909.264736466106,3846.740233758397,11756.004970224503
output_noise,reward3_gienv,DQN reward3 GIenv,Results_DQN_reward3_train_GI_o/model,design,51,design_2,Design Rainfall 2,0.05,20,20565734,95,8088.9123889998355,3984.5872058916193,12073.499594891455
output_noise,reward3_gienv,DQN reward3 GIenv,Results_DQN_reward3_train_GI_o/model,design,51,design_2,Design Rainfall 2,0.05,21,20565735,95,7774.300027308676,4037.886639701632,11812.186667010308
output_noise,reward3_gienv,DQN reward3 GIenv,Results_DQN_reward3_train_GI_o/model,design,51,design_2,Design Rainfall 2,0.05,22,20565736,95,8089.868864289151,3982.8555596276146,12072.724423916767
output_noise,reward3_gienv,DQN reward3 GIenv,Results_DQN_reward3_train_GI_o/model,design,51,design_2,Design Rainfall 2,0.05,23,20565737,95,7942.746040167398,3835.413056181671,11778.159096349069
output_noise,reward3_gienv,DQN reward3 GIenv,Results_DQN_reward3_train_GI_o/model,design,51,design_2,Design Rainfall 2,0.05,24,20565738,95,7946.253736905814,3843.418510254418,11789.672247160232
output_noise,reward3_gienv,DQN reward3 GIenv,Results_DQN_reward3_train_GI_o/model,design,51,design_2,Design Rainfall 2,0.05,25,20565739,95,8024.534911378729,3862.430457877919,11886.965369256648
output_noise,reward3_gienv,DQN reward3 GIenv,Results_DQN_reward3_train_GI_o/model,design,51,design_2,Design Rainfall 2,0.05,26,20565740,95,8109.264656458641,4231.101330682361,12340.365987141002
output_noise,reward3_gienv,DQN reward3 GIenv,Results_DQN_reward3_train_GI_o/model,design,51,design_2,Design Rainfall 2,0.05,27,20565741,95,8228.107716238643,3921.6407874697447,12149.748503708388
output_noise,reward3_gienv,DQN reward3 GIenv,Results_DQN_reward3_train_GI_o/model,design,51,design_2,Design Rainfall 2,0.05,28,20565742,95,8142.627451475716,4020.580849576661,12163.208301052377
output_noise,reward3_gienv,DQN reward3 GIenv,Results_DQN_reward3_train_GI_o/model,design,51,design_2,Design Rainfall 2,0.05,29,20565743,95,8081.170074151409,4176.953970689421,12258.12404484083
output_noise,reward3_gienv,DQN reward3 GIenv,Results_DQN_reward3_train_GI_o/model,design,51,design_2,Design Rainfall 2,0.05,30,20565744,95,8076.921923735376,3951.645186259858,12028.567109995234
output_noise,reward3_gienv,DQN reward3 GIenv,Results_DQN_reward3_train_GI_o/model,design,51,design_2,Design Rainfall 2,0.05,31,20565745,95,7735.006454969376,4109.468664288062,11844.475119257439
output_noise,reward3_gienv,DQN reward3 GIenv,Results_DQN_reward3_train_GI_o/model,design,51,design_2,Design Rainfall 2,0.05,32,20565746,95,7784.206760477236,4019.3377929099956,11803.544553387232
output_noise,reward3_gienv,DQN reward3 GIenv,Results_DQN_reward3_train_GI_o/model,design,51,design_2,Design Rainfall 2,0.05,33,20565747,95,8090.642369535336,4371.921796402961,12462.564165938296
output_noise,reward3_gienv,DQN reward3 GIenv,Results_DQN_reward3_train_GI_o/model,design,51,design_2,Design Rainfall 2,0.05,34,20565748,95,7955.771323550937,3847.314921621442,11803.086245172379
output_noise,reward3_gienv,DQN reward3 GIenv,Results_DQN_reward3_train_GI_o/model,design,51,design_2,Design Rainfall 2,0.05,35,20565749,95,8090.117261073466,4379.95412640127,12470.071387474734
output_noise,reward3_gienv,DQN reward3 GIenv,Results_DQN_reward3_train_GI_o/model,design,51,design_2,Design Rainfall 2,0.05,36,20565750,95,7928.195464851596,3833.0133053837403,11761.208770235336
output_noise,reward3_gienv,DQN reward3 GIenv,Results_DQN_reward3_train_GI_o/model,design,51,design_2,Design Rainfall 2,0.05,37,20565751,95,7749.902724283903,4102.372624321893,11852.275348605795
output_noise,reward3_gienv,DQN reward3 GIenv,Results_DQN_reward3_train_GI_o/model,design,51,design_2,Design Rainfall 2,0.05,38,20565752,95,8110.6250146090315,4010.181404663379,12120.80641927241
output_noise,reward3_gienv,DQN reward3 GIenv,Results_DQN_reward3_train_GI_o/model,design,51,design_2,Design Rainfall 2,0.05,39,20565753,95,7495.04161841117,4506.849165105018,12001.890783516188
output_noise,reward3_gienv,DQN reward3 GIenv,Results_DQN_reward3_train_GI_o/model,design,51,design_2,Design Rainfall 2,0.05,40,20565754,95,8050.140148327729,4013.549848964939,12063.689997292668
output_noise,reward3_gienv,DQN reward3 GIenv,Results_DQN_reward3_train_GI_o/model,design,51,design_2,Design Rainfall 2,0.05,41,20565755,95,8086.63158073052,3959.13442911977,12045.76600985029
output_noise,reward3_gienv,DQN reward3 GIenv,Results_DQN_reward3_train_GI_o/model,design,51,design_2,Design Rainfall 2,0.05,42,20565756,95,7301.269677588598,4756.969809455197,12058.239487043795
output_noise,reward3_gienv,DQN reward3 GIenv,Results_DQN_reward3_train_GI_o/model,design,51,design_2,Design Rainfall 2,0.05,43,20565757,95,8084.374255768059,4041.5101299078606,12125.88438567592
output_noise,reward3_gienv,DQN reward3 GIenv,Results_DQN_reward3_train_GI_o/model,design,51,design_2,Design Rainfall 2,0.05,44,20565758,95,8092.866302075108,3983.1654864285438,12076.031788503653
output_noise,reward3_gienv,DQN reward3 GIenv,Results_DQN_reward3_train_GI_o/model,design,51,design_2,Design Rainfall 2,0.05,45,20565759,95,7757.111773693741,4036.620946604354,11793.732720298096
output_noise,reward3_gienv,DQN reward3 GIenv,Results_DQN_reward3_train_GI_o/model,design,51,design_2,Design Rainfall 2,0.05,46,20565760,95,8134.793278290004,4239.375611624166,12374.16888991417
output_noise,reward3_gienv,DQN reward3 GIenv,Results_DQN_reward3_train_GI_o/model,design,51,design_2,Design Rainfall 2,0.05,47,20565761,95,7929.665198279351,3858.344697173551,11788.009895452902
output_noise,reward3_gienv,DQN reward3 GIenv,Results_DQN_reward3_train_GI_o/model,design,51,design_2,Design Rainfall 2,0.05,48,20565762,95,7781.819315800548,4019.3097055036624,11801.12902130421
output_noise,reward3_gienv,DQN reward3 GIenv,Results_DQN_reward3_train_GI_o/model,design,51,design_2,Design Rainfall 2,0.05,49,20565763,95,8064.351534652032,4001.9656649148797,12066.31719956691
output_noise,reward3_gienv,DQN reward3 GIenv,Results_DQN_reward3_train_GI_o/model,design,51,design_2,Design Rainfall 2,0.1,0,20570714,95,8122.487047595201,4175.842314128652,12298.329361723852
output_noise,reward3_gienv,DQN reward3 GIenv,Results_DQN_reward3_train_GI_o/model,design,51,design_2,Design Rainfall 2,0.1,1,20570715,95,7801.102629599213,4050.1851060794825,11851.287735678696
output_noise,reward3_gienv,DQN reward3 GIenv,Results_DQN_reward3_train_GI_o/model,design,51,design_2,Design Rainfall 2,0.1,2,20570716,95,7949.365653998994,3835.1469556688235,11784.512609667818
output_noise,reward3_gienv,DQN reward3 GIenv,Results_DQN_reward3_train_GI_o/model,design,51,design_2,Design Rainfall 2,0.1,3,20570717,95,7772.421022552731,4093.4007353146644,11865.821757867396
output_noise,reward3_gienv,DQN reward3 GIenv,Results_DQN_reward3_train_GI_o/model,design,51,design_2,Design Rainfall 2,0.1,4,20570718,95,8119.662389779715,4295.2731194568405,12414.935509236555
output_noise,reward3_gienv,DQN reward3 GIenv,Results_DQN_reward3_train_GI_o/model,design,51,design_2,Design Rainfall 2,0.1,5,20570719,95,7772.853870853826,4122.842606352009,11895.696477205835
output_noise,reward3_gienv,DQN reward3 GIenv,Results_DQN_reward3_train_GI_o/model,design,51,design_2,Design Rainfall 2,0.1,6,20570720,95,7800.835072714076,3992.5881184253035,11793.42319113938
output_noise,reward3_gienv,DQN reward3 GIenv,Results_DQN_reward3_train_GI_o/model,design,51,design_2,Design Rainfall 2,0.1,7,20570721,95,7976.0931294866605,3825.0250008112066,11801.118130297868
output_noise,reward3_gienv,DQN reward3 GIenv,Results_DQN_reward3_train_GI_o/model,design,51,design_2,Design Rainfall 2,0.1,8,20570722,95,8618.810009861696,3028.2617350636683,11647.071744925364
output_noise,reward3_gienv,DQN reward3 GIenv,Results_DQN_reward3_train_GI_o/model,design,51,design_2,Design Rainfall 2,0.1,9,20570723,95,8150.646592163156,3907.9147389602067,12058.561331123363
output_noise,reward3_gienv,DQN reward3 GIenv,Results_DQN_reward3_train_GI_o/model,design,51,design_2,Design Rainfall 2,0.1,10,20570724,95,7643.307131509938,4291.865972645927,11935.173104155865
output_noise,reward3_gienv,DQN reward3 GIenv,Results_DQN_reward3_train_GI_o/model,design,51,design_2,Design Rainfall 2,0.1,11,20570725,95,7801.973356640143,4011.051381770303,11813.024738410446
output_noise,reward3_gienv,DQN reward3 GIenv,Results_DQN_reward3_train_GI_o/model,design,51,design_2,Design Rainfall 2,0.1,12,20570726,95,8141.569388316242,3847.228246546793,11988.797634863035
output_noise,reward3_gienv,DQN reward3 GIenv,Results_DQN_reward3_train_GI_o/model,design,51,design_2,Design Rainfall 2,0.1,13,20570727,95,7986.472349710896,3806.7574765616732,11793.229826272569
output_noise,reward3_gienv,DQN reward3 GIenv,Results_DQN_reward3_train_GI_o/model,design,51,design_2,Design Rainfall 2,0.1,14,20570728,95,7963.235901927939,4446.035252747744,12409.271154675684
output_noise,reward3_gienv,DQN reward3 GIenv,Results_DQN_reward3_train_GI_o/model,design,51,design_2,Design Rainfall 2,0.1,15,20570729,95,7865.201003097218,3986.313514666681,11851.514517763899
output_noise,reward3_gienv,DQN reward3 GIenv,Results_DQN_reward3_train_GI_o/model,design,51,design_2,Design Rainfall 2,0.1,16,20570730,95,7368.4663328196075,4785.8213764095635,12154.287709229171
output_noise,reward3_gienv,DQN reward3 GIenv,Results_DQN_reward3_train_GI_o/model,design,51,design_2,Design Rainfall 2,0.1,17,20570731,95,7258.338017429106,4603.700072483777,11862.038089912883
output_noise,reward3_gienv,DQN reward3 GIenv,Results_DQN_reward3_train_GI_o/model,design,51,design_2,Design Rainfall 2,0.1,18,20570732,95,7770.232407220598,4025.0657875925563,11795.298194813155
output_noise,reward3_gienv,DQN reward3 GIenv,Results_DQN_reward3_train_GI_o/model,design,51,design_2,Design Rainfall 2,0.1,19,20570733,95,7637.47965398761,4438.6008838477655,12076.080537835376
output_noise,reward3_gienv,DQN reward3 GIenv,Results_DQN_reward3_train_GI_o/model,design,51,design_2,Design Rainfall 2,0.1,20,20570734,95,7634.723199151492,4295.472898932272,11930.196098083765
output_noise,reward3_gienv,DQN reward3 GIenv,Results_DQN_reward3_train_GI_o/model,design,51,design_2,Design Rainfall 2,0.1,21,20570735,95,8101.3488246568895,3988.3577633402947,12089.706587997185
output_noise,reward3_gienv,DQN reward3 GIenv,Results_DQN_reward3_train_GI_o/model,design,51,design_2,Design Rainfall 2,0.1,22,20570736,95,7952.763438968189,3912.2070175721556,11864.970456540344
output_noise,reward3_gienv,DQN reward3 GIenv,Results_DQN_reward3_train_GI_o/model,design,51,design_2,Design Rainfall 2,0.1,23,20570737,95,8139.870195098054,3930.5704978023323,12070.440692900385
output_noise,reward3_gienv,DQN reward3 GIenv,Results_DQN_reward3_train_GI_o/model,design,51,design_2,Design Rainfall 2,0.1,24,20570738,95,7840.279563596737,4020.4571674405775,11860.736731037314
output_noise,reward3_gienv,DQN reward3 GIenv,Results_DQN_reward3_train_GI_o/model,design,51,design_2,Design Rainfall 2,0.1,25,20570739,95,7809.258727976689,4352.749975416584,12162.008703393272
output_noise,reward3_gienv,DQN reward3 GIenv,Results_DQN_reward3_train_GI_o/model,design,51,design_2,Design Rainfall 2,0.1,26,20570740,95,7561.914195264393,4276.143109392072,11838.057304656464
output_noise,reward3_gienv,DQN reward3 GIenv,Results_DQN_reward3_train_GI_o/model,design,51,design_2,Design Rainfall 2,0.1,27,20570741,95,8592.738812274372,3057.3891986252374,11650.12801089961
output_noise,reward3_gienv,DQN reward3 GIenv,Results_DQN_reward3_train_GI_o/model,design,51,design_2,Design Rainfall 2,0.1,28,20570742,95,7799.27502243076,4025.218238732716,11824.493261163476
output_noise,reward3_gienv,DQN reward3 GIenv,Results_DQN_reward3_train_GI_o/model,design,51,design_2,Design Rainfall 2,0.1,29,20570743,95,7821.725640440782,3981.995973366322,11803.721613807103
output_noise,reward3_gienv,DQN reward3 GIenv,Results_DQN_reward3_train_GI_o/model,design,51,design_2,Design Rainfall 2,0.1,30,20570744,95,7969.503702845527,3825.651195094178,11795.154897939705
output_noise,reward3_gienv,DQN reward3 GIenv,Results_DQN_reward3_train_GI_o/model,design,51,design_2,Design Rainfall 2,0.1,31,20570745,95,8006.5000116228275,3766.199154953056,11772.699166575883
output_noise,reward3_gienv,DQN reward3 GIenv,Results_DQN_reward3_train_GI_o/model,design,51,design_2,Design Rainfall 2,0.1,32,20570746,95,7815.207502286687,3995.0807779453644,11810.288280232051
output_noise,reward3_gienv,DQN reward3 GIenv,Results_DQN_reward3_train_GI_o/model,design,51,design_2,Design Rainfall 2,0.1,33,20570747,95,8085.586299534621,3934.223949174001,12019.810248708622
output_noise,reward3_gienv,DQN reward3 GIenv,Results_DQN_reward3_train_GI_o/model,design,51,design_2,Design Rainfall 2,0.1,34,20570748,95,8115.578348327059,3923.754843445693,12039.333191772752
output_noise,reward3_gienv,DQN reward3 GIenv,Results_DQN_reward3_train_GI_o/model,design,51,design_2,Design Rainfall 2,0.1,35,20570749,95,8076.825371652541,4003.307134894242,12080.132506546783
output_noise,reward3_gienv,DQN reward3 GIenv,Results_DQN_reward3_train_GI_o/model,design,51,design_2,Design Rainfall 2,0.1,36,20570750,95,7587.603652068562,4302.590465908061,11890.194117976622
output_noise,reward3_gienv,DQN reward3 GIenv,Results_DQN_reward3_train_GI_o/model,design,51,design_2,Design Rainfall 2,0.1,37,20570751,95,8111.231344801037,3944.52495361632,12055.756298417356
output_noise,reward3_gienv,DQN reward3 GIenv,Results_DQN_reward3_train_GI_o/model,design,51,design_2,Design Rainfall 2,0.1,38,20570752,95,8218.247813837945,4076.445389281883,12294.693203119827
output_noise,reward3_gienv,DQN reward3 GIenv,Results_DQN_reward3_train_GI_o/model,design,51,design_2,Design Rainfall 2,0.1,39,20570753,95,7783.339361990197,4022.5021963049844,11805.841558295182
output_noise,reward3_gienv,DQN reward3 GIenv,Results_DQN_reward3_train_GI_o/model,design,51,design_2,Design Rainfall 2,0.1,40,20570754,95,7508.560051472771,4506.92162070565,12015.481672178421
output_noise,reward3_gienv,DQN reward3 GIenv,Results_DQN_reward3_train_GI_o/model,design,51,design_2,Design Rainfall 2,0.1,41,20570755,95,7804.770813035949,4021.1147152487683,11825.885528284718
output_noise,reward3_gienv,DQN reward3 GIenv,Results_DQN_reward3_train_GI_o/model,design,51,design_2,Design Rainfall 2,0.1,42,20570756,95,8137.490160688736,3912.435925460949,12049.926086149684
output_noise,reward3_gienv,DQN reward3 GIenv,Results_DQN_reward3_train_GI_o/model,design,51,design_2,Design Rainfall 2,0.1,43,20570757,95,8104.525776790836,3937.214368839868,12041.740145630703
output_noise,reward3_gienv,DQN reward3 GIenv,Results_DQN_reward3_train_GI_o/model,design,51,design_2,Design Rainfall 2,0.1,44,20570758,95,7800.273675045142,4037.641326752055,11837.915001797197
output_noise,reward3_gienv,DQN reward3 GIenv,Results_DQN_reward3_train_GI_o/model,design,51,design_2,Design Rainfall 2,0.1,45,20570759,95,7747.064946336553,4097.804367858164,11844.869314194717
output_noise,reward3_gienv,DQN reward3 GIenv,Results_DQN_reward3_train_GI_o/model,design,51,design_2,Design Rainfall 2,0.1,46,20570760,95,7845.630441675731,3998.701041527778,11844.33148320351
output_noise,reward3_gienv,DQN reward3 GIenv,Results_DQN_reward3_train_GI_o/model,design,51,design_2,Design Rainfall 2,0.1,47,20570761,95,8685.252857094894,3008.397017814423,11693.649874909317
output_noise,reward3_gienv,DQN reward3 GIenv,Results_DQN_reward3_train_GI_o/model,design,51,design_2,Design Rainfall 2,0.1,48,20570762,95,8693.391233462113,3636.880778619087,12330.2720120812
output_noise,reward3_gienv,DQN reward3 GIenv,Results_DQN_reward3_train_GI_o/model,design,51,design_2,Design Rainfall 2,0.1,49,20570763,95,8101.066611096779,4017.3283889039158,12118.395000000695
output_noise,reward3_gienv,DQN reward3 GIenv,Results_DQN_reward3_train_GI_o/model,real,0,real_01,Real Rainfall 1,0.05,0,20665714,95,3896.3151484979253,1989.9009669651573,5886.216115463083
output_noise,reward3_gienv,DQN reward3 GIenv,Results_DQN_reward3_train_GI_o/model,real,0,real_01,Real Rainfall 1,0.05,1,20665715,95,3301.6090285322875,3395.912099484347,6697.521128016635
output_noise,reward3_gienv,DQN reward3 GIenv,Results_DQN_reward3_train_GI_o/model,real,0,real_01,Real Rainfall 1,0.05,2,20665716,95,3360.356622866872,3126.4349377533626,6486.791560620235
output_noise,reward3_gienv,DQN reward3 GIenv,Results_DQN_reward3_train_GI_o/model,real,0,real_01,Real Rainfall 1,0.05,3,20665717,95,3874.3538168376904,2600.886712482108,6475.240529319799
output_noise,reward3_gienv,DQN reward3 GIenv,Results_DQN_reward3_train_GI_o/model,real,0,real_01,Real Rainfall 1,0.05,4,20665718,95,3311.63857486693,2753.9816090145387,6065.620183881469
output_noise,reward3_gienv,DQN reward3 GIenv,Results_DQN_reward3_train_GI_o/model,real,0,real_01,Real Rainfall 1,0.05,5,20665719,95,3300.8494794888834,2756.880699478748,6057.730178967631
output_noise,reward3_gienv,DQN reward3 GIenv,Results_DQN_reward3_train_GI_o/model,real,0,real_01,Real Rainfall 1,0.05,6,20665720,95,3553.71157351053,2360.740973157032,5914.452546667562
output_noise,reward3_gienv,DQN reward3 GIenv,Results_DQN_reward3_train_GI_o/model,real,0,real_01,Real Rainfall 1,0.05,7,20665721,95,3547.3851175138357,2822.1669955983243,6369.55211311216
output_noise,reward3_gienv,DQN reward3 GIenv,Results_DQN_reward3_train_GI_o/model,real,0,real_01,Real Rainfall 1,0.05,8,20665722,95,3893.7644113208908,2001.4380100457663,5895.202421366657
output_noise,reward3_gienv,DQN reward3 GIenv,Results_DQN_reward3_train_GI_o/model,real,0,real_01,Real Rainfall 1,0.05,9,20665723,95,3544.8201098988266,2369.5881510098525,5914.408260908679
output_noise,reward3_gienv,DQN reward3 GIenv,Results_DQN_reward3_train_GI_o/model,real,0,real_01,Real Rainfall 1,0.05,10,20665724,95,4074.354199700926,1787.7184070351507,5862.0726067360765
output_noise,reward3_gienv,DQN reward3 GIenv,Results_DQN_reward3_train_GI_o/model,real,0,real_01,Real Rainfall 1,0.05,11,20665725,95,4106.747097108944,1786.7971319071235,5893.544229016068
output_noise,reward3_gienv,DQN reward3 GIenv,Results_DQN_reward3_train_GI_o/model,real,0,real_01,Real Rainfall 1,0.05,12,20665726,95,3552.189548345955,2613.221278975928,6165.410827321883
output_noise,reward3_gienv,DQN reward3 GIenv,Results_DQN_reward3_train_GI_o/model,real,0,real_01,Real Rainfall 1,0.05,13,20665727,95,3539.8349335791827,2375.8160300012883,5915.6509635804705
output_noise,reward3_gienv,DQN reward3 GIenv,Results_DQN_reward3_train_GI_o/model,real,0,real_01,Real Rainfall 1,0.05,14,20665728,95,3551.996754139446,2372.4308538849396,5924.427608024385
output_noise,reward3_gienv,DQN reward3 GIenv,Results_DQN_reward3_train_GI_o/model,real,0,real_01,Real Rainfall 1,0.05,15,20665729,95,3525.511913866854,3106.5496442381723,6632.061558105026
output_noise,reward3_gienv,DQN reward3 GIenv,Results_DQN_reward3_train_GI_o/model,real,0,real_01,Real Rainfall 1,0.05,16,20665730,95,3900.5884644987086,1985.2756525049713,5885.86411700368
output_noise,reward3_gienv,DQN reward3 GIenv,Results_DQN_reward3_train_GI_o/model,real,0,real_01,Real Rainfall 1,0.05,17,20665731,95,3311.453077503145,3216.7469724028024,6528.200049905947
output_noise,reward3_gienv,DQN reward3 GIenv,Results_DQN_reward3_train_GI_o/model,real,0,real_01,Real Rainfall 1,0.05,18,20665732,95,3907.5731948421007,2303.1083298541535,6210.681524696254
output_noise,reward3_gienv,DQN reward3 GIenv,Results_DQN_reward3_train_GI_o/model,real,0,real_01,Real Rainfall 1,0.05,19,20665733,95,4116.653794610482,1789.2586703933848,5905.912465003867
output_noise,reward3_gienv,DQN reward3 GIenv,Results_DQN_reward3_train_GI_o/model,real,0,real_01,Real Rainfall 1,0.05,20,20665734,95,3357.415308652263,2952.602693710856,6310.018002363118
output_noise,reward3_gienv,DQN reward3 GIenv,Results_DQN_reward3_train_GI_o/model,real,0,real_01,Real Rainfall 1,0.05,21,20665735,95,3322.5807653602137,2756.2263156129266,6078.80708097314
output_noise,reward3_gienv,DQN reward3 GIenv,Results_DQN_reward3_train_GI_o/model,real,0,real_01,Real Rainfall 1,0.05,22,20665736,95,3323.503782098188,2746.418900668555,6069.922682766743
output_noise,reward3_gienv,DQN reward3 GIenv,Results_DQN_reward3_train_GI_o/model,real,0,real_01,Real Rainfall 1,0.05,23,20665737,95,3317.0126641183783,2761.294836830456,6078.307500948835
output_noise,reward3_gienv,DQN reward3 GIenv,Results_DQN_reward3_train_GI_o/model,real,0,real_01,Real Rainfall 1,0.05,24,20665738,95,3308.4095860556577,2752.4559498892286,6060.865535944886
output_noise,reward3_gienv,DQN reward3 GIenv,Results_DQN_reward3_train_GI_o/model,real,0,real_01,Real Rainfall 1,0.05,25,20665739,95,4097.513401726576,2302.871740489667,6400.385142216243
output_noise,reward3_gienv,DQN reward3 GIenv,Results_DQN_reward3_train_GI_o/model,real,0,real_01,Real Rainfall 1,0.05,26,20665740,95,4111.353592638576,1786.79887950211,5898.152472140686
output_noise,reward3_gienv,DQN reward3 GIenv,Results_DQN_reward3_train_GI_o/model,real,0,real_01,Real Rainfall 1,0.05,27,20665741,95,3892.4659242841913,1990.508285010585,5882.974209294776
output_noise,reward3_gienv,DQN reward3 GIenv,Results_DQN_reward3_train_GI_o/model,real,0,real_01,Real Rainfall 1,0.05,28,20665742,95,3618.8651142563267,2663.313380588889,6282.178494845215
output_noise,reward3_gienv,DQN reward3 GIenv,Results_DQN_reward3_train_GI_o/model,real,0,real_01,Real Rainfall 1,0.05,29,20665743,95,3903.254639274477,2625.4451168981436,6528.69975617262
output_noise,reward3_gienv,DQN reward3 GIenv,Results_DQN_reward3_train_GI_o/model,real,0,real_01,Real Rainfall 1,0.05,30,20665744,95,3558.3001187859318,2833.3295667349166,6391.629685520848
output_noise,reward3_gienv,DQN reward3 GIenv,Results_DQN_reward3_train_GI_o/model,real,0,real_01,Real Rainfall 1,0.05,31,20665745,95,3308.786767331573,2756.467097931867,6065.25386526344
output_noise,reward3_gienv,DQN reward3 GIenv,Results_DQN_reward3_train_GI_o/model,real,0,real_01,Real Rainfall 1,0.05,32,20665746,95,3549.0705820703797,2589.5607859917445,6138.631368062124
output_noise,reward3_gienv,DQN reward3 GIenv,Results_DQN_reward3_train_GI_o/model,real,0,real_01,Real Rainfall 1,0.05,33,20665747,95,3339.4913625570534,2969.709362203531,6309.200724760584
output_noise,reward3_gienv,DQN reward3 GIenv,Results_DQN_reward3_train_GI_o/model,real,0,real_01,Real Rainfall 1,0.05,34,20665748,95,3901.8528640598674,2646.9438989904684,6548.796763050335
output_noise,reward3_gienv,DQN reward3 GIenv,Results_DQN_reward3_train_GI_o/model,real,0,real_01,Real Rainfall 1,0.05,35,20665749,95,3319.4071969618612,2988.5113815483405,6307.918578510202
output_noise,reward3_gienv,DQN reward3 GIenv,Results_DQN_reward3_train_GI_o/model,real,0,real_01,Real Rainfall 1,0.05,36,20665750,95,2846.650411629484,3844.9893489149836,6691.639760544467
output_noise,reward3_gienv,DQN reward3 GIenv,Results_DQN_reward3_train_GI_o/model,real,0,real_01,Real Rainfall 1,0.05,37,20665751,95,3567.757945117319,2596.770432377208,6164.528377494527
output_noise,reward3_gienv,DQN reward3 GIenv,Results_DQN_reward3_train_GI_o/model,real,0,real_01,Real Rainfall 1,0.05,38,20665752,95,4112.273398709456,1795.453552717232,5907.726951426688
output_noise,reward3_gienv,DQN reward3 GIenv,Results_DQN_reward3_train_GI_o/model,real,0,real_01,Real Rainfall 1,0.05,39,20665753,95,3411.9493082444305,3137.324246905733,6549.273555150164
output_noise,reward3_gienv,DQN reward3 GIenv,Results_DQN_reward3_train_GI_o/model,real,0,real_01,Real Rainfall 1,0.05,40,20665754,95,3321.320447279305,2988.6170346302097,6309.937481909515
output_noise,reward3_gienv,DQN reward3 GIenv,Results_DQN_reward3_train_GI_o/model,real,0,real_01,Real Rainfall 1,0.05,41,20665755,95,4120.268322918225,1793.8051334540155,5914.07345637224
output_noise,reward3_gienv,DQN reward3 GIenv,Results_DQN_reward3_train_GI_o/model,real,0,real_01,Real Rainfall 1,0.05,42,20665756,95,3562.056854236099,2365.9272989685282,5927.984153204627
output_noise,reward3_gienv,DQN reward3 GIenv,Results_DQN_reward3_train_GI_o/model,real,0,real_01,Real Rainfall 1,0.05,43,20665757,95,3548.4036232924914,2368.296575576838,5916.70019886933
output_noise,reward3_gienv,DQN reward3 GIenv,Results_DQN_reward3_train_GI_o/model,real,0,real_01,Real Rainfall 1,0.05,44,20665758,95,3313.9104727302665,2767.393209574052,6081.3036823043185
output_noise,reward3_gienv,DQN reward3 GIenv,Results_DQN_reward3_train_GI_o/model,real,0,real_01,Real Rainfall 1,0.05,45,20665759,95,4138.872262568807,2015.6655024765594,6154.5377650453665
output_noise,reward3_gienv,DQN reward3 GIenv,Results_DQN_reward3_train_GI_o/model,real,0,real_01,Real Rainfall 1,0.05,46,20665760,95,3544.6811940561092,3004.85651504404,6549.537709100149
output_noise,reward3_gienv,DQN reward3 GIenv,Results_DQN_reward3_train_GI_o/model,real,0,real_01,Real Rainfall 1,0.05,47,20665761,95,3577.951426197679,2578.944444660582,6156.895870858261
output_noise,reward3_gienv,DQN reward3 GIenv,Results_DQN_reward3_train_GI_o/model,real,0,real_01,Real Rainfall 1,0.05,48,20665762,95,3315.5256186857473,3005.632261576676,6321.157880262423
output_noise,reward3_gienv,DQN reward3 GIenv,Results_DQN_reward3_train_GI_o/model,real,0,real_01,Real Rainfall 1,0.05,49,20665763,95,4146.284712584151,2008.1343466947483,6154.419059278899
output_noise,reward3_gienv,DQN reward3 GIenv,Results_DQN_reward3_train_GI_o/model,real,0,real_01,Real Rainfall 1,0.1,0,20670714,95,3340.4952255716057,2975.344821956138,6315.840047527743
output_noise,reward3_gienv,DQN reward3 GIenv,Results_DQN_reward3_train_GI_o/model,real,0,real_01,Real Rainfall 1,0.1,1,20670715,95,4122.042160758843,1804.6499274157743,5926.692088174617
output_noise,reward3_gienv,DQN reward3 GIenv,Results_DQN_reward3_train_GI_o/model,real,0,real_01,Real Rainfall 1,0.1,2,20670716,95,3898.0489989494326,2005.4847986841828,5903.533797633616
output_noise,reward3_gienv,DQN reward3 GIenv,Results_DQN_reward3_train_GI_o/model,real,0,real_01,Real Rainfall 1,0.1,3,20670717,95,3583.7209512063073,2376.9740633426854,5960.695014548993
output_noise,reward3_gienv,DQN reward3 GIenv,Results_DQN_reward3_train_GI_o/model,real,0,real_01,Real Rainfall 1,0.1,4,20670718,95,3568.260882239618,2388.034785766101,5956.295668005719
output_noise,reward3_gienv,DQN reward3 GIenv,Results_DQN_reward3_train_GI_o/model,real,0,real_01,Real Rainfall 1,0.1,5,20670719,95,3922.7024228133946,2608.805210243218,6531.507633056613
output_noise,reward3_gienv,DQN reward3 GIenv,Results_DQN_reward3_train_GI_o/model,real,0,real_01,Real Rainfall 1,0.1,6,20670720,95,3586.7410068007603,2560.8388030811075,6147.579809881868
output_noise,reward3_gienv,DQN reward3 GIenv,Results_DQN_reward3_train_GI_o/model,real,0,real_01,Real Rainfall 1,0.1,7,20670721,95,3578.701974861546,2596.001947042032,6174.703921903578
output_noise,reward3_gienv,DQN reward3 GIenv,Results_DQN_reward3_train_GI_o/model,real,0,real_01,Real Rainfall 1,0.1,8,20670722,95,3347.9893378691536,2981.0728720852267,6329.06220995438
output_noise,reward3_gienv,DQN reward3 GIenv,Results_DQN_reward3_train_GI_o/model,real,0,real_01,Real Rainfall 1,0.1,9,20670723,95,3586.6598429412757,2744.7729439262293,6331.432786867505
output_noise,reward3_gienv,DQN reward3 GIenv,Results_DQN_reward3_train_GI_o/model,real,0,real_01,Real Rainfall 1,0.1,10,20670724,95,4117.899509243768,2442.369466994721,6560.268976238489
output_noise,reward3_gienv,DQN reward3 GIenv,Results_DQN_reward3_train_GI_o/model,real,0,real_01,Real Rainfall 1,0.1,11,20670725,95,3621.1460777036777,2926.4168298445056,6547.562907548183
output_noise,reward3_gienv,DQN reward3 GIenv,Results_DQN_reward3_train_GI_o/model,real,0,real_01,Real Rainfall 1,0.1,12,20670726,95,4131.915041632204,2420.967722527044,6552.882764159247
output_noise,reward3_gienv,DQN reward3 GIenv,Results_DQN_reward3_train_GI_o/model,real,0,real_01,Real Rainfall 1,0.1,13,20670727,95,3932.7103754638697,1977.2076599364163,5909.918035400286
output_noise,reward3_gienv,DQN reward3 GIenv,Results_DQN_reward3_train_GI_o/model,real,0,real_01,Real Rainfall 1,0.1,14,20670728,95,3567.350517649557,2864.6488541156677,6431.999371765225
output_noise,reward3_gienv,DQN reward3 GIenv,Results_DQN_reward3_train_GI_o/model,real,0,real_01,Real Rainfall 1,0.1,15,20670729,95,3910.7813774992337,2816.679633020654,6727.461010519888
output_noise,reward3_gienv,DQN reward3 GIenv,Results_DQN_reward3_train_GI_o/model,real,0,real_01,Real Rainfall 1,0.1,16,20670730,95,3916.068177071749,2619.526242529945,6535.5944196016935
output_noise,reward3_gienv,DQN reward3 GIenv,Results_DQN_reward3_train_GI_o/model,real,0,real_01,Real Rainfall 1,0.1,17,20670731,95,3649.095557736204,2609.18014217156,6258.275699907764
output_noise,reward3_gienv,DQN reward3 GIenv,Results_DQN_reward3_train_GI_o/model,real,0,real_01,Real Rainfall 1,0.1,18,20670732,95,3584.748917439894,2563.172937310957,6147.921854750851
output_noise,reward3_gienv,DQN reward3 GIenv,Results_DQN_reward3_train_GI_o/model,real,0,real_01,Real Rainfall 1,0.1,19,20670733,95,4166.880138756817,2619.801163688836,6786.681302445653
output_noise,reward3_gienv,DQN reward3 GIenv,Results_DQN_reward3_train_GI_o/model,real,0,real_01,Real Rainfall 1,0.1,20,20670734,95,4149.72232295937,1796.160907420318,5945.883230379688
output_noise,reward3_gienv,DQN reward3 GIenv,Results_DQN_reward3_train_GI_o/model,real,0,real_01,Real Rainfall 1,0.1,21,20670735,95,3594.3358181818476,2577.593310633619,6171.929128815466
output_noise,reward3_gienv,DQN reward3 GIenv,Results_DQN_reward3_train_GI_o/model,real,0,real_01,Real Rainfall 1,0.1,22,20670736,95,3567.3780434211476,2606.8073717044745,6174.185415125622
output_noise,reward3_gienv,DQN reward3 GIenv,Results_DQN_reward3_train_GI_o/model,real,0,real_01,Real Rainfall 1,0.1,23,20670737,95,3574.0825280157633,2598.6658192298155,6172.748347245579
output_noise,reward3_gienv,DQN reward3 GIenv,Results_DQN_reward3_train_GI_o/model,real,0,real_01,Real Rainfall 1,0.1,24,20670738,95,3905.6222602955163,2231.7336204559715,6137.355880751487
output_noise,reward3_gienv,DQN reward3 GIenv,Results_DQN_reward3_train_GI_o/model,real,0,real_01,Real Rainfall 1,0.1,25,20670739,95,3089.737212660875,3184.545372451822,6274.282585112696
output_noise,reward3_gienv,DQN reward3 GIenv,Results_DQN_reward3_train_GI_o/model,real,0,real_01,Real Rainfall 1,0.1,26,20670740,95,3351.751587975232,3361.7964248079,6713.548012783132
output_noise,reward3_gienv,DQN reward3 GIenv,Results_DQN_reward3_train_GI_o/model,real,0,real_01,Real Rainfall 1,0.1,27,20670741,95,3153.7969797703677,2948.225038549136,6102.022018319503
output_noise,reward3_gienv,DQN reward3 GIenv,Results_DQN_reward3_train_GI_o/model,real,0,real_01,Real Rainfall 1,0.1,28,20670742,95,4190.27010640282,2371.7415746946326,6562.011681097452
output_noise,reward3_gienv,DQN reward3 GIenv,Results_DQN_reward3_train_GI_o/model,real,0,real_01,Real Rainfall 1,0.1,29,20670743,95,3323.908499203505,2772.2789542024643,6096.18745340597
output_noise,reward3_gienv,DQN reward3 GIenv,Results_DQN_reward3_train_GI_o/model,real,0,real_01,Real Rainfall 1,0.1,30,20670744,95,4160.727656065179,2034.1054841153023,6194.833140180481
output_noise,reward3_gienv,DQN reward3 GIenv,Results_DQN_reward3_train_GI_o/model,real,0,real_01,Real Rainfall 1,0.1,31,20670745,95,3610.4019022371162,2598.2937873570486,6208.695689594165
output_noise,reward3_gienv,DQN reward3 GIenv,Results_DQN_reward3_train_GI_o/model,real,0,real_01,Real Rainfall 1,0.1,32,20670746,95,3595.0277661404825,2789.8181575815106,6384.845923721993
output_noise,reward3_gienv,DQN reward3 GIenv,Results_DQN_reward3_train_GI_o/model,real,0,real_01,Real Rainfall 1,0.1,33,20670747,95,3373.9103156862298,2961.2284365371415,6335.138752223371
output_noise,reward3_gienv,DQN reward3 GIenv,Results_DQN_reward3_train_GI_o/model,real,0,real_01,Real Rainfall 1,0.1,34,20670748,95,3941.8407116248277,1981.755245140865,5923.595956765693
output_noise,reward3_gienv,DQN reward3 GIenv,Results_DQN_reward3_train_GI_o/model,real,0,real_01,Real Rainfall 1,0.1,35,20670749,95,3541.4034428129135,2647.7389859731074,6189.142428786021
output_noise,reward3_gienv,DQN reward3 GIenv,Results_DQN_reward3_train_GI_o/model,real,0,real_01,Real Rainfall 1,0.1,36,20670750,95,3589.0289067746903,2993.867836176573,6582.896742951263
output_noise,reward3_gienv,DQN reward3 GIenv,Results_DQN_reward3_train_GI_o/model,real,0,real_01,Real Rainfall 1,0.1,37,20670751,95,4129.732815587275,2045.358316814406,6175.091132401681
output_noise,reward3_gienv,DQN reward3 GIenv,Results_DQN_reward3_train_GI_o/model,real,0,real_01,Real Rainfall 1,0.1,38,20670752,95,3592.923838692919,2894.9320163823118,6487.855855075231
output_noise,reward3_gienv,DQN reward3 GIenv,Results_DQN_reward3_train_GI_o/model,real,0,real_01,Real Rainfall 1,0.1,39,20670753,95,4002.4194601296135,2166.1220326811067,6168.54149281072
output_noise,reward3_gienv,DQN reward3 GIenv,Results_DQN_reward3_train_GI_o/model,real,0,real_01,Real Rainfall 1,0.1,40,20670754,95,4109.531035269541,1805.7867050955433,5915.317740365084
output_noise,reward3_gienv,DQN reward3 GIenv,Results_DQN_reward3_train_GI_o/model,real,0,real_01,Real Rainfall 1,0.1,41,20670755,95,4114.3126187856105,1780.9949766333293,5895.30759541894
output_noise,reward3_gienv,DQN reward3 GIenv,Results_DQN_reward3_train_GI_o/model,real,0,real_01,Real Rainfall 1,0.1,42,20670756,95,3665.202104248287,2494.489823706802,6159.691927955089
output_noise,reward3_gienv,DQN reward3 GIenv,Results_DQN_reward3_train_GI_o/model,real,0,real_01,Real Rainfall 1,0.1,43,20670757,95,3348.240100965992,2747.40200566758,6095.6421066335715
output_noise,reward3_gienv,DQN reward3 GIenv,Results_DQN_reward3_train_GI_o/model,real,0,real_01,Real Rainfall 1,0.1,44,20670758,95,4200.355904289385,2118.9580368595257,6319.31394114891
output_noise,reward3_gienv,DQN reward3 GIenv,Results_DQN_reward3_train_GI_o/model,real,0,real_01,Real Rainfall 1,0.1,45,20670759,95,3588.503192044621,2588.810531011893,6177.3137230565135
output_noise,reward3_gienv,DQN reward3 GIenv,Results_DQN_reward3_train_GI_o/model,real,0,real_01,Real Rainfall 1,0.1,46,20670760,95,3557.31443864068,2995.1510817376416,6552.465520378321
output_noise,reward3_gienv,DQN reward3 GIenv,Results_DQN_reward3_train_GI_o/model,real,0,real_01,Real Rainfall 1,0.1,47,20670761,95,3582.636613730227,2950.4503265388016,6533.086940269029
output_noise,reward3_gienv,DQN reward3 GIenv,Results_DQN_reward3_train_GI_o/model,real,0,real_01,Real Rainfall 1,0.1,48,20670762,95,3577.252836614982,2641.448685093166,6218.701521708148
output_noise,reward3_gienv,DQN reward3 GIenv,Results_DQN_reward3_train_GI_o/model,real,0,real_01,Real Rainfall 1,0.1,49,20670763,95,2860.0080067555214,4468.1265017207315,7328.134508476252
output_noise,reward3_gienv,DQN reward3 GIenv,Results_DQN_reward3_train_GI_o/model,real,1,real_02,Real Rainfall 2,0.05,0,20765714,95,1318.9040499159953,1905.2965836260705,3224.2006335420656
output_noise,reward3_gienv,DQN reward3 GIenv,Results_DQN_reward3_train_GI_o/model,real,1,real_02,Real Rainfall 2,0.05,1,20765715,95,945.5096908688762,2045.346823322131,2990.856514191007
output_noise,reward3_gienv,DQN reward3 GIenv,Results_DQN_reward3_train_GI_o/model,real,1,real_02,Real Rainfall 2,0.05,2,20765716,95,1166.4200755192728,2554.1036568559293,3720.523732375202
output_noise,reward3_gienv,DQN reward3 GIenv,Results_DQN_reward3_train_GI_o/model,real,1,real_02,Real Rainfall 2,0.05,3,20765717,95,882.826680218208,2443.792862107772,3326.61954232598
output_noise,reward3_gienv,DQN reward3 GIenv,Results_DQN_reward3_train_GI_o/model,real,1,real_02,Real Rainfall 2,0.05,4,20765718,95,857.8248758108133,2399.939046557643,3257.7639223684564
output_noise,reward3_gienv,DQN reward3 GIenv,Results_DQN_reward3_train_GI_o/model,real,1,real_02,Real Rainfall 2,0.05,5,20765719,95,846.871948584832,2453.5215371659137,3300.3934857507456
output_noise,reward3_gienv,DQN reward3 GIenv,Results_DQN_reward3_train_GI_o/model,real,1,real_02,Real Rainfall 2,0.05,6,20765720,95,1174.2297522974927,2639.9086218460025,3814.138374143495
output_noise,reward3_gienv,DQN reward3 GIenv,Results_DQN_reward3_train_GI_o/model,real,1,real_02,Real Rainfall 2,0.05,7,20765721,95,1292.509144951367,2253.512852921566,3546.021997872933
output_noise,reward3_gienv,DQN reward3 GIenv,Results_DQN_reward3_train_GI_o/model,real,1,real_02,Real Rainfall 2,0.05,8,20765722,95,876.3700840910672,2432.1215090418227,3308.4915931328896
output_noise,reward3_gienv,DQN reward3 GIenv,Results_DQN_reward3_train_GI_o/model,real,1,real_02,Real Rainfall 2,0.05,9,20765723,95,876.873625079611,2540.5629601397036,3417.4365852193146
output_noise,reward3_gienv,DQN reward3 GIenv,Results_DQN_reward3_train_GI_o/model,real,1,real_02,Real Rainfall 2,0.05,10,20765724,95,1169.1961023466488,2606.0607134090956,3775.2568157557444
output_noise,reward3_gienv,DQN reward3 GIenv,Results_DQN_reward3_train_GI_o/model,real,1,real_02,Real Rainfall 2,0.05,11,20765725,95,1254.5097115821375,2444.5721741451875,3699.0818857273252
output_noise,reward3_gienv,DQN reward3 GIenv,Results_DQN_reward3_train_GI_o/model,real,1,real_02,Real Rainfall 2,0.05,12,20765726,95,843.7688157880269,2435.2740135001523,3279.0428292881793
output_noise,reward3_gienv,DQN reward3 GIenv,Results_DQN_reward3_train_GI_o/model,real,1,real_02,Real Rainfall 2,0.05,13,20765727,95,871.4073984272738,2842.5350724617074,3713.942470888981
output_noise,reward3_gienv,DQN reward3 GIenv,Results_DQN_reward3_train_GI_o/model,real,1,real_02,Real Rainfall 2,0.05,14,20765728,95,881.7065362856033,2342.0554264441885,3223.761962729792
output_noise,reward3_gienv,DQN reward3 GIenv,Results_DQN_reward3_train_GI_o/model,real,1,real_02,Real Rainfall 2,0.05,15,20765729,95,1254.299810475824,2437.51821431516,3691.818024790984
output_noise,reward3_gienv,DQN reward3 GIenv,Results_DQN_reward3_train_GI_o/model,real,1,real_02,Real Rainfall 2,0.05,16,20765730,95,878.9503451393754,2526.6055339948316,3405.555879134207
output_noise,reward3_gienv,DQN reward3 GIenv,Results_DQN_reward3_train_GI_o/model,real,1,real_02,Real Rainfall 2,0.05,17,20765731,95,849.728539868307,2470.9278447808056,3320.6563846491126
output_noise,reward3_gienv,DQN reward3 GIenv,Results_DQN_reward3_train_GI_o/model,real,1,real_02,Real Rainfall 2,0.05,18,20765732,95,885.9783887738877,2348.694255872986,3234.672644646874
output_noise,reward3_gienv,DQN reward3 GIenv,Results_DQN_reward3_train_GI_o/model,real,1,real_02,Real Rainfall 2,0.05,19,20765733,95,1258.0150580846846,2536.780912532659,3794.7959706173433
output_noise,reward3_gienv,DQN reward3 GIenv,Results_DQN_reward3_train_GI_o/model,real,1,real_02,Real Rainfall 2,0.05,20,20765734,95,872.1843052586984,2837.7578603175884,3709.9421655762867
output_noise,reward3_gienv,DQN reward3 GIenv,Results_DQN_reward3_train_GI_o/model,real,1,real_02,Real Rainfall 2,0.05,21,20765735,95,1171.0918700393213,2604.5908574428922,3775.6827274822135
output_noise,reward3_gienv,DQN reward3 GIenv,Results_DQN_reward3_train_GI_o/model,real,1,real_02,Real Rainfall 2,0.05,22,20765736,95,1266.4661292603935,2208.591476862825,3475.0576061232186
output_noise,reward3_gienv,DQN reward3 GIenv,Results_DQN_reward3_train_GI_o/model,real,1,real_02,Real Rainfall 2,0.05,23,20765737,95,1314.3605809296678,1874.2956918767707,3188.656272806438
output_noise,reward3_gienv,DQN reward3 GIenv,Results_DQN_reward3_train_GI_o/model,real,1,real_02,Real Rainfall 2,0.05,24,20765738,95,1453.4995997468577,1523.4634512265964,2976.9630509734543
output_noise,reward3_gienv,DQN reward3 GIenv,Results_DQN_reward3_train_GI_o/model,real,1,real_02,Real Rainfall 2,0.05,25,20765739,95,871.5820725019752,2400.507301887197,3272.0893743891725
output_noise,reward3_gienv,DQN reward3 GIenv,Results_DQN_reward3_train_GI_o/model,real,1,real_02,Real Rainfall 2,0.05,26,20765740,95,1064.0336847872538,2641.5154508450623,3705.5491356323164
output_noise,reward3_gienv,DQN reward3 GIenv,Results_DQN_reward3_train_GI_o/model,real,1,real_02,Real Rainfall 2,0.05,27,20765741,95,1324.1903182444444,1914.6124354248013,3238.8027536692457
output_noise,reward3_gienv,DQN reward3 GIenv,Results_DQN_reward3_train_GI_o/model,real,1,real_02,Real Rainfall 2,0.05,28,20765742,95,877.2747340485934,2546.980957016287,3424.2556910648805
output_noise,reward3_gienv,DQN reward3 GIenv,Results_DQN_reward3_train_GI_o/model,real,1,real_02,Real Rainfall 2,0.05,29,20765743,95,874.0065817767917,2840.4055216443267,3714.4121034211184
output_noise,reward3_gienv,DQN reward3 GIenv,Results_DQN_reward3_train_GI_o/model,real,1,real_02,Real Rainfall 2,0.05,30,20765744,95,882.8143364445276,2524.1061619573243,3406.920498401852
output_noise,reward3_gienv,DQN reward3 GIenv,Results_DQN_reward3_train_GI_o/model,real,1,real_02,Real Rainfall 2,0.05,31,20765745,95,1322.659053428699,1907.2775446733601,3229.936598102059
output_noise,reward3_gienv,DQN reward3 GIenv,Results_DQN_reward3_train_GI_o/model,real,1,real_02,Real Rainfall 2,0.05,32,20765746,95,871.9890927220882,2244.0718334163575,3116.0609261384457
output_noise,reward3_gienv,DQN reward3 GIenv,Results_DQN_reward3_train_GI_o/model,real,1,real_02,Real Rainfall 2,0.05,33,20765747,95,874.7519845298777,2330.72329206015,3205.4752765900275
output_noise,reward3_gienv,DQN reward3 GIenv,Results_DQN_reward3_train_GI_o/model,real,1,real_02,Real Rainfall 2,0.05,34,20765748,95,1139.3002092258566,2180.433748319232,3319.7339575450887
output_noise,reward3_gienv,DQN reward3 GIenv,Results_DQN_reward3_train_GI_o/model,real,1,real_02,Real Rainfall 2,0.05,35,20765749,95,881.3173783909688,2434.961873746283,3316.2792521372517
output_noise,reward3_gienv,DQN reward3 GIenv,Results_DQN_reward3_train_GI_o/model,real,1,real_02,Real Rainfall 2,0.05,36,20765750,95,1230.1661832812454,3177.680700941798,4407.846884223043
output_noise,reward3_gienv,DQN reward3 GIenv,Results_DQN_reward3_train_GI_o/model,real,1,real_02,Real Rainfall 2,0.05,37,20765751,95,1314.251725291512,2100.5042519476865,3414.7559772391987
output_noise,reward3_gienv,DQN reward3 GIenv,Results_DQN_reward3_train_GI_o/model,real,1,real_02,Real Rainfall 2,0.05,38,20765752,95,1239.4979210305412,2226.710006479129,3466.2079275096703
output_noise,reward3_gienv,DQN reward3 GIenv,Results_DQN_reward3_train_GI_o/model,real,1,real_02,Real Rainfall 2,0.05,39,20765753,95,1270.5694223482644,2889.5742651332657,4160.14368748153
output_noise,reward3_gienv,DQN reward3 GIenv,Results_DQN_reward3_train_GI_o/model,real,1,real_02,Real Rainfall 2,0.05,40,20765754,95,885.6552557389691,2438.0566776222663,3323.7119333612354
output_noise,reward3_gienv,DQN reward3 GIenv,Results_DQN_reward3_train_GI_o/model,real,1,real_02,Real Rainfall 2,0.05,41,20765755,95,890.1802232912863,2332.938297512396,3223.1185208036823
output_noise,reward3_gienv,DQN reward3 GIenv,Results_DQN_reward3_train_GI_o/model,real,1,real_02,Real Rainfall 2,0.05,42,20765756,95,944.5174744428494,2043.298825519982,2987.8162999628316
output_noise,reward3_gienv,DQN reward3 GIenv,Results_DQN_reward3_train_GI_o/model,real,1,real_02,Real Rainfall 2,0.05,43,20765757,95,876.5500603032999,2436.7009676672324,3313.251027970532
output_noise,reward3_gienv,DQN reward3 GIenv,Results_DQN_reward3_train_GI_o/model,real,1,real_02,Real Rainfall 2,0.05,44,20765758,95,1319.2210592087386,1865.7235128119214,3184.94457202066
output_noise,reward3_gienv,DQN reward3 GIenv,Results_DQN_reward3_train_GI_o/model,real,1,real_02,Real Rainfall 2,0.05,45,20765759,95,872.713985393235,3496.7836895717214,4369.497674964957
output_noise,reward3_gienv,DQN reward3 GIenv,Results_DQN_reward3_train_GI_o/model,real,1,real_02,Real Rainfall 2,0.05,46,20765760,95,879.8232874073589,2388.3855143801106,3268.2088017874694
output_noise,reward3_gienv,DQN reward3 GIenv,Results_DQN_reward3_train_GI_o/model,real,1,real_02,Real Rainfall 2,0.05,47,20765761,95,1251.9523917698493,2443.00730068895,3694.9596924587995
output_noise,reward3_gienv,DQN reward3 GIenv,Results_DQN_reward3_train_GI_o/model,real,1,real_02,Real Rainfall 2,0.05,48,20765762,95,1327.6783870199763,2113.969685440968,3441.6480724609446
output_noise,reward3_gienv,DQN reward3 GIenv,Results_DQN_reward3_train_GI_o/model,real,1,real_02,Real Rainfall 2,0.05,49,20765763,95,878.660439456334,2542.4372581149023,3421.0976975712365
output_noise,reward3_gienv,DQN reward3 GIenv,Results_DQN_reward3_train_GI_o/model,real,1,real_02,Real Rainfall 2,0.1,0,20770714,95,1427.9916119534857,1859.8941529801118,3287.885764933598
output_noise,reward3_gienv,DQN reward3 GIenv,Results_DQN_reward3_train_GI_o/model,real,1,real_02,Real Rainfall 2,0.1,1,20770715,95,899.8631160123908,2365.3847844178667,3265.2479004302577
output_noise,reward3_gienv,DQN reward3 GIenv,Results_DQN_reward3_train_GI_o/model,real,1,real_02,Real Rainfall 2,0.1,2,20770716,95,860.2072599548644,2344.855723731475,3205.062983686339
output_noise,reward3_gienv,DQN reward3 GIenv,Results_DQN_reward3_train_GI_o/model,real,1,real_02,Real Rainfall 2,0.1,3,20770717,95,868.2983029642892,3166.358842562485,4034.657145526774
output_noise,reward3_gienv,DQN reward3 GIenv,Results_DQN_reward3_train_GI_o/model,real,1,real_02,Real Rainfall 2,0.1,4,20770718,95,1450.1960903159845,1507.7368840496847,2957.932974365669
output_noise,reward3_gienv,DQN reward3 GIenv,Results_DQN_reward3_train_GI_o/model,real,1,real_02,Real Rainfall 2,0.1,5,20770719,95,847.3578361411805,2428.2263047773185,3275.584140918499
output_noise,reward3_gienv,DQN reward3 GIenv,Results_DQN_reward3_train_GI_o/model,real,1,real_02,Real Rainfall 2,0.1,6,20770720,95,1276.3298386783342,2228.8790501226777,3505.208888801012
output_noise,reward3_gienv,DQN reward3 GIenv,Results_DQN_reward3_train_GI_o/model,real,1,real_02,Real Rainfall 2,0.1,7,20770721,95,805.710457434785,2402.653347711058,3208.363805145843
output_noise,reward3_gienv,DQN reward3 GIenv,Results_DQN_reward3_train_GI_o/model,real,1,real_02,Real Rainfall 2,0.1,8,20770722,95,855.6561416632503,2506.7681311161336,3362.424272779384
output_noise,reward3_gienv,DQN reward3 GIenv,Results_DQN_reward3_train_GI_o/model,real,1,real_02,Real Rainfall 2,0.1,9,20770723,95,860.491583139896,2557.980670503729,3418.4722536436248
output_noise,reward3_gienv,DQN reward3 GIenv,Results_DQN_reward3_train_GI_o/model,real,1,real_02,Real Rainfall 2,0.1,10,20770724,95,1311.6530375938764,2300.5225914038,3612.1756289976765
output_noise,reward3_gienv,DQN reward3 GIenv,Results_DQN_reward3_train_GI_o/model,real,1,real_02,Real Rainfall 2,0.1,11,20770725,95,887.0883435169602,2418.2950149354524,3305.3833584524127
output_noise,reward3_gienv,DQN reward3 GIenv,Results_DQN_reward3_train_GI_o/model,real,1,real_02,Real Rainfall 2,0.1,12,20770726,95,851.0470743242312,2536.1398099177004,3387.1868842419317
output_noise,reward3_gienv,DQN reward3 GIenv,Results_DQN_reward3_train_GI_o/model,real,1,real_02,Real Rainfall 2,0.1,13,20770727,95,809.739802180057,2393.929563110779,3203.669365290836
output_noise,reward3_gienv,DQN reward3 GIenv,Results_DQN_reward3_train_GI_o/model,real,1,real_02,Real Rainfall 2,0.1,14,20770728,95,896.5857788291913,2378.482449158292,3275.0682279874836
output_noise,reward3_gienv,DQN reward3 GIenv,Results_DQN_reward3_train_GI_o/model,real,1,real_02,Real Rainfall 2,0.1,15,20770729,95,1141.6695893107417,2176.583710788253,3318.2533000989947
output_noise,reward3_gienv,DQN reward3 GIenv,Results_DQN_reward3_train_GI_o/model,real,1,real_02,Real Rainfall 2,0.1,16,20770730,95,955.1391852138545,2574.4810400185506,3529.620225232405
output_noise,reward3_gienv,DQN reward3 GIenv,Results_DQN_reward3_train_GI_o/model,real,1,real_02,Real Rainfall 2,0.1,17,20770731,95,835.0318421359632,2452.8654866291035,3287.897328765067
output_noise,reward3_gienv,DQN reward3 GIenv,Results_DQN_reward3_train_GI_o/model,real,1,real_02,Real Rainfall 2,0.1,18,20770732,95,866.6667766625527,2495.7212434671665,3362.3880201297193
output_noise,reward3_gienv,DQN reward3 GIenv,Results_DQN_reward3_train_GI_o/model,real,1,real_02,Real Rainfall 2,0.1,19,20770733,95,898.0124918595302,2641.753873579139,3539.7663654386693
output_noise,reward3_gienv,DQN reward3 GIenv,Results_DQN_reward3_train_GI_o/model,real,1,real_02,Real Rainfall 2,0.1,20,20770734,95,872.7956756976681,2548.806503376565,3421.6021790742334
output_noise,reward3_gienv,DQN reward3 GIenv,Results_DQN_reward3_train_GI_o/model,real,1,real_02,Real Rainfall 2,0.1,21,20770735,95,873.423779076286,2345.23376232149,3218.6575413977757
output_noise,reward3_gienv,DQN reward3 GIenv,Results_DQN_reward3_train_GI_o/model,real,1,real_02,Real Rainfall 2,0.1,22,20770736,95,802.3504625747732,2378.203808693445,3180.554271268218
output_noise,reward3_gienv,DQN reward3 GIenv,Results_DQN_reward3_train_GI_o/model,real,1,real_02,Real Rainfall 2,0.1,23,20770737,95,848.6941710968117,2564.7682600931753,3413.462431189987
output_noise,reward3_gienv,DQN reward3 GIenv,Results_DQN_reward3_train_GI_o/model,real,1,real_02,Real Rainfall 2,0.1,24,20770738,95,897.5436397671091,2386.2851206954847,3283.828760462594
output_noise,reward3_gienv,DQN reward3 GIenv,Results_DQN_reward3_train_GI_o/model,real,1,real_02,Real Rainfall 2,0.1,25,20770739,95,827.621536652972,2390.176898387611,3217.798435040583
output_noise,reward3_gienv,DQN reward3 GIenv,Results_DQN_reward3_train_GI_o/model,real,1,real_02,Real Rainfall 2,0.1,26,20770740,95,872.910008168527,2386.5073376842247,3259.4173458527516
output_noise,reward3_gienv,DQN reward3 GIenv,Results_DQN_reward3_train_GI_o/model,real,1,real_02,Real Rainfall 2,0.1,27,20770741,95,1044.8998937557767,2026.1213708100263,3071.021264565803
output_noise,reward3_gienv,DQN reward3 GIenv,Results_DQN_reward3_train_GI_o/model,real,1,real_02,Real Rainfall 2,0.1,28,20770742,95,1063.0378078583276,2249.694665556657,3312.7324734149847
output_noise,reward3_gienv,DQN reward3 GIenv,Results_DQN_reward3_train_GI_o/model,real,1,real_02,Real Rainfall 2,0.1,29,20770743,95,886.9413184307913,2428.8924878842354,3315.833806315027
output_noise,reward3_gienv,DQN reward3 GIenv,Results_DQN_reward3_train_GI_o/model,real,1,real_02,Real Rainfall 2,0.1,30,20770744,95,1310.051528122287,2076.816998705217,3386.868526827504
output_noise,reward3_gienv,DQN reward3 GIenv,Results_DQN_reward3_train_GI_o/model,real,1,real_02,Real Rainfall 2,0.1,31,20770745,95,882.365749529221,2397.0015158996625,3279.3672654288835
output_noise,reward3_gienv,DQN reward3 GIenv,Results_DQN_reward3_train_GI_o/model,real,1,real_02,Real Rainfall 2,0.1,32,20770746,95,885.4284770972109,2428.5501673308313,3313.978644428042
output_noise,reward3_gienv,DQN reward3 GIenv,Results_DQN_reward3_train_GI_o/model,real,1,real_02,Real Rainfall 2,0.1,33,20770747,95,872.3179329016655,2340.2688396514113,3212.586772553077
output_noise,reward3_gienv,DQN reward3 GIenv,Results_DQN_reward3_train_GI_o/model,real,1,real_02,Real Rainfall 2,0.1,34,20770748,95,839.9469174059993,2553.979906603814,3393.9268240098136
output_noise,reward3_gienv,DQN reward3 GIenv,Results_DQN_reward3_train_GI_o/model,real,1,real_02,Real Rainfall 2,0.1,35,20770749,95,945.802247998605,2033.910419821074,2979.712667819679
output_noise,reward3_gienv,DQN reward3 GIenv,Results_DQN_reward3_train_GI_o/model,real,1,real_02,Real Rainfall 2,0.1,36,20770750,95,812.1784521703354,2630.6734161801614,3442.8518683504967
output_noise,reward3_gienv,DQN reward3 GIenv,Results_DQN_reward3_train_GI_o/model,real,1,real_02,Real Rainfall 2,0.1,37,20770751,95,882.4129805157816,2428.993039647928,3311.4060201637094
output_noise,reward3_gienv,DQN reward3 GIenv,Results_DQN_reward3_train_GI_o/model,real,1,real_02,Real Rainfall 2,0.1,38,20770752,95,803.1999960814035,2398.860792221778,3202.0607883031817
output_noise,reward3_gienv,DQN reward3 GIenv,Results_DQN_reward3_train_GI_o/model,real,1,real_02,Real Rainfall 2,0.1,39,20770753,95,820.0303019439965,2583.691153936904,3403.7214558809005
output_noise,reward3_gienv,DQN reward3 GIenv,Results_DQN_reward3_train_GI_o/model,real,1,real_02,Real Rainfall 2,0.1,40,20770754,95,1279.6455980850417,2206.033097033521,3485.6786951185622
output_noise,reward3_gienv,DQN reward3 GIenv,Results_DQN_reward3_train_GI_o/model,real,1,real_02,Real Rainfall 2,0.1,41,20770755,95,864.5419123526457,2338.1913860615405,3202.7332984141863
output_noise,reward3_gienv,DQN reward3 GIenv,Results_DQN_reward3_train_GI_o/model,real,1,real_02,Real Rainfall 2,0.1,42,20770756,95,890.7715757060002,2426.2221541064573,3316.993729812458
output_noise,reward3_gienv,DQN reward3 GIenv,Results_DQN_reward3_train_GI_o/model,real,1,real_02,Real Rainfall 2,0.1,43,20770757,95,846.1066778108888,2459.934063744955,3306.040741555844
output_noise,reward3_gienv,DQN reward3 GIenv,Results_DQN_reward3_train_GI_o/model,real,1,real_02,Real Rainfall 2,0.1,44,20770758,95,1258.1605443118995,2410.423174932238,3668.5837192441377
output_noise,reward3_gienv,DQN reward3 GIenv,Results_DQN_reward3_train_GI_o/model,real,1,real_02,Real Rainfall 2,0.1,45,20770759,95,1326.500248162801,1905.1045154073918,3231.6047635701925
output_noise,reward3_gienv,DQN reward3 GIenv,Results_DQN_reward3_train_GI_o/model,real,1,real_02,Real Rainfall 2,0.1,46,20770760,95,1244.782740583364,2208.0776031768537,3452.860343760218
output_noise,reward3_gienv,DQN reward3 GIenv,Results_DQN_reward3_train_GI_o/model,real,1,real_02,Real Rainfall 2,0.1,47,20770761,95,852.8742667883423,2565.5791274103044,3418.4533941986465
output_noise,reward3_gienv,DQN reward3 GIenv,Results_DQN_reward3_train_GI_o/model,real,1,real_02,Real Rainfall 2,0.1,48,20770762,95,1323.5197937765233,1867.2415263839657,3190.761320160489
output_noise,reward3_gienv,DQN reward3 GIenv,Results_DQN_reward3_train_GI_o/model,real,1,real_02,Real Rainfall 2,0.1,49,20770763,95,1329.1053132014558,1897.600080408621,3226.7053936100765
output_noise,reward3_gienv,DQN reward3 GIenv,Results_DQN_reward3_train_GI_o/model,real,2,real_03,Real Rainfall 3,0.05,0,20865714,95,4124.177633766329,3672.8201139361877,7796.997747702517
output_noise,reward3_gienv,DQN reward3 GIenv,Results_DQN_reward3_train_GI_o/model,real,2,real_03,Real Rainfall 3,0.05,1,20865715,95,4237.609548308363,3916.228114395626,8153.837662703989
output_noise,reward3_gienv,DQN reward3 GIenv,Results_DQN_reward3_train_GI_o/model,real,2,real_03,Real Rainfall 3,0.05,2,20865716,95,4369.946316683128,3366.0699794339807,7736.016296117109
output_noise,reward3_gienv,DQN reward3 GIenv,Results_DQN_reward3_train_GI_o/model,real,2,real_03,Real Rainfall 3,0.05,3,20865717,95,4336.855448296741,3382.91961670235,7719.775064999091
output_noise,reward3_gienv,DQN reward3 GIenv,Results_DQN_reward3_train_GI_o/model,real,2,real_03,Real Rainfall 3,0.05,4,20865718,95,4469.972712022341,3948.6246866559914,8418.597398678332
output_noise,reward3_gienv,DQN reward3 GIenv,Results_DQN_reward3_train_GI_o/model,real,2,real_03,Real Rainfall 3,0.05,5,20865719,95,4446.064252050621,3377.288398640834,7823.352650691455
output_noise,reward3_gienv,DQN reward3 GIenv,Results_DQN_reward3_train_GI_o/model,real,2,real_03,Real Rainfall 3,0.05,6,20865720,95,4228.680209065672,3619.5890472171805,7848.269256282852
output_noise,reward3_gienv,DQN reward3 GIenv,Results_DQN_reward3_train_GI_o/model,real,2,real_03,Real Rainfall 3,0.05,7,20865721,95,4473.755048710839,3585.2007531883173,8058.9558018991565
output_noise,reward3_gienv,DQN reward3 GIenv,Results_DQN_reward3_train_GI_o/model,real,2,real_03,Real Rainfall 3,0.05,8,20865722,95,4304.910855951385,3644.509014899384,7949.419870850769
output_noise,reward3_gienv,DQN reward3 GIenv,Results_DQN_reward3_train_GI_o/model,real,2,real_03,Real Rainfall 3,0.05,9,20865723,95,4875.800210673232,3012.9421141678686,7888.7423248411005
output_noise,reward3_gienv,DQN reward3 GIenv,Results_DQN_reward3_train_GI_o/model,real,2,real_03,Real Rainfall 3,0.05,10,20865724,95,4421.050052654411,3747.5315697392034,8168.581622393614
output_noise,reward3_gienv,DQN reward3 GIenv,Results_DQN_reward3_train_GI_o/model,real,2,real_03,Real Rainfall 3,0.05,11,20865725,95,4410.776563388626,3806.533480472398,8217.310043861024
output_noise,reward3_gienv,DQN reward3 GIenv,Results_DQN_reward3_train_GI_o/model,real,2,real_03,Real Rainfall 3,0.05,12,20865726,95,4848.0626410145705,2782.2267358507584,7630.289376865328
output_noise,reward3_gienv,DQN reward3 GIenv,Results_DQN_reward3_train_GI_o/model,real,2,real_03,Real Rainfall 3,0.05,13,20865727,95,4477.0700971048445,3394.5170334091795,7871.5871305140245
output_noise,reward3_gienv,DQN reward3 GIenv,Results_DQN_reward3_train_GI_o/model,real,2,real_03,Real Rainfall 3,0.05,14,20865728,95,3905.733442496171,3151.438059800676,7057.171502296847
output_noise,reward3_gienv,DQN reward3 GIenv,Results_DQN_reward3_train_GI_o/model,real,2,real_03,Real Rainfall 3,0.05,15,20865729,95,4476.440261076997,4174.7454070225685,8651.185668099566
output_noise,reward3_gienv,DQN reward3 GIenv,Results_DQN_reward3_train_GI_o/model,real,2,real_03,Real Rainfall 3,0.05,16,20865730,95,4141.573087911271,3682.4813701404223,7824.054458051693
output_noise,reward3_gienv,DQN reward3 GIenv,Results_DQN_reward3_train_GI_o/model,real,2,real_03,Real Rainfall 3,0.05,17,20865731,95,4913.763878276995,2998.5465112915736,7912.310389568568
output_noise,reward3_gienv,DQN reward3 GIenv,Results_DQN_reward3_train_GI_o/model,real,2,real_03,Real Rainfall 3,0.05,18,20865732,95,4382.551339641282,3608.2753872532057,7990.826726894487
output_noise,reward3_gienv,DQN reward3 GIenv,Results_DQN_reward3_train_GI_o/model,real,2,real_03,Real Rainfall 3,0.05,19,20865733,95,4428.596264226857,3923.395956127182,8351.99222035404
output_noise,reward3_gienv,DQN reward3 GIenv,Results_DQN_reward3_train_GI_o/model,real,2,real_03,Real Rainfall 3,0.05,20,20865734,95,4489.873233215722,3359.9294972960915,7849.802730511814
output_noise,reward3_gienv,DQN reward3 GIenv,Results_DQN_reward3_train_GI_o/model,real,2,real_03,Real Rainfall 3,0.05,21,20865735,95,4207.4629814649425,3828.2772687245492,8035.740250189492
output_noise,reward3_gienv,DQN reward3 GIenv,Results_DQN_reward3_train_GI_o/model,real,2,real_03,Real Rainfall 3,0.05,22,20865736,95,4714.63875537933,3169.4393984664976,7884.078153845828
output_noise,reward3_gienv,DQN reward3 GIenv,Results_DQN_reward3_train_GI_o/model,real,2,real_03,Real Rainfall 3,0.05,23,20865737,95,4492.451177067157,3366.7706876127454,7859.221864679903
output_noise,reward3_gienv,DQN reward3 GIenv,Results_DQN_reward3_train_GI_o/model,real,2,real_03,Real Rainfall 3,0.05,24,20865738,95,4552.767993913091,3830.8815220442634,8383.649515957355
output_noise,reward3_gienv,DQN reward3 GIenv,Results_DQN_reward3_train_GI_o/model,real,2,real_03,Real Rainfall 3,0.05,25,20865739,95,4138.152134002913,3680.4508035077833,7818.602937510696
output_noise,reward3_gienv,DQN reward3 GIenv,Results_DQN_reward3_train_GI_o/model,real,2,real_03,Real Rainfall 3,0.05,26,20865740,95,4166.17480936006,3614.463074515833,7780.637883875893
output_noise,reward3_gienv,DQN reward3 GIenv,Results_DQN_reward3_train_GI_o/model,real,2,real_03,Real Rainfall 3,0.05,27,20865741,95,4325.584951058873,3381.249921130014,7706.834872188887
output_noise,reward3_gienv,DQN reward3 GIenv,Results_DQN_reward3_train_GI_o/model,real,2,real_03,Real Rainfall 3,0.05,28,20865742,95,4239.681324398885,3674.2646721865667,7913.945996585452
output_noise,reward3_gienv,DQN reward3 GIenv,Results_DQN_reward3_train_GI_o/model,real,2,real_03,Real Rainfall 3,0.05,29,20865743,95,4603.395040012294,3402.4962746870924,8005.891314699386
output_noise,reward3_gienv,DQN reward3 GIenv,Results_DQN_reward3_train_GI_o/model,real,2,real_03,Real Rainfall 3,0.05,30,20865744,95,4857.923813588564,2774.028584452998,7631.952398041562
output_noise,reward3_gienv,DQN reward3 GIenv,Results_DQN_reward3_train_GI_o/model,real,2,real_03,Real Rainfall 3,0.05,31,20865745,95,4475.526694048292,3396.863360337608,7872.3900543859
output_noise,reward3_gienv,DQN reward3 GIenv,Results_DQN_reward3_train_GI_o/model,real,2,real_03,Real Rainfall 3,0.05,32,20865746,95,4539.6348674520905,2749.7548060007675,7289.389673452858
output_noise,reward3_gienv,DQN reward3 GIenv,Results_DQN_reward3_train_GI_o/model,real,2,real_03,Real Rainfall 3,0.05,33,20865747,95,4128.889147172192,3672.325733782201,7801.214880954392
output_noise,reward3_gienv,DQN reward3 GIenv,Results_DQN_reward3_train_GI_o/model,real,2,real_03,Real Rainfall 3,0.05,34,20865748,95,4451.370742213976,3370.8735957839303,7822.244337997907
output_noise,reward3_gienv,DQN reward3 GIenv,Results_DQN_reward3_train_GI_o/model,real,2,real_03,Real Rainfall 3,0.05,35,20865749,95,4266.9655221727735,3590.7801083953236,7857.745630568097
output_noise,reward3_gienv,DQN reward3 GIenv,Results_DQN_reward3_train_GI_o/model,real,2,real_03,Real Rainfall 3,0.05,36,20865750,95,4494.880657537772,3374.5342551642652,7869.414912702037
output_noise,reward3_gienv,DQN reward3 GIenv,Results_DQN_reward3_train_GI_o/model,real,2,real_03,Real Rainfall 3,0.05,37,20865751,95,4700.703367374073,3181.9677337788708,7882.671101152944
output_noise,reward3_gienv,DQN reward3 GIenv,Results_DQN_reward3_train_GI_o/model,real,2,real_03,Real Rainfall 3,0.05,38,20865752,96,4314.493204877002,3641.6122703754636,7956.105475252466
output_noise,reward3_gienv,DQN reward3 GIenv,Results_DQN_reward3_train_GI_o/model,real,2,real_03,Real Rainfall 3,0.05,39,20865753,95,4369.373529616364,3592.3559548601493,7961.729484476513
output_noise,reward3_gienv,DQN reward3 GIenv,Results_DQN_reward3_train_GI_o/model,real,2,real_03,Real Rainfall 3,0.05,40,20865754,95,4184.650148565822,3691.9854995829237,7876.6356481487455
output_noise,reward3_gienv,DQN reward3 GIenv,Results_DQN_reward3_train_GI_o/model,real,2,real_03,Real Rainfall 3,0.05,41,20865755,95,4341.374291665004,4391.079740044782,8732.454031709785
output_noise,reward3_gienv,DQN reward3 GIenv,Results_DQN_reward3_train_GI_o/model,real,2,real_03,Real Rainfall 3,0.05,42,20865756,95,4432.169852376826,3756.093644835064,8188.26349721189
output_noise,reward3_gienv,DQN reward3 GIenv,Results_DQN_reward3_train_GI_o/model,real,2,real_03,Real Rainfall 3,0.05,43,20865757,95,4475.046433880204,3964.1164487771257,8439.162882657329
output_noise,reward3_gienv,DQN reward3 GIenv,Results_DQN_reward3_train_GI_o/model,real,2,real_03,Real Rainfall 3,0.05,44,20865758,95,4194.7828609164235,3627.0608748748123,7821.843735791235
output_noise,reward3_gienv,DQN reward3 GIenv,Results_DQN_reward3_train_GI_o/model,real,2,real_03,Real Rainfall 3,0.05,45,20865759,95,4370.822173522427,3375.4429212361765,7746.2650947586035
output_noise,reward3_gienv,DQN reward3 GIenv,Results_DQN_reward3_train_GI_o/model,real,2,real_03,Real Rainfall 3,0.05,46,20865760,95,4271.748213576858,4251.320525808251,8523.068739385108
output_noise,reward3_gienv,DQN reward3 GIenv,Results_DQN_reward3_train_GI_o/model,real,2,real_03,Real Rainfall 3,0.05,47,20865761,95,4305.397058445307,3988.3764138704787,8293.773472315786
output_noise,reward3_gienv,DQN reward3 GIenv,Results_DQN_reward3_train_GI_o/model,real,2,real_03,Real Rainfall 3,0.05,48,20865762,95,4489.8737516809,3737.972037156883,8227.845788837782
output_noise,reward3_gienv,DQN reward3 GIenv,Results_DQN_reward3_train_GI_o/model,real,2,real_03,Real Rainfall 3,0.05,49,20865763,95,4449.603243692227,3373.3117350448274,7822.914978737054
output_noise,reward3_gienv,DQN reward3 GIenv,Results_DQN_reward3_train_GI_o/model,real,2,real_03,Real Rainfall 3,0.1,0,20870714,95,4094.034501295197,3673.4981306739405,7767.532631969138
output_noise,reward3_gienv,DQN reward3 GIenv,Results_DQN_reward3_train_GI_o/model,real,2,real_03,Real Rainfall 3,0.1,1,20870715,95,4571.67031850302,3406.6241908634665,7978.294509366487
output_noise,reward3_gienv,DQN reward3 GIenv,Results_DQN_reward3_train_GI_o/model,real,2,real_03,Real Rainfall 3,0.1,2,20870716,95,4343.073981668467,3928.574593217447,8271.648574885914
output_noise,reward3_gienv,DQN reward3 GIenv,Results_DQN_reward3_train_GI_o/model,real,2,real_03,Real Rainfall 3,0.1,3,20870717,95,4365.8124382881915,3347.8476604164307,7713.660098704622
output_noise,reward3_gienv,DQN reward3 GIenv,Results_DQN_reward3_train_GI_o/model,real,2,real_03,Real Rainfall 3,0.1,4,20870718,95,4348.901923662711,3943.617658153611,8292.519581816323
output_noise,reward3_gienv,DQN reward3 GIenv,Results_DQN_reward3_train_GI_o/model,real,2,real_03,Real Rainfall 3,0.1,5,20870719,95,4492.144390920595,3586.5408725709053,8078.685263491499
output_noise,reward3_gienv,DQN reward3 GIenv,Results_DQN_reward3_train_GI_o/model,real,2,real_03,Real Rainfall 3,0.1,6,20870720,95,4294.833814166243,4030.2500552263837,8325.083869392627
output_noise,reward3_gienv,DQN reward3 GIenv,Results_DQN_reward3_train_GI_o/model,real,2,real_03,Real Rainfall 3,0.1,7,20870721,95,4255.615661431634,4006.6124060306847,8262.228067462318
output_noise,reward3_gienv,DQN reward3 GIenv,Results_DQN_reward3_train_GI_o/model,real,2,real_03,Real Rainfall 3,0.1,8,20870722,95,4362.846016737125,3361.7568871378853,7724.60290387501
output_noise,reward3_gienv,DQN reward3 GIenv,Results_DQN_reward3_train_GI_o/model,real,2,real_03,Real Rainfall 3,0.1,9,20870723,95,4393.187308905755,3363.67303393703,7756.860342842785
output_noise,reward3_gienv,DQN reward3 GIenv,Results_DQN_reward3_train_GI_o/model,real,2,real_03,Real Rainfall 3,0.1,10,20870724,95,4368.6894243620845,3784.8474582944186,8153.536882656503
output_noise,reward3_gienv,DQN reward3 GIenv,Results_DQN_reward3_train_GI_o/model,real,2,real_03,Real Rainfall 3,0.1,11,20870725,95,4781.218225550132,3180.762475124484,7961.980700674616
output_noise,reward3_gienv,DQN reward3 GIenv,Results_DQN_reward3_train_GI_o/model,real,2,real_03,Real Rainfall 3,0.1,12,20870726,95,4657.344842827394,2498.290330881393,7155.635173708787
output_noise,reward3_gienv,DQN reward3 GIenv,Results_DQN_reward3_train_GI_o/model,real,2,real_03,Real Rainfall 3,0.1,13,20870727,95,4699.469500038491,2646.5010921281482,7345.970592166639
output_noise,reward3_gienv,DQN reward3 GIenv,Results_DQN_reward3_train_GI_o/model,real,2,real_03,Real Rainfall 3,0.1,14,20870728,95,4699.467250411147,2462.9970453589904,7162.464295770137
output_noise,reward3_gienv,DQN reward3 GIenv,Results_DQN_reward3_train_GI_o/model,real,2,real_03,Real Rainfall 3,0.1,15,20870729,95,4166.441035959985,3672.8820616169382,7839.323097576924
output_noise,reward3_gienv,DQN reward3 GIenv,Results_DQN_reward3_train_GI_o/model,real,2,real_03,Real Rainfall 3,0.1,16,20870730,95,4483.9069781626185,3621.442859657638,8105.349837820257
output_noise,reward3_gienv,DQN reward3 GIenv,Results_DQN_reward3_train_GI_o/model,real,2,real_03,Real Rainfall 3,0.1,17,20870731,95,4774.573091286945,2461.308258491192,7235.8813497781375
output_noise,reward3_gienv,DQN reward3 GIenv,Results_DQN_reward3_train_GI_o/model,real,2,real_03,Real Rainfall 3,0.1,18,20870732,95,4486.8431046148635,3531.9567525695093,8018.799857184373
output_noise,reward3_gienv,DQN reward3 GIenv,Results_DQN_reward3_train_GI_o/model,real,2,real_03,Real Rainfall 3,0.1,19,20870733,95,4997.068304028407,2830.105330208484,7827.17363423689
output_noise,reward3_gienv,DQN reward3 GIenv,Results_DQN_reward3_train_GI_o/model,real,2,real_03,Real Rainfall 3,0.1,20,20870734,95,4387.84639770597,3367.605894057171,7755.452291763141
output_noise,reward3_gienv,DQN reward3 GIenv,Results_DQN_reward3_train_GI_o/model,real,2,real_03,Real Rainfall 3,0.1,21,20870735,95,4711.11376357004,2425.2781328952547,7136.391896465295
output_noise,reward3_gienv,DQN reward3 GIenv,Results_DQN_reward3_train_GI_o/model,real,2,real_03,Real Rainfall 3,0.1,22,20870736,95,4332.365060979108,3380.9238113303554,7713.288872309464
output_noise,reward3_gienv,DQN reward3 GIenv,Results_DQN_reward3_train_GI_o/model,real,2,real_03,Real Rainfall 3,0.1,23,20870737,95,4291.157995051532,3598.0543082598397,7889.212303311372
output_noise,reward3_gienv,DQN reward3 GIenv,Results_DQN_reward3_train_GI_o/model,real,2,real_03,Real Rainfall 3,0.1,24,20870738,95,4297.610588609698,4016.008810833634,8313.619399443332
output_noise,reward3_gienv,DQN reward3 GIenv,Results_DQN_reward3_train_GI_o/model,real,2,real_03,Real Rainfall 3,0.1,25,20870739,95,4722.905922526768,3376.093029140591,8098.9989516673595
output_noise,reward3_gienv,DQN reward3 GIenv,Results_DQN_reward3_train_GI_o/model,real,2,real_03,Real Rainfall 3,0.1,26,20870740,95,4700.464707397055,2447.4159269051524,7147.880634302207
output_noise,reward3_gienv,DQN reward3 GIenv,Results_DQN_reward3_train_GI_o/model,real,2,real_03,Real Rainfall 3,0.1,27,20870741,95,4521.967149034872,2739.937820870987,7261.904969905859
output_noise,reward3_gienv,DQN reward3 GIenv,Results_DQN_reward3_train_GI_o/model,real,2,real_03,Real Rainfall 3,0.1,28,20870742,95,4129.306355668122,3672.072120516416,7801.378476184538
output_noise,reward3_gienv,DQN reward3 GIenv,Results_DQN_reward3_train_GI_o/model,real,2,real_03,Real Rainfall 3,0.1,29,20870743,95,4143.407904725108,3648.537706536902,7791.94561126201
output_noise,reward3_gienv,DQN reward3 GIenv,Results_DQN_reward3_train_GI_o/model,real,2,real_03,Real Rainfall 3,0.1,30,20870744,95,4389.824826190805,3364.1923724267026,7754.017198617507
output_noise,reward3_gienv,DQN reward3 GIenv,Results_DQN_reward3_train_GI_o/model,real,2,real_03,Real Rainfall 3,0.1,31,20870745,95,4711.318877371463,3069.6453940133993,7780.9642713848625
output_noise,reward3_gienv,DQN reward3 GIenv,Results_DQN_reward3_train_GI_o/model,real,2,real_03,Real Rainfall 3,0.1,32,20870746,95,4130.891822816168,3694.925899901555,7825.817722717724
output_noise,reward3_gienv,DQN reward3 GIenv,Results_DQN_reward3_train_GI_o/model,real,2,real_03,Real Rainfall 3,0.1,33,20870747,95,4701.026959808499,2443.236436528753,7144.263396337252
output_noise,reward3_gienv,DQN reward3 GIenv,Results_DQN_reward3_train_GI_o/model,real,2,real_03,Real Rainfall 3,0.1,34,20870748,95,4209.8425189593345,3340.318957486593,7550.161476445927
output_noise,reward3_gienv,DQN reward3 GIenv,Results_DQN_reward3_train_GI_o/model,real,2,real_03,Real Rainfall 3,0.1,35,20870749,95,4432.927166738273,3725.825267439618,8158.752434177891
output_noise,reward3_gienv,DQN reward3 GIenv,Results_DQN_reward3_train_GI_o/model,real,2,real_03,Real Rainfall 3,0.1,36,20870750,95,4741.291247197609,2453.520807316225,7194.812054513834
output_noise,reward3_gienv,DQN reward3 GIenv,Results_DQN_reward3_train_GI_o/model,real,2,real_03,Real Rainfall 3,0.1,37,20870751,95,4725.17268420253,3525.5170291560253,8250.689713358555
output_noise,reward3_gienv,DQN reward3 GIenv,Results_DQN_reward3_train_GI_o/model,real,2,real_03,Real Rainfall 3,0.1,38,20870752,95,4483.587015129002,3593.4268157850383,8077.01383091404
output_noise,reward3_gienv,DQN reward3 GIenv,Results_DQN_reward3_train_GI_o/model,real,2,real_03,Real Rainfall 3,0.1,39,20870753,95,4297.8323911744,4212.354211385702,8510.186602560101
output_noise,reward3_gienv,DQN reward3 GIenv,Results_DQN_reward3_train_GI_o/model,real,2,real_03,Real Rainfall 3,0.1,40,20870754,95,4125.180691991579,3698.768305269984,7823.948997261563
output_noise,reward3_gienv,DQN reward3 GIenv,Results_DQN_reward3_train_GI_o/model,real,2,real_03,Real Rainfall 3,0.1,41,20870755,95,4245.044024711373,3897.102940265242,8142.146964976615
output_noise,reward3_gienv,DQN reward3 GIenv,Results_DQN_reward3_train_GI_o/model,real,2,real_03,Real Rainfall 3,0.1,42,20870756,95,4684.024755008913,3076.311767224416,7760.33652223333
output_noise,reward3_gienv,DQN reward3 GIenv,Results_DQN_reward3_train_GI_o/model,real,2,real_03,Real Rainfall 3,0.1,43,20870757,95,4482.403342283729,3744.878284567934,8227.281626851664
output_noise,reward3_gienv,DQN reward3 GIenv,Results_DQN_reward3_train_GI_o/model,real,2,real_03,Real Rainfall 3,0.1,44,20870758,95,4499.128064512185,3701.5582640292578,8200.686328541444
output_noise,reward3_gienv,DQN reward3 GIenv,Results_DQN_reward3_train_GI_o/model,real,2,real_03,Real Rainfall 3,0.1,45,20870759,95,4323.09802214478,3369.2333413551023,7692.331363499882
output_noise,reward3_gienv,DQN reward3 GIenv,Results_DQN_reward3_train_GI_o/model,real,2,real_03,Real Rainfall 3,0.1,46,20870760,95,4900.504366804731,3005.6042935621517,7906.108660366883
output_noise,reward3_gienv,DQN reward3 GIenv,Results_DQN_reward3_train_GI_o/model,real,2,real_03,Real Rainfall 3,0.1,47,20870761,95,4148.036852803894,3692.4785902772037,7840.515443081098
output_noise,reward3_gienv,DQN reward3 GIenv,Results_DQN_reward3_train_GI_o/model,real,2,real_03,Real Rainfall 3,0.1,48,20870762,95,4449.138759812811,3592.633306069207,8041.772065882018
output_noise,reward3_gienv,DQN reward3 GIenv,Results_DQN_reward3_train_GI_o/model,real,2,real_03,Real Rainfall 3,0.1,49,20870763,95,4453.254649379715,3634.509719532929,8087.764368912644
output_noise,reward3_gienv,DQN reward3 GIenv,Results_DQN_reward3_train_GI_o/model,real,3,real_04,Real Rainfall 4,0.05,0,20965714,95,2584.7309725014657,2349.1435882936767,4933.874560795142
output_noise,reward3_gienv,DQN reward3 GIenv,Results_DQN_reward3_train_GI_o/model,real,3,real_04,Real Rainfall 4,0.05,1,20965715,95,2520.882059063631,3220.180243862683,5741.062302926313
output_noise,reward3_gienv,DQN reward3 GIenv,Results_DQN_reward3_train_GI_o/model,real,3,real_04,Real Rainfall 4,0.05,2,20965716,95,2393.285667725366,2694.874671793944,5088.16033951931
output_noise,reward3_gienv,DQN reward3 GIenv,Results_DQN_reward3_train_GI_o/model,real,3,real_04,Real Rainfall 4,0.05,3,20965717,95,3087.4377945703727,1797.1677943337718,4884.6055889041445
output_noise,reward3_gienv,DQN reward3 GIenv,Results_DQN_reward3_train_GI_o/model,real,3,real_04,Real Rainfall 4,0.05,4,20965718,95,3111.569295749936,1780.8384264313231,4892.407722181259
output_noise,reward3_gienv,DQN reward3 GIenv,Results_DQN_reward3_train_GI_o/model,real,3,real_04,Real Rainfall 4,0.05,5,20965719,95,2473.864259665306,2537.93777653048,5011.802036195786
output_noise,reward3_gienv,DQN reward3 GIenv,Results_DQN_reward3_train_GI_o/model,real,3,real_04,Real Rainfall 4,0.05,6,20965720,95,2595.2099045285936,2347.6429009555845,4942.852805484178
output_noise,reward3_gienv,DQN reward3 GIenv,Results_DQN_reward3_train_GI_o/model,real,3,real_04,Real Rainfall 4,0.05,7,20965721,95,3089.6181855934933,1797.7779961262381,4887.396181719731
output_noise,reward3_gienv,DQN reward3 GIenv,Results_DQN_reward3_train_GI_o/model,real,3,real_04,Real Rainfall 4,0.05,8,20965722,95,2467.620602521517,2544.2910504866113,5011.911653008128
output_noise,reward3_gienv,DQN reward3 GIenv,Results_DQN_reward3_train_GI_o/model,real,3,real_04,Real Rainfall 4,0.05,9,20965723,95,2454.8218860684988,2554.4054448119678,5009.227330880467
output_noise,reward3_gienv,DQN reward3 GIenv,Results_DQN_reward3_train_GI_o/model,real,3,real_04,Real Rainfall 4,0.05,10,20965724,95,2596.797233183155,2349.7055319876445,4946.5027651708
output_noise,reward3_gienv,DQN reward3 GIenv,Results_DQN_reward3_train_GI_o/model,real,3,real_04,Real Rainfall 4,0.05,11,20965725,95,2484.730513622528,2542.512950304411,5027.2434639269395
output_noise,reward3_gienv,DQN reward3 GIenv,Results_DQN_reward3_train_GI_o/model,real,3,real_04,Real Rainfall 4,0.05,12,20965726,95,2587.2859878232302,2357.4327847537165,4944.718772576947
output_noise,reward3_gienv,DQN reward3 GIenv,Results_DQN_reward3_train_GI_o/model,real,3,real_04,Real Rainfall 4,0.05,13,20965727,95,2578.8785145501306,2362.2692965280276,4941.147811078158
output_noise,reward3_gienv,DQN reward3 GIenv,Results_DQN_reward3_train_GI_o/model,real,3,real_04,Real Rainfall 4,0.05,14,20965728,95,2586.2999412846625,2360.231949216089,4946.531890500752
output_noise,reward3_gienv,DQN reward3 GIenv,Results_DQN_reward3_train_GI_o/model,real,3,real_04,Real Rainfall 4,0.05,15,20965729,95,2904.003176713036,1999.5488724504148,4903.552049163451
output_noise,reward3_gienv,DQN reward3 GIenv,Results_DQN_reward3_train_GI_o/model,real,3,real_04,Real Rainfall 4,0.05,16,20965730,95,2591.0800919731296,2348.695550789379,4939.775642762508
output_noise,reward3_gienv,DQN reward3 GIenv,Results_DQN_reward3_train_GI_o/model,real,3,real_04,Real Rainfall 4,0.05,17,20965731,95,2527.0791694357977,2547.486874997892,5074.56604443369
output_noise,reward3_gienv,DQN reward3 GIenv,Results_DQN_reward3_train_GI_o/model,real,3,real_04,Real Rainfall 4,0.05,18,20965732,95,2578.992646788617,2359.6640116434432,4938.656658432061
output_noise,reward3_gienv,DQN reward3 GIenv,Results_DQN_reward3_train_GI_o/model,real,3,real_04,Real Rainfall 4,0.05,19,20965733,95,2454.2168415905526,2550.94783366811,5005.164675258662
output_noise,reward3_gienv,DQN reward3 GIenv,Results_DQN_reward3_train_GI_o/model,real,3,real_04,Real Rainfall 4,0.05,20,20965734,95,2463.3820776905472,2555.727800084489,5019.109877775036
output_noise,reward3_gienv,DQN reward3 GIenv,Results_DQN_reward3_train_GI_o/model,real,3,real_04,Real Rainfall 4,0.05,21,20965735,95,2601.2629502907903,2352.5895113655492,4953.852461656339
output_noise,reward3_gienv,DQN reward3 GIenv,Results_DQN_reward3_train_GI_o/model,real,3,real_04,Real Rainfall 4,0.05,22,20965736,95,2395.690648745556,2689.7146088884356,5085.405257633991
output_noise,reward3_gienv,DQN reward3 GIenv,Results_DQN_reward3_train_GI_o/model,real,3,real_04,Real Rainfall 4,0.05,23,20965737,95,2395.725592339474,2695.3839851004564,5091.109577439931
output_noise,reward3_gienv,DQN reward3 GIenv,Results_DQN_reward3_train_GI_o/model,real,3,real_04,Real Rainfall 4,0.05,24,20965738,95,2579.763293671447,2359.380445313325,4939.143738984772
output_noise,reward3_gienv,DQN reward3 GIenv,Results_DQN_reward3_train_GI_o/model,real,3,real_04,Real Rainfall 4,0.05,25,20965739,95,2583.4979723345477,2355.952525044469,4939.450497379017
output_noise,reward3_gienv,DQN reward3 GIenv,Results_DQN_reward3_train_GI_o/model,real,3,real_04,Real Rainfall 4,0.05,26,20965740,95,2411.9120271922748,2680.344178490447,5092.256205682722
output_noise,reward3_gienv,DQN reward3 GIenv,Results_DQN_reward3_train_GI_o/model,real,3,real_04,Real Rainfall 4,0.05,27,20965741,95,2378.2989911530976,2697.6048023930875,5075.903793546186
output_noise,reward3_gienv,DQN reward3 GIenv,Results_DQN_reward3_train_GI_o/model,real,3,real_04,Real Rainfall 4,0.05,28,20965742,95,3047.38036839274,1849.8528886147997,4897.23325700754
output_noise,reward3_gienv,DQN reward3 GIenv,Results_DQN_reward3_train_GI_o/model,real,3,real_04,Real Rainfall 4,0.05,29,20965743,95,2640.254641857014,2544.359372763162,5184.614014620176
output_noise,reward3_gienv,DQN reward3 GIenv,Results_DQN_reward3_train_GI_o/model,real,3,real_04,Real Rainfall 4,0.05,30,20965744,95,2591.0938923212584,2349.4807478852144,4940.574640206472
output_noise,reward3_gienv,DQN reward3 GIenv,Results_DQN_reward3_train_GI_o/model,real,3,real_04,Real Rainfall 4,0.05,31,20965745,95,2589.893604507191,2356.8826146628276,4946.7762191700185
output_noise,reward3_gienv,DQN reward3 GIenv,Results_DQN_reward3_train_GI_o/model,real,3,real_04,Real Rainfall 4,0.05,32,20965746,95,2582.4886876033806,2353.5509598490316,4936.039647452412
output_noise,reward3_gienv,DQN reward3 GIenv,Results_DQN_reward3_train_GI_o/model,real,3,real_04,Real Rainfall 4,0.05,33,20965747,95,2588.632712875946,2355.2596410662904,4943.892353942236
output_noise,reward3_gienv,DQN reward3 GIenv,Results_DQN_reward3_train_GI_o/model,real,3,real_04,Real Rainfall 4,0.05,34,20965748,95,1572.5811499637791,3672.4771490042594,5245.058298968039
output_noise,reward3_gienv,DQN reward3 GIenv,Results_DQN_reward3_train_GI_o/model,real,3,real_04,Real Rainfall 4,0.05,35,20965749,95,3089.8006885093955,1796.14847500204,4885.9491635114355
output_noise,reward3_gienv,DQN reward3 GIenv,Results_DQN_reward3_train_GI_o/model,real,3,real_04,Real Rainfall 4,0.05,36,20965750,95,2596.1043348592484,2350.3718631178417,4946.47619797709
output_noise,reward3_gienv,DQN reward3 GIenv,Results_DQN_reward3_train_GI_o/model,real,3,real_04,Real Rainfall 4,0.05,37,20965751,95,2580.7070977406293,2353.9876666844543,4934.694764425083
output_noise,reward3_gienv,DQN reward3 GIenv,Results_DQN_reward3_train_GI_o/model,real,3,real_04,Real Rainfall 4,0.05,38,20965752,95,2462.842683761917,2543.5491000046395,5006.391783766557
output_noise,reward3_gienv,DQN reward3 GIenv,Results_DQN_reward3_train_GI_o/model,real,3,real_04,Real Rainfall 4,0.05,39,20965753,95,2576.5631033499862,2363.255512737371,4939.818616087357
output_noise,reward3_gienv,DQN reward3 GIenv,Results_DQN_reward3_train_GI_o/model,real,3,real_04,Real Rainfall 4,0.05,40,20965754,95,2393.4342710943356,2697.8847113970533,5091.318982491389
output_noise,reward3_gienv,DQN reward3 GIenv,Results_DQN_reward3_train_GI_o/model,real,3,real_04,Real Rainfall 4,0.05,41,20965755,95,2400.1666062386676,2689.7747533184997,5089.941359557168
output_noise,reward3_gienv,DQN reward3 GIenv,Results_DQN_reward3_train_GI_o/model,real,3,real_04,Real Rainfall 4,0.05,42,20965756,95,2578.7173807545973,2354.9940202444586,4933.711400999056
output_noise,reward3_gienv,DQN reward3 GIenv,Results_DQN_reward3_train_GI_o/model,real,3,real_04,Real Rainfall 4,0.05,43,20965757,95,3086.84923826369,1796.2603676020994,4883.1096058657895
output_noise,reward3_gienv,DQN reward3 GIenv,Results_DQN_reward3_train_GI_o/model,real,3,real_04,Real Rainfall 4,0.05,44,20965758,95,2579.9084799691304,2561.682459756994,5141.590939726124
output_noise,reward3_gienv,DQN reward3 GIenv,Results_DQN_reward3_train_GI_o/model,real,3,real_04,Real Rainfall 4,0.05,45,20965759,95,2597.075366407031,2347.962688626724,4945.038055033755
output_noise,reward3_gienv,DQN reward3 GIenv,Results_DQN_reward3_train_GI_o/model,real,3,real_04,Real Rainfall 4,0.05,46,20965760,95,2389.447179739432,2697.192789007261,5086.639968746693
output_noise,reward3_gienv,DQN reward3 GIenv,Results_DQN_reward3_train_GI_o/model,real,3,real_04,Real Rainfall 4,0.05,47,20965761,95,2469.628037386683,2541.1191367002384,5010.747174086921
output_noise,reward3_gienv,DQN reward3 GIenv,Results_DQN_reward3_train_GI_o/model,real,3,real_04,Real Rainfall 4,0.05,48,20965762,95,2908.454827388662,1992.1291979059572,4900.584025294619
output_noise,reward3_gienv,DQN reward3 GIenv,Results_DQN_reward3_train_GI_o/model,real,3,real_04,Real Rainfall 4,0.05,49,20965763,95,2393.89368791306,2698.684335936634,5092.578023849694
output_noise,reward3_gienv,DQN reward3 GIenv,Results_DQN_reward3_train_GI_o/model,real,3,real_04,Real Rainfall 4,0.1,0,20970714,95,2419.917160283293,2608.7098033041007,5028.626963587394
output_noise,reward3_gienv,DQN reward3 GIenv,Results_DQN_reward3_train_GI_o/model,real,3,real_04,Real Rainfall 4,0.1,1,20970715,95,2641.2130262031656,2333.1111865495586,4974.324212752725
output_noise,reward3_gienv,DQN reward3 GIenv,Results_DQN_reward3_train_GI_o/model,real,3,real_04,Real Rainfall 4,0.1,2,20970716,95,2592.7830131157293,2360.1638246573616,4952.946837773091
output_noise,reward3_gienv,DQN reward3 GIenv,Results_DQN_reward3_train_GI_o/model,real,3,real_04,Real Rainfall 4,0.1,3,20970717,95,2620.01342530815,2347.3923910777353,4967.405816385885
output_noise,reward3_gienv,DQN reward3 GIenv,Results_DQN_reward3_train_GI_o/model,real,3,real_04,Real Rainfall 4,0.1,4,20970718,95,2616.3618135261922,2334.23369631257,4950.595509838762
output_noise,reward3_gienv,DQN reward3 GIenv,Results_DQN_reward3_train_GI_o/model,real,3,real_04,Real Rainfall 4,0.1,5,20970719,95,2471.507120334653,2760.708452956535,5232.215573291188
output_noise,reward3_gienv,DQN reward3 GIenv,Results_DQN_reward3_train_GI_o/model,real,3,real_04,Real Rainfall 4,0.1,6,20970720,95,2571.9980399401916,2402.772454418062,4974.770494358254
output_noise,reward3_gienv,DQN reward3 GIenv,Results_DQN_reward3_train_GI_o/model,real,3,real_04,Real Rainfall 4,0.1,7,20970721,95,2622.7097766780985,2555.9079568319107,5178.617733510009
output_noise,reward3_gienv,DQN reward3 GIenv,Results_DQN_reward3_train_GI_o/model,real,3,real_04,Real Rainfall 4,0.1,8,20970722,95,2400.592327733959,2696.8663745690374,5097.458702302996
output_noise,reward3_gienv,DQN reward3 GIenv,Results_DQN_reward3_train_GI_o/model,real,3,real_04,Real Rainfall 4,0.1,9,20970723,95,2511.949351084438,2532.374673290798,5044.324024375236
output_noise,reward3_gienv,DQN reward3 GIenv,Results_DQN_reward3_train_GI_o/model,real,3,real_04,Real Rainfall 4,0.1,10,20970724,95,3140.724051129989,1799.388139245868,4940.112190375858
output_noise,reward3_gienv,DQN reward3 GIenv,Results_DQN_reward3_train_GI_o/model,real,3,real_04,Real Rainfall 4,0.1,11,20970725,95,3138.3636190362395,1783.974855398582,4922.338474434821
output_noise,reward3_gienv,DQN reward3 GIenv,Results_DQN_reward3_train_GI_o/model,real,3,real_04,Real Rainfall 4,0.1,12,20970726,95,2614.3220367480817,2338.473547935337,4952.795584683419
output_noise,reward3_gienv,DQN reward3 GIenv,Results_DQN_reward3_train_GI_o/model,real,3,real_04,Real Rainfall 4,0.1,13,20970727,95,2613.3554476300196,2336.3472148044743,4949.702662434494
output_noise,reward3_gienv,DQN reward3 GIenv,Results_DQN_reward3_train_GI_o/model,real,3,real_04,Real Rainfall 4,0.1,14,20970728,95,2598.7934799255668,2348.4485226396882,4947.2420025652555
output_noise,reward3_gienv,DQN reward3 GIenv,Results_DQN_reward3_train_GI_o/model,real,3,real_04,Real Rainfall 4,0.1,15,20970729,95,2603.538224292807,2582.2662194267227,5185.804443719529
output_noise,reward3_gienv,DQN reward3 GIenv,Results_DQN_reward3_train_GI_o/model,real,3,real_04,Real Rainfall 4,0.1,16,20970730,95,2604.42288433818,2339.4325265551097,4943.855410893289
output_noise,reward3_gienv,DQN reward3 GIenv,Results_DQN_reward3_train_GI_o/model,real,3,real_04,Real Rainfall 4,0.1,17,20970731,95,3088.084350537656,1804.419105552417,4892.503456090073
output_noise,reward3_gienv,DQN reward3 GIenv,Results_DQN_reward3_train_GI_o/model,real,3,real_04,Real Rainfall 4,0.1,18,20970732,95,3128.5766898978723,1773.1378052156092,4901.7144951134815
output_noise,reward3_gienv,DQN reward3 GIenv,Results_DQN_reward3_train_GI_o/model,real,3,real_04,Real Rainfall 4,0.1,19,20970733,95,2473.571907946326,2556.7791811501656,5030.351089096492
output_noise,reward3_gienv,DQN reward3 GIenv,Results_DQN_reward3_train_GI_o/model,real,3,real_04,Real Rainfall 4,0.1,20,20970734,95,2638.3508393730117,2312.9874064000905,4951.338245773102
output_noise,reward3_gienv,DQN reward3 GIenv,Results_DQN_reward3_train_GI_o/model,real,3,real_04,Real Rainfall 4,0.1,21,20970735,95,2421.5241488555203,2682.2556673073104,5103.779816162831
output_noise,reward3_gienv,DQN reward3 GIenv,Results_DQN_reward3_train_GI_o/model,real,3,real_04,Real Rainfall 4,0.1,22,20970736,95,2608.995895813204,2594.3631138480087,5203.359009661212
output_noise,reward3_gienv,DQN reward3 GIenv,Results_DQN_reward3_train_GI_o/model,real,3,real_04,Real Rainfall 4,0.1,23,20970737,95,1669.3409128954456,3567.3005991365612,5236.641512032007
output_noise,reward3_gienv,DQN reward3 GIenv,Results_DQN_reward3_train_GI_o/model,real,3,real_04,Real Rainfall 4,0.1,24,20970738,95,3094.2574682611025,2035.82239511338,5130.079863374483
output_noise,reward3_gienv,DQN reward3 GIenv,Results_DQN_reward3_train_GI_o/model,real,3,real_04,Real Rainfall 4,0.1,25,20970739,95,2600.458474851822,2373.7478119194648,4974.206286771287
output_noise,reward3_gienv,DQN reward3 GIenv,Results_DQN_reward3_train_GI_o/model,real,3,real_04,Real Rainfall 4,0.1,26,20970740,95,2488.112159682455,2552.3178977753264,5040.430057457781
output_noise,reward3_gienv,DQN reward3 GIenv,Results_DQN_reward3_train_GI_o/model,real,3,real_04,Real Rainfall 4,0.1,27,20970741,95,3132.942715096621,1775.4210870239472,4908.363802120568
output_noise,reward3_gienv,DQN reward3 GIenv,Results_DQN_reward3_train_GI_o/model,real,3,real_04,Real Rainfall 4,0.1,28,20970742,95,2635.286912436499,2342.3121557036275,4977.599068140126
output_noise,reward3_gienv,DQN reward3 GIenv,Results_DQN_reward3_train_GI_o/model,real,3,real_04,Real Rainfall 4,0.1,29,20970743,95,2631.972404298602,2714.500193221568,5346.472597520171
output_noise,reward3_gienv,DQN reward3 GIenv,Results_DQN_reward3_train_GI_o/model,real,3,real_04,Real Rainfall 4,0.1,30,20970744,95,2631.186563100564,2575.99217845729,5207.178741557854
output_noise,reward3_gienv,DQN reward3 GIenv,Results_DQN_reward3_train_GI_o/model,real,3,real_04,Real Rainfall 4,0.1,31,20970745,95,2234.5212025131136,2748.5097525569972,4983.030955070111
output_noise,reward3_gienv,DQN reward3 GIenv,Results_DQN_reward3_train_GI_o/model,real,3,real_04,Real Rainfall 4,0.1,32,20970746,95,2619.3697515672366,2343.978534952119,4963.3482865193555
output_noise,reward3_gienv,DQN reward3 GIenv,Results_DQN_reward3_train_GI_o/model,real,3,real_04,Real Rainfall 4,0.1,33,20970747,95,2623.2138607729503,2320.8329982254836,4944.046858998434
output_noise,reward3_gienv,DQN reward3 GIenv,Results_DQN_reward3_train_GI_o/model,real,3,real_04,Real Rainfall 4,0.1,34,20970748,95,2504.6251359752187,2545.2890600316487,5049.914196006867
output_noise,reward3_gienv,DQN reward3 GIenv,Results_DQN_reward3_train_GI_o/model,real,3,real_04,Real Rainfall 4,0.1,35,20970749,95,2002.5836774879606,3085.163483268977,5087.747160756938
output_noise,reward3_gienv,DQN reward3 GIenv,Results_DQN_reward3_train_GI_o/model,real,3,real_04,Real Rainfall 4,0.1,36,20970750,95,1601.7037839675766,3625.3529652079023,5227.056749175479
output_noise,reward3_gienv,DQN reward3 GIenv,Results_DQN_reward3_train_GI_o/model,real,3,real_04,Real Rainfall 4,0.1,37,20970751,95,2392.859580432633,2690.9832274481437,5083.8428078807765
output_noise,reward3_gienv,DQN reward3 GIenv,Results_DQN_reward3_train_GI_o/model,real,3,real_04,Real Rainfall 4,0.1,38,20970752,95,2616.153475961812,2981.022197030235,5597.175672992047
output_noise,reward3_gienv,DQN reward3 GIenv,Results_DQN_reward3_train_GI_o/model,real,3,real_04,Real Rainfall 4,0.1,39,20970753,95,3138.150023322903,1797.4060449342428,4935.556068257146
output_noise,reward3_gienv,DQN reward3 GIenv,Results_DQN_reward3_train_GI_o/model,real,3,real_04,Real Rainfall 4,0.1,40,20970754,95,2433.876430934148,2677.546591625864,5111.423022560012
output_noise,reward3_gienv,DQN reward3 GIenv,Results_DQN_reward3_train_GI_o/model,real,3,real_04,Real Rainfall 4,0.1,41,20970755,95,3145.8858224234637,1763.9145273447261,4909.800349768189
output_noise,reward3_gienv,DQN reward3 GIenv,Results_DQN_reward3_train_GI_o/model,real,3,real_04,Real Rainfall 4,0.1,42,20970756,95,2427.8883111316927,2937.2702147617997,5365.158525893492
output_noise,reward3_gienv,DQN reward3 GIenv,Results_DQN_reward3_train_GI_o/model,real,3,real_04,Real Rainfall 4,0.1,43,20970757,95,3068.9718894589555,1826.1174634479207,4895.089352906876
output_noise,reward3_gienv,DQN reward3 GIenv,Results_DQN_reward3_train_GI_o/model,real,3,real_04,Real Rainfall 4,0.1,44,20970758,95,2636.136927359912,2334.3375948601824,4970.4745222200945
output_noise,reward3_gienv,DQN reward3 GIenv,Results_DQN_reward3_train_GI_o/model,real,3,real_04,Real Rainfall 4,0.1,45,20970759,95,2866.312042861937,2889.0772516163643,5755.389294478301
output_noise,reward3_gienv,DQN reward3 GIenv,Results_DQN_reward3_train_GI_o/model,real,3,real_04,Real Rainfall 4,0.1,46,20970760,95,2644.7334632181414,2531.5053519823314,5176.238815200473
output_noise,reward3_gienv,DQN reward3 GIenv,Results_DQN_reward3_train_GI_o/model,real,3,real_04,Real Rainfall 4,0.1,47,20970761,95,1929.2864148204465,3558.327423058506,5487.613837878953
output_noise,reward3_gienv,DQN reward3 GIenv,Results_DQN_reward3_train_GI_o/model,real,3,real_04,Real Rainfall 4,0.1,48,20970762,95,2473.657695745679,2546.4780084105405,5020.13570415622
output_noise,reward3_gienv,DQN reward3 GIenv,Results_DQN_reward3_train_GI_o/model,real,3,real_04,Real Rainfall 4,0.1,49,20970763,95,3162.5910034497606,1781.7138422727508,4944.304845722511
