script_type,model_key,model_label,model_dir,source,rain_id,event_label,event_title,delta,repeat_index,seed,num_steps,final_flooding,final_cso,total_overflow
input_output_noise,reward5_gci,DQN reward5 GCI,Results_DQN_reward5/model,design,70,design_21,Design Rainfall 21,0.05,0,20265714,95,1368.3500010175392,969.8831001053048,2338.233101122844
input_output_noise,reward5_gci,DQN reward5 GCI,Results_DQN_reward5/model,design,70,design_21,Design Rainfall 21,0.05,1,20265715,95,914.545894309393,1614.9647446555507,2529.5106389649436
input_output_noise,reward5_gci,DQN reward5 GCI,Results_DQN_reward5/model,design,70,design_21,Design Rainfall 21,0.05,2,20265716,95,1369.5315435444465,977.8738732267525,2347.4054167711993
input_output_noise,reward5_gci,DQN reward5 GCI,Results_DQN_reward5/model,design,70,design_21,Design Rainfall 21,0.05,3,20265717,95,1370.52062265677,974.0985579137098,2344.61918057048
input_output_noise,reward5_gci,DQN reward5 GCI,Results_DQN_reward5/model,design,70,design_21,Design Rainfall 21,0.05,4,20265718,95,1370.3856339769047,966.4636657414006,2336.8492997183052
input_output_noise,reward5_gci,DQN reward5 GCI,Results_DQN_reward5/model,design,70,design_21,Design Rainfall 21,0.05,5,20265719,95,1370.2399539062308,979.0401107683525,2349.280064674583
input_output_noise,reward5_gci,DQN reward5 GCI,Results_DQN_reward5/model,design,70,design_21,Design Rainfall 21,0.05,6,20265720,95,1368.733973003296,971.2313424728817,2339.9653154761777
input_output_noise,reward5_gci,DQN reward5 GCI,Results_DQN_reward5/model,design,70,design_21,Design Rainfall 21,0.05,7,20265721,95,1369.4973154868817,774.4667946747335,2143.9641101616153
input_output_noise,reward5_gci,DQN reward5 GCI,Results_DQN_reward5/model,design,70,design_21,Design Rainfall 21,0.05,8,20265722,95,1369.5542738772872,970.6691578002949,2340.223431677582
input_output_noise,reward5_gci,DQN reward5 GCI,Results_DQN_reward5/model,design,70,design_21,Design Rainfall 21,0.05,9,20265723,95,1369.6122121824442,973.9912471775236,2343.603459359968
input_output_noise,reward5_gci,DQN reward5 GCI,Results_DQN_reward5/model,design,70,design_21,Design Rainfall 21,0.05,10,20265724,95,1368.606564409425,967.5151156737788,2336.1216800832035
input_output_noise,reward5_gci,DQN reward5 GCI,Results_DQN_reward5/model,design,70,design_21,Design Rainfall 21,0.05,11,20265725,95,1370.175279278067,973.4720937600388,2343.647373038106
input_output_noise,reward5_gci,DQN reward5 GCI,Results_DQN_reward5/model,design,70,design_21,Design Rainfall 21,0.05,12,20265726,95,1368.7179199872362,967.012753515855,2335.730673503091
input_output_noise,reward5_gci,DQN reward5 GCI,Results_DQN_reward5/model,design,70,design_21,Design Rainfall 21,0.05,13,20265727,95,1368.6094853929098,969.6299327307945,2338.239418123704
input_output_noise,reward5_gci,DQN reward5 GCI,Results_DQN_reward5/model,design,70,design_21,Design Rainfall 21,0.05,14,20265728,95,1369.6878802460528,967.6949695102799,2337.3828497563327
input_output_noise,reward5_gci,DQN reward5 GCI,Results_DQN_reward5/model,design,70,design_21,Design Rainfall 21,0.05,15,20265729,95,1370.313296260338,973.0542233511945,2343.3675196115323
input_output_noise,reward5_gci,DQN reward5 GCI,Results_DQN_reward5/model,design,70,design_21,Design Rainfall 21,0.05,16,20265730,95,1369.0585923865774,978.8805571541133,2347.939149540691
input_output_noise,reward5_gci,DQN reward5 GCI,Results_DQN_reward5/model,design,70,design_21,Design Rainfall 21,0.05,17,20265731,95,1368.3643319537175,977.8552167312307,2346.219548684948
input_output_noise,reward5_gci,DQN reward5 GCI,Results_DQN_reward5/model,design,70,design_21,Design Rainfall 21,0.05,18,20265732,95,1368.4503087964222,772.3631950655422,2140.8135038619644
input_output_noise,reward5_gci,DQN reward5 GCI,Results_DQN_reward5/model,design,70,design_21,Design Rainfall 21,0.05,19,20265733,95,1369.9486800800983,970.4203934640823,2340.3690735441805
input_output_noise,reward5_gci,DQN reward5 GCI,Results_DQN_reward5/model,design,70,design_21,Design Rainfall 21,0.05,20,20265734,95,1369.247160974302,967.2121795518954,2336.4593405261976
input_output_noise,reward5_gci,DQN reward5 GCI,Results_DQN_reward5/model,design,70,design_21,Design Rainfall 21,0.05,21,20265735,95,1369.9843672456363,964.084478862227,2334.0688461078635
input_output_noise,reward5_gci,DQN reward5 GCI,Results_DQN_reward5/model,design,70,design_21,Design Rainfall 21,0.05,22,20265736,95,1370.3024331945949,979.0421641266281,2349.344597321223
input_output_noise,reward5_gci,DQN reward5 GCI,Results_DQN_reward5/model,design,70,design_21,Design Rainfall 21,0.05,23,20265737,95,1368.9846704414103,973.3942625286764,2342.3789329700867
input_output_noise,reward5_gci,DQN reward5 GCI,Results_DQN_reward5/model,design,70,design_21,Design Rainfall 21,0.05,24,20265738,95,1369.974361646485,774.4917182339791,2144.4660798804643
input_output_noise,reward5_gci,DQN reward5 GCI,Results_DQN_reward5/model,design,70,design_21,Design Rainfall 21,0.05,25,20265739,95,1368.7093380283754,969.4380722979201,2338.1474103262954
input_output_noise,reward5_gci,DQN reward5 GCI,Results_DQN_reward5/model,design,70,design_21,Design Rainfall 21,0.05,26,20265740,95,1369.763265358365,979.0425067887256,2348.8057721470905
input_output_noise,reward5_gci,DQN reward5 GCI,Results_DQN_reward5/model,design,70,design_21,Design Rainfall 21,0.05,27,20265741,95,1370.6243764937396,974.1365472247991,2344.760923718539
input_output_noise,reward5_gci,DQN reward5 GCI,Results_DQN_reward5/model,design,70,design_21,Design Rainfall 21,0.05,28,20265742,95,1370.4659523627922,976.2757109624305,2346.741663325223
input_output_noise,reward5_gci,DQN reward5 GCI,Results_DQN_reward5/model,design,70,design_21,Design Rainfall 21,0.05,29,20265743,95,1368.977388237151,974.8089005561912,2343.7862887933425
input_output_noise,reward5_gci,DQN reward5 GCI,Results_DQN_reward5/model,design,70,design_21,Design Rainfall 21,0.05,30,20265744,95,1369.1459373837179,979.0401101860679,2348.186047569786
input_output_noise,reward5_gci,DQN reward5 GCI,Results_DQN_reward5/model,design,70,design_21,Design Rainfall 21,0.05,31,20265745,95,1367.7456476939412,979.0401101338989,2346.78575782784
input_output_noise,reward5_gci,DQN reward5 GCI,Results_DQN_reward5/model,design,70,design_21,Design Rainfall 21,0.05,32,20265746,95,1368.1776615414913,977.0463592211112,2345.2240207626023
input_output_noise,reward5_gci,DQN reward5 GCI,Results_DQN_reward5/model,design,70,design_21,Design Rainfall 21,0.05,33,20265747,95,1369.2988439098303,770.1125859307438,2139.411429840574
input_output_noise,reward5_gci,DQN reward5 GCI,Results_DQN_reward5/model,design,70,design_21,Design Rainfall 21,0.05,34,20265748,95,1369.123637631275,971.3083376751874,2340.4319753064624
input_output_noise,reward5_gci,DQN reward5 GCI,Results_DQN_reward5/model,design,70,design_21,Design Rainfall 21,0.05,35,20265749,95,1369.4597700975244,971.6067725893763,2341.066542686901
input_output_noise,reward5_gci,DQN reward5 GCI,Results_DQN_reward5/model,design,70,design_21,Design Rainfall 21,0.05,36,20265750,95,1368.080753324507,972.0631589904835,2340.1439123149903
input_output_noise,reward5_gci,DQN reward5 GCI,Results_DQN_reward5/model,design,70,design_21,Design Rainfall 21,0.05,37,20265751,95,1371.4241196282962,979.0401101338989,2350.464229762195
input_output_noise,reward5_gci,DQN reward5 GCI,Results_DQN_reward5/model,design,70,design_21,Design Rainfall 21,0.05,38,20265752,95,1370.158973223569,774.4787568542537,2144.6377300778227
input_output_noise,reward5_gci,DQN reward5 GCI,Results_DQN_reward5/model,design,70,design_21,Design Rainfall 21,0.05,39,20265753,95,1370.1493057861662,972.4144210997704,2342.5637268859364
input_output_noise,reward5_gci,DQN reward5 GCI,Results_DQN_reward5/model,design,70,design_21,Design Rainfall 21,0.05,40,20265754,95,1369.792558699358,972.938929634909,2342.731488334267
input_output_noise,reward5_gci,DQN reward5 GCI,Results_DQN_reward5/model,design,70,design_21,Design Rainfall 21,0.05,41,20265755,95,1369.3287189210832,979.0401101338989,2348.368829054982
input_output_noise,reward5_gci,DQN reward5 GCI,Results_DQN_reward5/model,design,70,design_21,Design Rainfall 21,0.05,42,20265756,95,1370.8053606891767,967.3449192215348,2338.1502799107116
input_output_noise,reward5_gci,DQN reward5 GCI,Results_DQN_reward5/model,design,70,design_21,Design Rainfall 21,0.05,43,20265757,95,1369.750881507959,976.783544450147,2346.534425958106
input_output_noise,reward5_gci,DQN reward5 GCI,Results_DQN_reward5/model,design,70,design_21,Design Rainfall 21,0.05,44,20265758,95,1370.0029247652385,971.4675838798689,2341.4705086451077
input_output_noise,reward5_gci,DQN reward5 GCI,Results_DQN_reward5/model,design,70,design_21,Design Rainfall 21,0.05,45,20265759,95,1367.975840286466,979.0401101338989,2347.015950420365
input_output_noise,reward5_gci,DQN reward5 GCI,Results_DQN_reward5/model,design,70,design_21,Design Rainfall 21,0.05,46,20265760,95,1368.479794263138,764.4968886373189,2132.976682900457
input_output_noise,reward5_gci,DQN reward5 GCI,Results_DQN_reward5/model,design,70,design_21,Design Rainfall 21,0.05,47,20265761,95,1369.2477367003262,764.9853533727572,2134.2330900730835
input_output_noise,reward5_gci,DQN reward5 GCI,Results_DQN_reward5/model,design,70,design_21,Design Rainfall 21,0.05,48,20265762,95,1369.4309558573277,976.9837773128395,2346.414733170167
input_output_noise,reward5_gci,DQN reward5 GCI,Results_DQN_reward5/model,design,70,design_21,Design Rainfall 21,0.05,49,20265763,95,1370.1647541988566,970.6882275006882,2340.8529816995447
input_output_noise,reward5_gci,DQN reward5 GCI,Results_DQN_reward5/model,design,70,design_21,Design Rainfall 21,0.1,0,20270714,95,1369.1064790627806,971.0340315553915,2340.140510618172
input_output_noise,reward5_gci,DQN reward5 GCI,Results_DQN_reward5/model,design,70,design_21,Design Rainfall 21,0.1,1,20270715,95,894.8658826858263,1646.9260480926885,2541.7919307785146
input_output_noise,reward5_gci,DQN reward5 GCI,Results_DQN_reward5/model,design,70,design_21,Design Rainfall 21,0.1,2,20270716,95,892.9910181491205,1627.4680588811116,2520.459077030232
input_output_noise,reward5_gci,DQN reward5 GCI,Results_DQN_reward5/model,design,70,design_21,Design Rainfall 21,0.1,3,20270717,95,1370.2705675738496,774.4674733183266,2144.7380408921763
input_output_noise,reward5_gci,DQN reward5 GCI,Results_DQN_reward5/model,design,70,design_21,Design Rainfall 21,0.1,4,20270718,95,1371.1606936881985,966.88701079983,2338.0477044880286
input_output_noise,reward5_gci,DQN reward5 GCI,Results_DQN_reward5/model,design,70,design_21,Design Rainfall 21,0.1,5,20270719,95,1369.8361366471945,970.3998473513784,2340.235983998573
input_output_noise,reward5_gci,DQN reward5 GCI,Results_DQN_reward5/model,design,70,design_21,Design Rainfall 21,0.1,6,20270720,95,884.9945491514377,1628.9953347989094,2513.989883950347
input_output_noise,reward5_gci,DQN reward5 GCI,Results_DQN_reward5/model,design,70,design_21,Design Rainfall 21,0.1,7,20270721,95,1371.1578847293501,966.6683036082825,2337.8261883376326
input_output_noise,reward5_gci,DQN reward5 GCI,Results_DQN_reward5/model,design,70,design_21,Design Rainfall 21,0.1,8,20270722,95,1368.6226148065905,940.228154086113,2308.8507688927034
input_output_noise,reward5_gci,DQN reward5 GCI,Results_DQN_reward5/model,design,70,design_21,Design Rainfall 21,0.1,9,20270723,95,913.8587111810581,1624.068531057751,2537.927242238809
input_output_noise,reward5_gci,DQN reward5 GCI,Results_DQN_reward5/model,design,70,design_21,Design Rainfall 21,0.1,10,20270724,95,1368.122599862474,959.0973181736424,2327.2199180361167
input_output_noise,reward5_gci,DQN reward5 GCI,Results_DQN_reward5/model,design,70,design_21,Design Rainfall 21,0.1,11,20270725,95,1369.0585650630014,971.8152471767139,2340.8738122397153
input_output_noise,reward5_gci,DQN reward5 GCI,Results_DQN_reward5/model,design,70,design_21,Design Rainfall 21,0.1,12,20270726,95,1369.5517470492034,972.1803953128813,2341.7321423620847
input_output_noise,reward5_gci,DQN reward5 GCI,Results_DQN_reward5/model,design,70,design_21,Design Rainfall 21,0.1,13,20270727,95,1370.3262440193253,972.6096767693748,2342.9359207887
input_output_noise,reward5_gci,DQN reward5 GCI,Results_DQN_reward5/model,design,70,design_21,Design Rainfall 21,0.1,14,20270728,95,1369.3575654719762,774.4964956402277,2143.854061112204
input_output_noise,reward5_gci,DQN reward5 GCI,Results_DQN_reward5/model,design,70,design_21,Design Rainfall 21,0.1,15,20270729,95,1370.7208514670383,570.1770657139227,1940.897917180961
input_output_noise,reward5_gci,DQN reward5 GCI,Results_DQN_reward5/model,design,70,design_21,Design Rainfall 21,0.1,16,20270730,95,1370.5172964613305,979.0401101338989,2349.5574065952296
input_output_noise,reward5_gci,DQN reward5 GCI,Results_DQN_reward5/model,design,70,design_21,Design Rainfall 21,0.1,17,20270731,95,914.9620575884695,1591.3825459228983,2506.344603511368
input_output_noise,reward5_gci,DQN reward5 GCI,Results_DQN_reward5/model,design,70,design_21,Design Rainfall 21,0.1,18,20270732,95,1368.7794160757428,976.5914140689807,2345.3708301447236
input_output_noise,reward5_gci,DQN reward5 GCI,Results_DQN_reward5/model,design,70,design_21,Design Rainfall 21,0.1,19,20270733,95,1370.0813769801425,975.193068201978,2345.2744451821204
input_output_noise,reward5_gci,DQN reward5 GCI,Results_DQN_reward5/model,design,70,design_21,Design Rainfall 21,0.1,20,20270734,95,1368.8433190265791,962.899055288212,2331.742374314791
input_output_noise,reward5_gci,DQN reward5 GCI,Results_DQN_reward5/model,design,70,design_21,Design Rainfall 21,0.1,21,20270735,95,887.0710869063265,1639.4206786033208,2526.4917655096474
input_output_noise,reward5_gci,DQN reward5 GCI,Results_DQN_reward5/model,design,70,design_21,Design Rainfall 21,0.1,22,20270736,95,886.8889950834989,1645.9953035350748,2532.8842986185737
input_output_noise,reward5_gci,DQN reward5 GCI,Results_DQN_reward5/model,design,70,design_21,Design Rainfall 21,0.1,23,20270737,95,1368.7810071864824,960.7392064912227,2329.520213677705
input_output_noise,reward5_gci,DQN reward5 GCI,Results_DQN_reward5/model,design,70,design_21,Design Rainfall 21,0.1,24,20270738,95,1368.463095507131,965.777547184187,2334.240642691318
input_output_noise,reward5_gci,DQN reward5 GCI,Results_DQN_reward5/model,design,70,design_21,Design Rainfall 21,0.1,25,20270739,95,891.7444920001417,1632.677824697714,2524.4223166978554
input_output_noise,reward5_gci,DQN reward5 GCI,Results_DQN_reward5/model,design,70,design_21,Design Rainfall 21,0.1,26,20270740,95,912.3081414894313,1593.8523692527267,2506.160510742158
input_output_noise,reward5_gci,DQN reward5 GCI,Results_DQN_reward5/model,design,70,design_21,Design Rainfall 21,0.1,27,20270741,95,1368.7243879305197,969.1131105409238,2337.8374984714437
input_output_noise,reward5_gci,DQN reward5 GCI,Results_DQN_reward5/model,design,70,design_21,Design Rainfall 21,0.1,28,20270742,95,1370.3691348536408,774.4869526694699,2144.8560875231105
input_output_noise,reward5_gci,DQN reward5 GCI,Results_DQN_reward5/model,design,70,design_21,Design Rainfall 21,0.1,29,20270743,95,1368.9589379927006,774.4340777020461,2143.3930156947467
input_output_noise,reward5_gci,DQN reward5 GCI,Results_DQN_reward5/model,design,70,design_21,Design Rainfall 21,0.1,30,20270744,95,893.897755852308,1648.605879228501,2542.503635080809
input_output_noise,reward5_gci,DQN reward5 GCI,Results_DQN_reward5/model,design,70,design_21,Design Rainfall 21,0.1,31,20270745,95,1371.8515511163932,964.3010224613555,2336.1525735777486
input_output_noise,reward5_gci,DQN reward5 GCI,Results_DQN_reward5/model,design,70,design_21,Design Rainfall 21,0.1,32,20270746,95,1368.5906047100702,774.4783987169665,2143.0690034270365
input_output_noise,reward5_gci,DQN reward5 GCI,Results_DQN_reward5/model,design,70,design_21,Design Rainfall 21,0.1,33,20270747,95,327.24777618494886,2407.4025058314123,2734.6502820163614
input_output_noise,reward5_gci,DQN reward5 GCI,Results_DQN_reward5/model,design,70,design_21,Design Rainfall 21,0.1,34,20270748,95,1369.2048951285203,968.7824546979245,2337.987349826445
input_output_noise,reward5_gci,DQN reward5 GCI,Results_DQN_reward5/model,design,70,design_21,Design Rainfall 21,0.1,35,20270749,95,1368.3776882346015,968.094733316275,2336.4724215508763
input_output_noise,reward5_gci,DQN reward5 GCI,Results_DQN_reward5/model,design,70,design_21,Design Rainfall 21,0.1,36,20270750,95,894.3477677002962,1627.8623336479677,2522.210101348264
input_output_noise,reward5_gci,DQN reward5 GCI,Results_DQN_reward5/model,design,70,design_21,Design Rainfall 21,0.1,37,20270751,95,1369.9393411936312,957.5598460626686,2327.4991872562996
input_output_noise,reward5_gci,DQN reward5 GCI,Results_DQN_reward5/model,design,70,design_21,Design Rainfall 21,0.1,38,20270752,95,1369.6962272955411,971.7174597322467,2341.413687027788
input_output_noise,reward5_gci,DQN reward5 GCI,Results_DQN_reward5/model,design,70,design_21,Design Rainfall 21,0.1,39,20270753,95,1369.0860002051602,759.4712421268819,2128.557242332042
input_output_noise,reward5_gci,DQN reward5 GCI,Results_DQN_reward5/model,design,70,design_21,Design Rainfall 21,0.1,40,20270754,95,913.9773322248365,1605.4969692937098,2519.4743015185463
input_output_noise,reward5_gci,DQN reward5 GCI,Results_DQN_reward5/model,design,70,design_21,Design Rainfall 21,0.1,41,20270755,95,1368.56505532788,969.4003869714738,2337.9654422993535
input_output_noise,reward5_gci,DQN reward5 GCI,Results_DQN_reward5/model,design,70,design_21,Design Rainfall 21,0.1,42,20270756,95,1370.4867447629497,947.7840870278155,2318.2708317907654
input_output_noise,reward5_gci,DQN reward5 GCI,Results_DQN_reward5/model,design,70,design_21,Design Rainfall 21,0.1,43,20270757,95,907.9710665049697,1598.7575980981383,2506.728664603108
input_output_noise,reward5_gci,DQN reward5 GCI,Results_DQN_reward5/model,design,70,design_21,Design Rainfall 21,0.1,44,20270758,95,1369.739562664039,959.6810228373997,2329.420585501439
input_output_noise,reward5_gci,DQN reward5 GCI,Results_DQN_reward5/model,design,70,design_21,Design Rainfall 21,0.1,45,20270759,95,913.9990694527528,1621.8521378464652,2535.851207299218
input_output_noise,reward5_gci,DQN reward5 GCI,Results_DQN_reward5/model,design,70,design_21,Design Rainfall 21,0.1,46,20270760,95,1370.376645488403,774.455878087511,2144.832523575914
input_output_noise,reward5_gci,DQN reward5 GCI,Results_DQN_reward5/model,design,70,design_21,Design Rainfall 21,0.1,47,20270761,95,908.3390860944116,1599.1917226293451,2507.5308087237568
input_output_noise,reward5_gci,DQN reward5 GCI,Results_DQN_reward5/model,design,70,design_21,Design Rainfall 21,0.1,48,20270762,95,1368.5782381912188,945.3581209475439,2313.936359138763
input_output_noise,reward5_gci,DQN reward5 GCI,Results_DQN_reward5/model,design,70,design_21,Design Rainfall 21,0.1,49,20270763,95,1370.7427483313736,757.705738328776,2128.4484866601497
input_output_noise,reward5_gci,DQN reward5 GCI,Results_DQN_reward5/model,design,64,design_15,Design Rainfall 15,0.05,0,20365714,95,3626.8742025883234,774.4930804533155,4401.367283041639
input_output_noise,reward5_gci,DQN reward5 GCI,Results_DQN_reward5/model,design,64,design_15,Design Rainfall 15,0.05,1,20365715,95,3627.7231643109008,971.9004597603825,4599.623624071283
input_output_noise,reward5_gci,DQN reward5 GCI,Results_DQN_reward5/model,design,64,design_15,Design Rainfall 15,0.05,2,20365716,95,3626.1588634479676,971.9139551653365,4598.072818613304
input_output_noise,reward5_gci,DQN reward5 GCI,Results_DQN_reward5/model,design,64,design_15,Design Rainfall 15,0.05,3,20365717,95,3623.906873691889,975.1807497204331,4599.0876234123225
input_output_noise,reward5_gci,DQN reward5 GCI,Results_DQN_reward5/model,design,64,design_15,Design Rainfall 15,0.05,4,20365718,95,3630.7707915527067,966.0705014294255,4596.8412929821325
input_output_noise,reward5_gci,DQN reward5 GCI,Results_DQN_reward5/model,design,64,design_15,Design Rainfall 15,0.05,5,20365719,95,3628.5990493334875,970.2568793068574,4598.855928640345
input_output_noise,reward5_gci,DQN reward5 GCI,Results_DQN_reward5/model,design,64,design_15,Design Rainfall 15,0.05,6,20365720,95,3184.4179233490313,1623.1961535947867,4807.614076943818
input_output_noise,reward5_gci,DQN reward5 GCI,Results_DQN_reward5/model,design,64,design_15,Design Rainfall 15,0.05,7,20365721,95,3629.3010954353485,974.7145949777987,4604.015690413147
input_output_noise,reward5_gci,DQN reward5 GCI,Results_DQN_reward5/model,design,64,design_15,Design Rainfall 15,0.05,8,20365722,95,3633.1679346166497,979.0425056691706,4612.21044028582
input_output_noise,reward5_gci,DQN reward5 GCI,Results_DQN_reward5/model,design,64,design_15,Design Rainfall 15,0.05,9,20365723,95,3062.273028983134,1745.2062293604188,4807.479258343553
input_output_noise,reward5_gci,DQN reward5 GCI,Results_DQN_reward5/model,design,64,design_15,Design Rainfall 15,0.05,10,20365724,95,3625.428927786792,774.5070616919701,4399.935989478762
input_output_noise,reward5_gci,DQN reward5 GCI,Results_DQN_reward5/model,design,64,design_15,Design Rainfall 15,0.05,11,20365725,95,3633.136975070913,970.1783712641414,4603.3153463350545
input_output_noise,reward5_gci,DQN reward5 GCI,Results_DQN_reward5/model,design,64,design_15,Design Rainfall 15,0.05,12,20365726,95,3625.98082380743,979.040111063156,4605.020934870587
input_output_noise,reward5_gci,DQN reward5 GCI,Results_DQN_reward5/model,design,64,design_15,Design Rainfall 15,0.05,13,20365727,95,3628.3181727811857,975.1260498567252,4603.444222637911
input_output_noise,reward5_gci,DQN reward5 GCI,Results_DQN_reward5/model,design,64,design_15,Design Rainfall 15,0.05,14,20365728,95,3633.848338783028,969.4106181807524,4603.25895696378
input_output_noise,reward5_gci,DQN reward5 GCI,Results_DQN_reward5/model,design,64,design_15,Design Rainfall 15,0.05,15,20365729,95,3631.151285436584,970.1509787124344,4601.302264149019
input_output_noise,reward5_gci,DQN reward5 GCI,Results_DQN_reward5/model,design,64,design_15,Design Rainfall 15,0.05,16,20365730,95,3624.38705117266,977.1839418636372,4601.570993036297
input_output_noise,reward5_gci,DQN reward5 GCI,Results_DQN_reward5/model,design,64,design_15,Design Rainfall 15,0.05,17,20365731,95,3624.4469408116297,969.0363223485399,4593.483263160169
input_output_noise,reward5_gci,DQN reward5 GCI,Results_DQN_reward5/model,design,64,design_15,Design Rainfall 15,0.05,18,20365732,95,3626.762211266178,976.4520125880166,4603.214223854195
input_output_noise,reward5_gci,DQN reward5 GCI,Results_DQN_reward5/model,design,64,design_15,Design Rainfall 15,0.05,19,20365733,95,3623.3381897752797,979.0401101338989,4602.378299909178
input_output_noise,reward5_gci,DQN reward5 GCI,Results_DQN_reward5/model,design,64,design_15,Design Rainfall 15,0.05,20,20365734,95,3630.0941486277343,972.4091022399994,4602.503250867734
input_output_noise,reward5_gci,DQN reward5 GCI,Results_DQN_reward5/model,design,64,design_15,Design Rainfall 15,0.05,21,20365735,95,3622.769544943779,979.0401102338483,4601.809655177627
input_output_noise,reward5_gci,DQN reward5 GCI,Results_DQN_reward5/model,design,64,design_15,Design Rainfall 15,0.05,22,20365736,95,3627.613059172541,975.7825033266532,4603.395562499194
input_output_noise,reward5_gci,DQN reward5 GCI,Results_DQN_reward5/model,design,64,design_15,Design Rainfall 15,0.05,23,20365737,95,3633.4711415989923,979.0401101338989,4612.511251732891
input_output_noise,reward5_gci,DQN reward5 GCI,Results_DQN_reward5/model,design,64,design_15,Design Rainfall 15,0.05,24,20365738,95,3631.1127672825896,979.042164337847,4610.154931620436
input_output_noise,reward5_gci,DQN reward5 GCI,Results_DQN_reward5/model,design,64,design_15,Design Rainfall 15,0.05,25,20365739,95,3621.76198369695,971.1636724290779,4592.925656126028
input_output_noise,reward5_gci,DQN reward5 GCI,Results_DQN_reward5/model,design,64,design_15,Design Rainfall 15,0.05,26,20365740,95,3626.4580661711084,979.0401107826293,4605.498176953738
input_output_noise,reward5_gci,DQN reward5 GCI,Results_DQN_reward5/model,design,64,design_15,Design Rainfall 15,0.05,27,20365741,95,3618.93211834799,772.7763611194309,4391.708479467421
input_output_noise,reward5_gci,DQN reward5 GCI,Results_DQN_reward5/model,design,64,design_15,Design Rainfall 15,0.05,28,20365742,95,3623.2945354725766,969.6961977946878,4592.990733267265
input_output_noise,reward5_gci,DQN reward5 GCI,Results_DQN_reward5/model,design,64,design_15,Design Rainfall 15,0.05,29,20365743,95,3625.5764477181992,765.7837993126059,4391.360247030805
input_output_noise,reward5_gci,DQN reward5 GCI,Results_DQN_reward5/model,design,64,design_15,Design Rainfall 15,0.05,30,20365744,95,3621.7200082358345,975.6185405103436,4597.338548746178
input_output_noise,reward5_gci,DQN reward5 GCI,Results_DQN_reward5/model,design,64,design_15,Design Rainfall 15,0.05,31,20365745,95,3629.804393148915,774.4782889104866,4404.282682059402
input_output_noise,reward5_gci,DQN reward5 GCI,Results_DQN_reward5/model,design,64,design_15,Design Rainfall 15,0.05,32,20365746,95,3068.797260553537,1749.0116181663207,4817.808878719858
input_output_noise,reward5_gci,DQN reward5 GCI,Results_DQN_reward5/model,design,64,design_15,Design Rainfall 15,0.05,33,20365747,95,3623.7648916592216,978.1737337627316,4601.9386254219535
input_output_noise,reward5_gci,DQN reward5 GCI,Results_DQN_reward5/model,design,64,design_15,Design Rainfall 15,0.05,34,20365748,95,3626.1756244344806,971.9505950883831,4598.126219522864
input_output_noise,reward5_gci,DQN reward5 GCI,Results_DQN_reward5/model,design,64,design_15,Design Rainfall 15,0.05,35,20365749,95,3620.3497573626832,774.5070616919701,4394.856819054653
input_output_noise,reward5_gci,DQN reward5 GCI,Results_DQN_reward5/model,design,64,design_15,Design Rainfall 15,0.05,36,20365750,95,3623.6084199925444,972.320942771209,4595.9293627637535
input_output_noise,reward5_gci,DQN reward5 GCI,Results_DQN_reward5/model,design,64,design_15,Design Rainfall 15,0.05,37,20365751,95,3566.363804113032,774.5070616919701,4340.870865805002
input_output_noise,reward5_gci,DQN reward5 GCI,Results_DQN_reward5/model,design,64,design_15,Design Rainfall 15,0.05,38,20365752,95,3623.2307647396965,971.5427440573187,4594.773508797015
input_output_noise,reward5_gci,DQN reward5 GCI,Results_DQN_reward5/model,design,64,design_15,Design Rainfall 15,0.05,39,20365753,95,3634.387378588318,570.1776138955616,4204.56499248388
input_output_noise,reward5_gci,DQN reward5 GCI,Results_DQN_reward5/model,design,64,design_15,Design Rainfall 15,0.05,40,20365754,95,3621.598023127445,979.0401101338989,4600.638133261344
input_output_noise,reward5_gci,DQN reward5 GCI,Results_DQN_reward5/model,design,64,design_15,Design Rainfall 15,0.05,41,20365755,95,3623.8555539293334,766.3088599451357,4390.164413874469
input_output_noise,reward5_gci,DQN reward5 GCI,Results_DQN_reward5/model,design,64,design_15,Design Rainfall 15,0.05,42,20365756,95,3624.818992388565,976.5724495259008,4601.391441914466
input_output_noise,reward5_gci,DQN reward5 GCI,Results_DQN_reward5/model,design,64,design_15,Design Rainfall 15,0.05,43,20365757,95,3622.6844528471097,967.7042778836337,4590.388730730743
input_output_noise,reward5_gci,DQN reward5 GCI,Results_DQN_reward5/model,design,64,design_15,Design Rainfall 15,0.05,44,20365758,95,3623.957245500612,774.4866020756409,4398.443847576253
input_output_noise,reward5_gci,DQN reward5 GCI,Results_DQN_reward5/model,design,64,design_15,Design Rainfall 15,0.05,45,20365759,95,3625.962950989136,977.6923059325597,4603.655256921696
input_output_noise,reward5_gci,DQN reward5 GCI,Results_DQN_reward5/model,design,64,design_15,Design Rainfall 15,0.05,46,20365760,95,3632.781791665256,969.9724782328858,4602.7542698981415
input_output_noise,reward5_gci,DQN reward5 GCI,Results_DQN_reward5/model,design,64,design_15,Design Rainfall 15,0.05,47,20365761,95,3628.651402644151,975.389878020877,4604.041280665027
input_output_noise,reward5_gci,DQN reward5 GCI,Results_DQN_reward5/model,design,64,design_15,Design Rainfall 15,0.05,48,20365762,95,3630.5897195576536,979.0411369439973,4609.630856501651
input_output_noise,reward5_gci,DQN reward5 GCI,Results_DQN_reward5/model,design,64,design_15,Design Rainfall 15,0.05,49,20365763,95,3626.5637048952003,978.7437059766198,4605.30741087182
input_output_noise,reward5_gci,DQN reward5 GCI,Results_DQN_reward5/model,design,64,design_15,Design Rainfall 15,0.1,0,20370714,95,3624.706284281555,979.0401110719371,4603.746395353492
input_output_noise,reward5_gci,DQN reward5 GCI,Results_DQN_reward5/model,design,64,design_15,Design Rainfall 15,0.1,1,20370715,95,3625.6876562704283,956.2776813621724,4581.9653376326005
input_output_noise,reward5_gci,DQN reward5 GCI,Results_DQN_reward5/model,design,64,design_15,Design Rainfall 15,0.1,2,20370716,95,3065.9827691256173,1753.8637614551812,4819.846530580799
input_output_noise,reward5_gci,DQN reward5 GCI,Results_DQN_reward5/model,design,64,design_15,Design Rainfall 15,0.1,3,20370717,95,3623.4713536847667,975.9774742607942,4599.448827945561
input_output_noise,reward5_gci,DQN reward5 GCI,Results_DQN_reward5/model,design,64,design_15,Design Rainfall 15,0.1,4,20370718,95,3636.32436305895,974.9204065437766,4611.244769602727
input_output_noise,reward5_gci,DQN reward5 GCI,Results_DQN_reward5/model,design,64,design_15,Design Rainfall 15,0.1,5,20370719,95,3629.582475520442,760.3535472329976,4389.93602275344
input_output_noise,reward5_gci,DQN reward5 GCI,Results_DQN_reward5/model,design,64,design_15,Design Rainfall 15,0.1,6,20370720,95,3262.7110469572344,1473.0062923880619,4735.717339345296
input_output_noise,reward5_gci,DQN reward5 GCI,Results_DQN_reward5/model,design,64,design_15,Design Rainfall 15,0.1,7,20370721,95,3140.809276398164,1644.5791541104777,4785.388430508641
input_output_noise,reward5_gci,DQN reward5 GCI,Results_DQN_reward5/model,design,64,design_15,Design Rainfall 15,0.1,8,20370722,95,3624.6722000477234,974.8690748349288,4599.541274882652
input_output_noise,reward5_gci,DQN reward5 GCI,Results_DQN_reward5/model,design,64,design_15,Design Rainfall 15,0.1,9,20370723,95,3623.5961980908164,967.8203030964537,4591.41650118727
input_output_noise,reward5_gci,DQN reward5 GCI,Results_DQN_reward5/model,design,64,design_15,Design Rainfall 15,0.1,10,20370724,95,3630.343493778439,974.0121978237436,4604.355691602183
input_output_noise,reward5_gci,DQN reward5 GCI,Results_DQN_reward5/model,design,64,design_15,Design Rainfall 15,0.1,11,20370725,95,3629.047398053609,968.2674758693074,4597.314873922916
input_output_noise,reward5_gci,DQN reward5 GCI,Results_DQN_reward5/model,design,64,design_15,Design Rainfall 15,0.1,12,20370726,95,3638.4177938417974,964.3969150071063,4602.814708848904
input_output_noise,reward5_gci,DQN reward5 GCI,Results_DQN_reward5/model,design,64,design_15,Design Rainfall 15,0.1,13,20370727,95,3176.9971801611346,1614.1859383013407,4791.183118462475
input_output_noise,reward5_gci,DQN reward5 GCI,Results_DQN_reward5/model,design,64,design_15,Design Rainfall 15,0.1,14,20370728,95,3626.5059456780446,965.4308383252339,4591.936784003278
input_output_noise,reward5_gci,DQN reward5 GCI,Results_DQN_reward5/model,design,64,design_15,Design Rainfall 15,0.1,15,20370729,95,3557.065650174442,755.3554869729365,4312.421137147378
input_output_noise,reward5_gci,DQN reward5 GCI,Results_DQN_reward5/model,design,64,design_15,Design Rainfall 15,0.1,16,20370730,95,3629.348843358761,774.4783893480238,4403.827232706784
input_output_noise,reward5_gci,DQN reward5 GCI,Results_DQN_reward5/model,design,64,design_15,Design Rainfall 15,0.1,17,20370731,95,3625.5992418822293,773.2804552842185,4398.879697166448
input_output_noise,reward5_gci,DQN reward5 GCI,Results_DQN_reward5/model,design,64,design_15,Design Rainfall 15,0.1,18,20370732,95,3622.1129439585047,964.3751309027862,4586.48807486129
input_output_noise,reward5_gci,DQN reward5 GCI,Results_DQN_reward5/model,design,64,design_15,Design Rainfall 15,0.1,19,20370733,95,3622.378696887547,969.3157362191033,4591.694433106651
input_output_noise,reward5_gci,DQN reward5 GCI,Results_DQN_reward5/model,design,64,design_15,Design Rainfall 15,0.1,20,20370734,95,3627.4768658012213,960.5714159700169,4588.048281771238
input_output_noise,reward5_gci,DQN reward5 GCI,Results_DQN_reward5/model,design,64,design_15,Design Rainfall 15,0.1,21,20370735,95,3567.4394228789693,961.4161264410259,4528.855549319995
input_output_noise,reward5_gci,DQN reward5 GCI,Results_DQN_reward5/model,design,64,design_15,Design Rainfall 15,0.1,22,20370736,95,3626.147953347262,765.380431835812,4391.528385183074
input_output_noise,reward5_gci,DQN reward5 GCI,Results_DQN_reward5/model,design,64,design_15,Design Rainfall 15,0.1,23,20370737,95,3624.091766998767,963.7314987449035,4587.823265743671
input_output_noise,reward5_gci,DQN reward5 GCI,Results_DQN_reward5/model,design,64,design_15,Design Rainfall 15,0.1,24,20370738,95,3338.0700235373192,1246.543259001564,4584.613282538883
input_output_noise,reward5_gci,DQN reward5 GCI,Results_DQN_reward5/model,design,64,design_15,Design Rainfall 15,0.1,25,20370739,95,3628.1780527912647,956.8197597134539,4584.997812504718
input_output_noise,reward5_gci,DQN reward5 GCI,Results_DQN_reward5/model,design,64,design_15,Design Rainfall 15,0.1,26,20370740,95,3619.405715934116,976.35136085239,4595.757076786506
input_output_noise,reward5_gci,DQN reward5 GCI,Results_DQN_reward5/model,design,64,design_15,Design Rainfall 15,0.1,27,20370741,95,3622.5821586739535,979.3985881577065,4601.98074683166
input_output_noise,reward5_gci,DQN reward5 GCI,Results_DQN_reward5/model,design,64,design_15,Design Rainfall 15,0.1,28,20370742,95,3156.5176157382716,1633.8086156861948,4790.326231424467
input_output_noise,reward5_gci,DQN reward5 GCI,Results_DQN_reward5/model,design,64,design_15,Design Rainfall 15,0.1,29,20370743,95,3567.50786979802,974.3954790530978,4541.903348851118
input_output_noise,reward5_gci,DQN reward5 GCI,Results_DQN_reward5/model,design,64,design_15,Design Rainfall 15,0.1,30,20370744,95,3633.08469402076,962.1639081504936,4595.248602171254
input_output_noise,reward5_gci,DQN reward5 GCI,Results_DQN_reward5/model,design,64,design_15,Design Rainfall 15,0.1,31,20370745,95,3624.3022787798964,969.4377562657669,4593.740035045663
input_output_noise,reward5_gci,DQN reward5 GCI,Results_DQN_reward5/model,design,64,design_15,Design Rainfall 15,0.1,32,20370746,95,3621.595496831134,979.1754252842868,4600.770922115421
input_output_noise,reward5_gci,DQN reward5 GCI,Results_DQN_reward5/model,design,64,design_15,Design Rainfall 15,0.1,33,20370747,95,3060.1885684122767,1746.8357928994474,4807.024361311724
input_output_noise,reward5_gci,DQN reward5 GCI,Results_DQN_reward5/model,design,64,design_15,Design Rainfall 15,0.1,34,20370748,95,3630.9600319568476,963.3345714147626,4594.294603371611
input_output_noise,reward5_gci,DQN reward5 GCI,Results_DQN_reward5/model,design,64,design_15,Design Rainfall 15,0.1,35,20370749,95,3628.6234157259046,960.9195693059808,4589.542985031885
input_output_noise,reward5_gci,DQN reward5 GCI,Results_DQN_reward5/model,design,64,design_15,Design Rainfall 15,0.1,36,20370750,95,3624.354636827821,953.3013892657643,4577.656026093586
input_output_noise,reward5_gci,DQN reward5 GCI,Results_DQN_reward5/model,design,64,design_15,Design Rainfall 15,0.1,37,20370751,95,3631.6811383918316,954.2248091162659,4585.905947508098
input_output_noise,reward5_gci,DQN reward5 GCI,Results_DQN_reward5/model,design,64,design_15,Design Rainfall 15,0.1,38,20370752,95,3066.0098996076895,1537.8184244648028,4603.828324072492
input_output_noise,reward5_gci,DQN reward5 GCI,Results_DQN_reward5/model,design,64,design_15,Design Rainfall 15,0.1,39,20370753,95,3562.7829516508627,967.3553552509701,4530.138306901833
input_output_noise,reward5_gci,DQN reward5 GCI,Results_DQN_reward5/model,design,64,design_15,Design Rainfall 15,0.1,40,20370754,95,3064.806837903484,1717.6987592082062,4782.50559711169
input_output_noise,reward5_gci,DQN reward5 GCI,Results_DQN_reward5/model,design,64,design_15,Design Rainfall 15,0.1,41,20370755,95,3635.6967668916877,967.562033651022,4603.25880054271
input_output_noise,reward5_gci,DQN reward5 GCI,Results_DQN_reward5/model,design,64,design_15,Design Rainfall 15,0.1,42,20370756,95,3617.222901450309,979.0407955893804,4596.26369703969
input_output_noise,reward5_gci,DQN reward5 GCI,Results_DQN_reward5/model,design,64,design_15,Design Rainfall 15,0.1,43,20370757,95,3631.4002609267905,972.3611441830801,4603.761405109871
input_output_noise,reward5_gci,DQN reward5 GCI,Results_DQN_reward5/model,design,64,design_15,Design Rainfall 15,0.1,44,20370758,95,3344.5966920097226,1234.1305512723427,4578.7272432820655
input_output_noise,reward5_gci,DQN reward5 GCI,Results_DQN_reward5/model,design,64,design_15,Design Rainfall 15,0.1,45,20370759,95,3626.6050667241984,774.2018516101372,4400.806918334336
input_output_noise,reward5_gci,DQN reward5 GCI,Results_DQN_reward5/model,design,64,design_15,Design Rainfall 15,0.1,46,20370760,95,3332.2519543542053,1272.9235151923986,4605.175469546604
input_output_noise,reward5_gci,DQN reward5 GCI,Results_DQN_reward5/model,design,64,design_15,Design Rainfall 15,0.1,47,20370761,95,3627.862612705825,952.0625079795936,4579.925120685419
input_output_noise,reward5_gci,DQN reward5 GCI,Results_DQN_reward5/model,design,64,design_15,Design Rainfall 15,0.1,48,20370762,95,3567.399714659536,960.0032608711808,4527.4029755307165
input_output_noise,reward5_gci,DQN reward5 GCI,Results_DQN_reward5/model,design,64,design_15,Design Rainfall 15,0.1,49,20370763,95,3627.297016960908,961.9747419601847,4589.271758921092
input_output_noise,reward5_gci,DQN reward5 GCI,Results_DQN_reward5/model,design,67,design_18,Design Rainfall 18,0.05,0,20465714,95,4744.355635486877,771.3259722557241,5515.681607742601
input_output_noise,reward5_gci,DQN reward5 GCI,Results_DQN_reward5/model,design,67,design_18,Design Rainfall 18,0.05,1,20465715,95,4732.071218113531,976.5036760441969,5708.5748941577285
input_output_noise,reward5_gci,DQN reward5 GCI,Results_DQN_reward5/model,design,67,design_18,Design Rainfall 18,0.05,2,20465716,95,4732.386582510597,979.0462715724594,5711.432854083057
input_output_noise,reward5_gci,DQN reward5 GCI,Results_DQN_reward5/model,design,67,design_18,Design Rainfall 18,0.05,3,20465717,95,4070.307460421673,1768.5067790929722,5838.814239514645
input_output_noise,reward5_gci,DQN reward5 GCI,Results_DQN_reward5/model,design,67,design_18,Design Rainfall 18,0.05,4,20465718,95,4737.34975315249,977.3936767864329,5714.743429938922
input_output_noise,reward5_gci,DQN reward5 GCI,Results_DQN_reward5/model,design,67,design_18,Design Rainfall 18,0.05,5,20465719,95,4745.847738545122,979.0401107787894,5724.887849323912
input_output_noise,reward5_gci,DQN reward5 GCI,Results_DQN_reward5/model,design,67,design_18,Design Rainfall 18,0.05,6,20465720,95,4660.722918262776,969.2176904889815,5629.940608751757
input_output_noise,reward5_gci,DQN reward5 GCI,Results_DQN_reward5/model,design,67,design_18,Design Rainfall 18,0.05,7,20465721,95,4060.212433293349,1781.7214560788177,5841.933889372167
input_output_noise,reward5_gci,DQN reward5 GCI,Results_DQN_reward5/model,design,67,design_18,Design Rainfall 18,0.05,8,20465722,95,4069.449000552008,1768.1571313123623,5837.60613186437
input_output_noise,reward5_gci,DQN reward5 GCI,Results_DQN_reward5/model,design,67,design_18,Design Rainfall 18,0.05,9,20465723,95,3993.5588072522205,1768.2979266925304,5761.856733944751
input_output_noise,reward5_gci,DQN reward5 GCI,Results_DQN_reward5/model,design,67,design_18,Design Rainfall 18,0.05,10,20465724,95,4066.1677750121366,1769.8320708903575,5835.999845902494
input_output_noise,reward5_gci,DQN reward5 GCI,Results_DQN_reward5/model,design,67,design_18,Design Rainfall 18,0.05,11,20465725,95,4074.973536462174,1757.9071424915626,5832.880678953737
input_output_noise,reward5_gci,DQN reward5 GCI,Results_DQN_reward5/model,design,67,design_18,Design Rainfall 18,0.05,12,20465726,95,4730.30862839006,963.2520567641786,5693.560685154239
input_output_noise,reward5_gci,DQN reward5 GCI,Results_DQN_reward5/model,design,67,design_18,Design Rainfall 18,0.05,13,20465727,95,4731.5951957658035,976.8881286548271,5708.483324420631
input_output_noise,reward5_gci,DQN reward5 GCI,Results_DQN_reward5/model,design,67,design_18,Design Rainfall 18,0.05,14,20465728,95,4734.280082525953,979.0435328959983,5713.323615421951
input_output_noise,reward5_gci,DQN reward5 GCI,Results_DQN_reward5/model,design,67,design_18,Design Rainfall 18,0.05,15,20465729,95,4734.232017795968,972.9082980381409,5707.140315834109
input_output_noise,reward5_gci,DQN reward5 GCI,Results_DQN_reward5/model,design,67,design_18,Design Rainfall 18,0.05,16,20465730,95,4732.336279451908,979.0411369506521,5711.37741640256
input_output_noise,reward5_gci,DQN reward5 GCI,Results_DQN_reward5/model,design,67,design_18,Design Rainfall 18,0.05,17,20465731,95,4729.318155293192,977.7484710173912,5707.066626310583
input_output_noise,reward5_gci,DQN reward5 GCI,Results_DQN_reward5/model,design,67,design_18,Design Rainfall 18,0.05,18,20465732,95,4059.195571525949,1775.8728524329906,5835.06842395894
input_output_noise,reward5_gci,DQN reward5 GCI,Results_DQN_reward5/model,design,67,design_18,Design Rainfall 18,0.05,19,20465733,95,4071.53048495398,1770.2591810143729,5841.789665968353
input_output_noise,reward5_gci,DQN reward5 GCI,Results_DQN_reward5/model,design,67,design_18,Design Rainfall 18,0.05,20,20465734,95,4733.345963871845,966.0541258800804,5699.400089751925
input_output_noise,reward5_gci,DQN reward5 GCI,Results_DQN_reward5/model,design,67,design_18,Design Rainfall 18,0.05,21,20465735,95,4729.627823311058,969.2403620719302,5698.8681853829885
input_output_noise,reward5_gci,DQN reward5 GCI,Results_DQN_reward5/model,design,67,design_18,Design Rainfall 18,0.05,22,20465736,95,4732.981872682777,969.8125745786213,5702.794447261398
input_output_noise,reward5_gci,DQN reward5 GCI,Results_DQN_reward5/model,design,67,design_18,Design Rainfall 18,0.05,23,20465737,95,4250.138755110475,1651.0939824478864,5901.232737558362
input_output_noise,reward5_gci,DQN reward5 GCI,Results_DQN_reward5/model,design,67,design_18,Design Rainfall 18,0.05,24,20465738,95,4731.272902799159,971.5453928835341,5702.818295682693
input_output_noise,reward5_gci,DQN reward5 GCI,Results_DQN_reward5/model,design,67,design_18,Design Rainfall 18,0.05,25,20465739,95,4730.179715564144,977.1687961920857,5707.34851175623
input_output_noise,reward5_gci,DQN reward5 GCI,Results_DQN_reward5/model,design,67,design_18,Design Rainfall 18,0.05,26,20465740,95,4745.107486415837,966.9697259962019,5712.077212412039
input_output_noise,reward5_gci,DQN reward5 GCI,Results_DQN_reward5/model,design,67,design_18,Design Rainfall 18,0.05,27,20465741,95,4070.163045985528,1750.3898312308488,5820.552877216376
input_output_noise,reward5_gci,DQN reward5 GCI,Results_DQN_reward5/model,design,67,design_18,Design Rainfall 18,0.05,28,20465742,95,4061.02422738168,1774.7985971180701,5835.82282449975
input_output_noise,reward5_gci,DQN reward5 GCI,Results_DQN_reward5/model,design,67,design_18,Design Rainfall 18,0.05,29,20465743,95,4066.245451143617,1771.8251119353756,5838.070563078993
input_output_noise,reward5_gci,DQN reward5 GCI,Results_DQN_reward5/model,design,67,design_18,Design Rainfall 18,0.05,30,20465744,95,4735.082603941304,968.9643782943804,5704.0469822356845
input_output_noise,reward5_gci,DQN reward5 GCI,Results_DQN_reward5/model,design,67,design_18,Design Rainfall 18,0.05,31,20465745,95,4063.5226741369584,1761.1184736637895,5824.641147800748
input_output_noise,reward5_gci,DQN reward5 GCI,Results_DQN_reward5/model,design,67,design_18,Design Rainfall 18,0.05,32,20465746,95,4663.791239113028,972.6398983835841,5636.431137496612
input_output_noise,reward5_gci,DQN reward5 GCI,Results_DQN_reward5/model,design,67,design_18,Design Rainfall 18,0.05,33,20465747,95,4056.722058994662,1572.2761720511248,5628.998231045787
input_output_noise,reward5_gci,DQN reward5 GCI,Results_DQN_reward5/model,design,67,design_18,Design Rainfall 18,0.05,34,20465748,95,4737.173446987371,972.9051707782867,5710.078617765657
input_output_noise,reward5_gci,DQN reward5 GCI,Results_DQN_reward5/model,design,67,design_18,Design Rainfall 18,0.05,35,20465749,95,4733.582871345673,975.7123865805928,5709.295257926266
input_output_noise,reward5_gci,DQN reward5 GCI,Results_DQN_reward5/model,design,67,design_18,Design Rainfall 18,0.05,36,20465750,95,4727.397471347894,975.3817385460501,5702.7792098939435
input_output_noise,reward5_gci,DQN reward5 GCI,Results_DQN_reward5/model,design,67,design_18,Design Rainfall 18,0.05,37,20465751,95,4732.024112759388,768.2069708392994,5500.231083598687
input_output_noise,reward5_gci,DQN reward5 GCI,Results_DQN_reward5/model,design,67,design_18,Design Rainfall 18,0.05,38,20465752,95,4732.066542820608,979.0411375830354,5711.107680403644
input_output_noise,reward5_gci,DQN reward5 GCI,Results_DQN_reward5/model,design,67,design_18,Design Rainfall 18,0.05,39,20465753,95,4731.496022957743,979.0435334878117,5710.539556445555
input_output_noise,reward5_gci,DQN reward5 GCI,Results_DQN_reward5/model,design,67,design_18,Design Rainfall 18,0.05,40,20465754,95,4742.771113876716,972.2439193107647,5715.015033187481
input_output_noise,reward5_gci,DQN reward5 GCI,Results_DQN_reward5/model,design,67,design_18,Design Rainfall 18,0.05,41,20465755,95,4664.084473277215,969.62407179059,5633.708545067805
input_output_noise,reward5_gci,DQN reward5 GCI,Results_DQN_reward5/model,design,67,design_18,Design Rainfall 18,0.05,42,20465756,95,4066.044717514071,1770.9748280042588,5837.01954551833
input_output_noise,reward5_gci,DQN reward5 GCI,Results_DQN_reward5/model,design,67,design_18,Design Rainfall 18,0.05,43,20465757,95,4066.5728706646264,1771.5507797053347,5838.123650369961
input_output_noise,reward5_gci,DQN reward5 GCI,Results_DQN_reward5/model,design,67,design_18,Design Rainfall 18,0.05,44,20465758,95,4079.560824213636,1761.8796443931442,5841.44046860678
input_output_noise,reward5_gci,DQN reward5 GCI,Results_DQN_reward5/model,design,67,design_18,Design Rainfall 18,0.05,45,20465759,95,4734.646499650076,971.5853744938954,5706.231874143972
input_output_noise,reward5_gci,DQN reward5 GCI,Results_DQN_reward5/model,design,67,design_18,Design Rainfall 18,0.05,46,20465760,95,4743.574522252594,977.1180375374311,5720.6925597900245
input_output_noise,reward5_gci,DQN reward5 GCI,Results_DQN_reward5/model,design,67,design_18,Design Rainfall 18,0.05,47,20465761,95,4738.630278954086,774.5063898148971,5513.136668768983
input_output_noise,reward5_gci,DQN reward5 GCI,Results_DQN_reward5/model,design,67,design_18,Design Rainfall 18,0.05,48,20465762,95,4740.764298289471,972.1799168523866,5712.944215141858
input_output_noise,reward5_gci,DQN reward5 GCI,Results_DQN_reward5/model,design,67,design_18,Design Rainfall 18,0.05,49,20465763,95,4740.4595572693215,967.9063698274701,5708.365927096792
input_output_noise,reward5_gci,DQN reward5 GCI,Results_DQN_reward5/model,design,67,design_18,Design Rainfall 18,0.1,0,20470714,95,4741.809711269522,962.4776850838273,5704.287396353349
input_output_noise,reward5_gci,DQN reward5 GCI,Results_DQN_reward5/model,design,67,design_18,Design Rainfall 18,0.1,1,20470715,95,4736.5416073579,953.982486667142,5690.524094025042
input_output_noise,reward5_gci,DQN reward5 GCI,Results_DQN_reward5/model,design,67,design_18,Design Rainfall 18,0.1,2,20470716,95,4671.772419217574,774.8426604379605,5446.615079655534
input_output_noise,reward5_gci,DQN reward5 GCI,Results_DQN_reward5/model,design,67,design_18,Design Rainfall 18,0.1,3,20470717,95,4239.311016035705,1631.3029162373678,5870.613932273072
input_output_noise,reward5_gci,DQN reward5 GCI,Results_DQN_reward5/model,design,67,design_18,Design Rainfall 18,0.1,4,20470718,95,3424.1182528551494,2349.4639090579058,5773.582161913055
input_output_noise,reward5_gci,DQN reward5 GCI,Results_DQN_reward5/model,design,67,design_18,Design Rainfall 18,0.1,5,20470719,95,4679.494785658659,970.4395935058218,5649.934379164481
input_output_noise,reward5_gci,DQN reward5 GCI,Results_DQN_reward5/model,design,67,design_18,Design Rainfall 18,0.1,6,20470720,95,4111.07764066334,1929.6927452957116,6040.770385959052
input_output_noise,reward5_gci,DQN reward5 GCI,Results_DQN_reward5/model,design,67,design_18,Design Rainfall 18,0.1,7,20470721,95,4744.1545847949665,967.8533507079408,5712.0079355029075
input_output_noise,reward5_gci,DQN reward5 GCI,Results_DQN_reward5/model,design,67,design_18,Design Rainfall 18,0.1,8,20470722,95,4455.140701585687,1425.3289085523036,5880.4696101379905
input_output_noise,reward5_gci,DQN reward5 GCI,Results_DQN_reward5/model,design,67,design_18,Design Rainfall 18,0.1,9,20470723,95,4070.741135787732,1767.6371457562143,5838.378281543946
input_output_noise,reward5_gci,DQN reward5 GCI,Results_DQN_reward5/model,design,67,design_18,Design Rainfall 18,0.1,10,20470724,95,4262.077661536101,1626.3782220188968,5888.455883554998
input_output_noise,reward5_gci,DQN reward5 GCI,Results_DQN_reward5/model,design,67,design_18,Design Rainfall 18,0.1,11,20470725,95,4281.322050276786,1620.3823084642427,5901.704358741029
input_output_noise,reward5_gci,DQN reward5 GCI,Results_DQN_reward5/model,design,67,design_18,Design Rainfall 18,0.1,12,20470726,95,4061.796545526439,1730.3849925527993,5792.181538079238
input_output_noise,reward5_gci,DQN reward5 GCI,Results_DQN_reward5/model,design,67,design_18,Design Rainfall 18,0.1,13,20470727,95,4744.395484494968,979.3985881577065,5723.794072652674
input_output_noise,reward5_gci,DQN reward5 GCI,Results_DQN_reward5/model,design,67,design_18,Design Rainfall 18,0.1,14,20470728,95,4735.214503260512,977.2757259899954,5712.490229250508
input_output_noise,reward5_gci,DQN reward5 GCI,Results_DQN_reward5/model,design,67,design_18,Design Rainfall 18,0.1,15,20470729,95,4733.5888962287645,958.7209014963646,5692.309797725129
input_output_noise,reward5_gci,DQN reward5 GCI,Results_DQN_reward5/model,design,67,design_18,Design Rainfall 18,0.1,16,20470730,95,4740.973534602909,756.5185112266339,5497.492045829543
input_output_noise,reward5_gci,DQN reward5 GCI,Results_DQN_reward5/model,design,67,design_18,Design Rainfall 18,0.1,17,20470731,95,4735.746157565113,763.5993974690809,5499.345555034194
input_output_noise,reward5_gci,DQN reward5 GCI,Results_DQN_reward5/model,design,67,design_18,Design Rainfall 18,0.1,18,20470732,95,4737.890644544237,966.7806373269634,5704.6712818712
input_output_noise,reward5_gci,DQN reward5 GCI,Results_DQN_reward5/model,design,67,design_18,Design Rainfall 18,0.1,19,20470733,95,4442.246324223101,1463.6844402432741,5905.930764466375
input_output_noise,reward5_gci,DQN reward5 GCI,Results_DQN_reward5/model,design,67,design_18,Design Rainfall 18,0.1,20,20470734,95,4743.655914386357,963.6127234916632,5707.26863787802
input_output_noise,reward5_gci,DQN reward5 GCI,Results_DQN_reward5/model,design,67,design_18,Design Rainfall 18,0.1,21,20470735,95,4674.557137857353,774.478499754902,5449.035637612255
input_output_noise,reward5_gci,DQN reward5 GCI,Results_DQN_reward5/model,design,67,design_18,Design Rainfall 18,0.1,22,20470736,95,4062.8451167833205,1768.9973301753926,5831.8424469587135
input_output_noise,reward5_gci,DQN reward5 GCI,Results_DQN_reward5/model,design,67,design_18,Design Rainfall 18,0.1,23,20470737,95,4727.5501919248145,972.3193599390419,5699.869551863856
input_output_noise,reward5_gci,DQN reward5 GCI,Results_DQN_reward5/model,design,67,design_18,Design Rainfall 18,0.1,24,20470738,95,4731.483325786989,970.9223421533272,5702.405667940316
input_output_noise,reward5_gci,DQN reward5 GCI,Results_DQN_reward5/model,design,67,design_18,Design Rainfall 18,0.1,25,20470739,95,4750.726446734771,966.0956398727534,5716.822086607524
input_output_noise,reward5_gci,DQN reward5 GCI,Results_DQN_reward5/model,design,67,design_18,Design Rainfall 18,0.1,26,20470740,95,3957.321617921606,1734.1674386612835,5691.48905658289
input_output_noise,reward5_gci,DQN reward5 GCI,Results_DQN_reward5/model,design,67,design_18,Design Rainfall 18,0.1,27,20470741,95,4673.541133456708,979.0401110152243,5652.581244471932
input_output_noise,reward5_gci,DQN reward5 GCI,Results_DQN_reward5/model,design,67,design_18,Design Rainfall 18,0.1,28,20470742,95,4021.336924383683,1758.4701987814838,5779.807123165167
input_output_noise,reward5_gci,DQN reward5 GCI,Results_DQN_reward5/model,design,67,design_18,Design Rainfall 18,0.1,29,20470743,95,4065.9417755528257,1744.4143806275633,5810.356156180389
input_output_noise,reward5_gci,DQN reward5 GCI,Results_DQN_reward5/model,design,67,design_18,Design Rainfall 18,0.1,30,20470744,95,4091.541768122229,1734.3668223655648,5825.908590487794
input_output_noise,reward5_gci,DQN reward5 GCI,Results_DQN_reward5/model,design,67,design_18,Design Rainfall 18,0.1,31,20470745,95,4735.486661923423,979.0401103945197,5714.526772317942
input_output_noise,reward5_gci,DQN reward5 GCI,Results_DQN_reward5/model,design,67,design_18,Design Rainfall 18,0.1,32,20470746,95,4257.488637896695,1633.9863262503263,5891.474964147021
input_output_noise,reward5_gci,DQN reward5 GCI,Results_DQN_reward5/model,design,67,design_18,Design Rainfall 18,0.1,33,20470747,95,4072.560366626349,1734.1902543458923,5806.750620972241
input_output_noise,reward5_gci,DQN reward5 GCI,Results_DQN_reward5/model,design,67,design_18,Design Rainfall 18,0.1,34,20470748,95,4602.3955014091,1183.764410753003,5786.159912162103
input_output_noise,reward5_gci,DQN reward5 GCI,Results_DQN_reward5/model,design,67,design_18,Design Rainfall 18,0.1,35,20470749,95,4737.877846338183,946.7023992305076,5684.580245568691
input_output_noise,reward5_gci,DQN reward5 GCI,Results_DQN_reward5/model,design,67,design_18,Design Rainfall 18,0.1,36,20470750,95,4672.975694938304,768.399016457984,5441.374711396287
input_output_noise,reward5_gci,DQN reward5 GCI,Results_DQN_reward5/model,design,67,design_18,Design Rainfall 18,0.1,37,20470751,95,4664.004801566354,977.1473812942318,5641.1521828605855
input_output_noise,reward5_gci,DQN reward5 GCI,Results_DQN_reward5/model,design,67,design_18,Design Rainfall 18,0.1,38,20470752,95,3639.5843049650534,2391.326579682695,6030.910884647748
input_output_noise,reward5_gci,DQN reward5 GCI,Results_DQN_reward5/model,design,67,design_18,Design Rainfall 18,0.1,39,20470753,95,4742.719324147913,969.0549988099372,5711.77432295785
input_output_noise,reward5_gci,DQN reward5 GCI,Results_DQN_reward5/model,design,67,design_18,Design Rainfall 18,0.1,40,20470754,95,4255.395214560907,1637.2992892954605,5892.694503856368
input_output_noise,reward5_gci,DQN reward5 GCI,Results_DQN_reward5/model,design,67,design_18,Design Rainfall 18,0.1,41,20470755,95,4732.376146438957,774.4889860994025,5506.86513253836
input_output_noise,reward5_gci,DQN reward5 GCI,Results_DQN_reward5/model,design,67,design_18,Design Rainfall 18,0.1,42,20470756,95,4745.050469450083,774.5180144428082,5519.568483892892
input_output_noise,reward5_gci,DQN reward5 GCI,Results_DQN_reward5/model,design,67,design_18,Design Rainfall 18,0.1,43,20470757,95,3997.940298454282,1753.6106081543026,5751.550906608585
input_output_noise,reward5_gci,DQN reward5 GCI,Results_DQN_reward5/model,design,67,design_18,Design Rainfall 18,0.1,44,20470758,95,4433.679086141816,1455.6101600946613,5889.289246236477
input_output_noise,reward5_gci,DQN reward5 GCI,Results_DQN_reward5/model,design,67,design_18,Design Rainfall 18,0.1,45,20470759,95,4220.648058578551,1628.000745227224,5848.648803805775
input_output_noise,reward5_gci,DQN reward5 GCI,Results_DQN_reward5/model,design,67,design_18,Design Rainfall 18,0.1,46,20470760,95,4158.148303637868,1950.8722183330096,6109.020521970877
input_output_noise,reward5_gci,DQN reward5 GCI,Results_DQN_reward5/model,design,67,design_18,Design Rainfall 18,0.1,47,20470761,95,4733.530754930886,950.3336104661469,5683.864365397033
input_output_noise,reward5_gci,DQN reward5 GCI,Results_DQN_reward5/model,design,67,design_18,Design Rainfall 18,0.1,48,20470762,95,4740.809481185359,774.4783718403621,5515.287853025721
input_output_noise,reward5_gci,DQN reward5 GCI,Results_DQN_reward5/model,design,67,design_18,Design Rainfall 18,0.1,49,20470763,95,4730.839979618292,966.233696723742,5697.073676342034
input_output_noise,reward5_gci,DQN reward5 GCI,Results_DQN_reward5/model,design,51,design_2,Design Rainfall 2,0.05,0,20565714,95,8697.442106378405,977.5447270138013,9674.986833392206
input_output_noise,reward5_gci,DQN reward5 GCI,Results_DQN_reward5/model,design,51,design_2,Design Rainfall 2,0.05,1,20565715,95,8694.169118969343,967.2534287809867,9661.42254775033
input_output_noise,reward5_gci,DQN reward5 GCI,Results_DQN_reward5/model,design,51,design_2,Design Rainfall 2,0.05,2,20565716,95,8701.781307884314,969.5412231683067,9671.322531052621
input_output_noise,reward5_gci,DQN reward5 GCI,Results_DQN_reward5/model,design,51,design_2,Design Rainfall 2,0.05,3,20565717,95,8760.991001417162,971.5813381016081,9732.57233951877
input_output_noise,reward5_gci,DQN reward5 GCI,Results_DQN_reward5/model,design,51,design_2,Design Rainfall 2,0.05,4,20565718,95,8710.573084847387,570.1751927584411,9280.748277605828
input_output_noise,reward5_gci,DQN reward5 GCI,Results_DQN_reward5/model,design,51,design_2,Design Rainfall 2,0.05,5,20565719,95,8700.324996837775,774.4766796375999,9474.801676475376
input_output_noise,reward5_gci,DQN reward5 GCI,Results_DQN_reward5/model,design,51,design_2,Design Rainfall 2,0.05,6,20565720,95,8737.774701978075,969.0149703484242,9706.789672326498
input_output_noise,reward5_gci,DQN reward5 GCI,Results_DQN_reward5/model,design,51,design_2,Design Rainfall 2,0.05,7,20565721,95,8025.508338066941,1843.8901397291813,9869.398477796123
input_output_noise,reward5_gci,DQN reward5 GCI,Results_DQN_reward5/model,design,51,design_2,Design Rainfall 2,0.05,8,20565722,95,8696.439443433603,970.3594224411211,9666.798865874724
input_output_noise,reward5_gci,DQN reward5 GCI,Results_DQN_reward5/model,design,51,design_2,Design Rainfall 2,0.05,9,20565723,95,8756.8686150616,960.5583736855302,9717.42698874713
input_output_noise,reward5_gci,DQN reward5 GCI,Results_DQN_reward5/model,design,51,design_2,Design Rainfall 2,0.05,10,20565724,95,8689.200636870368,977.905007372608,9667.105644242976
input_output_noise,reward5_gci,DQN reward5 GCI,Results_DQN_reward5/model,design,51,design_2,Design Rainfall 2,0.05,11,20565725,95,8747.410105140481,774.5070616919701,9521.91716683245
input_output_noise,reward5_gci,DQN reward5 GCI,Results_DQN_reward5/model,design,51,design_2,Design Rainfall 2,0.05,12,20565726,95,8329.23332569011,1377.7118820649773,9706.945207755087
input_output_noise,reward5_gci,DQN reward5 GCI,Results_DQN_reward5/model,design,51,design_2,Design Rainfall 2,0.05,13,20565727,95,8781.654521837683,979.0425061216322,9760.697027959315
input_output_noise,reward5_gci,DQN reward5 GCI,Results_DQN_reward5/model,design,51,design_2,Design Rainfall 2,0.05,14,20565728,95,8709.25755971887,974.1882687295235,9683.445828448394
input_output_noise,reward5_gci,DQN reward5 GCI,Results_DQN_reward5/model,design,51,design_2,Design Rainfall 2,0.05,15,20565729,95,8074.413804583555,1839.017367949388,9913.431172532943
input_output_noise,reward5_gci,DQN reward5 GCI,Results_DQN_reward5/model,design,51,design_2,Design Rainfall 2,0.05,16,20565730,95,8690.894579448779,973.3070288773088,9664.201608326088
input_output_noise,reward5_gci,DQN reward5 GCI,Results_DQN_reward5/model,design,51,design_2,Design Rainfall 2,0.05,17,20565731,95,8697.207668462715,978.496707720698,9675.704376183414
input_output_noise,reward5_gci,DQN reward5 GCI,Results_DQN_reward5/model,design,51,design_2,Design Rainfall 2,0.05,18,20565732,95,8753.96093042544,972.2589695800709,9726.219900005512
input_output_noise,reward5_gci,DQN reward5 GCI,Results_DQN_reward5/model,design,51,design_2,Design Rainfall 2,0.05,19,20565733,95,8030.038366367329,1837.4501576029531,9867.488523970282
input_output_noise,reward5_gci,DQN reward5 GCI,Results_DQN_reward5/model,design,51,design_2,Design Rainfall 2,0.05,20,20565734,95,7201.136355154039,2624.252702252221,9825.38905740626
input_output_noise,reward5_gci,DQN reward5 GCI,Results_DQN_reward5/model,design,51,design_2,Design Rainfall 2,0.05,21,20565735,95,7969.660808557388,1762.8694014494272,9732.530210006815
input_output_noise,reward5_gci,DQN reward5 GCI,Results_DQN_reward5/model,design,51,design_2,Design Rainfall 2,0.05,22,20565736,95,8690.362773412464,979.0401111134604,9669.402884525924
input_output_noise,reward5_gci,DQN reward5 GCI,Results_DQN_reward5/model,design,51,design_2,Design Rainfall 2,0.05,23,20565737,95,8766.818786469585,770.1620135060009,9536.980799975585
input_output_noise,reward5_gci,DQN reward5 GCI,Results_DQN_reward5/model,design,51,design_2,Design Rainfall 2,0.05,24,20565738,95,8732.160215002743,977.8975541099018,9710.057769112645
input_output_noise,reward5_gci,DQN reward5 GCI,Results_DQN_reward5/model,design,51,design_2,Design Rainfall 2,0.05,25,20565739,95,8710.169063971302,773.6820481103083,9483.85111208161
input_output_noise,reward5_gci,DQN reward5 GCI,Results_DQN_reward5/model,design,51,design_2,Design Rainfall 2,0.05,26,20565740,95,8697.144450612222,979.0401108496292,9676.184561461852
input_output_noise,reward5_gci,DQN reward5 GCI,Results_DQN_reward5/model,design,51,design_2,Design Rainfall 2,0.05,27,20565741,95,8034.253743708008,1840.2529430363552,9874.506686744364
input_output_noise,reward5_gci,DQN reward5 GCI,Results_DQN_reward5/model,design,51,design_2,Design Rainfall 2,0.05,28,20565742,95,8773.498402754072,774.4837988673896,9547.982201621462
input_output_noise,reward5_gci,DQN reward5 GCI,Results_DQN_reward5/model,design,51,design_2,Design Rainfall 2,0.05,29,20565743,95,8707.301277153036,977.5173005992483,9684.818577752285
input_output_noise,reward5_gci,DQN reward5 GCI,Results_DQN_reward5/model,design,51,design_2,Design Rainfall 2,0.05,30,20565744,95,8764.942560246582,969.6470679420559,9734.589628188638
input_output_noise,reward5_gci,DQN reward5 GCI,Results_DQN_reward5/model,design,51,design_2,Design Rainfall 2,0.05,31,20565745,95,8708.616101933383,979.0455865990499,9687.661688532433
input_output_noise,reward5_gci,DQN reward5 GCI,Results_DQN_reward5/model,design,51,design_2,Design Rainfall 2,0.05,32,20565746,95,8757.925056291655,774.2643909254206,9532.189447217075
input_output_noise,reward5_gci,DQN reward5 GCI,Results_DQN_reward5/model,design,51,design_2,Design Rainfall 2,0.05,33,20565747,95,8756.798055334668,975.2114881382927,9732.009543472961
input_output_noise,reward5_gci,DQN reward5 GCI,Results_DQN_reward5/model,design,51,design_2,Design Rainfall 2,0.05,34,20565748,95,8711.242214249307,765.0677561631752,9476.309970412482
input_output_noise,reward5_gci,DQN reward5 GCI,Results_DQN_reward5/model,design,51,design_2,Design Rainfall 2,0.05,35,20565749,95,8693.126632242185,976.9339802870354,9670.060612529222
input_output_noise,reward5_gci,DQN reward5 GCI,Results_DQN_reward5/model,design,51,design_2,Design Rainfall 2,0.05,36,20565750,95,8701.391201655217,972.4160498870607,9673.807251542277
input_output_noise,reward5_gci,DQN reward5 GCI,Results_DQN_reward5/model,design,51,design_2,Design Rainfall 2,0.05,37,20565751,95,8099.913054238238,1630.2744403351276,9730.187494573365
input_output_noise,reward5_gci,DQN reward5 GCI,Results_DQN_reward5/model,design,51,design_2,Design Rainfall 2,0.05,38,20565752,95,8692.749194008247,972.745154380756,9665.494348389004
input_output_noise,reward5_gci,DQN reward5 GCI,Results_DQN_reward5/model,design,51,design_2,Design Rainfall 2,0.05,39,20565753,95,8703.060426396129,766.1939063695925,9469.25433276572
input_output_noise,reward5_gci,DQN reward5 GCI,Results_DQN_reward5/model,design,51,design_2,Design Rainfall 2,0.05,40,20565754,95,8705.207228399424,971.6347101835395,9676.841938582964
input_output_noise,reward5_gci,DQN reward5 GCI,Results_DQN_reward5/model,design,51,design_2,Design Rainfall 2,0.05,41,20565755,95,8779.112838362787,971.9574590207486,9751.070297383536
input_output_noise,reward5_gci,DQN reward5 GCI,Results_DQN_reward5/model,design,51,design_2,Design Rainfall 2,0.05,42,20565756,95,8748.896298225713,974.304972995155,9723.201271220867
input_output_noise,reward5_gci,DQN reward5 GCI,Results_DQN_reward5/model,design,51,design_2,Design Rainfall 2,0.05,43,20565757,95,8690.09872989745,774.4855799517276,9464.584309849179
input_output_noise,reward5_gci,DQN reward5 GCI,Results_DQN_reward5/model,design,51,design_2,Design Rainfall 2,0.05,44,20565758,95,8759.385848652973,774.4783217774044,9533.864170430377
input_output_noise,reward5_gci,DQN reward5 GCI,Results_DQN_reward5/model,design,51,design_2,Design Rainfall 2,0.05,45,20565759,95,8758.477965797016,969.6262267819969,9728.104192579012
input_output_noise,reward5_gci,DQN reward5 GCI,Results_DQN_reward5/model,design,51,design_2,Design Rainfall 2,0.05,46,20565760,95,8702.390116698198,969.9163439727182,9672.306460670916
input_output_noise,reward5_gci,DQN reward5 GCI,Results_DQN_reward5/model,design,51,design_2,Design Rainfall 2,0.05,47,20565761,95,8771.07175252442,970.4259756582491,9741.497728182669
input_output_noise,reward5_gci,DQN reward5 GCI,Results_DQN_reward5/model,design,51,design_2,Design Rainfall 2,0.05,48,20565762,95,8797.745665227858,771.5542652449601,9569.299930472818
input_output_noise,reward5_gci,DQN reward5 GCI,Results_DQN_reward5/model,design,51,design_2,Design Rainfall 2,0.05,49,20565763,95,8695.975771374324,976.2644973298401,9672.240268704163
input_output_noise,reward5_gci,DQN reward5 GCI,Results_DQN_reward5/model,design,51,design_2,Design Rainfall 2,0.1,0,20570714,95,7708.052414494149,2190.971727429106,9899.024141923255
input_output_noise,reward5_gci,DQN reward5 GCI,Results_DQN_reward5/model,design,51,design_2,Design Rainfall 2,0.1,1,20570715,95,8785.27733454789,972.2643029493635,9757.541637497254
input_output_noise,reward5_gci,DQN reward5 GCI,Results_DQN_reward5/model,design,51,design_2,Design Rainfall 2,0.1,2,20570716,95,7467.365781330868,2531.6395235459495,9999.005304876817
input_output_noise,reward5_gci,DQN reward5 GCI,Results_DQN_reward5/model,design,51,design_2,Design Rainfall 2,0.1,3,20570717,95,8027.074890722474,1760.4983559742836,9787.573246696758
input_output_noise,reward5_gci,DQN reward5 GCI,Results_DQN_reward5/model,design,51,design_2,Design Rainfall 2,0.1,4,20570718,95,8226.961958653028,1631.5696864360452,9858.531645089073
input_output_noise,reward5_gci,DQN reward5 GCI,Results_DQN_reward5/model,design,51,design_2,Design Rainfall 2,0.1,5,20570719,95,8105.065465060318,1625.812805460812,9730.87827052113
input_output_noise,reward5_gci,DQN reward5 GCI,Results_DQN_reward5/model,design,51,design_2,Design Rainfall 2,0.1,6,20570720,95,7318.216551660281,2233.9107945106325,9552.127346170913
input_output_noise,reward5_gci,DQN reward5 GCI,Results_DQN_reward5/model,design,51,design_2,Design Rainfall 2,0.1,7,20570721,95,8044.4909595830095,1830.894186323252,9875.38514590626
input_output_noise,reward5_gci,DQN reward5 GCI,Results_DQN_reward5/model,design,51,design_2,Design Rainfall 2,0.1,8,20570722,95,8833.878189863442,769.4672714292517,9603.345461292694
input_output_noise,reward5_gci,DQN reward5 GCI,Results_DQN_reward5/model,design,51,design_2,Design Rainfall 2,0.1,9,20570723,95,8716.709386077659,979.1754278010477,9695.884813878707
input_output_noise,reward5_gci,DQN reward5 GCI,Results_DQN_reward5/model,design,51,design_2,Design Rainfall 2,0.1,10,20570724,95,8157.902978996784,1658.5618785141548,9816.464857510939
input_output_noise,reward5_gci,DQN reward5 GCI,Results_DQN_reward5/model,design,51,design_2,Design Rainfall 2,0.1,11,20570725,95,8724.71023896483,959.7969785561529,9684.507217520983
input_output_noise,reward5_gci,DQN reward5 GCI,Results_DQN_reward5/model,design,51,design_2,Design Rainfall 2,0.1,12,20570726,95,8791.532255069149,963.9948325166249,9755.527087585773
input_output_noise,reward5_gci,DQN reward5 GCI,Results_DQN_reward5/model,design,51,design_2,Design Rainfall 2,0.1,13,20570727,95,8792.165236149356,958.9478706878399,9751.113106837196
input_output_noise,reward5_gci,DQN reward5 GCI,Results_DQN_reward5/model,design,51,design_2,Design Rainfall 2,0.1,14,20570728,95,7787.121716253814,1698.6069454768858,9485.7286617307
input_output_noise,reward5_gci,DQN reward5 GCI,Results_DQN_reward5/model,design,51,design_2,Design Rainfall 2,0.1,15,20570729,95,8060.309580139997,1659.5706387053483,9719.880218845345
input_output_noise,reward5_gci,DQN reward5 GCI,Results_DQN_reward5/model,design,51,design_2,Design Rainfall 2,0.1,16,20570730,95,7966.873581064516,1723.8270737367804,9690.700654801296
input_output_noise,reward5_gci,DQN reward5 GCI,Results_DQN_reward5/model,design,51,design_2,Design Rainfall 2,0.1,17,20570731,95,8711.518462717522,961.0303831909417,9672.548845908465
input_output_noise,reward5_gci,DQN reward5 GCI,Results_DQN_reward5/model,design,51,design_2,Design Rainfall 2,0.1,18,20570732,95,8915.111544189705,964.144235352365,9879.25577954207
input_output_noise,reward5_gci,DQN reward5 GCI,Results_DQN_reward5/model,design,51,design_2,Design Rainfall 2,0.1,19,20570733,95,8168.713773540955,1631.2410745059044,9799.95484804686
input_output_noise,reward5_gci,DQN reward5 GCI,Results_DQN_reward5/model,design,51,design_2,Design Rainfall 2,0.1,20,20570734,95,8551.995896949118,1168.5448011889891,9720.540698138107
input_output_noise,reward5_gci,DQN reward5 GCI,Results_DQN_reward5/model,design,51,design_2,Design Rainfall 2,0.1,21,20570735,95,8766.4341792508,961.3286270020174,9727.762806252818
input_output_noise,reward5_gci,DQN reward5 GCI,Results_DQN_reward5/model,design,51,design_2,Design Rainfall 2,0.1,22,20570736,95,8855.730650735119,963.5184066042225,9819.24905733934
input_output_noise,reward5_gci,DQN reward5 GCI,Results_DQN_reward5/model,design,51,design_2,Design Rainfall 2,0.1,23,20570737,95,7734.713633399711,1937.684712949711,9672.398346349422
input_output_noise,reward5_gci,DQN reward5 GCI,Results_DQN_reward5/model,design,51,design_2,Design Rainfall 2,0.1,24,20570738,95,8758.980647167995,976.3221309984319,9735.302778166428
input_output_noise,reward5_gci,DQN reward5 GCI,Results_DQN_reward5/model,design,51,design_2,Design Rainfall 2,0.1,25,20570739,95,8506.14572866674,1440.6782042784776,9946.823932945217
input_output_noise,reward5_gci,DQN reward5 GCI,Results_DQN_reward5/model,design,51,design_2,Design Rainfall 2,0.1,26,20570740,95,7385.881507304161,2424.1284073331703,9810.00991463733
input_output_noise,reward5_gci,DQN reward5 GCI,Results_DQN_reward5/model,design,51,design_2,Design Rainfall 2,0.1,27,20570741,95,8459.243473906015,1268.0674379668767,9727.310911872892
input_output_noise,reward5_gci,DQN reward5 GCI,Results_DQN_reward5/model,design,51,design_2,Design Rainfall 2,0.1,28,20570742,95,8200.231236370662,1449.2656088813435,9649.496845252006
input_output_noise,reward5_gci,DQN reward5 GCI,Results_DQN_reward5/model,design,51,design_2,Design Rainfall 2,0.1,29,20570743,95,8378.970359037565,1459.6532239186665,9838.623582956232
input_output_noise,reward5_gci,DQN reward5 GCI,Results_DQN_reward5/model,design,51,design_2,Design Rainfall 2,0.1,30,20570744,95,8739.00205309818,954.5672345255896,9693.56928762377
input_output_noise,reward5_gci,DQN reward5 GCI,Results_DQN_reward5/model,design,51,design_2,Design Rainfall 2,0.1,31,20570745,95,7986.680112656996,1754.3310497935456,9741.011162450543
input_output_noise,reward5_gci,DQN reward5 GCI,Results_DQN_reward5/model,design,51,design_2,Design Rainfall 2,0.1,32,20570746,95,7363.756250544607,2621.6722597256667,9985.428510270274
input_output_noise,reward5_gci,DQN reward5 GCI,Results_DQN_reward5/model,design,51,design_2,Design Rainfall 2,0.1,33,20570747,95,8087.519680888061,1813.1479060725103,9900.667586960571
input_output_noise,reward5_gci,DQN reward5 GCI,Results_DQN_reward5/model,design,51,design_2,Design Rainfall 2,0.1,34,20570748,95,8902.303330488447,947.0146157976021,9849.317946286048
input_output_noise,reward5_gci,DQN reward5 GCI,Results_DQN_reward5/model,design,51,design_2,Design Rainfall 2,0.1,35,20570749,95,8779.190503876347,774.5070616919701,9553.697565568316
input_output_noise,reward5_gci,DQN reward5 GCI,Results_DQN_reward5/model,design,51,design_2,Design Rainfall 2,0.1,36,20570750,95,8845.879313903477,959.4380441795724,9805.31735808305
input_output_noise,reward5_gci,DQN reward5 GCI,Results_DQN_reward5/model,design,51,design_2,Design Rainfall 2,0.1,37,20570751,95,8824.379996401834,774.4678156494268,9598.847812051261
input_output_noise,reward5_gci,DQN reward5 GCI,Results_DQN_reward5/model,design,51,design_2,Design Rainfall 2,0.1,38,20570752,95,7889.05160625736,1545.6799213947102,9434.73152765207
input_output_noise,reward5_gci,DQN reward5 GCI,Results_DQN_reward5/model,design,51,design_2,Design Rainfall 2,0.1,39,20570753,95,7880.862256191297,1759.6036185135479,9640.465874704845
input_output_noise,reward5_gci,DQN reward5 GCI,Results_DQN_reward5/model,design,51,design_2,Design Rainfall 2,0.1,40,20570754,95,8721.165272024737,971.8678250598971,9693.033097084633
input_output_noise,reward5_gci,DQN reward5 GCI,Results_DQN_reward5/model,design,51,design_2,Design Rainfall 2,0.1,41,20570755,95,8166.269043570602,1457.1386889270743,9623.407732497675
input_output_noise,reward5_gci,DQN reward5 GCI,Results_DQN_reward5/model,design,51,design_2,Design Rainfall 2,0.1,42,20570756,95,7746.727142921877,2422.768479037667,10169.495621959544
input_output_noise,reward5_gci,DQN reward5 GCI,Results_DQN_reward5/model,design,51,design_2,Design Rainfall 2,0.1,43,20570757,95,8722.773959940076,979.0401101338989,9701.814070073975
input_output_noise,reward5_gci,DQN reward5 GCI,Results_DQN_reward5/model,design,51,design_2,Design Rainfall 2,0.1,44,20570758,95,8346.077119462336,1450.117311250603,9796.194430712938
input_output_noise,reward5_gci,DQN reward5 GCI,Results_DQN_reward5/model,design,51,design_2,Design Rainfall 2,0.1,45,20570759,95,8332.111157595316,1470.4443517469795,9802.555509342295
input_output_noise,reward5_gci,DQN reward5 GCI,Results_DQN_reward5/model,design,51,design_2,Design Rainfall 2,0.1,46,20570760,95,8858.268471470054,974.4657360617238,9832.734207531777
input_output_noise,reward5_gci,DQN reward5 GCI,Results_DQN_reward5/model,design,51,design_2,Design Rainfall 2,0.1,47,20570761,95,8568.06695799279,1154.4377925286917,9722.504750521482
input_output_noise,reward5_gci,DQN reward5 GCI,Results_DQN_reward5/model,design,51,design_2,Design Rainfall 2,0.1,48,20570762,95,6986.112028706562,2884.9585180670597,9871.070546773622
input_output_noise,reward5_gci,DQN reward5 GCI,Results_DQN_reward5/model,design,51,design_2,Design Rainfall 2,0.1,49,20570763,95,8061.610224839764,1835.188799445616,9896.79902428538
input_output_noise,reward5_gci,DQN reward5 GCI,Results_DQN_reward5/model,real,0,real_01,Real Rainfall 1,0.05,0,20665714,95,3159.312608314695,979.0404523913417,4138.353060706037
input_output_noise,reward5_gci,DQN reward5 GCI,Results_DQN_reward5/model,real,0,real_01,Real Rainfall 1,0.05,1,20665715,95,3159.6682802558093,979.0428484573953,4138.711128713205
input_output_noise,reward5_gci,DQN reward5 GCI,Results_DQN_reward5/model,real,0,real_01,Real Rainfall 1,0.05,2,20665716,95,3158.763092650295,979.0445602945043,4137.8076529448
input_output_noise,reward5_gci,DQN reward5 GCI,Results_DQN_reward5/model,real,0,real_01,Real Rainfall 1,0.05,3,20665717,95,3158.3117641464114,570.1745451648264,3728.486309311238
input_output_noise,reward5_gci,DQN reward5 GCI,Results_DQN_reward5/model,real,0,real_01,Real Rainfall 1,0.05,4,20665718,95,3158.7823417974846,976.1471404376158,4134.9294822351
input_output_noise,reward5_gci,DQN reward5 GCI,Results_DQN_reward5/model,real,0,real_01,Real Rainfall 1,0.05,5,20665719,95,2759.2973163861984,1451.3640915185547,4210.661407904753
input_output_noise,reward5_gci,DQN reward5 GCI,Results_DQN_reward5/model,real,0,real_01,Real Rainfall 1,0.05,6,20665720,95,2653.9068535564675,1680.7887650995526,4334.69561865602
input_output_noise,reward5_gci,DQN reward5 GCI,Results_DQN_reward5/model,real,0,real_01,Real Rainfall 1,0.05,7,20665721,95,3157.933783881269,967.4380107151604,4125.371794596429
input_output_noise,reward5_gci,DQN reward5 GCI,Results_DQN_reward5/model,real,0,real_01,Real Rainfall 1,0.05,8,20665722,95,3158.9014464993697,774.479009737976,3933.3804562373457
input_output_noise,reward5_gci,DQN reward5 GCI,Results_DQN_reward5/model,real,0,real_01,Real Rainfall 1,0.05,9,20665723,95,3157.472558206155,774.5070616919701,3931.9796198981253
input_output_noise,reward5_gci,DQN reward5 GCI,Results_DQN_reward5/model,real,0,real_01,Real Rainfall 1,0.05,10,20665724,95,2491.0134074016264,2121.860404117237,4612.8738115188635
input_output_noise,reward5_gci,DQN reward5 GCI,Results_DQN_reward5/model,real,0,real_01,Real Rainfall 1,0.05,11,20665725,95,2397.3356023558276,2328.085730002925,4725.421332358753
input_output_noise,reward5_gci,DQN reward5 GCI,Results_DQN_reward5/model,real,0,real_01,Real Rainfall 1,0.05,12,20665726,95,3158.923532607609,977.0818942956691,4136.005426903278
input_output_noise,reward5_gci,DQN reward5 GCI,Results_DQN_reward5/model,real,0,real_01,Real Rainfall 1,0.05,13,20665727,95,3157.2244497600755,968.9933358746096,4126.217785634685
input_output_noise,reward5_gci,DQN reward5 GCI,Results_DQN_reward5/model,real,0,real_01,Real Rainfall 1,0.05,14,20665728,95,3159.740452150837,974.3912202446921,4134.131672395529
input_output_noise,reward5_gci,DQN reward5 GCI,Results_DQN_reward5/model,real,0,real_01,Real Rainfall 1,0.05,15,20665729,95,2674.5671712461963,1651.1214763917571,4325.688647637953
input_output_noise,reward5_gci,DQN reward5 GCI,Results_DQN_reward5/model,real,0,real_01,Real Rainfall 1,0.05,16,20665730,95,3159.8638247243657,974.2728004968983,4134.136625221264
input_output_noise,reward5_gci,DQN reward5 GCI,Results_DQN_reward5/model,real,0,real_01,Real Rainfall 1,0.05,17,20665731,95,3161.7117853965124,969.7654211653885,4131.477206561901
input_output_noise,reward5_gci,DQN reward5 GCI,Results_DQN_reward5/model,real,0,real_01,Real Rainfall 1,0.05,18,20665732,95,3159.851717966063,962.1513013394823,4122.003019305545
input_output_noise,reward5_gci,DQN reward5 GCI,Results_DQN_reward5/model,real,0,real_01,Real Rainfall 1,0.05,19,20665733,95,3159.4514230166515,771.0785328584903,3930.5299558751417
input_output_noise,reward5_gci,DQN reward5 GCI,Results_DQN_reward5/model,real,0,real_01,Real Rainfall 1,0.05,20,20665734,95,3157.9081133071304,973.9065365212953,4131.814649828426
input_output_noise,reward5_gci,DQN reward5 GCI,Results_DQN_reward5/model,real,0,real_01,Real Rainfall 1,0.05,21,20665735,95,3159.4693623891053,968.5439100640358,4128.013272453141
input_output_noise,reward5_gci,DQN reward5 GCI,Results_DQN_reward5/model,real,0,real_01,Real Rainfall 1,0.05,22,20665736,95,3158.722940403353,774.5118536451987,3933.2347940485515
input_output_noise,reward5_gci,DQN reward5 GCI,Results_DQN_reward5/model,real,0,real_01,Real Rainfall 1,0.05,23,20665737,95,3157.369915800459,976.5845653310621,4133.954481131521
input_output_noise,reward5_gci,DQN reward5 GCI,Results_DQN_reward5/model,real,0,real_01,Real Rainfall 1,0.05,24,20665738,95,3158.3613828694824,774.4671332250362,3932.828516094519
input_output_noise,reward5_gci,DQN reward5 GCI,Results_DQN_reward5/model,real,0,real_01,Real Rainfall 1,0.05,25,20665739,95,3159.2432465971165,975.9469572868709,4135.190203883987
input_output_noise,reward5_gci,DQN reward5 GCI,Results_DQN_reward5/model,real,0,real_01,Real Rainfall 1,0.05,26,20665740,95,2670.7256187709795,1660.2046605071412,4330.930279278121
input_output_noise,reward5_gci,DQN reward5 GCI,Results_DQN_reward5/model,real,0,real_01,Real Rainfall 1,0.05,27,20665741,95,3159.1669530182726,979.0401102338483,4138.207063252121
input_output_noise,reward5_gci,DQN reward5 GCI,Results_DQN_reward5/model,real,0,real_01,Real Rainfall 1,0.05,28,20665742,95,3160.222003651821,979.0459288726005,4139.267932524422
input_output_noise,reward5_gci,DQN reward5 GCI,Results_DQN_reward5/model,real,0,real_01,Real Rainfall 1,0.05,29,20665743,95,3158.9227395260937,970.1478665567813,4129.070606082875
input_output_noise,reward5_gci,DQN reward5 GCI,Results_DQN_reward5/model,real,0,real_01,Real Rainfall 1,0.05,30,20665744,95,2675.410743569012,1631.0362152606776,4306.44695882969
input_output_noise,reward5_gci,DQN reward5 GCI,Results_DQN_reward5/model,real,0,real_01,Real Rainfall 1,0.05,31,20665745,95,3159.3918939495084,972.4759555348509,4131.867849484359
input_output_noise,reward5_gci,DQN reward5 GCI,Results_DQN_reward5/model,real,0,real_01,Real Rainfall 1,0.05,32,20665746,95,3158.649560539432,967.8761456590244,4126.525706198457
input_output_noise,reward5_gci,DQN reward5 GCI,Results_DQN_reward5/model,real,0,real_01,Real Rainfall 1,0.05,33,20665747,95,3158.977507630364,967.1989978020954,4126.17650543246
input_output_noise,reward5_gci,DQN reward5 GCI,Results_DQN_reward5/model,real,0,real_01,Real Rainfall 1,0.05,34,20665748,95,3157.820908702872,964.4596934941219,4122.280602196994
input_output_noise,reward5_gci,DQN reward5 GCI,Results_DQN_reward5/model,real,0,real_01,Real Rainfall 1,0.05,35,20665749,95,3159.236430489881,979.0445596945877,4138.2809901844685
input_output_noise,reward5_gci,DQN reward5 GCI,Results_DQN_reward5/model,real,0,real_01,Real Rainfall 1,0.05,36,20665750,95,3159.32845632181,974.5965125790162,4133.924968900827
input_output_noise,reward5_gci,DQN reward5 GCI,Results_DQN_reward5/model,real,0,real_01,Real Rainfall 1,0.05,37,20665751,95,2673.7216638719747,1659.5132294786933,4333.234893350668
input_output_noise,reward5_gci,DQN reward5 GCI,Results_DQN_reward5/model,real,0,real_01,Real Rainfall 1,0.05,38,20665752,95,3157.729155227592,774.4756525127721,3932.2048077403642
input_output_noise,reward5_gci,DQN reward5 GCI,Results_DQN_reward5/model,real,0,real_01,Real Rainfall 1,0.05,39,20665753,95,3157.691357999853,774.4810420254151,3932.1724000252684
input_output_noise,reward5_gci,DQN reward5 GCI,Results_DQN_reward5/model,real,0,real_01,Real Rainfall 1,0.05,40,20665754,95,2649.7750407126196,1666.748179726557,4316.523220439177
input_output_noise,reward5_gci,DQN reward5 GCI,Results_DQN_reward5/model,real,0,real_01,Real Rainfall 1,0.05,41,20665755,95,3159.3813687851325,970.1206929181894,4129.502061703322
input_output_noise,reward5_gci,DQN reward5 GCI,Results_DQN_reward5/model,real,0,real_01,Real Rainfall 1,0.05,42,20665756,95,3158.8914140367883,962.2496317396855,4121.141045776474
input_output_noise,reward5_gci,DQN reward5 GCI,Results_DQN_reward5/model,real,0,real_01,Real Rainfall 1,0.05,43,20665757,95,3159.7209940323223,970.8708716096902,4130.591865642013
input_output_noise,reward5_gci,DQN reward5 GCI,Results_DQN_reward5/model,real,0,real_01,Real Rainfall 1,0.05,44,20665758,95,2670.756626793828,1452.1203806534038,4122.877007447232
input_output_noise,reward5_gci,DQN reward5 GCI,Results_DQN_reward5/model,real,0,real_01,Real Rainfall 1,0.05,45,20665759,95,2275.6105131562767,2338.257176408093,4613.867689564369
input_output_noise,reward5_gci,DQN reward5 GCI,Results_DQN_reward5/model,real,0,real_01,Real Rainfall 1,0.05,46,20665760,95,3158.957582885769,976.3995719173381,4135.357154803107
input_output_noise,reward5_gci,DQN reward5 GCI,Results_DQN_reward5/model,real,0,real_01,Real Rainfall 1,0.05,47,20665761,95,3160.1699897027574,979.0401106863975,4139.210100389155
input_output_noise,reward5_gci,DQN reward5 GCI,Results_DQN_reward5/model,real,0,real_01,Real Rainfall 1,0.05,48,20665762,95,3158.64764563799,975.0765792694351,4133.724224907425
input_output_noise,reward5_gci,DQN reward5 GCI,Results_DQN_reward5/model,real,0,real_01,Real Rainfall 1,0.05,49,20665763,95,2485.124177566755,2113.079682875624,4598.203860442379
input_output_noise,reward5_gci,DQN reward5 GCI,Results_DQN_reward5/model,real,0,real_01,Real Rainfall 1,0.1,0,20670714,95,1574.5547765986175,4097.475346321129,5672.030122919747
input_output_noise,reward5_gci,DQN reward5 GCI,Results_DQN_reward5/model,real,0,real_01,Real Rainfall 1,0.1,1,20670715,95,2491.807347984899,1919.7919535958208,4411.59930158072
input_output_noise,reward5_gci,DQN reward5 GCI,Results_DQN_reward5/model,real,0,real_01,Real Rainfall 1,0.1,2,20670716,95,3159.4162771017573,954.1922665922006,4113.6085436939575
input_output_noise,reward5_gci,DQN reward5 GCI,Results_DQN_reward5/model,real,0,real_01,Real Rainfall 1,0.1,3,20670717,95,2219.966155792057,2669.38600610067,4889.352161892727
input_output_noise,reward5_gci,DQN reward5 GCI,Results_DQN_reward5/model,real,0,real_01,Real Rainfall 1,0.1,4,20670718,95,2211.8010504174626,2360.7076222195874,4572.50867263705
input_output_noise,reward5_gci,DQN reward5 GCI,Results_DQN_reward5/model,real,0,real_01,Real Rainfall 1,0.1,5,20670719,95,3160.719237448186,973.2520244588136,4133.971261907
input_output_noise,reward5_gci,DQN reward5 GCI,Results_DQN_reward5/model,real,0,real_01,Real Rainfall 1,0.1,6,20670720,95,3159.8010916339163,948.1501219719798,4107.951213605897
input_output_noise,reward5_gci,DQN reward5 GCI,Results_DQN_reward5/model,real,0,real_01,Real Rainfall 1,0.1,7,20670721,95,2671.7488499113133,1442.2493858864552,4113.998235797769
input_output_noise,reward5_gci,DQN reward5 GCI,Results_DQN_reward5/model,real,0,real_01,Real Rainfall 1,0.1,8,20670722,95,2605.429776404633,1647.3018718064482,4252.731648211081
input_output_noise,reward5_gci,DQN reward5 GCI,Results_DQN_reward5/model,real,0,real_01,Real Rainfall 1,0.1,9,20670723,95,1708.8590556710246,3374.731491728518,5083.590547399543
input_output_noise,reward5_gci,DQN reward5 GCI,Results_DQN_reward5/model,real,0,real_01,Real Rainfall 1,0.1,10,20670724,95,2754.0186072421784,1609.0428015100038,4363.061408752183
input_output_noise,reward5_gci,DQN reward5 GCI,Results_DQN_reward5/model,real,0,real_01,Real Rainfall 1,0.1,11,20670725,95,2570.7342767392893,2109.126707166887,4679.860983906176
input_output_noise,reward5_gci,DQN reward5 GCI,Results_DQN_reward5/model,real,0,real_01,Real Rainfall 1,0.1,12,20670726,95,2668.8587578578104,1635.7112708122313,4304.570028670041
input_output_noise,reward5_gci,DQN reward5 GCI,Results_DQN_reward5/model,real,0,real_01,Real Rainfall 1,0.1,13,20670727,95,3159.7923607816447,957.8500969748029,4117.642457756448
input_output_noise,reward5_gci,DQN reward5 GCI,Results_DQN_reward5/model,real,0,real_01,Real Rainfall 1,0.1,14,20670728,95,3159.923614752354,971.8530326939621,4131.776647446316
input_output_noise,reward5_gci,DQN reward5 GCI,Results_DQN_reward5/model,real,0,real_01,Real Rainfall 1,0.1,15,20670729,95,3158.901310327234,964.2430045210305,4123.144314848265
input_output_noise,reward5_gci,DQN reward5 GCI,Results_DQN_reward5/model,real,0,real_01,Real Rainfall 1,0.1,16,20670730,95,2161.478807868174,2359.8732893351357,4521.352097203309
input_output_noise,reward5_gci,DQN reward5 GCI,Results_DQN_reward5/model,real,0,real_01,Real Rainfall 1,0.1,17,20670731,95,3157.8073284318416,971.3756696176149,4129.182998049457
input_output_noise,reward5_gci,DQN reward5 GCI,Results_DQN_reward5/model,real,0,real_01,Real Rainfall 1,0.1,18,20670732,95,2663.6034258349364,1660.0228932498317,4323.626319084768
input_output_noise,reward5_gci,DQN reward5 GCI,Results_DQN_reward5/model,real,0,real_01,Real Rainfall 1,0.1,19,20670733,95,3156.666508551002,946.0654059015617,4102.731914452564
input_output_noise,reward5_gci,DQN reward5 GCI,Results_DQN_reward5/model,real,0,real_01,Real Rainfall 1,0.1,20,20670734,95,1674.2509200236989,3695.9491528399176,5370.200072863617
input_output_noise,reward5_gci,DQN reward5 GCI,Results_DQN_reward5/model,real,0,real_01,Real Rainfall 1,0.1,21,20670735,95,2615.6494972225773,1711.7576581201765,4327.407155342754
input_output_noise,reward5_gci,DQN reward5 GCI,Results_DQN_reward5/model,real,0,real_01,Real Rainfall 1,0.1,22,20670736,95,2109.1836695996312,2199.4616856815455,4308.645355281176
input_output_noise,reward5_gci,DQN reward5 GCI,Results_DQN_reward5/model,real,0,real_01,Real Rainfall 1,0.1,23,20670737,95,3159.5503947760303,979.39858771095,4138.948982486981
input_output_noise,reward5_gci,DQN reward5 GCI,Results_DQN_reward5/model,real,0,real_01,Real Rainfall 1,0.1,24,20670738,95,3158.0532985943805,979.0510630915651,4137.104361685946
input_output_noise,reward5_gci,DQN reward5 GCI,Results_DQN_reward5/model,real,0,real_01,Real Rainfall 1,0.1,25,20670739,95,2670.577416309361,1255.103629391761,3925.681045701122
input_output_noise,reward5_gci,DQN reward5 GCI,Results_DQN_reward5/model,real,0,real_01,Real Rainfall 1,0.1,26,20670740,95,2674.3905555082597,1628.1366853844047,4302.527240892665
input_output_noise,reward5_gci,DQN reward5 GCI,Results_DQN_reward5/model,real,0,real_01,Real Rainfall 1,0.1,27,20670741,95,1558.6316792713717,3633.9570436363056,5192.588722907677
input_output_noise,reward5_gci,DQN reward5 GCI,Results_DQN_reward5/model,real,0,real_01,Real Rainfall 1,0.1,28,20670742,95,2538.055059656224,1500.6337331980105,4038.6887928542346
input_output_noise,reward5_gci,DQN reward5 GCI,Results_DQN_reward5/model,real,0,real_01,Real Rainfall 1,0.1,29,20670743,95,2670.0557768592935,1659.6279025343426,4329.683679393636
input_output_noise,reward5_gci,DQN reward5 GCI,Results_DQN_reward5/model,real,0,real_01,Real Rainfall 1,0.1,30,20670744,95,2675.2015415075125,1637.6595180885602,4312.861059596073
input_output_noise,reward5_gci,DQN reward5 GCI,Results_DQN_reward5/model,real,0,real_01,Real Rainfall 1,0.1,31,20670745,95,1853.2204864464297,2941.1097819161937,4794.330268362623
input_output_noise,reward5_gci,DQN reward5 GCI,Results_DQN_reward5/model,real,0,real_01,Real Rainfall 1,0.1,32,20670746,95,2239.652770264992,2638.0464648533134,4877.699235118305
input_output_noise,reward5_gci,DQN reward5 GCI,Results_DQN_reward5/model,real,0,real_01,Real Rainfall 1,0.1,33,20670747,95,2509.8530440231148,2063.613800782782,4573.4668448058965
input_output_noise,reward5_gci,DQN reward5 GCI,Results_DQN_reward5/model,real,0,real_01,Real Rainfall 1,0.1,34,20670748,95,2085.56585506709,2596.8744441427953,4682.440299209886
input_output_noise,reward5_gci,DQN reward5 GCI,Results_DQN_reward5/model,real,0,real_01,Real Rainfall 1,0.1,35,20670749,95,2029.1232159010842,3346.214969553366,5375.33818545445
input_output_noise,reward5_gci,DQN reward5 GCI,Results_DQN_reward5/model,real,0,real_01,Real Rainfall 1,0.1,36,20670750,95,2051.124765724998,2390.598902894794,4441.723668619792
input_output_noise,reward5_gci,DQN reward5 GCI,Results_DQN_reward5/model,real,0,real_01,Real Rainfall 1,0.1,37,20670751,95,3158.2574821801045,774.4896327137963,3932.7471148939007
input_output_noise,reward5_gci,DQN reward5 GCI,Results_DQN_reward5/model,real,0,real_01,Real Rainfall 1,0.1,38,20670752,95,3159.6835883813806,974.7975787472822,4134.4811671286625
input_output_noise,reward5_gci,DQN reward5 GCI,Results_DQN_reward5/model,real,0,real_01,Real Rainfall 1,0.1,39,20670753,95,2282.08553920355,2800.973278745777,5083.058817949327
input_output_noise,reward5_gci,DQN reward5 GCI,Results_DQN_reward5/model,real,0,real_01,Real Rainfall 1,0.1,40,20670754,95,2433.0856928830995,2189.595228287216,4622.680921170315
input_output_noise,reward5_gci,DQN reward5 GCI,Results_DQN_reward5/model,real,0,real_01,Real Rainfall 1,0.1,41,20670755,95,3160.259462822019,774.7993299409427,3935.0587927629617
input_output_noise,reward5_gci,DQN reward5 GCI,Results_DQN_reward5/model,real,0,real_01,Real Rainfall 1,0.1,42,20670756,95,2441.0497070054685,2165.4172641937107,4606.466971199179
input_output_noise,reward5_gci,DQN reward5 GCI,Results_DQN_reward5/model,real,0,real_01,Real Rainfall 1,0.1,43,20670757,95,3158.4754123224566,774.4790423659267,3932.9544546883835
input_output_noise,reward5_gci,DQN reward5 GCI,Results_DQN_reward5/model,real,0,real_01,Real Rainfall 1,0.1,44,20670758,95,2129.6436992871804,2309.9065464223177,4439.550245709498
input_output_noise,reward5_gci,DQN reward5 GCI,Results_DQN_reward5/model,real,0,real_01,Real Rainfall 1,0.1,45,20670759,95,3160.2536776750176,963.4971435778294,4123.750821252847
input_output_noise,reward5_gci,DQN reward5 GCI,Results_DQN_reward5/model,real,0,real_01,Real Rainfall 1,0.1,46,20670760,95,2355.5647664025155,2229.769786487223,4585.334552889739
input_output_noise,reward5_gci,DQN reward5 GCI,Results_DQN_reward5/model,real,0,real_01,Real Rainfall 1,0.1,47,20670761,95,2572.600671648232,1677.65023591556,4250.250907563792
input_output_noise,reward5_gci,DQN reward5 GCI,Results_DQN_reward5/model,real,0,real_01,Real Rainfall 1,0.1,48,20670762,95,2375.0868394182835,2577.2680656306025,4952.3549050488855
input_output_noise,reward5_gci,DQN reward5 GCI,Results_DQN_reward5/model,real,0,real_01,Real Rainfall 1,0.1,49,20670763,95,2465.6625774375934,2151.9798220442885,4617.6423994818815
input_output_noise,reward5_gci,DQN reward5 GCI,Results_DQN_reward5/model,real,1,real_02,Real Rainfall 2,0.05,0,20765714,95,2239.059618110703,772.6832765088392,3011.7428946195423
input_output_noise,reward5_gci,DQN reward5 GCI,Results_DQN_reward5/model,real,1,real_02,Real Rainfall 2,0.05,1,20765715,95,1659.5830240453852,2078.4666546417,3738.0496786870854
input_output_noise,reward5_gci,DQN reward5 GCI,Results_DQN_reward5/model,real,1,real_02,Real Rainfall 2,0.05,2,20765716,95,1746.3153325406404,1638.4557684995607,3384.771101040201
input_output_noise,reward5_gci,DQN reward5 GCI,Results_DQN_reward5/model,real,1,real_02,Real Rainfall 2,0.05,3,20765717,95,1182.9009391790537,2543.743128709689,3726.6440678887425
input_output_noise,reward5_gci,DQN reward5 GCI,Results_DQN_reward5/model,real,1,real_02,Real Rainfall 2,0.05,4,20765718,95,951.0658285662965,3058.2694804788594,4009.335309045156
input_output_noise,reward5_gci,DQN reward5 GCI,Results_DQN_reward5/model,real,1,real_02,Real Rainfall 2,0.05,5,20765719,95,862.8111024700586,3687.353734789688,4550.1648372597465
input_output_noise,reward5_gci,DQN reward5 GCI,Results_DQN_reward5/model,real,1,real_02,Real Rainfall 2,0.05,6,20765720,95,1015.3620566801877,3588.6163095554352,4603.978366235623
input_output_noise,reward5_gci,DQN reward5 GCI,Results_DQN_reward5/model,real,1,real_02,Real Rainfall 2,0.05,7,20765721,95,1756.8630610072642,1654.8301509241164,3411.6932119313806
input_output_noise,reward5_gci,DQN reward5 GCI,Results_DQN_reward5/model,real,1,real_02,Real Rainfall 2,0.05,8,20765722,95,1553.7005869947852,1947.8296297687339,3501.530216763519
input_output_noise,reward5_gci,DQN reward5 GCI,Results_DQN_reward5/model,real,1,real_02,Real Rainfall 2,0.05,9,20765723,95,1452.0388967643728,2224.213456698992,3676.2523534633647
input_output_noise,reward5_gci,DQN reward5 GCI,Results_DQN_reward5/model,real,1,real_02,Real Rainfall 2,0.05,10,20765724,95,1027.0542720282097,2867.084941395094,3894.1392134233038
input_output_noise,reward5_gci,DQN reward5 GCI,Results_DQN_reward5/model,real,1,real_02,Real Rainfall 2,0.05,11,20765725,95,1749.4218872163335,1665.9895193640225,3415.411406580356
input_output_noise,reward5_gci,DQN reward5 GCI,Results_DQN_reward5/model,real,1,real_02,Real Rainfall 2,0.05,12,20765726,95,951.869974768431,3291.2806910668623,4243.150665835294
input_output_noise,reward5_gci,DQN reward5 GCI,Results_DQN_reward5/model,real,1,real_02,Real Rainfall 2,0.05,13,20765727,95,902.8792780302789,3657.4202817892874,4560.299559819567
input_output_noise,reward5_gci,DQN reward5 GCI,Results_DQN_reward5/model,real,1,real_02,Real Rainfall 2,0.05,14,20765728,95,1662.9419653891441,2074.988710146652,3737.930675535796
input_output_noise,reward5_gci,DQN reward5 GCI,Results_DQN_reward5/model,real,1,real_02,Real Rainfall 2,0.05,15,20765729,95,1661.1550108005556,1879.820242343511,3540.9752531440663
input_output_noise,reward5_gci,DQN reward5 GCI,Results_DQN_reward5/model,real,1,real_02,Real Rainfall 2,0.05,16,20765730,95,1257.9219776340972,2134.8565011962837,3392.7784788303807
input_output_noise,reward5_gci,DQN reward5 GCI,Results_DQN_reward5/model,real,1,real_02,Real Rainfall 2,0.05,17,20765731,95,1062.1375267435378,3238.801270746285,4300.938797489823
input_output_noise,reward5_gci,DQN reward5 GCI,Results_DQN_reward5/model,real,1,real_02,Real Rainfall 2,0.05,18,20765732,95,1039.666110205844,2866.0809323801996,3905.747042586044
input_output_noise,reward5_gci,DQN reward5 GCI,Results_DQN_reward5/model,real,1,real_02,Real Rainfall 2,0.05,19,20765733,95,789.8707986513128,4093.0500364834015,4882.920835134714
input_output_noise,reward5_gci,DQN reward5 GCI,Results_DQN_reward5/model,real,1,real_02,Real Rainfall 2,0.05,20,20765734,95,949.4646177436341,3295.6047966934693,4245.069414437104
input_output_noise,reward5_gci,DQN reward5 GCI,Results_DQN_reward5/model,real,1,real_02,Real Rainfall 2,0.05,21,20765735,95,1659.5574525747313,2083.2449500835114,3742.8024026582425
input_output_noise,reward5_gci,DQN reward5 GCI,Results_DQN_reward5/model,real,1,real_02,Real Rainfall 2,0.05,22,20765736,95,1107.4475909854843,2842.393586628502,3949.8411776139865
input_output_noise,reward5_gci,DQN reward5 GCI,Results_DQN_reward5/model,real,1,real_02,Real Rainfall 2,0.05,23,20765737,95,779.128452749876,3412.43354502107,4191.561997770947
input_output_noise,reward5_gci,DQN reward5 GCI,Results_DQN_reward5/model,real,1,real_02,Real Rainfall 2,0.05,24,20765738,95,743.0993173572515,3588.1206610977224,4331.219978454974
input_output_noise,reward5_gci,DQN reward5 GCI,Results_DQN_reward5/model,real,1,real_02,Real Rainfall 2,0.05,25,20765739,95,679.8446189857949,4183.3213600703675,4863.1659790561625
input_output_noise,reward5_gci,DQN reward5 GCI,Results_DQN_reward5/model,real,1,real_02,Real Rainfall 2,0.05,26,20765740,95,1170.905256333173,2772.09388987324,3942.999146206413
input_output_noise,reward5_gci,DQN reward5 GCI,Results_DQN_reward5/model,real,1,real_02,Real Rainfall 2,0.05,27,20765741,95,744.5437818363727,3811.4461338823503,4555.989915718723
input_output_noise,reward5_gci,DQN reward5 GCI,Results_DQN_reward5/model,real,1,real_02,Real Rainfall 2,0.05,28,20765742,95,953.5780687065154,3295.3987318118,4248.976800518316
input_output_noise,reward5_gci,DQN reward5 GCI,Results_DQN_reward5/model,real,1,real_02,Real Rainfall 2,0.05,29,20765743,95,1174.7409393451,2565.5951656957905,3740.3361050408903
input_output_noise,reward5_gci,DQN reward5 GCI,Results_DQN_reward5/model,real,1,real_02,Real Rainfall 2,0.05,30,20765744,95,1159.0499485841933,2784.3205748082846,3943.370523392478
input_output_noise,reward5_gci,DQN reward5 GCI,Results_DQN_reward5/model,real,1,real_02,Real Rainfall 2,0.05,31,20765745,95,1268.7296875261868,2340.5209950730873,3609.250682599274
input_output_noise,reward5_gci,DQN reward5 GCI,Results_DQN_reward5/model,real,1,real_02,Real Rainfall 2,0.05,32,20765746,95,1265.1397029570921,2145.058159549701,3410.197862506793
input_output_noise,reward5_gci,DQN reward5 GCI,Results_DQN_reward5/model,real,1,real_02,Real Rainfall 2,0.05,33,20765747,95,952.7177039405865,3279.028038284005,4231.745742224592
input_output_noise,reward5_gci,DQN reward5 GCI,Results_DQN_reward5/model,real,1,real_02,Real Rainfall 2,0.05,34,20765748,95,358.2377963343809,4775.351502507005,5133.589298841385
input_output_noise,reward5_gci,DQN reward5 GCI,Results_DQN_reward5/model,real,1,real_02,Real Rainfall 2,0.05,35,20765749,95,916.7488342956769,3487.4406281844435,4404.189462480121
input_output_noise,reward5_gci,DQN reward5 GCI,Results_DQN_reward5/model,real,1,real_02,Real Rainfall 2,0.05,36,20765750,95,803.383052990342,3534.6574980135792,4338.040551003921
input_output_noise,reward5_gci,DQN reward5 GCI,Results_DQN_reward5/model,real,1,real_02,Real Rainfall 2,0.05,37,20765751,95,800.6047297273942,3757.1047699489964,4557.709499676391
input_output_noise,reward5_gci,DQN reward5 GCI,Results_DQN_reward5/model,real,1,real_02,Real Rainfall 2,0.05,38,20765752,95,1750.5395953089712,1662.6167022791483,3413.1562975881197
input_output_noise,reward5_gci,DQN reward5 GCI,Results_DQN_reward5/model,real,1,real_02,Real Rainfall 2,0.05,39,20765753,95,867.8165722128439,3692.6571700337354,4560.47374224658
input_output_noise,reward5_gci,DQN reward5 GCI,Results_DQN_reward5/model,real,1,real_02,Real Rainfall 2,0.05,40,20765754,95,953.4951368708786,3265.2801370046272,4218.775273875506
input_output_noise,reward5_gci,DQN reward5 GCI,Results_DQN_reward5/model,real,1,real_02,Real Rainfall 2,0.05,41,20765755,95,630.815344701211,3862.9854478316433,4493.800792532855
input_output_noise,reward5_gci,DQN reward5 GCI,Results_DQN_reward5/model,real,1,real_02,Real Rainfall 2,0.05,42,20765756,95,1657.7492709213122,2083.8017919029035,3741.5510628242155
input_output_noise,reward5_gci,DQN reward5 GCI,Results_DQN_reward5/model,real,1,real_02,Real Rainfall 2,0.05,43,20765757,95,1267.3533715820363,2330.520051316893,3597.873422898929
input_output_noise,reward5_gci,DQN reward5 GCI,Results_DQN_reward5/model,real,1,real_02,Real Rainfall 2,0.05,44,20765758,95,524.8688112310562,3749.885460158135,4274.754271389192
input_output_noise,reward5_gci,DQN reward5 GCI,Results_DQN_reward5/model,real,1,real_02,Real Rainfall 2,0.05,45,20765759,95,557.0777475894258,3696.2411255338757,4253.318873123301
input_output_noise,reward5_gci,DQN reward5 GCI,Results_DQN_reward5/model,real,1,real_02,Real Rainfall 2,0.05,46,20765760,95,1443.8856612390614,2598.5019910173905,4042.387652256452
input_output_noise,reward5_gci,DQN reward5 GCI,Results_DQN_reward5/model,real,1,real_02,Real Rainfall 2,0.05,47,20765761,95,1751.8571656581707,1650.6725835526972,3402.529749210868
input_output_noise,reward5_gci,DQN reward5 GCI,Results_DQN_reward5/model,real,1,real_02,Real Rainfall 2,0.05,48,20765762,95,654.4582333974046,3640.8665998516753,4295.32483324908
input_output_noise,reward5_gci,DQN reward5 GCI,Results_DQN_reward5/model,real,1,real_02,Real Rainfall 2,0.05,49,20765763,95,989.22966799273,3991.7777396265556,4981.007407619286
input_output_noise,reward5_gci,DQN reward5 GCI,Results_DQN_reward5/model,real,1,real_02,Real Rainfall 2,0.1,0,20770714,95,2239.8235054488564,979.0401101338989,3218.8636155827553
input_output_noise,reward5_gci,DQN reward5 GCI,Results_DQN_reward5/model,real,1,real_02,Real Rainfall 2,0.1,1,20770715,95,2239.60796495433,770.3607213691881,3009.968686323518
input_output_noise,reward5_gci,DQN reward5 GCI,Results_DQN_reward5/model,real,1,real_02,Real Rainfall 2,0.1,2,20770716,95,1219.8332938263804,3141.1312836145676,4360.964577440948
input_output_noise,reward5_gci,DQN reward5 GCI,Results_DQN_reward5/model,real,1,real_02,Real Rainfall 2,0.1,3,20770717,95,875.4080173288479,2737.4330006512378,3612.841017980086
input_output_noise,reward5_gci,DQN reward5 GCI,Results_DQN_reward5/model,real,1,real_02,Real Rainfall 2,0.1,4,20770718,95,1754.6904994934232,1663.8240861765091,3418.5145856699323
input_output_noise,reward5_gci,DQN reward5 GCI,Results_DQN_reward5/model,real,1,real_02,Real Rainfall 2,0.1,5,20770719,95,1257.2855439234527,2327.0877935627186,3584.3733374861713
input_output_noise,reward5_gci,DQN reward5 GCI,Results_DQN_reward5/model,real,1,real_02,Real Rainfall 2,0.1,6,20770720,95,1748.045855885773,1649.0461528121439,3397.0920086979168
input_output_noise,reward5_gci,DQN reward5 GCI,Results_DQN_reward5/model,real,1,real_02,Real Rainfall 2,0.1,7,20770721,95,1264.065075677031,2321.2354902639754,3585.3005659410064
input_output_noise,reward5_gci,DQN reward5 GCI,Results_DQN_reward5/model,real,1,real_02,Real Rainfall 2,0.1,8,20770722,95,940.958386326996,3060.869686569223,4001.828072896219
input_output_noise,reward5_gci,DQN reward5 GCI,Results_DQN_reward5/model,real,1,real_02,Real Rainfall 2,0.1,9,20770723,95,2239.9159617919413,979.4003032757618,3219.316265067703
input_output_noise,reward5_gci,DQN reward5 GCI,Results_DQN_reward5/model,real,1,real_02,Real Rainfall 2,0.1,10,20770724,95,839.4103774447645,2969.592049303541,3809.0024267483054
input_output_noise,reward5_gci,DQN reward5 GCI,Results_DQN_reward5/model,real,1,real_02,Real Rainfall 2,0.1,11,20770725,95,896.5482600848184,2977.967898399992,3874.51615848481
input_output_noise,reward5_gci,DQN reward5 GCI,Results_DQN_reward5/model,real,1,real_02,Real Rainfall 2,0.1,12,20770726,95,2239.8518586104515,774.4798350505496,3014.331693661001
input_output_noise,reward5_gci,DQN reward5 GCI,Results_DQN_reward5/model,real,1,real_02,Real Rainfall 2,0.1,13,20770727,95,1064.2398290628419,3927.377028123973,4991.616857186815
input_output_noise,reward5_gci,DQN reward5 GCI,Results_DQN_reward5/model,real,1,real_02,Real Rainfall 2,0.1,14,20770728,95,735.3901670059334,3968.525890310476,4703.916057316409
input_output_noise,reward5_gci,DQN reward5 GCI,Results_DQN_reward5/model,real,1,real_02,Real Rainfall 2,0.1,15,20770729,95,1759.258343662852,1643.6752238198114,3402.9335674826634
input_output_noise,reward5_gci,DQN reward5 GCI,Results_DQN_reward5/model,real,1,real_02,Real Rainfall 2,0.1,16,20770730,95,1731.4288575708986,1672.1295676771654,3403.558425248064
input_output_noise,reward5_gci,DQN reward5 GCI,Results_DQN_reward5/model,real,1,real_02,Real Rainfall 2,0.1,17,20770731,95,848.3062499370932,2963.6887233544203,3811.9949732915134
input_output_noise,reward5_gci,DQN reward5 GCI,Results_DQN_reward5/model,real,1,real_02,Real Rainfall 2,0.1,18,20770732,95,575.1636122833739,5270.284784577547,5845.448396860921
input_output_noise,reward5_gci,DQN reward5 GCI,Results_DQN_reward5/model,real,1,real_02,Real Rainfall 2,0.1,19,20770733,95,1172.9349044353567,2775.0054360617623,3947.940340497119
input_output_noise,reward5_gci,DQN reward5 GCI,Results_DQN_reward5/model,real,1,real_02,Real Rainfall 2,0.1,20,20770734,95,1313.578938661368,2684.3618885028263,3997.940827164194
input_output_noise,reward5_gci,DQN reward5 GCI,Results_DQN_reward5/model,real,1,real_02,Real Rainfall 2,0.1,21,20770735,95,1274.0510675562282,2118.499935476703,3392.551003032931
input_output_noise,reward5_gci,DQN reward5 GCI,Results_DQN_reward5/model,real,1,real_02,Real Rainfall 2,0.1,22,20770736,95,1668.6387208280448,2069.055983381643,3737.6947042096876
input_output_noise,reward5_gci,DQN reward5 GCI,Results_DQN_reward5/model,real,1,real_02,Real Rainfall 2,0.1,23,20770737,95,920.1684746099746,2932.6807570460014,3852.849231655976
input_output_noise,reward5_gci,DQN reward5 GCI,Results_DQN_reward5/model,real,1,real_02,Real Rainfall 2,0.1,24,20770738,95,1268.099937849775,2349.8892092000824,3617.9891470498574
input_output_noise,reward5_gci,DQN reward5 GCI,Results_DQN_reward5/model,real,1,real_02,Real Rainfall 2,0.1,25,20770739,95,873.9423789779399,3657.386976005091,4531.329354983031
input_output_noise,reward5_gci,DQN reward5 GCI,Results_DQN_reward5/model,real,1,real_02,Real Rainfall 2,0.1,26,20770740,95,1495.5953938656826,2339.2930302735085,3834.888424139191
input_output_noise,reward5_gci,DQN reward5 GCI,Results_DQN_reward5/model,real,1,real_02,Real Rainfall 2,0.1,27,20770741,95,822.1254127215981,3386.157217242884,4208.282629964482
input_output_noise,reward5_gci,DQN reward5 GCI,Results_DQN_reward5/model,real,1,real_02,Real Rainfall 2,0.1,28,20770742,95,1759.2816273735655,1630.3936042978448,3389.67523167141
input_output_noise,reward5_gci,DQN reward5 GCI,Results_DQN_reward5/model,real,1,real_02,Real Rainfall 2,0.1,29,20770743,95,1258.5220050077546,2128.880132075848,3387.4021370836026
input_output_noise,reward5_gci,DQN reward5 GCI,Results_DQN_reward5/model,real,1,real_02,Real Rainfall 2,0.1,30,20770744,95,1734.0991636712756,1662.0768705848272,3396.176034256103
input_output_noise,reward5_gci,DQN reward5 GCI,Results_DQN_reward5/model,real,1,real_02,Real Rainfall 2,0.1,31,20770745,95,1248.6163105849178,3070.908942114839,4319.525252699757
input_output_noise,reward5_gci,DQN reward5 GCI,Results_DQN_reward5/model,real,1,real_02,Real Rainfall 2,0.1,32,20770746,95,1531.094250890231,2157.3044340443244,3688.3986849345556
input_output_noise,reward5_gci,DQN reward5 GCI,Results_DQN_reward5/model,real,1,real_02,Real Rainfall 2,0.1,33,20770747,95,1368.5048985876383,2404.2926519474886,3772.797550535127
input_output_noise,reward5_gci,DQN reward5 GCI,Results_DQN_reward5/model,real,1,real_02,Real Rainfall 2,0.1,34,20770748,95,1514.8260715346532,2154.9967515694275,3669.8228231040807
input_output_noise,reward5_gci,DQN reward5 GCI,Results_DQN_reward5/model,real,1,real_02,Real Rainfall 2,0.1,35,20770749,95,1186.8954594225947,2526.138180653211,3713.0336400758056
input_output_noise,reward5_gci,DQN reward5 GCI,Results_DQN_reward5/model,real,1,real_02,Real Rainfall 2,0.1,36,20770750,95,1750.8150013444865,1439.5744937203788,3190.3894950648655
input_output_noise,reward5_gci,DQN reward5 GCI,Results_DQN_reward5/model,real,1,real_02,Real Rainfall 2,0.1,37,20770751,95,782.2929591419011,3772.6448383435945,4554.937797485496
input_output_noise,reward5_gci,DQN reward5 GCI,Results_DQN_reward5/model,real,1,real_02,Real Rainfall 2,0.1,38,20770752,95,1265.485478424608,2329.725067766608,3595.210546191216
input_output_noise,reward5_gci,DQN reward5 GCI,Results_DQN_reward5/model,real,1,real_02,Real Rainfall 2,0.1,39,20770753,95,1055.5308298665814,2828.1817623645547,3883.712592231136
input_output_noise,reward5_gci,DQN reward5 GCI,Results_DQN_reward5/model,real,1,real_02,Real Rainfall 2,0.1,40,20770754,95,1253.3383607247026,2136.3950545184607,3389.733415243163
input_output_noise,reward5_gci,DQN reward5 GCI,Results_DQN_reward5/model,real,1,real_02,Real Rainfall 2,0.1,41,20770755,95,1339.642754324657,2285.077056852681,3624.7198111773378
input_output_noise,reward5_gci,DQN reward5 GCI,Results_DQN_reward5/model,real,1,real_02,Real Rainfall 2,0.1,42,20770756,95,1193.6833100685149,2734.9469497648993,3928.630259833414
input_output_noise,reward5_gci,DQN reward5 GCI,Results_DQN_reward5/model,real,1,real_02,Real Rainfall 2,0.1,43,20770757,95,622.025821032182,4587.856226486916,5209.882047519098
input_output_noise,reward5_gci,DQN reward5 GCI,Results_DQN_reward5/model,real,1,real_02,Real Rainfall 2,0.1,44,20770758,95,1020.9564627005036,3220.108215559665,4241.064678260169
input_output_noise,reward5_gci,DQN reward5 GCI,Results_DQN_reward5/model,real,1,real_02,Real Rainfall 2,0.1,45,20770759,95,1066.1212880631128,2803.9565816815357,3870.0778697446485
input_output_noise,reward5_gci,DQN reward5 GCI,Results_DQN_reward5/model,real,1,real_02,Real Rainfall 2,0.1,46,20770760,95,1754.2585224874135,1655.9664077577343,3410.224930245148
input_output_noise,reward5_gci,DQN reward5 GCI,Results_DQN_reward5/model,real,1,real_02,Real Rainfall 2,0.1,47,20770761,95,1759.0417893042895,1645.966631448504,3405.0084207527934
input_output_noise,reward5_gci,DQN reward5 GCI,Results_DQN_reward5/model,real,1,real_02,Real Rainfall 2,0.1,48,20770762,95,1783.2464947678382,1639.2047614479923,3422.4512562158307
input_output_noise,reward5_gci,DQN reward5 GCI,Results_DQN_reward5/model,real,1,real_02,Real Rainfall 2,0.1,49,20770763,95,1756.70635964453,1655.2146092129985,3411.9209688575284
input_output_noise,reward5_gci,DQN reward5 GCI,Results_DQN_reward5/model,real,2,real_03,Real Rainfall 3,0.05,0,20865714,95,3726.740701741869,966.2005471256086,4692.941248867478
input_output_noise,reward5_gci,DQN reward5 GCI,Results_DQN_reward5/model,real,2,real_03,Real Rainfall 3,0.05,1,20865715,95,3744.2049431021965,979.0407946661788,4723.245737768375
input_output_noise,reward5_gci,DQN reward5 GCI,Results_DQN_reward5/model,real,2,real_03,Real Rainfall 3,0.05,2,20865716,95,3746.0400934442496,976.474454476003,4722.514547920253
input_output_noise,reward5_gci,DQN reward5 GCI,Results_DQN_reward5/model,real,2,real_03,Real Rainfall 3,0.05,3,20865717,95,3842.4572694109515,774.4900259524784,4616.94729536343
input_output_noise,reward5_gci,DQN reward5 GCI,Results_DQN_reward5/model,real,2,real_03,Real Rainfall 3,0.05,4,20865718,95,3068.452411521182,2044.863410097267,5113.315821618449
input_output_noise,reward5_gci,DQN reward5 GCI,Results_DQN_reward5/model,real,2,real_03,Real Rainfall 3,0.05,5,20865719,95,3129.818003894022,1654.5594260341459,4784.377429928168
input_output_noise,reward5_gci,DQN reward5 GCI,Results_DQN_reward5/model,real,2,real_03,Real Rainfall 3,0.05,6,20865720,95,3884.9485514002477,765.6234653266459,4650.572016726894
input_output_noise,reward5_gci,DQN reward5 GCI,Results_DQN_reward5/model,real,2,real_03,Real Rainfall 3,0.05,7,20865721,95,3732.2660351160994,969.983534087219,4702.249569203318
input_output_noise,reward5_gci,DQN reward5 GCI,Results_DQN_reward5/model,real,2,real_03,Real Rainfall 3,0.05,8,20865722,95,3744.307752044547,972.6851094829009,4716.992861527448
input_output_noise,reward5_gci,DQN reward5 GCI,Results_DQN_reward5/model,real,2,real_03,Real Rainfall 3,0.05,9,20865723,95,3857.2197790246028,766.6428442239004,4623.862623248503
input_output_noise,reward5_gci,DQN reward5 GCI,Results_DQN_reward5/model,real,2,real_03,Real Rainfall 3,0.05,10,20865724,95,3146.840176575736,1624.1001713816054,4770.940347957341
input_output_noise,reward5_gci,DQN reward5 GCI,Results_DQN_reward5/model,real,2,real_03,Real Rainfall 3,0.05,11,20865725,95,3837.8779777230043,774.4783096961993,4612.356287419204
input_output_noise,reward5_gci,DQN reward5 GCI,Results_DQN_reward5/model,real,2,real_03,Real Rainfall 3,0.05,12,20865726,95,3740.674244912858,964.6206130224923,4705.294857935351
input_output_noise,reward5_gci,DQN reward5 GCI,Results_DQN_reward5/model,real,2,real_03,Real Rainfall 3,0.05,13,20865727,95,3745.789543840471,971.1951234254669,4716.984667265938
input_output_noise,reward5_gci,DQN reward5 GCI,Results_DQN_reward5/model,real,2,real_03,Real Rainfall 3,0.05,14,20865728,95,3136.3717477983246,1647.205738697477,4783.577486495802
input_output_noise,reward5_gci,DQN reward5 GCI,Results_DQN_reward5/model,real,2,real_03,Real Rainfall 3,0.05,15,20865729,95,3858.039134317425,766.5220673045876,4624.561201622013
input_output_noise,reward5_gci,DQN reward5 GCI,Results_DQN_reward5/model,real,2,real_03,Real Rainfall 3,0.05,16,20865730,95,3741.4445003771048,974.8071391324845,4716.251639509589
input_output_noise,reward5_gci,DQN reward5 GCI,Results_DQN_reward5/model,real,2,real_03,Real Rainfall 3,0.05,17,20865731,95,3844.7346257725067,767.9776130803106,4612.712238852817
input_output_noise,reward5_gci,DQN reward5 GCI,Results_DQN_reward5/model,real,2,real_03,Real Rainfall 3,0.05,18,20865732,95,3750.3292019519245,971.5333502507777,4721.862552202702
input_output_noise,reward5_gci,DQN reward5 GCI,Results_DQN_reward5/model,real,2,real_03,Real Rainfall 3,0.05,19,20865733,95,3751.4072822617522,969.2113608736345,4720.618643135387
input_output_noise,reward5_gci,DQN reward5 GCI,Results_DQN_reward5/model,real,2,real_03,Real Rainfall 3,0.05,20,20865734,95,3767.802373470568,974.171425405697,4741.973798876265
input_output_noise,reward5_gci,DQN reward5 GCI,Results_DQN_reward5/model,real,2,real_03,Real Rainfall 3,0.05,21,20865735,95,3754.683970324694,965.180080997282,4719.864051321976
input_output_noise,reward5_gci,DQN reward5 GCI,Results_DQN_reward5/model,real,2,real_03,Real Rainfall 3,0.05,22,20865736,95,3751.2171992960994,976.0279544620146,4727.245153758114
input_output_noise,reward5_gci,DQN reward5 GCI,Results_DQN_reward5/model,real,2,real_03,Real Rainfall 3,0.05,23,20865737,95,3844.018123883374,773.0682421199606,4617.086366003335
input_output_noise,reward5_gci,DQN reward5 GCI,Results_DQN_reward5/model,real,2,real_03,Real Rainfall 3,0.05,24,20865738,95,3149.1572415343185,1638.9867136018554,4788.143955136174
input_output_noise,reward5_gci,DQN reward5 GCI,Results_DQN_reward5/model,real,2,real_03,Real Rainfall 3,0.05,25,20865739,95,3740.781420561222,969.3784700813924,4710.159890642614
input_output_noise,reward5_gci,DQN reward5 GCI,Results_DQN_reward5/model,real,2,real_03,Real Rainfall 3,0.05,26,20865740,95,3752.3038460585744,976.8828515484205,4729.186697606995
input_output_noise,reward5_gci,DQN reward5 GCI,Results_DQN_reward5/model,real,2,real_03,Real Rainfall 3,0.05,27,20865741,95,3838.2805306654313,774.5070616919701,4612.787592357401
input_output_noise,reward5_gci,DQN reward5 GCI,Results_DQN_reward5/model,real,2,real_03,Real Rainfall 3,0.05,28,20865742,95,3746.0072371125384,975.0832246174058,4721.090461729944
input_output_noise,reward5_gci,DQN reward5 GCI,Results_DQN_reward5/model,real,2,real_03,Real Rainfall 3,0.05,29,20865743,95,3780.045613015513,976.1455645791843,4756.191177594697
input_output_noise,reward5_gci,DQN reward5 GCI,Results_DQN_reward5/model,real,2,real_03,Real Rainfall 3,0.05,30,20865744,95,3741.539542181949,977.5554507234892,4719.094992905439
input_output_noise,reward5_gci,DQN reward5 GCI,Results_DQN_reward5/model,real,2,real_03,Real Rainfall 3,0.05,31,20865745,95,3743.7577176253976,971.9019139191398,4715.659631544538
input_output_noise,reward5_gci,DQN reward5 GCI,Results_DQN_reward5/model,real,2,real_03,Real Rainfall 3,0.05,32,20865746,95,3735.9077649626147,969.5113761103728,4705.419141072987
input_output_noise,reward5_gci,DQN reward5 GCI,Results_DQN_reward5/model,real,2,real_03,Real Rainfall 3,0.05,33,20865747,95,3137.3078772181307,1648.8165378136955,4786.124415031826
input_output_noise,reward5_gci,DQN reward5 GCI,Results_DQN_reward5/model,real,2,real_03,Real Rainfall 3,0.05,34,20865748,95,3739.5799841097514,970.0238643888615,4709.603848498613
input_output_noise,reward5_gci,DQN reward5 GCI,Results_DQN_reward5/model,real,2,real_03,Real Rainfall 3,0.05,35,20865749,95,3730.786106104287,968.8809502165183,4699.667056320805
input_output_noise,reward5_gci,DQN reward5 GCI,Results_DQN_reward5/model,real,2,real_03,Real Rainfall 3,0.05,36,20865750,95,3846.464405827466,774.4817730409331,4620.946178868399
input_output_noise,reward5_gci,DQN reward5 GCI,Results_DQN_reward5/model,real,2,real_03,Real Rainfall 3,0.05,37,20865751,95,3752.3568970749693,979.0401101338989,4731.397007208869
input_output_noise,reward5_gci,DQN reward5 GCI,Results_DQN_reward5/model,real,2,real_03,Real Rainfall 3,0.05,38,20865752,95,2933.270755202413,2144.91374711929,5078.184502321703
input_output_noise,reward5_gci,DQN reward5 GCI,Results_DQN_reward5/model,real,2,real_03,Real Rainfall 3,0.05,39,20865753,95,3746.4060840235566,976.6335088625023,4723.039592886059
input_output_noise,reward5_gci,DQN reward5 GCI,Results_DQN_reward5/model,real,2,real_03,Real Rainfall 3,0.05,40,20865754,95,3740.4713003004545,979.0407946646135,4719.512094965068
input_output_noise,reward5_gci,DQN reward5 GCI,Results_DQN_reward5/model,real,2,real_03,Real Rainfall 3,0.05,41,20865755,95,3745.502611130053,970.0496406959167,4715.5522518259695
input_output_noise,reward5_gci,DQN reward5 GCI,Results_DQN_reward5/model,real,2,real_03,Real Rainfall 3,0.05,42,20865756,95,3734.807583309526,979.0425067626801,4713.850090072206
input_output_noise,reward5_gci,DQN reward5 GCI,Results_DQN_reward5/model,real,2,real_03,Real Rainfall 3,0.05,43,20865757,95,3761.9970961115246,976.8017057661904,4738.798801877715
input_output_noise,reward5_gci,DQN reward5 GCI,Results_DQN_reward5/model,real,2,real_03,Real Rainfall 3,0.05,44,20865758,95,3744.1158653781654,976.461043910907,4720.576909289072
input_output_noise,reward5_gci,DQN reward5 GCI,Results_DQN_reward5/model,real,2,real_03,Real Rainfall 3,0.05,45,20865759,95,3749.4703247521315,968.568162391197,4718.038487143329
input_output_noise,reward5_gci,DQN reward5 GCI,Results_DQN_reward5/model,real,2,real_03,Real Rainfall 3,0.05,46,20865760,95,3743.4925077725948,979.0401101338989,4722.532617906494
input_output_noise,reward5_gci,DQN reward5 GCI,Results_DQN_reward5/model,real,2,real_03,Real Rainfall 3,0.05,47,20865761,95,3748.1777397148985,978.4357489163336,4726.613488631232
input_output_noise,reward5_gci,DQN reward5 GCI,Results_DQN_reward5/model,real,2,real_03,Real Rainfall 3,0.05,48,20865762,95,3743.171754708753,979.0449030560288,4722.216657764781
input_output_noise,reward5_gci,DQN reward5 GCI,Results_DQN_reward5/model,real,2,real_03,Real Rainfall 3,0.05,49,20865763,95,3840.2371228862307,774.4944490587044,4614.731571944935
input_output_noise,reward5_gci,DQN reward5 GCI,Results_DQN_reward5/model,real,2,real_03,Real Rainfall 3,0.1,0,20870714,95,3760.2073197452105,971.4648501719695,4731.67216991718
input_output_noise,reward5_gci,DQN reward5 GCI,Results_DQN_reward5/model,real,2,real_03,Real Rainfall 3,0.1,1,20870715,95,2867.014977726105,1987.0969962843724,4854.111974010477
input_output_noise,reward5_gci,DQN reward5 GCI,Results_DQN_reward5/model,real,2,real_03,Real Rainfall 3,0.1,2,20870716,95,3045.154477739361,2071.898247567034,5117.052725306396
input_output_noise,reward5_gci,DQN reward5 GCI,Results_DQN_reward5/model,real,2,real_03,Real Rainfall 3,0.1,3,20870717,95,3784.490780383214,967.6225526954281,4752.1133330786415
input_output_noise,reward5_gci,DQN reward5 GCI,Results_DQN_reward5/model,real,2,real_03,Real Rainfall 3,0.1,4,20870718,95,3104.9036838854436,1700.1514029488637,4805.055086834307
input_output_noise,reward5_gci,DQN reward5 GCI,Results_DQN_reward5/model,real,2,real_03,Real Rainfall 3,0.1,5,20870719,95,2673.9432627548354,2680.2910229546283,5354.234285709464
input_output_noise,reward5_gci,DQN reward5 GCI,Results_DQN_reward5/model,real,2,real_03,Real Rainfall 3,0.1,6,20870720,95,3034.832533906958,2076.1288288761457,5110.961362783104
input_output_noise,reward5_gci,DQN reward5 GCI,Results_DQN_reward5/model,real,2,real_03,Real Rainfall 3,0.1,7,20870721,95,2596.962721749643,2688.565410272273,5285.5281320219165
input_output_noise,reward5_gci,DQN reward5 GCI,Results_DQN_reward5/model,real,2,real_03,Real Rainfall 3,0.1,8,20870722,95,3791.027200500995,966.8404093121464,4757.867609813142
input_output_noise,reward5_gci,DQN reward5 GCI,Results_DQN_reward5/model,real,2,real_03,Real Rainfall 3,0.1,9,20870723,95,3082.069621692623,1724.0344692683989,4806.104090961022
input_output_noise,reward5_gci,DQN reward5 GCI,Results_DQN_reward5/model,real,2,real_03,Real Rainfall 3,0.1,10,20870724,95,2905.0896359185026,2156.117060612751,5061.206696531253
input_output_noise,reward5_gci,DQN reward5 GCI,Results_DQN_reward5/model,real,2,real_03,Real Rainfall 3,0.1,11,20870725,95,3160.1599586407483,1631.3934568014538,4791.553415442202
input_output_noise,reward5_gci,DQN reward5 GCI,Results_DQN_reward5/model,real,2,real_03,Real Rainfall 3,0.1,12,20870726,95,3780.7571189201058,960.8159239137917,4741.5730428338975
input_output_noise,reward5_gci,DQN reward5 GCI,Results_DQN_reward5/model,real,2,real_03,Real Rainfall 3,0.1,13,20870727,95,3780.274364180628,952.2768636644824,4732.551227845111
input_output_noise,reward5_gci,DQN reward5 GCI,Results_DQN_reward5/model,real,2,real_03,Real Rainfall 3,0.1,14,20870728,95,3928.8019761666046,774.4555370402356,4703.2575132068405
input_output_noise,reward5_gci,DQN reward5 GCI,Results_DQN_reward5/model,real,2,real_03,Real Rainfall 3,0.1,15,20870729,95,3770.8865040996757,968.8746766180918,4739.761180717767
input_output_noise,reward5_gci,DQN reward5 GCI,Results_DQN_reward5/model,real,2,real_03,Real Rainfall 3,0.1,16,20870730,95,2372.7371568958197,2838.1288529780695,5210.866009873889
input_output_noise,reward5_gci,DQN reward5 GCI,Results_DQN_reward5/model,real,2,real_03,Real Rainfall 3,0.1,17,20870731,95,3145.0871796627457,1654.6356705778726,4799.722850240618
input_output_noise,reward5_gci,DQN reward5 GCI,Results_DQN_reward5/model,real,2,real_03,Real Rainfall 3,0.1,18,20870732,95,3185.2326236158615,1596.2976872010938,4781.5303108169555
input_output_noise,reward5_gci,DQN reward5 GCI,Results_DQN_reward5/model,real,2,real_03,Real Rainfall 3,0.1,19,20870733,95,3761.3578134341656,979.0401101338989,4740.3979235680645
input_output_noise,reward5_gci,DQN reward5 GCI,Results_DQN_reward5/model,real,2,real_03,Real Rainfall 3,0.1,20,20870734,95,3941.3122140246696,774.4783098833404,4715.79052390801
input_output_noise,reward5_gci,DQN reward5 GCI,Results_DQN_reward5/model,real,2,real_03,Real Rainfall 3,0.1,21,20870735,95,3761.657442750436,979.3985881577065,4741.056030908143
input_output_noise,reward5_gci,DQN reward5 GCI,Results_DQN_reward5/model,real,2,real_03,Real Rainfall 3,0.1,22,20870736,95,3549.937044385042,1177.1319260407386,4727.06897042578
input_output_noise,reward5_gci,DQN reward5 GCI,Results_DQN_reward5/model,real,2,real_03,Real Rainfall 3,0.1,23,20870737,95,4052.376390590496,570.1778662559301,4622.554256846426
input_output_noise,reward5_gci,DQN reward5 GCI,Results_DQN_reward5/model,real,2,real_03,Real Rainfall 3,0.1,24,20870738,95,3149.4410715911486,1659.62360387978,4809.064675470929
input_output_noise,reward5_gci,DQN reward5 GCI,Results_DQN_reward5/model,real,2,real_03,Real Rainfall 3,0.1,25,20870739,95,2484.8960795569687,2416.6379960904255,4901.534075647394
input_output_noise,reward5_gci,DQN reward5 GCI,Results_DQN_reward5/model,real,2,real_03,Real Rainfall 3,0.1,26,20870740,95,3785.1128030882837,979.1843244614357,4764.297127549719
input_output_noise,reward5_gci,DQN reward5 GCI,Results_DQN_reward5/model,real,2,real_03,Real Rainfall 3,0.1,27,20870741,95,3133.6219920240383,1721.5937033999226,4855.215695423961
input_output_noise,reward5_gci,DQN reward5 GCI,Results_DQN_reward5/model,real,2,real_03,Real Rainfall 3,0.1,28,20870742,95,2976.733594200353,2414.9596740855955,5391.693268285948
input_output_noise,reward5_gci,DQN reward5 GCI,Results_DQN_reward5/model,real,2,real_03,Real Rainfall 3,0.1,29,20870743,95,3886.359295891849,774.4782889104866,4660.837584802335
input_output_noise,reward5_gci,DQN reward5 GCI,Results_DQN_reward5/model,real,2,real_03,Real Rainfall 3,0.1,30,20870744,95,2378.01981539793,2852.993247613998,5231.013063011927
input_output_noise,reward5_gci,DQN reward5 GCI,Results_DQN_reward5/model,real,2,real_03,Real Rainfall 3,0.1,31,20870745,95,3911.2290390620205,755.9194139126587,4667.1484529746795
input_output_noise,reward5_gci,DQN reward5 GCI,Results_DQN_reward5/model,real,2,real_03,Real Rainfall 3,0.1,32,20870746,95,3795.3963477368316,971.3565730310941,4766.752920767925
input_output_noise,reward5_gci,DQN reward5 GCI,Results_DQN_reward5/model,real,2,real_03,Real Rainfall 3,0.1,33,20870747,95,3768.1673294268244,979.0401110118435,4747.207440438668
input_output_noise,reward5_gci,DQN reward5 GCI,Results_DQN_reward5/model,real,2,real_03,Real Rainfall 3,0.1,34,20870748,95,3926.8085034024925,758.4390343687537,4685.247537771246
input_output_noise,reward5_gci,DQN reward5 GCI,Results_DQN_reward5/model,real,2,real_03,Real Rainfall 3,0.1,35,20870749,95,2898.520774523698,2142.783796179583,5041.304570703282
input_output_noise,reward5_gci,DQN reward5 GCI,Results_DQN_reward5/model,real,2,real_03,Real Rainfall 3,0.1,36,20870750,95,3039.5138252058387,2025.9837690457002,5065.497594251539
input_output_noise,reward5_gci,DQN reward5 GCI,Results_DQN_reward5/model,real,2,real_03,Real Rainfall 3,0.1,37,20870751,95,3410.52953787664,1482.893644314102,4893.4231821907415
input_output_noise,reward5_gci,DQN reward5 GCI,Results_DQN_reward5/model,real,2,real_03,Real Rainfall 3,0.1,38,20870752,95,3421.939595423311,1453.227327595657,4875.166923018968
input_output_noise,reward5_gci,DQN reward5 GCI,Results_DQN_reward5/model,real,2,real_03,Real Rainfall 3,0.1,39,20870753,95,3767.818273252529,979.0401100354957,4746.858383288025
input_output_noise,reward5_gci,DQN reward5 GCI,Results_DQN_reward5/model,real,2,real_03,Real Rainfall 3,0.1,40,20870754,95,3764.419177990386,968.9872642129903,4733.406442203376
input_output_noise,reward5_gci,DQN reward5 GCI,Results_DQN_reward5/model,real,2,real_03,Real Rainfall 3,0.1,41,20870755,95,3245.183145948801,1483.3402179705424,4728.523363919344
input_output_noise,reward5_gci,DQN reward5 GCI,Results_DQN_reward5/model,real,2,real_03,Real Rainfall 3,0.1,42,20870756,95,3819.9179372689446,945.5579671514747,4765.475904420419
input_output_noise,reward5_gci,DQN reward5 GCI,Results_DQN_reward5/model,real,2,real_03,Real Rainfall 3,0.1,43,20870757,95,3287.9679900299234,1435.7516922077878,4723.719682237711
input_output_noise,reward5_gci,DQN reward5 GCI,Results_DQN_reward5/model,real,2,real_03,Real Rainfall 3,0.1,44,20870758,95,3293.5301070725855,1427.8588993313167,4721.389006403902
input_output_noise,reward5_gci,DQN reward5 GCI,Results_DQN_reward5/model,real,2,real_03,Real Rainfall 3,0.1,45,20870759,95,3178.986181991533,1597.374645912184,4776.360827903717
input_output_noise,reward5_gci,DQN reward5 GCI,Results_DQN_reward5/model,real,2,real_03,Real Rainfall 3,0.1,46,20870760,95,3776.071455939144,968.5035380269139,4744.574993966058
input_output_noise,reward5_gci,DQN reward5 GCI,Results_DQN_reward5/model,real,2,real_03,Real Rainfall 3,0.1,47,20870761,95,3758.066650457782,964.9475872886212,4723.0142377464035
input_output_noise,reward5_gci,DQN reward5 GCI,Results_DQN_reward5/model,real,2,real_03,Real Rainfall 3,0.1,48,20870762,95,3773.9479516276615,978.447948359252,4752.395899986914
input_output_noise,reward5_gci,DQN reward5 GCI,Results_DQN_reward5/model,real,2,real_03,Real Rainfall 3,0.1,49,20870763,95,3890.5333922799746,774.4879233792531,4665.021315659227
input_output_noise,reward5_gci,DQN reward5 GCI,Results_DQN_reward5/model,real,3,real_04,Real Rainfall 4,0.05,0,20965714,95,2945.4489145396615,979.0401101338989,3924.4890246735604
input_output_noise,reward5_gci,DQN reward5 GCI,Results_DQN_reward5/model,real,3,real_04,Real Rainfall 4,0.05,1,20965715,95,2454.2797240033115,1454.475090053004,3908.7548140563154
input_output_noise,reward5_gci,DQN reward5 GCI,Results_DQN_reward5/model,real,3,real_04,Real Rainfall 4,0.05,2,20965716,95,2946.615812242601,977.633031854803,3924.248844097404
input_output_noise,reward5_gci,DQN reward5 GCI,Results_DQN_reward5/model,real,3,real_04,Real Rainfall 4,0.05,3,20965717,95,2945.5649104032323,774.4838582699281,3720.0487686731603
input_output_noise,reward5_gci,DQN reward5 GCI,Results_DQN_reward5/model,real,3,real_04,Real Rainfall 4,0.05,4,20965718,95,2947.189840391216,973.5491437595336,3920.7389841507497
input_output_noise,reward5_gci,DQN reward5 GCI,Results_DQN_reward5/model,real,3,real_04,Real Rainfall 4,0.05,5,20965719,95,2946.3946768350966,973.2412866332062,3919.6359634683026
input_output_noise,reward5_gci,DQN reward5 GCI,Results_DQN_reward5/model,real,3,real_04,Real Rainfall 4,0.05,6,20965720,95,2945.7377802664523,979.0401107588866,3924.777891025339
input_output_noise,reward5_gci,DQN reward5 GCI,Results_DQN_reward5/model,real,3,real_04,Real Rainfall 4,0.05,7,20965721,95,2945.9879112196904,976.7464947832453,3922.734406002936
input_output_noise,reward5_gci,DQN reward5 GCI,Results_DQN_reward5/model,real,3,real_04,Real Rainfall 4,0.05,8,20965722,95,2946.0973836836483,978.6176665319219,3924.71505021557
input_output_noise,reward5_gci,DQN reward5 GCI,Results_DQN_reward5/model,real,3,real_04,Real Rainfall 4,0.05,9,20965723,95,2943.1995445232355,774.4789837753275,3717.678528298563
input_output_noise,reward5_gci,DQN reward5 GCI,Results_DQN_reward5/model,real,3,real_04,Real Rainfall 4,0.05,10,20965724,95,2945.865992475745,979.0401105694023,3924.906103045147
input_output_noise,reward5_gci,DQN reward5 GCI,Results_DQN_reward5/model,real,3,real_04,Real Rainfall 4,0.05,11,20965725,95,2946.00625111258,774.4820776055547,3720.4883287181347
input_output_noise,reward5_gci,DQN reward5 GCI,Results_DQN_reward5/model,real,3,real_04,Real Rainfall 4,0.05,12,20965726,95,2946.5839039833686,770.9264961958089,3717.5104001791774
input_output_noise,reward5_gci,DQN reward5 GCI,Results_DQN_reward5/model,real,3,real_04,Real Rainfall 4,0.05,13,20965727,95,2947.513204735752,974.3575377250811,3921.870742460833
input_output_noise,reward5_gci,DQN reward5 GCI,Results_DQN_reward5/model,real,3,real_04,Real Rainfall 4,0.05,14,20965728,95,2212.9387849591058,1803.5822499850274,4016.521034944133
input_output_noise,reward5_gci,DQN reward5 GCI,Results_DQN_reward5/model,real,3,real_04,Real Rainfall 4,0.05,15,20965729,95,2947.089861795426,969.7496906512163,3916.8395524466423
input_output_noise,reward5_gci,DQN reward5 GCI,Results_DQN_reward5/model,real,3,real_04,Real Rainfall 4,0.05,16,20965730,95,2944.4160394678556,966.3411668676886,3910.757206335544
input_output_noise,reward5_gci,DQN reward5 GCI,Results_DQN_reward5/model,real,3,real_04,Real Rainfall 4,0.05,17,20965731,95,2945.80213357425,970.046964627142,3915.849098201392
input_output_noise,reward5_gci,DQN reward5 GCI,Results_DQN_reward5/model,real,3,real_04,Real Rainfall 4,0.05,18,20965732,95,2947.5998725558834,978.7091296511333,3926.3090022070164
input_output_noise,reward5_gci,DQN reward5 GCI,Results_DQN_reward5/model,real,3,real_04,Real Rainfall 4,0.05,19,20965733,95,2946.4617704768934,969.1143554246415,3915.576125901535
input_output_noise,reward5_gci,DQN reward5 GCI,Results_DQN_reward5/model,real,3,real_04,Real Rainfall 4,0.05,20,20965734,95,2455.5935325960313,1663.2945454407704,4118.888078036802
input_output_noise,reward5_gci,DQN reward5 GCI,Results_DQN_reward5/model,real,3,real_04,Real Rainfall 4,0.05,21,20965735,95,2944.724158799869,975.5053507817897,3920.229509581659
input_output_noise,reward5_gci,DQN reward5 GCI,Results_DQN_reward5/model,real,3,real_04,Real Rainfall 4,0.05,22,20965736,95,2944.7841826415347,979.0401101338989,3923.8242927754336
input_output_noise,reward5_gci,DQN reward5 GCI,Results_DQN_reward5/model,real,3,real_04,Real Rainfall 4,0.05,23,20965737,95,2945.5135807503534,969.6398315877548,3915.153412338108
input_output_noise,reward5_gci,DQN reward5 GCI,Results_DQN_reward5/model,real,3,real_04,Real Rainfall 4,0.05,24,20965738,95,2946.0749218576298,971.2483932780947,3917.3233151357244
input_output_noise,reward5_gci,DQN reward5 GCI,Results_DQN_reward5/model,real,3,real_04,Real Rainfall 4,0.05,25,20965739,95,2945.9180471876734,768.5754824033646,3714.493529591038
input_output_noise,reward5_gci,DQN reward5 GCI,Results_DQN_reward5/model,real,3,real_04,Real Rainfall 4,0.05,26,20965740,95,2944.582846057603,971.035471693174,3915.6183177507774
input_output_noise,reward5_gci,DQN reward5 GCI,Results_DQN_reward5/model,real,3,real_04,Real Rainfall 4,0.05,27,20965741,95,2943.381035297535,772.4685098008335,3715.8495450983687
input_output_noise,reward5_gci,DQN reward5 GCI,Results_DQN_reward5/model,real,3,real_04,Real Rainfall 4,0.05,28,20965742,95,2944.4664433944586,772.5132284308108,3716.979671825269
input_output_noise,reward5_gci,DQN reward5 GCI,Results_DQN_reward5/model,real,3,real_04,Real Rainfall 4,0.05,29,20965743,95,2943.7229809167297,764.3974258733338,3708.1204067900635
input_output_noise,reward5_gci,DQN reward5 GCI,Results_DQN_reward5/model,real,3,real_04,Real Rainfall 4,0.05,30,20965744,95,2944.672276984102,973.675452938048,3918.3477299221504
input_output_noise,reward5_gci,DQN reward5 GCI,Results_DQN_reward5/model,real,3,real_04,Real Rainfall 4,0.05,31,20965745,95,2946.753446306682,774.5101622438352,3721.263608550517
input_output_noise,reward5_gci,DQN reward5 GCI,Results_DQN_reward5/model,real,3,real_04,Real Rainfall 4,0.05,32,20965746,95,2944.7246663274473,979.042163841609,3923.7668301690564
input_output_noise,reward5_gci,DQN reward5 GCI,Results_DQN_reward5/model,real,3,real_04,Real Rainfall 4,0.05,33,20965747,95,2945.2387381982608,977.989700263065,3923.228438461326
input_output_noise,reward5_gci,DQN reward5 GCI,Results_DQN_reward5/model,real,3,real_04,Real Rainfall 4,0.05,34,20965748,95,1880.79761052789,2933.9332358592223,4814.730846387112
input_output_noise,reward5_gci,DQN reward5 GCI,Results_DQN_reward5/model,real,3,real_04,Real Rainfall 4,0.05,35,20965749,95,2479.4250089280813,1660.3380908964355,4139.763099824517
input_output_noise,reward5_gci,DQN reward5 GCI,Results_DQN_reward5/model,real,3,real_04,Real Rainfall 4,0.05,36,20965750,95,2944.4313076448448,974.3370678255397,3918.7683754703844
input_output_noise,reward5_gci,DQN reward5 GCI,Results_DQN_reward5/model,real,3,real_04,Real Rainfall 4,0.05,37,20965751,95,2451.8973608196816,1655.0301241791178,4106.9274849988
input_output_noise,reward5_gci,DQN reward5 GCI,Results_DQN_reward5/model,real,3,real_04,Real Rainfall 4,0.05,38,20965752,95,2945.3549114077036,973.6974635829487,3919.0523749906524
input_output_noise,reward5_gci,DQN reward5 GCI,Results_DQN_reward5/model,real,3,real_04,Real Rainfall 4,0.05,39,20965753,95,2204.405951255317,2293.673846859854,4498.079798115172
input_output_noise,reward5_gci,DQN reward5 GCI,Results_DQN_reward5/model,real,3,real_04,Real Rainfall 4,0.05,40,20965754,95,2945.6658871402738,974.7693378176049,3920.4352249578787
input_output_noise,reward5_gci,DQN reward5 GCI,Results_DQN_reward5/model,real,3,real_04,Real Rainfall 4,0.05,41,20965755,95,2135.050455822656,2294.353818726873,4429.40427454953
input_output_noise,reward5_gci,DQN reward5 GCI,Results_DQN_reward5/model,real,3,real_04,Real Rainfall 4,0.05,42,20965756,95,2946.3951012873486,972.2221854684741,3918.6172867558225
input_output_noise,reward5_gci,DQN reward5 GCI,Results_DQN_reward5/model,real,3,real_04,Real Rainfall 4,0.05,43,20965757,95,2944.3502816760915,977.177792149356,3921.528073825448
input_output_noise,reward5_gci,DQN reward5 GCI,Results_DQN_reward5/model,real,3,real_04,Real Rainfall 4,0.05,44,20965758,95,2435.787901997918,1678.6202620549075,4114.408164052826
input_output_noise,reward5_gci,DQN reward5 GCI,Results_DQN_reward5/model,real,3,real_04,Real Rainfall 4,0.05,45,20965759,95,2942.8190838597525,962.8568400061279,3905.6759238658806
input_output_noise,reward5_gci,DQN reward5 GCI,Results_DQN_reward5/model,real,3,real_04,Real Rainfall 4,0.05,46,20965760,95,2545.615641395057,1637.1085613141809,4182.724202709238
input_output_noise,reward5_gci,DQN reward5 GCI,Results_DQN_reward5/model,real,3,real_04,Real Rainfall 4,0.05,47,20965761,95,2947.4785779443496,979.0401107587959,3926.5186887031455
input_output_noise,reward5_gci,DQN reward5 GCI,Results_DQN_reward5/model,real,3,real_04,Real Rainfall 4,0.05,48,20965762,95,2205.911408812874,2298.557767828648,4504.469176641522
input_output_noise,reward5_gci,DQN reward5 GCI,Results_DQN_reward5/model,real,3,real_04,Real Rainfall 4,0.05,49,20965763,95,2945.582912626282,969.6239199714872,3915.2068325977693
input_output_noise,reward5_gci,DQN reward5 GCI,Results_DQN_reward5/model,real,3,real_04,Real Rainfall 4,0.1,0,20970714,95,2171.835089377371,2032.3761264360705,4204.211215813441
input_output_noise,reward5_gci,DQN reward5 GCI,Results_DQN_reward5/model,real,3,real_04,Real Rainfall 4,0.1,1,20970715,95,1830.939815760896,2394.9112252862355,4225.851041047132
input_output_noise,reward5_gci,DQN reward5 GCI,Results_DQN_reward5/model,real,3,real_04,Real Rainfall 4,0.1,2,20970716,95,2943.2927816030615,964.3977170752582,3907.6904986783197
input_output_noise,reward5_gci,DQN reward5 GCI,Results_DQN_reward5/model,real,3,real_04,Real Rainfall 4,0.1,3,20970717,95,2019.7667869823415,2481.5035336864116,4501.270320668753
input_output_noise,reward5_gci,DQN reward5 GCI,Results_DQN_reward5/model,real,3,real_04,Real Rainfall 4,0.1,4,20970718,95,2434.5962686583957,1490.3280493718241,3924.92431803022
input_output_noise,reward5_gci,DQN reward5 GCI,Results_DQN_reward5/model,real,3,real_04,Real Rainfall 4,0.1,5,20970719,95,2462.1169425291364,1652.6748293672824,4114.791771896419
input_output_noise,reward5_gci,DQN reward5 GCI,Results_DQN_reward5/model,real,3,real_04,Real Rainfall 4,0.1,6,20970720,95,2463.2399884279384,1650.5073399182775,4113.747328346216
input_output_noise,reward5_gci,DQN reward5 GCI,Results_DQN_reward5/model,real,3,real_04,Real Rainfall 4,0.1,7,20970721,95,2536.975572417851,1632.2966438323215,4169.272216250172
input_output_noise,reward5_gci,DQN reward5 GCI,Results_DQN_reward5/model,real,3,real_04,Real Rainfall 4,0.1,8,20970722,95,1688.200014835657,2715.2719968299352,4403.472011665592
input_output_noise,reward5_gci,DQN reward5 GCI,Results_DQN_reward5/model,real,3,real_04,Real Rainfall 4,0.1,9,20970723,95,1156.5565769710909,3620.1467878221742,4776.703364793265
input_output_noise,reward5_gci,DQN reward5 GCI,Results_DQN_reward5/model,real,3,real_04,Real Rainfall 4,0.1,10,20970724,95,2944.200616362939,774.4783963018854,3718.6790126648243
input_output_noise,reward5_gci,DQN reward5 GCI,Results_DQN_reward5/model,real,3,real_04,Real Rainfall 4,0.1,11,20970725,95,1978.8791588989036,2718.972610950146,4697.85176984905
input_output_noise,reward5_gci,DQN reward5 GCI,Results_DQN_reward5/model,real,3,real_04,Real Rainfall 4,0.1,12,20970726,95,2273.274035142002,2114.0264241268023,4387.300459268805
input_output_noise,reward5_gci,DQN reward5 GCI,Results_DQN_reward5/model,real,3,real_04,Real Rainfall 4,0.1,13,20970727,95,2335.952580224184,1657.7803342438392,3993.7329144680234
input_output_noise,reward5_gci,DQN reward5 GCI,Results_DQN_reward5/model,real,3,real_04,Real Rainfall 4,0.1,14,20970728,95,2089.2079294286036,2598.9011784666336,4688.109107895238
input_output_noise,reward5_gci,DQN reward5 GCI,Results_DQN_reward5/model,real,3,real_04,Real Rainfall 4,0.1,15,20970729,95,2946.6449289376023,966.6571939366665,3913.302122874269
input_output_noise,reward5_gci,DQN reward5 GCI,Results_DQN_reward5/model,real,3,real_04,Real Rainfall 4,0.1,16,20970730,95,2943.772857662902,979.1754300366626,3922.9482876995644
input_output_noise,reward5_gci,DQN reward5 GCI,Results_DQN_reward5/model,real,3,real_04,Real Rainfall 4,0.1,17,20970731,95,2943.584658428231,962.1709703844792,3905.75562881271
input_output_noise,reward5_gci,DQN reward5 GCI,Results_DQN_reward5/model,real,3,real_04,Real Rainfall 4,0.1,18,20970732,95,2436.772998771403,1659.5966069635192,4096.3696057349225
input_output_noise,reward5_gci,DQN reward5 GCI,Results_DQN_reward5/model,real,3,real_04,Real Rainfall 4,0.1,19,20970733,95,785.8093590637427,5426.812565566926,6212.621924630669
input_output_noise,reward5_gci,DQN reward5 GCI,Results_DQN_reward5/model,real,3,real_04,Real Rainfall 4,0.1,20,20970734,95,1995.6411548323665,2290.577262647319,4286.218417479686
input_output_noise,reward5_gci,DQN reward5 GCI,Results_DQN_reward5/model,real,3,real_04,Real Rainfall 4,0.1,21,20970735,95,2944.6478786515513,967.1722435326628,3911.820122184214
input_output_noise,reward5_gci,DQN reward5 GCI,Results_DQN_reward5/model,real,3,real_04,Real Rainfall 4,0.1,22,20970736,95,2034.657146032283,2359.1954693912985,4393.8526154235815
input_output_noise,reward5_gci,DQN reward5 GCI,Results_DQN_reward5/model,real,3,real_04,Real Rainfall 4,0.1,23,20970737,95,2944.5460567974665,763.1928614982181,3707.7389182956845
input_output_noise,reward5_gci,DQN reward5 GCI,Results_DQN_reward5/model,real,3,real_04,Real Rainfall 4,0.1,24,20970738,95,2478.5121473662152,1655.5781418989873,4134.090289265203
input_output_noise,reward5_gci,DQN reward5 GCI,Results_DQN_reward5/model,real,3,real_04,Real Rainfall 4,0.1,25,20970739,95,2946.7264465976546,957.0247591424134,3903.751205740068
input_output_noise,reward5_gci,DQN reward5 GCI,Results_DQN_reward5/model,real,3,real_04,Real Rainfall 4,0.1,26,20970740,95,2594.1379627775573,1580.388030727435,4174.525993504993
input_output_noise,reward5_gci,DQN reward5 GCI,Results_DQN_reward5/model,real,3,real_04,Real Rainfall 4,0.1,27,20970741,95,2945.1998617488657,962.5137764093979,3907.7136381582636
input_output_noise,reward5_gci,DQN reward5 GCI,Results_DQN_reward5/model,real,3,real_04,Real Rainfall 4,0.1,28,20970742,95,2463.74689060687,1636.6965966178714,4100.443487224741
input_output_noise,reward5_gci,DQN reward5 GCI,Results_DQN_reward5/model,real,3,real_04,Real Rainfall 4,0.1,29,20970743,95,1016.8351230475404,4511.63982288341,5528.47494593095
input_output_noise,reward5_gci,DQN reward5 GCI,Results_DQN_reward5/model,real,3,real_04,Real Rainfall 4,0.1,30,20970744,95,2948.2223353081345,774.6136109892414,3722.835946297376
input_output_noise,reward5_gci,DQN reward5 GCI,Results_DQN_reward5/model,real,3,real_04,Real Rainfall 4,0.1,31,20970745,95,2944.8601243963076,774.8559924315243,3719.7161168278317
input_output_noise,reward5_gci,DQN reward5 GCI,Results_DQN_reward5/model,real,3,real_04,Real Rainfall 4,0.1,32,20970746,95,2465.1564499925003,1640.7753373722726,4105.931787364772
input_output_noise,reward5_gci,DQN reward5 GCI,Results_DQN_reward5/model,real,3,real_04,Real Rainfall 4,0.1,33,20970747,95,1890.5246810627616,2558.402564519131,4448.927245581893
input_output_noise,reward5_gci,DQN reward5 GCI,Results_DQN_reward5/model,real,3,real_04,Real Rainfall 4,0.1,34,20970748,95,2273.8801250044926,2124.620498229203,4398.5006232336955
input_output_noise,reward5_gci,DQN reward5 GCI,Results_DQN_reward5/model,real,3,real_04,Real Rainfall 4,0.1,35,20970749,95,2436.206479224062,1670.1241546795586,4106.330633903621
input_output_noise,reward5_gci,DQN reward5 GCI,Results_DQN_reward5/model,real,3,real_04,Real Rainfall 4,0.1,36,20970750,95,2945.416966677958,965.1441688047139,3910.561135482672
input_output_noise,reward5_gci,DQN reward5 GCI,Results_DQN_reward5/model,real,3,real_04,Real Rainfall 4,0.1,37,20970751,95,2398.732761671719,1677.7146670907005,4076.4474287624193
input_output_noise,reward5_gci,DQN reward5 GCI,Results_DQN_reward5/model,real,3,real_04,Real Rainfall 4,0.1,38,20970752,95,2434.469411189951,1455.153417403678,3889.6228285936295
input_output_noise,reward5_gci,DQN reward5 GCI,Results_DQN_reward5/model,real,3,real_04,Real Rainfall 4,0.1,39,20970753,95,2945.710437442153,570.1751798963691,3515.885617338522
input_output_noise,reward5_gci,DQN reward5 GCI,Results_DQN_reward5/model,real,3,real_04,Real Rainfall 4,0.1,40,20970754,95,2944.655198174381,768.8165130761001,3713.4717112504813
input_output_noise,reward5_gci,DQN reward5 GCI,Results_DQN_reward5/model,real,3,real_04,Real Rainfall 4,0.1,41,20970755,95,2074.654124624092,2249.7840504948354,4324.438175118928
input_output_noise,reward5_gci,DQN reward5 GCI,Results_DQN_reward5/model,real,3,real_04,Real Rainfall 4,0.1,42,20970756,95,2943.500076276268,774.4668146249173,3717.9668909011853
input_output_noise,reward5_gci,DQN reward5 GCI,Results_DQN_reward5/model,real,3,real_04,Real Rainfall 4,0.1,43,20970757,95,2945.0299935695975,964.0060021564195,3909.035995726017
input_output_noise,reward5_gci,DQN reward5 GCI,Results_DQN_reward5/model,real,3,real_04,Real Rainfall 4,0.1,44,20970758,95,1913.453488373383,2319.253661820916,4232.707150194299
input_output_noise,reward5_gci,DQN reward5 GCI,Results_DQN_reward5/model,real,3,real_04,Real Rainfall 4,0.1,45,20970759,95,1871.1601478336354,2166.173033053364,4037.333180887
input_output_noise,reward5_gci,DQN reward5 GCI,Results_DQN_reward5/model,real,3,real_04,Real Rainfall 4,0.1,46,20970760,95,2945.276836254147,958.2672676201121,3903.5441038742592
input_output_noise,reward5_gci,DQN reward5 GCI,Results_DQN_reward5/model,real,3,real_04,Real Rainfall 4,0.1,47,20970761,95,2945.37959706043,963.3397612435912,3908.719358304021
input_output_noise,reward5_gci,DQN reward5 GCI,Results_DQN_reward5/model,real,3,real_04,Real Rainfall 4,0.1,48,20970762,95,2443.98877310053,1674.4416726029976,4118.430445703528
input_output_noise,reward5_gci,DQN reward5 GCI,Results_DQN_reward5/model,real,3,real_04,Real Rainfall 4,0.1,49,20970763,95,2465.444623762655,1451.6232613657849,3917.0678851284397
